2023-06-06 18:46:13,125 [ERROR] LogOutputStream:75 - [STDERR_REDIRECT] Exception in thread "AWT-EventQueue-0" java.lang.ClassCastException: class sun.awt.windows.WEmbeddedFrame cannot be cast to class javax.swing.JFrame (sun.awt.windows.WEmbeddedFrame and javax.swing.JFrame are in module java.desktop of loader 'bootstrap')
2023-06-06 18:46:13,141 [ERROR] LogOutputStream:75 - [STDERR_REDIRECT] 	at com.st.microxplorer.plugins.clock.ClockConfigurationView.activatePlugin(ClockConfigurationView.java:425)
2023-06-06 18:46:13,145 [ERROR] LogOutputStream:75 - [STDERR_REDIRECT] 	at com.st.microxplorer.maingui.MainPanel$1.stateChanged(MainPanel.java:358)
2023-06-06 18:46:13,145 [ERROR] LogOutputStream:75 - [STDERR_REDIRECT] 	at java.desktop/javax.swing.JTabbedPane.fireStateChanged(JTabbedPane.java:418)
2023-06-06 18:46:13,149 [ERROR] LogOutputStream:75 - [STDERR_REDIRECT] 	at java.desktop/javax.swing.JTabbedPane$ModelListener.stateChanged(JTabbedPane.java:269)
2023-06-06 18:46:13,149 [ERROR] LogOutputStream:75 - [STDERR_REDIRECT] 	at java.desktop/javax.swing.DefaultSingleSelectionModel.fireStateChanged(DefaultSingleSelectionModel.java:143)
2023-06-06 18:46:13,153 [ERROR] LogOutputStream:75 - [STDERR_REDIRECT] 	at java.desktop/javax.swing.DefaultSingleSelectionModel.setSelectedIndex(DefaultSingleSelectionModel.java:74)
2023-06-06 18:46:13,157 [ERROR] LogOutputStream:75 - [STDERR_REDIRECT] 	at java.desktop/javax.swing.JTabbedPane.setSelectedIndexImpl(JTabbedPane.java:622)
2023-06-06 18:46:13,157 [ERROR] LogOutputStream:75 - [STDERR_REDIRECT] 	at java.desktop/javax.swing.JTabbedPane.setSelectedIndex(JTabbedPane.java:597)
2023-06-06 18:46:13,161 [ERROR] LogOutputStream:75 - [STDERR_REDIRECT] 	at java.desktop/javax.swing.plaf.basic.BasicTabbedPaneUI$Handler.mousePressed(BasicTabbedPaneUI.java:4090)
2023-06-06 18:46:13,165 [ERROR] LogOutputStream:75 - [STDERR_REDIRECT] 	at java.desktop/java.awt.Component.processMouseEvent(Component.java:6632)
2023-06-06 18:46:13,165 [ERROR] LogOutputStream:75 - [STDERR_REDIRECT] 	at java.desktop/javax.swing.JComponent.processMouseEvent(JComponent.java:3342)
2023-06-06 18:46:13,165 [ERROR] LogOutputStream:75 - [STDERR_REDIRECT] 	at java.desktop/java.awt.Component.processEvent(Component.java:6400)
2023-06-06 18:46:13,169 [ERROR] LogOutputStream:75 - [STDERR_REDIRECT] 	at java.desktop/java.awt.Container.processEvent(Container.java:2263)
2023-06-06 18:46:13,169 [ERROR] LogOutputStream:75 - [STDERR_REDIRECT] 	at java.desktop/java.awt.Component.dispatchEventImpl(Component.java:5011)
2023-06-06 18:46:13,171 [ERROR] LogOutputStream:75 - [STDERR_REDIRECT] 	at java.desktop/java.awt.Container.dispatchEventImpl(Container.java:2321)
2023-06-06 18:46:13,171 [ERROR] LogOutputStream:75 - [STDERR_REDIRECT] 	at java.desktop/java.awt.Component.dispatchEvent(Component.java:4843)
2023-06-06 18:46:13,173 [ERROR] LogOutputStream:75 - [STDERR_REDIRECT] 	at java.desktop/java.awt.LightweightDispatcher.retargetMouseEvent(Container.java:4918)
2023-06-06 18:46:13,173 [ERROR] LogOutputStream:75 - [STDERR_REDIRECT] 	at java.desktop/java.awt.LightweightDispatcher.processMouseEvent(Container.java:4544)
2023-06-06 18:46:13,173 [ERROR] LogOutputStream:75 - [STDERR_REDIRECT] 	at java.desktop/java.awt.LightweightDispatcher.dispatchEvent(Container.java:4488)
2023-06-06 18:46:13,177 [ERROR] LogOutputStream:75 - [STDERR_REDIRECT] 	at java.desktop/java.awt.Container.dispatchEventImpl(Container.java:2307)
2023-06-06 18:46:13,177 [ERROR] LogOutputStream:75 - [STDERR_REDIRECT] 	at java.desktop/java.awt.Component.dispatchEvent(Component.java:4843)
2023-06-06 18:46:13,181 [ERROR] LogOutputStream:75 - [STDERR_REDIRECT] 	at java.desktop/java.awt.EventQueue.dispatchEventImpl(EventQueue.java:772)
2023-06-06 18:46:13,181 [ERROR] LogOutputStream:75 - [STDERR_REDIRECT] 	at java.desktop/java.awt.EventQueue$4.run(EventQueue.java:721)
2023-06-06 18:46:13,181 [ERROR] LogOutputStream:75 - [STDERR_REDIRECT] 	at java.desktop/java.awt.EventQueue$4.run(EventQueue.java:715)
2023-06-06 18:46:13,181 [ERROR] LogOutputStream:75 - [STDERR_REDIRECT] 	at java.base/java.security.AccessController.doPrivileged(Native Method)
2023-06-06 18:46:13,185 [ERROR] LogOutputStream:75 - [STDERR_REDIRECT] 	at java.base/java.security.ProtectionDomain$JavaSecurityAccessImpl.doIntersectionPrivilege(ProtectionDomain.java:85)
2023-06-06 18:46:13,185 [ERROR] LogOutputStream:75 - [STDERR_REDIRECT] 	at java.base/java.security.ProtectionDomain$JavaSecurityAccessImpl.doIntersectionPrivilege(ProtectionDomain.java:95)
2023-06-06 18:46:13,189 [ERROR] LogOutputStream:75 - [STDERR_REDIRECT] 	at java.desktop/java.awt.EventQueue$5.run(EventQueue.java:745)
2023-06-06 18:46:13,189 [ERROR] LogOutputStream:75 - [STDERR_REDIRECT] 	at java.desktop/java.awt.EventQueue$5.run(EventQueue.java:743)
2023-06-06 18:46:13,189 [ERROR] LogOutputStream:75 - [STDERR_REDIRECT] 	at java.base/java.security.AccessController.doPrivileged(Native Method)
2023-06-06 18:46:13,193 [ERROR] LogOutputStream:75 - [STDERR_REDIRECT] 	at java.base/java.security.ProtectionDomain$JavaSecurityAccessImpl.doIntersectionPrivilege(ProtectionDomain.java:85)
2023-06-06 18:46:13,193 [ERROR] LogOutputStream:75 - [STDERR_REDIRECT] 	at java.desktop/java.awt.EventQueue.dispatchEvent(EventQueue.java:742)
2023-06-06 18:46:13,197 [ERROR] LogOutputStream:75 - [STDERR_REDIRECT] 	at java.desktop/java.awt.EventDispatchThread.pumpOneEventForFilters(EventDispatchThread.java:203)
2023-06-06 18:46:13,197 [ERROR] LogOutputStream:75 - [STDERR_REDIRECT] 	at java.desktop/java.awt.EventDispatchThread.pumpEventsForFilter(EventDispatchThread.java:124)
2023-06-06 18:46:13,201 [ERROR] LogOutputStream:75 - [STDERR_REDIRECT] 	at java.desktop/java.awt.EventDispatchThread.pumpEventsForHierarchy(EventDispatchThread.java:113)
2023-06-06 18:46:13,201 [ERROR] LogOutputStream:75 - [STDERR_REDIRECT] 	at java.desktop/java.awt.EventDispatchThread.pumpEvents(EventDispatchThread.java:109)
2023-06-06 18:46:13,204 [ERROR] LogOutputStream:75 - [STDERR_REDIRECT] 	at java.desktop/java.awt.EventDispatchThread.pumpEvents(EventDispatchThread.java:101)
2023-06-06 18:46:13,205 [ERROR] LogOutputStream:75 - [STDERR_REDIRECT] 	at java.desktop/java.awt.EventDispatchThread.run(EventDispatchThread.java:90)
2023-06-06 18:47:06,763 [INFO] MainUpdater:2854 - connection check result : 10
2023-06-06 18:47:06,763 [INFO] MainUpdater:2854 - connection check result : 10
2023-06-06 18:47:06,814 [INFO] MicroXplorer:468 - Change Database Path : 
2023-06-06 18:47:06,814 [INFO] MicroXplorer:498 - Change Database Version : DB.6.0.80
2023-06-06 18:47:06,830 [WARN] ThirdParty:871 - waiting for thirdparty lock release [close project]
2023-06-06 18:47:06,830 [INFO] ThirdParty:873 - entering critical section [close project]
2023-06-06 18:47:06,830 [INFO] ThirdParty:883 - exiting critical section [close project]
2023-06-06 18:47:06,834 [INFO] PinOutPanel:1499 - setPackage(No Configuration,No Configuration)
2023-06-06 18:47:06,838 [INFO] UtilMem:75 - Begin LoadConfig() Used Memory: 664187016 Bytes (1073741824)
2023-06-06 18:47:06,838 [INFO] MicroXplorer:468 - Change Database Path : 
2023-06-06 18:47:06,838 [INFO] MicroXplorer:498 - Change Database Version : DB.6.0.80
2023-06-06 18:47:06,838 [INFO] OpenFileManager:308 - Change cursor
2023-06-06 18:47:06,846 [INFO] Mcu:1937 - Initializing MCU STM32L4P5R(G-E)Tx STM32L4P5RETx STM32L4P5RET6
2023-06-06 18:47:09,077 [INFO] Context:659 - Trying to add GPIOservice into a context  which must be forbidden
2023-06-06 18:47:09,558 [INFO] RtosManager:555 - Registered RTOS mode: class=CMSIS, group=RTOS, mode=CMSIS_V1, owner=FREERTOS
2023-06-06 18:47:09,558 [INFO] RtosManager:555 - Registered RTOS mode: class=CMSIS, group=RTOS2, mode=CMSIS_V2, owner=FREERTOS
2023-06-06 18:47:09,558 [INFO] RtosManager:555 - Registered RTOS mode: class=RTOS, group=Core, mode=CMSIS_V1, owner=FREERTOS
2023-06-06 18:47:09,558 [INFO] RtosManager:555 - Registered RTOS mode: class=RTOS, group=Core, mode=CMSIS_V2, owner=FREERTOS
2023-06-06 18:47:09,558 [WARN] ModelIntegratedComponent:184 - Missing modes for component STMicroelectronics:FreeRTOS:0.0.1:STMicroelectronics:RTOS:FreeRTOS:Core:::10.2.0:
2023-06-06 18:47:09,566 [WARN] ModelIntegratedComponent:63 - No mode defined for component null
2023-06-06 18:47:09,566 [WARN] ModelIntegratedComponent:63 - No mode defined for component null
2023-06-06 18:47:09,566 [WARN] ModelIntegratedComponent:63 - No mode defined for component null
2023-06-06 18:47:09,566 [WARN] ModelIntegratedComponent:63 - No mode defined for component null
2023-06-06 18:47:09,566 [WARN] ModelIntegratedComponent:63 - No mode defined for component null
2023-06-06 18:47:09,566 [WARN] ModelIntegratedComponent:63 - No mode defined for component null
2023-06-06 18:47:09,566 [WARN] ModelIntegratedComponent:63 - No mode defined for component null
2023-06-06 18:47:09,566 [WARN] ModelIntegratedComponent:63 - No mode defined for component null
2023-06-06 18:47:09,566 [WARN] ModelIntegratedComponent:63 - No mode defined for component null
2023-06-06 18:47:09,566 [WARN] ModelIntegratedComponent:63 - No mode defined for component null
2023-06-06 18:47:09,566 [WARN] ModelIntegratedComponent:63 - No mode defined for component null
2023-06-06 18:47:09,566 [WARN] ModelIntegratedComponent:63 - No mode defined for component null
2023-06-06 18:47:09,566 [WARN] ModelIntegratedComponent:63 - No mode defined for component null
2023-06-06 18:47:09,566 [WARN] ModelIntegratedComponent:63 - No mode defined for component null
2023-06-06 18:47:09,566 [WARN] ModelIntegratedComponent:63 - No mode defined for component null
2023-06-06 18:47:09,566 [WARN] ModelIntegratedComponent:63 - No mode defined for component null
2023-06-06 18:47:09,566 [WARN] ModelIntegratedComponent:63 - No mode defined for component null
2023-06-06 18:47:09,566 [WARN] ModelIntegratedComponent:63 - No mode defined for component null
2023-06-06 18:47:09,566 [WARN] ModelIntegratedComponent:63 - No mode defined for component null
2023-06-06 18:47:09,566 [WARN] ModelIntegratedComponent:63 - No mode defined for component null
2023-06-06 18:47:09,566 [WARN] ModelIntegratedComponent:63 - No mode defined for component null
2023-06-06 18:47:09,566 [WARN] ModelIntegratedComponent:63 - No mode defined for component null
2023-06-06 18:47:09,566 [WARN] ModelIntegratedComponent:63 - No mode defined for component null
2023-06-06 18:47:09,566 [WARN] ModelIntegratedComponent:63 - No mode defined for component null
2023-06-06 18:47:09,566 [WARN] ModelIntegratedComponent:63 - No mode defined for component null
2023-06-06 18:47:09,566 [WARN] ModelIntegratedComponent:63 - No mode defined for component null
2023-06-06 18:47:09,566 [WARN] ModelIntegratedComponent:63 - No mode defined for component null
2023-06-06 18:47:09,566 [WARN] ModelIntegratedComponent:63 - No mode defined for component null
2023-06-06 18:47:09,566 [WARN] ModelIntegratedComponent:63 - No mode defined for component null
2023-06-06 18:47:09,566 [WARN] ModelIntegratedComponent:63 - No mode defined for component null
2023-06-06 18:47:09,566 [WARN] ModelIntegratedComponent:63 - No mode defined for component null
2023-06-06 18:47:09,566 [WARN] ModelIntegratedComponent:63 - No mode defined for component null
2023-06-06 18:47:09,566 [WARN] ModelIntegratedComponent:63 - No mode defined for component null
2023-06-06 18:47:09,655 [INFO] ThirdPartyModel:298 - Start build external matchings
2023-06-06 18:47:10,368 [INFO] ThirdPartyModel:316 - End build external matchings
2023-06-06 18:47:10,378 [INFO] ImportTextPane:194 - (OptionalMessage_ERROR) IP (RCC) : Invalid parameter (FamilyName)
2023-06-06 18:47:10,380 [INFO] ImportTextPane:194 - (OptionalMessage_ERROR) IP (RCC) : Parameter (RNGFreq_Value) has invalid value (64000000)
2023-06-06 18:47:10,380 [INFO] ImportTextPane:194 - (OptionalMessage_ERROR) IP (RCC) : Parameter (USBFreq_Value) has invalid value (64000000)
2023-06-06 18:47:10,855 [INFO] UtilMem:75 - End LoadConfig() Used Memory: 683219864 Bytes (1073741824)
2023-06-06 18:47:10,908 [WARN] ThirdParty:833 - waiting for thirdparty lock release [change project]
2023-06-06 18:47:10,908 [INFO] ThirdParty:835 - entering critical section [change project]
2023-06-06 18:47:10,908 [INFO] ThirdParty:1030 - CMSIS Pack Vendor :STMicroelectronics X-CUBE-ISPU 1.1.0
2023-06-06 18:47:10,908 [INFO] ThirdParty:1030 - CMSIS Pack Vendor :STMicroelectronics X-CUBE-GNSS1 6.0.0
2023-06-06 18:47:10,908 [INFO] ThirdParty:1030 - CMSIS Pack Vendor :STMicroelectronics USB_HOST 2.0.0
2023-06-06 18:47:10,908 [INFO] ThirdParty:1030 - CMSIS Pack Vendor :STMicroelectronics X-CUBE-AZRTOS-F4 1.1.0
2023-06-06 18:47:10,908 [INFO] ThirdParty:1030 - CMSIS Pack Vendor :STMicroelectronics LIBJPEG 8.0.0
2023-06-06 18:47:10,908 [INFO] ThirdParty:1030 - CMSIS Pack Vendor :STMicroelectronics X-CUBE-SMBUS 2.1.0
2023-06-06 18:47:10,908 [INFO] ThirdParty:1030 - CMSIS Pack Vendor :wolfSSL I-CUBE-wolfSSL 5.6.0
2023-06-06 18:47:10,908 [INFO] ThirdParty:1030 - CMSIS Pack Vendor :STMicroelectronics USB_DEVICE 3.0.0
2023-06-06 18:47:10,908 [INFO] ThirdParty:1030 - CMSIS Pack Vendor :STMicroelectronics X-CUBE-AI 8.0.0
2023-06-06 18:47:10,908 [INFO] ThirdParty:1030 - CMSIS Pack Vendor :STMicroelectronics X-CUBE-FREERTOS 1.0.1
2023-06-06 18:47:10,908 [INFO] ThirdParty:1030 - CMSIS Pack Vendor :STMicroelectronics X-CUBE-TOUCHGFX 4.21.3
2023-06-06 18:47:10,908 [INFO] ThirdParty:1030 - CMSIS Pack Vendor :STMicroelectronics X-CUBE-AZRTOS-F7 1.1.0
2023-06-06 18:47:10,908 [INFO] ThirdParty:1030 - CMSIS Pack Vendor :STMicroelectronics X-CUBE-TOUCHGFX 4.21.4
2023-06-06 18:47:10,908 [INFO] ThirdParty:1030 - CMSIS Pack Vendor :STMicroelectronics USB_DEVICE 2.0.0
2023-06-06 18:47:10,908 [INFO] ThirdParty:1030 - CMSIS Pack Vendor :STMicroelectronics X-CUBE-MEMS1 9.6.0
2023-06-06 18:47:10,908 [INFO] ThirdParty:1030 - CMSIS Pack Vendor :STMicroelectronics FP-SNS-MOTENV1 4.3.0
2023-06-06 18:47:10,908 [INFO] ThirdParty:1030 - CMSIS Pack Vendor :STMicroelectronics FP-SNS-FLIGHT1 5.0.0
2023-06-06 18:47:10,908 [INFO] ThirdParty:1030 - CMSIS Pack Vendor :STMicroelectronics FP-SNS-MOTENV1 4.3.1
2023-06-06 18:47:10,908 [INFO] ThirdParty:1030 - CMSIS Pack Vendor :STMicroelectronics FP-SNS-FLIGHT1 5.0.1
2023-06-06 18:47:10,908 [INFO] ThirdParty:1030 - CMSIS Pack Vendor :STMicroelectronics X-CUBE-ALGOBUILD 1.3.0
2023-06-06 18:47:10,911 [INFO] ThirdParty:1030 - CMSIS Pack Vendor :STMicroelectronics X-CUBE-BLE1 6.2.4
2023-06-06 18:47:10,911 [INFO] ThirdParty:1030 - CMSIS Pack Vendor :STMicroelectronics X-CUBE-AZRTOS-L5 1.1.0
2023-06-06 18:47:10,911 [INFO] ThirdParty:1030 - CMSIS Pack Vendor :STMicroelectronics FreeRTOS 0.0.1
2023-06-06 18:47:10,911 [INFO] ThirdParty:1030 - CMSIS Pack Vendor :STMicroelectronics X-CUBE-AZRTOS-G0 1.1.0
2023-06-06 18:47:10,911 [INFO] ThirdParty:1030 - CMSIS Pack Vendor :emotas I-CUBE-CANOPEN 1.1.3
2023-06-06 18:47:10,911 [INFO] ThirdParty:1030 - CMSIS Pack Vendor :STMicroelectronics X-CUBE-BLEMGR 2.0.0
2023-06-06 18:47:10,911 [INFO] ThirdParty:1030 - CMSIS Pack Vendor :STMicroelectronics X-CUBE-AI 8.0.1
2023-06-06 18:47:10,911 [INFO] ThirdParty:1030 - CMSIS Pack Vendor :STMicroelectronics X-CUBE-NFC4 3.0.0
2023-06-06 18:47:10,911 [INFO] ThirdParty:1030 - CMSIS Pack Vendor :STMicroelectronics X-CUBE-SUBG2 5.0.0
2023-06-06 18:47:10,911 [INFO] ThirdParty:1030 - CMSIS Pack Vendor :STMicroelectronics STM32_WPAN 1.0.0
2023-06-06 18:47:10,911 [INFO] ThirdParty:1030 - CMSIS Pack Vendor :STMicroelectronics lwIP 2.0.3
2023-06-06 18:47:10,911 [INFO] ThirdParty:1030 - CMSIS Pack Vendor :STMicroelectronics USB_HOST 1.0.0
2023-06-06 18:47:10,911 [INFO] ThirdParty:1030 - CMSIS Pack Vendor :STMicroelectronics X-CUBE-AZRTOS-G4 2.0.0
2023-06-06 18:47:10,911 [INFO] ThirdParty:1030 - CMSIS Pack Vendor :STMicroelectronics PDM2PCM 3.1.0
2023-06-06 18:47:10,911 [INFO] ThirdParty:1030 - CMSIS Pack Vendor :STMicroelectronics X-CUBE-AZRTOS-H7 3.1.0
2023-06-06 18:47:10,911 [INFO] ThirdParty:1030 - CMSIS Pack Vendor :STMicroelectronics X-CUBE-TOF1 3.3.0
2023-06-06 18:47:10,911 [INFO] ThirdParty:1030 - CMSIS Pack Vendor :STMicroelectronics PDM2PCM 3.3.0
2023-06-06 18:47:10,911 [INFO] ThirdParty:1030 - CMSIS Pack Vendor :STMicroelectronics X-CUBE-DISPLAY 3.0.0
2023-06-06 18:47:10,911 [INFO] ThirdParty:1030 - CMSIS Pack Vendor :STMicroelectronics FP-ATR-SIGFOX1 3.2.0
2023-06-06 18:47:10,911 [INFO] ThirdParty:1030 - CMSIS Pack Vendor :STMicroelectronics X-CUBE-AZRTOS-G4 1.0.0
2023-06-06 18:47:10,911 [INFO] ThirdParty:1030 - CMSIS Pack Vendor :STMicroelectronics X-CUBE-AZRTOS-L4 1.0.0
2023-06-06 18:47:10,911 [INFO] ThirdParty:1030 - CMSIS Pack Vendor :STMicroelectronics HAL Drivers 0.0.0
2023-06-06 18:47:10,911 [INFO] ThirdParty:1030 - CMSIS Pack Vendor :STMicroelectronics MBEDTLS 2.16.2
2023-06-06 18:47:10,911 [INFO] ThirdParty:1030 - CMSIS Pack Vendor :STMicroelectronics MBEDTLS 2.14.1
2023-06-06 18:47:10,911 [INFO] ThirdParty:1030 - CMSIS Pack Vendor :STMicroelectronics X-CUBE-NFC7 1.0.0
2023-06-06 18:47:10,911 [INFO] ThirdParty:1030 - CMSIS Pack Vendor :STMicroelectronics X-CUBE-AZRTOS-WL 1.0.0
2023-06-06 18:47:10,911 [INFO] ThirdParty:1030 - CMSIS Pack Vendor :STMicroelectronics X-CUBE-EEPRMA1 4.1.0
2023-06-06 18:47:10,911 [INFO] ThirdParty:1030 - CMSIS Pack Vendor :portGmbH I-Cube-SoM-uGOAL 1.1.0
2023-06-06 18:47:10,911 [INFO] ThirdParty:1030 - CMSIS Pack Vendor :STMicroelectronics X-CUBE-ALS 1.0.1
2023-06-06 18:47:10,911 [INFO] ThirdParty:1030 - CMSIS Pack Vendor :STMicroelectronics X-CUBE-MEMS1 9.5.0
2023-06-06 18:47:10,911 [INFO] ThirdParty:1030 - CMSIS Pack Vendor :STMicroelectronics ThreadX 1.0.0
2023-06-06 18:47:10,911 [INFO] ThirdParty:1030 - CMSIS Pack Vendor :STMicroelectronics X-CUBE-AZRTOS-WB 1.1.0
2023-06-06 18:47:10,913 [INFO] ThirdParty:1030 - CMSIS Pack Vendor :STMicroelectronics X-CUBE-AZRTOS-WL 2.0.0
2023-06-06 18:47:10,913 [INFO] ThirdParty:1030 - CMSIS Pack Vendor :SEGGER I-CUBE-embOS 1.3.1
2023-06-06 18:47:10,913 [INFO] ThirdParty:1030 - CMSIS Pack Vendor :STMicroelectronics USB_DEVICE 1.0.0
2023-06-06 18:47:10,913 [INFO] ThirdParty:1030 - CMSIS Pack Vendor :STMicroelectronics X-CUBE-AZRTOS-L4 2.0.0
2023-06-06 18:47:10,913 [INFO] ThirdParty:1030 - CMSIS Pack Vendor :STMicroelectronics ThreadX 0.0.2
2023-06-06 18:47:10,913 [INFO] ThirdParty:1030 - CMSIS Pack Vendor :WES I-CUBE-Cesium 1.3.0
2023-06-06 18:47:10,914 [INFO] ThirdParty:1030 - CMSIS Pack Vendor :STMicroelectronics FP-ATR-ASTRA1 2.0.0
2023-06-06 18:47:10,914 [INFO] ThirdParty:1030 - CMSIS Pack Vendor :STMicroelectronics lwIP 2.1.2
2023-06-06 18:47:10,914 [INFO] ThirdParty:1030 - CMSIS Pack Vendor :STMicroelectronics X-CUBE-SFXS2LP1 4.0.0
2023-06-06 18:47:10,914 [INFO] ThirdParty:1030 - CMSIS Pack Vendor :STMicroelectronics X-CUBE-BLE2 3.3.0
2023-06-06 18:47:10,914 [INFO] ThirdParty:1030 - CMSIS Pack Vendor :STMicroelectronics PDM2PCM 3.2.0
2023-06-06 18:47:10,914 [INFO] ThirdParty:841 - exiting critical section [change project]
2023-06-06 18:47:11,132 [INFO] PinOutPanel:1499 - setPackage(No Configuration,No Configuration)
2023-06-06 18:47:11,132 [INFO] PinOutPanel:1499 - setPackage(STM32L4P5RETx,LQFP64)
2023-06-06 18:47:11,492 [INFO] UtilMem:75 - Before build in PCC Used Memory: 624684848 Bytes (1073741824)
2023-06-06 18:47:11,711 [INFO] UtilMem:75 - After build in PCC Used Memory: 730068784 Bytes (1073741824)
2023-06-06 18:47:11,731 [INFO] IPUIPlugin:80 - create IPUIPlugin
2023-06-06 18:47:11,731 [INFO] IPUIPlugin:80 - create IPUIPlugin
2023-06-06 18:47:11,731 [INFO] IPUIPlugin:80 - create IPUIPlugin
2023-06-06 18:47:11,731 [INFO] IPUIPlugin:80 - create IPUIPlugin
2023-06-06 18:47:11,731 [INFO] IPUIPlugin:80 - create IPUIPlugin
2023-06-06 18:47:11,731 [INFO] IPUIPlugin:80 - create IPUIPlugin
2023-06-06 18:47:11,731 [INFO] IPUIPlugin:80 - create IPUIPlugin
2023-06-06 18:47:11,731 [INFO] IPUIPlugin:80 - create IPUIPlugin
2023-06-06 18:47:11,731 [INFO] IPUIPlugin:80 - create IPUIPlugin
2023-06-06 18:47:11,731 [INFO] IPUIPlugin:80 - create IPUIPlugin
2023-06-06 18:47:11,731 [INFO] IPUIPlugin:80 - create IPUIPlugin
2023-06-06 18:47:11,731 [INFO] IPUIPlugin:80 - create IPUIPlugin
2023-06-06 18:47:11,731 [INFO] IPUIPlugin:80 - create IPUIPlugin
2023-06-06 18:47:11,731 [INFO] IPUIPlugin:80 - create IPUIPlugin
2023-06-06 18:47:11,731 [INFO] IPUIPlugin:80 - create IPUIPlugin
2023-06-06 18:47:11,734 [INFO] IPUIPlugin:80 - create IPUIPlugin
2023-06-06 18:47:11,734 [INFO] IPUIPlugin:80 - create IPUIPlugin
2023-06-06 18:47:11,734 [INFO] IPUIPlugin:80 - create IPUIPlugin
2023-06-06 18:47:11,734 [INFO] IPUIPlugin:80 - create IPUIPlugin
2023-06-06 18:47:11,734 [INFO] IPUIPlugin:80 - create IPUIPlugin
2023-06-06 18:47:11,734 [INFO] IPUIPlugin:80 - create IPUIPlugin
2023-06-06 18:47:11,734 [INFO] IPUIPlugin:80 - create IPUIPlugin
2023-06-06 18:47:11,734 [INFO] IPUIPlugin:80 - create IPUIPlugin
2023-06-06 18:47:11,734 [INFO] IPUIPlugin:80 - create IPUIPlugin
2023-06-06 18:47:11,734 [INFO] IPUIPlugin:80 - create IPUIPlugin
2023-06-06 18:47:11,734 [INFO] IPUIPlugin:80 - create IPUIPlugin
2023-06-06 18:47:11,734 [INFO] IPUIPlugin:80 - create IPUIPlugin
2023-06-06 18:47:11,734 [INFO] IPUIPlugin:80 - create IPUIPlugin
2023-06-06 18:47:11,734 [INFO] IPUIPlugin:80 - create IPUIPlugin
2023-06-06 18:47:11,734 [INFO] IPUIPlugin:80 - create IPUIPlugin
2023-06-06 18:47:11,734 [INFO] IPUIPlugin:80 - create IPUIPlugin
2023-06-06 18:47:11,734 [INFO] IPUIPlugin:80 - create IPUIPlugin
2023-06-06 18:47:11,734 [INFO] IPUIPlugin:80 - create IPUIPlugin
2023-06-06 18:47:11,734 [INFO] IPUIPlugin:80 - create IPUIPlugin
2023-06-06 18:47:11,734 [INFO] IPUIPlugin:80 - create IPUIPlugin
2023-06-06 18:47:11,734 [INFO] IPUIPlugin:80 - create IPUIPlugin
2023-06-06 18:47:11,734 [INFO] IPUIPlugin:80 - create IPUIPlugin
2023-06-06 18:47:11,734 [INFO] IPUIPlugin:80 - create IPUIPlugin
2023-06-06 18:47:11,734 [INFO] IPUIPlugin:80 - create IPUIPlugin
2023-06-06 18:47:11,734 [INFO] IPUIPlugin:80 - create IPUIPlugin
2023-06-06 18:47:11,734 [INFO] IPUIPlugin:80 - create IPUIPlugin
2023-06-06 18:47:11,734 [INFO] IPUIPlugin:80 - create IPUIPlugin
2023-06-06 18:47:11,734 [INFO] IPUIPlugin:80 - create IPUIPlugin
2023-06-06 18:47:11,734 [INFO] IPUIPlugin:80 - create IPUIPlugin
2023-06-06 18:47:11,734 [INFO] IPUIPlugin:80 - create IPUIPlugin
2023-06-06 18:47:11,734 [INFO] IPUIPlugin:80 - create IPUIPlugin
2023-06-06 18:47:11,734 [INFO] IPUIPlugin:80 - create IPUIPlugin
2023-06-06 18:47:11,734 [INFO] IPUIPlugin:80 - create IPUIPlugin
2023-06-06 18:47:11,734 [INFO] IPUIPlugin:80 - create IPUIPlugin
2023-06-06 18:47:11,739 [INFO] IPUIPlugin:80 - create IPUIPlugin
2023-06-06 18:47:11,739 [INFO] IPUIPlugin:80 - create IPUIPlugin
2023-06-06 18:47:11,739 [INFO] IPUIPlugin:80 - create IPUIPlugin
2023-06-06 18:47:11,739 [INFO] IPUIPlugin:80 - create IPUIPlugin
2023-06-06 18:47:11,739 [INFO] IPUIPlugin:80 - create IPUIPlugin
2023-06-06 18:47:11,739 [INFO] IPUIPlugin:80 - create IPUIPlugin
2023-06-06 18:47:11,739 [INFO] IPUIPlugin:80 - create IPUIPlugin
2023-06-06 18:47:11,739 [INFO] IPUIPlugin:80 - create IPUIPlugin
2023-06-06 18:47:11,739 [INFO] IPUIPlugin:80 - create IPUIPlugin
2023-06-06 18:47:11,739 [INFO] IPUIPlugin:80 - create IPUIPlugin
2023-06-06 18:47:11,739 [INFO] IPUIPlugin:80 - create IPUIPlugin
2023-06-06 18:47:11,743 [INFO] IPUIPlugin:80 - create IPUIPlugin
2023-06-06 18:47:11,743 [INFO] IPUIPlugin:80 - create IPUIPlugin
2023-06-06 18:47:11,743 [INFO] IPUIPlugin:80 - create IPUIPlugin
2023-06-06 18:47:11,743 [INFO] IPUIPlugin:80 - create IPUIPlugin
2023-06-06 18:47:11,759 [INFO] CADModel:165 - CPN selected for project levelSTM32L4P5RET6
2023-06-06 18:47:11,759 [INFO] CADModel:114 - Register for checkConnection events
2023-06-06 18:47:11,836 [INFO] OpenFileManager:328 - Restore cursor
2023-06-06 18:53:46,085 [INFO] UtilMem:75 - End SaveConfig() Used Memory: 716019872 Bytes (1073741824)
2023-06-06 18:53:46,193 [INFO] UtilMem:75 - End SaveConfig() Used Memory: 742234272 Bytes (1073741824)
2023-06-06 18:53:47,315 [INFO] UtilMem:75 - End SaveConfig() Used Memory: 920492168 Bytes (1073741824)
2023-06-06 18:53:47,757 [INFO] BlockDiagram:2759 - set Specific Code input for plugin: TIM1_8L4
2023-06-06 18:53:47,757 [INFO] BlockDiagram:2759 - set Specific Code input for plugin: SYS
2023-06-06 18:53:47,757 [INFO] BlockDiagram:2759 - set Specific Code input for plugin: RCC
2023-06-06 18:53:47,757 [INFO] BlockDiagram:2759 - set Specific Code input for plugin: NVIC
2023-06-06 18:53:47,757 [INFO] BlockDiagram:2759 - set Specific Code input for plugin: GPIO
2023-06-06 18:53:47,757 [INFO] CodeGenerator:793 - code generatio: config db path: C:\ST\STM32CubeIDE_1.12.0\STM32CubeIDE\plugins\com.st.stm32cube.common.mx_6.8.0.202302231600\\db\
2023-06-06 18:53:48,093 [INFO] CodeEngine:255 - oldGeneratedFile, C:\Users\przem\OneDrive\Pulpit\PUTM\PUTM_DV_ASB_2023\software\EBS_Supervisor_L4\MXTmpFiles\license.tmp_save
2023-06-06 18:53:48,273 [INFO] CodeEngine:279 - Generated code: C:\Users\przem\OneDrive\Pulpit\PUTM\PUTM_DV_ASB_2023\software\EBS_Supervisor_L4\MXTmpFiles\license.tmp
2023-06-06 18:53:48,357 [INFO] CodeEngine:255 - oldGeneratedFile, C:\Users\przem\OneDrive\Pulpit\PUTM\PUTM_DV_ASB_2023\software\EBS_Supervisor_L4\MXTmpFiles\gpio.tmp_save
2023-06-06 18:53:48,476 [INFO] CodeEngine:279 - Generated code: C:\Users\przem\OneDrive\Pulpit\PUTM\PUTM_DV_ASB_2023\software\EBS_Supervisor_L4\MXTmpFiles\gpio.tmp
2023-06-06 18:53:48,729 [INFO] CodeEngine:255 - oldGeneratedFile, C:\Users\przem\OneDrive\Pulpit\PUTM\PUTM_DV_ASB_2023\software\EBS_Supervisor_L4\Core\Src\stm32l4xx_it.c_save
2023-06-06 18:53:48,994 [INFO] CodeEngine:279 - Generated code: C:\Users\przem\OneDrive\Pulpit\PUTM\PUTM_DV_ASB_2023\software\EBS_Supervisor_L4\Core\Src\stm32l4xx_it.c
2023-06-06 18:53:49,002 [INFO] CodeEngine:255 - oldGeneratedFile, C:\Users\przem\OneDrive\Pulpit\PUTM\PUTM_DV_ASB_2023\software\EBS_Supervisor_L4\Core\Inc\stm32l4xx_it.h_save
2023-06-06 18:53:49,091 [INFO] CodeEngine:279 - Generated code: C:\Users\przem\OneDrive\Pulpit\PUTM\PUTM_DV_ASB_2023\software\EBS_Supervisor_L4\Core\Inc\stm32l4xx_it.h
2023-06-06 18:53:49,111 [INFO] CodeEngine:255 - oldGeneratedFile, C:\Users\przem\OneDrive\Pulpit\PUTM\PUTM_DV_ASB_2023\software\EBS_Supervisor_L4\Core\Src\stm32l4xx_hal_msp.c_save
2023-06-06 18:53:49,269 [INFO] CodeEngine:279 - Generated code: C:\Users\przem\OneDrive\Pulpit\PUTM\PUTM_DV_ASB_2023\software\EBS_Supervisor_L4\Core\Src\stm32l4xx_hal_msp.c
2023-06-06 18:53:49,273 [INFO] CodeEngine:255 - oldGeneratedFile, C:\Users\przem\OneDrive\Pulpit\PUTM\PUTM_DV_ASB_2023\software\EBS_Supervisor_L4\MXTmpFiles\system.tmp_save
2023-06-06 18:53:49,345 [INFO] CodeEngine:279 - Generated code: C:\Users\przem\OneDrive\Pulpit\PUTM\PUTM_DV_ASB_2023\software\EBS_Supervisor_L4\MXTmpFiles\system.tmp
2023-06-06 18:53:49,370 [INFO] CodeEngine:311 - oldGeneratedFile, C:\Users\przem\OneDrive\Pulpit\PUTM\PUTM_DV_ASB_2023\software\EBS_Supervisor_L4\Core\Inc\stm32l4xx_hal_conf.h_save
2023-06-06 18:53:49,472 [INFO] CodeEngine:335 - Generated code: C:\Users\przem\OneDrive\Pulpit\PUTM\PUTM_DV_ASB_2023\software\EBS_Supervisor_L4\Core\Inc\stm32l4xx_hal_conf.h
2023-06-06 18:53:49,516 [WARN] IPConfigManager:3431 - IP not found : TIM
2023-06-06 18:53:49,516 [WARN] CodeGenerator:3754 - IP not found : null
2023-06-06 18:53:49,536 [INFO] CodeEngine:255 - oldGeneratedFile, C:\Users\przem\OneDrive\Pulpit\PUTM\PUTM_DV_ASB_2023\software\EBS_Supervisor_L4\Core\Inc\main.h_save
2023-06-06 18:53:49,649 [INFO] CodeEngine:279 - Generated code: C:\Users\przem\OneDrive\Pulpit\PUTM\PUTM_DV_ASB_2023\software\EBS_Supervisor_L4\Core\Inc\main.h
2023-06-06 18:53:49,666 [INFO] CodeEngine:255 - oldGeneratedFile, C:\Users\przem\OneDrive\Pulpit\PUTM\PUTM_DV_ASB_2023\software\EBS_Supervisor_L4\Core\Src\main.c_save
2023-06-06 18:53:49,823 [INFO] CodeEngine:279 - Generated code: C:\Users\przem\OneDrive\Pulpit\PUTM\PUTM_DV_ASB_2023\software\EBS_Supervisor_L4\Core\Src\main.c
2023-06-06 18:53:50,338 [INFO] ProjectBuilder:2996 - Time for Copy HAL[2] : 0mS.
2023-06-06 18:53:50,342 [INFO] ProjectBuilder:4304 - Project Generator version: 3.19.2
2023-06-06 18:53:50,663 [INFO] ConfigFileManager:1483 - The Die is : DIE471
2023-06-06 18:53:50,663 [INFO] ApiDbMcu:507 - Load IP Config File for FATFS
2023-06-06 18:53:50,668 [INFO] ApiDbMcu:507 - Load IP Config File for FREERTOS
2023-06-06 18:53:50,679 [INFO] ApiDbMcu:507 - Load IP Config File for TOUCHSENSING
2023-06-06 18:53:50,683 [INFO] ApiDbMcu:507 - Load IP Config File for USB_DEVICE
2023-06-06 18:53:50,683 [INFO] ApiDbMcu:507 - Load IP Config File for USB_HOST
2023-06-06 18:53:52,586 [INFO] ProjectBuilder:4505 - Time for Generating toolchain IDE Files: 2244mS.
2023-06-06 18:53:52,586 [INFO] ProjectBuilder:2867 - Time for Copy CMSIS : 0mS.
2023-06-06 18:53:52,590 [INFO] ProjectBuilder:2867 - Time for Copy CMSIS : 0mS.
2023-06-06 18:53:53,163 [INFO] MainUpdater:2854 - connection check result : 10
2023-06-06 18:53:53,163 [INFO] MainUpdater:2854 - connection check result : 10
2023-06-06 18:53:53,227 [INFO] MicroXplorer:468 - Change Database Path : 
2023-06-06 18:53:53,227 [INFO] MicroXplorer:498 - Change Database Version : DB.6.0.80
2023-06-06 18:53:53,248 [WARN] ThirdParty:871 - waiting for thirdparty lock release [close project]
2023-06-06 18:53:53,248 [INFO] ThirdParty:873 - entering critical section [close project]
2023-06-06 18:53:53,248 [INFO] ThirdParty:883 - exiting critical section [close project]
2023-06-06 18:53:53,248 [INFO] PinOutPanel:1499 - setPackage(No Configuration,No Configuration)
2023-06-06 18:53:53,251 [INFO] UtilMem:75 - Begin LoadConfig() Used Memory: 804149968 Bytes (1073741824)
2023-06-06 18:53:53,258 [INFO] MicroXplorer:468 - Change Database Path : C:/Users/przem/.stm32cubemx/databases/DB.6.0.70/db/
2023-06-06 18:53:53,258 [INFO] MicroXplorer:498 - Change Database Version : DB.6.0.70
2023-06-06 18:53:56,423 [INFO] OpenFileManager:308 - Change cursor
2023-06-06 18:53:56,435 [INFO] RulesReader:64 - Compatibility file has been processed (283 Rules)
2023-06-06 18:53:56,435 [INFO] Mcu:1937 - Initializing MCU STM32F103R(8-B)Tx STM32F103R8Tx STM32F103R8T6
2023-06-06 18:53:56,938 [INFO] Context:659 - Trying to add GPIOservice into a context  which must be forbidden
2023-06-06 18:53:57,149 [INFO] RtosManager:555 - Registered RTOS mode: class=CMSIS, group=RTOS, mode=CMSIS_V1, owner=FREERTOS
2023-06-06 18:53:57,153 [INFO] RtosManager:555 - Registered RTOS mode: class=CMSIS, group=RTOS2, mode=CMSIS_V2, owner=FREERTOS
2023-06-06 18:53:57,153 [INFO] RtosManager:555 - Registered RTOS mode: class=RTOS, group=Core, mode=CMSIS_V1, owner=FREERTOS
2023-06-06 18:53:57,153 [INFO] RtosManager:555 - Registered RTOS mode: class=RTOS, group=Core, mode=CMSIS_V2, owner=FREERTOS
2023-06-06 18:53:57,153 [WARN] ModelIntegratedComponent:184 - Missing modes for component STMicroelectronics:FreeRTOS:0.0.1:STMicroelectronics:RTOS:FreeRTOS:Core:::10.2.0:
2023-06-06 18:53:57,169 [WARN] ModelIntegratedComponent:63 - No mode defined for component null
2023-06-06 18:53:57,169 [WARN] ModelIntegratedComponent:63 - No mode defined for component null
2023-06-06 18:53:57,169 [WARN] ModelIntegratedComponent:63 - No mode defined for component null
2023-06-06 18:53:57,169 [WARN] ModelIntegratedComponent:63 - No mode defined for component null
2023-06-06 18:53:57,169 [WARN] ModelIntegratedComponent:63 - No mode defined for component null
2023-06-06 18:53:57,169 [WARN] ModelIntegratedComponent:63 - No mode defined for component null
2023-06-06 18:53:57,169 [WARN] ModelIntegratedComponent:63 - No mode defined for component null
2023-06-06 18:53:57,169 [WARN] ModelIntegratedComponent:63 - No mode defined for component null
2023-06-06 18:53:57,169 [WARN] ModelIntegratedComponent:63 - No mode defined for component null
2023-06-06 18:53:57,169 [WARN] ModelIntegratedComponent:63 - No mode defined for component null
2023-06-06 18:53:57,169 [WARN] ModelIntegratedComponent:63 - No mode defined for component null
2023-06-06 18:53:57,169 [WARN] ModelIntegratedComponent:63 - No mode defined for component null
2023-06-06 18:53:57,169 [WARN] ModelIntegratedComponent:63 - No mode defined for component null
2023-06-06 18:53:57,169 [WARN] ModelIntegratedComponent:63 - No mode defined for component null
2023-06-06 18:53:57,169 [WARN] ModelIntegratedComponent:63 - No mode defined for component null
2023-06-06 18:53:57,169 [WARN] ModelIntegratedComponent:63 - No mode defined for component null
2023-06-06 18:53:57,169 [WARN] ModelIntegratedComponent:63 - No mode defined for component null
2023-06-06 18:53:57,169 [WARN] ModelIntegratedComponent:63 - No mode defined for component null
2023-06-06 18:53:57,169 [WARN] ModelIntegratedComponent:63 - No mode defined for component null
2023-06-06 18:53:57,169 [WARN] ModelIntegratedComponent:63 - No mode defined for component null
2023-06-06 18:53:57,169 [WARN] ModelIntegratedComponent:63 - No mode defined for component null
2023-06-06 18:53:57,169 [WARN] ModelIntegratedComponent:63 - No mode defined for component null
2023-06-06 18:53:57,169 [WARN] ModelIntegratedComponent:63 - No mode defined for component null
2023-06-06 18:53:57,169 [WARN] ModelIntegratedComponent:63 - No mode defined for component null
2023-06-06 18:53:57,169 [WARN] ModelIntegratedComponent:63 - No mode defined for component null
2023-06-06 18:53:57,169 [WARN] ModelIntegratedComponent:63 - No mode defined for component null
2023-06-06 18:53:57,169 [WARN] ModelIntegratedComponent:63 - No mode defined for component null
2023-06-06 18:53:57,169 [WARN] ModelIntegratedComponent:63 - No mode defined for component null
2023-06-06 18:53:57,169 [WARN] ModelIntegratedComponent:63 - No mode defined for component null
2023-06-06 18:53:57,169 [WARN] ModelIntegratedComponent:63 - No mode defined for component null
2023-06-06 18:53:57,169 [WARN] ModelIntegratedComponent:63 - No mode defined for component null
2023-06-06 18:53:57,169 [WARN] ModelIntegratedComponent:63 - No mode defined for component null
2023-06-06 18:53:57,169 [WARN] ModelIntegratedComponent:63 - No mode defined for component null
2023-06-06 18:53:57,334 [INFO] ThirdPartyModel:298 - Start build external matchings
2023-06-06 18:53:58,103 [INFO] ThirdPartyModel:316 - End build external matchings
2023-06-06 18:53:58,124 [INFO] ImportTextPane:194 - (OptionalMessage_ERROR) IP (DMA) : Parameter (Instance) has Id (ADC1) currently not set
2023-06-06 18:53:58,124 [INFO] ImportTextPane:194 - (OptionalMessage_ERROR) IP (DMA) : Parameter (Direction) has Id (ADC1) currently not set
2023-06-06 18:53:58,124 [INFO] ImportTextPane:194 - (OptionalMessage_ERROR) IP (DMA) : Parameter (PeriphInc) has Id (ADC1) currently not set
2023-06-06 18:53:58,124 [INFO] ImportTextPane:194 - (OptionalMessage_ERROR) IP (DMA) : Parameter (MemInc) has Id (ADC1) currently not set
2023-06-06 18:53:58,124 [INFO] ImportTextPane:194 - (OptionalMessage_ERROR) IP (DMA) : Parameter (PeriphDataAlignment) has Id (ADC1) currently not set
2023-06-06 18:53:58,124 [INFO] ImportTextPane:194 - (OptionalMessage_ERROR) IP (DMA) : Parameter (MemDataAlignment) has Id (ADC1) currently not set
2023-06-06 18:53:58,124 [INFO] ImportTextPane:194 - (OptionalMessage_ERROR) IP (DMA) : Parameter (Mode) has Id (ADC1) currently not set
2023-06-06 18:53:58,124 [INFO] ImportTextPane:194 - (OptionalMessage_ERROR) IP (DMA) : Parameter (Priority) has Id (ADC1) currently not set
2023-06-06 18:53:58,124 [INFO] ImportTextPane:194 - (OptionalMessage_ERROR) IP (RCC) : Parameter (MCOFreq_Value) has invalid value (72000000)
2023-06-06 18:53:58,124 [INFO] ImportTextPane:194 - (OptionalMessage_ERROR) IP (RCC) : Parameter (USBFreq_Value) has invalid value (72000000)
2023-06-06 18:53:58,336 [INFO] UtilMem:75 - End LoadConfig() Used Memory: 627788472 Bytes (1073741824)
2023-06-06 18:53:58,397 [WARN] ThirdParty:833 - waiting for thirdparty lock release [change project]
2023-06-06 18:53:58,397 [INFO] ThirdParty:835 - entering critical section [change project]
2023-06-06 18:53:58,397 [INFO] ThirdParty:1030 - CMSIS Pack Vendor :STMicroelectronics X-CUBE-ISPU 1.1.0
2023-06-06 18:53:58,397 [INFO] ThirdParty:1030 - CMSIS Pack Vendor :STMicroelectronics X-CUBE-GNSS1 6.0.0
2023-06-06 18:53:58,397 [INFO] ThirdParty:1030 - CMSIS Pack Vendor :STMicroelectronics USB_HOST 2.0.0
2023-06-06 18:53:58,397 [INFO] ThirdParty:1030 - CMSIS Pack Vendor :STMicroelectronics X-CUBE-AZRTOS-F4 1.1.0
2023-06-06 18:53:58,397 [INFO] ThirdParty:1030 - CMSIS Pack Vendor :STMicroelectronics LIBJPEG 8.0.0
2023-06-06 18:53:58,397 [INFO] ThirdParty:1030 - CMSIS Pack Vendor :STMicroelectronics X-CUBE-SMBUS 2.1.0
2023-06-06 18:53:58,397 [INFO] ThirdParty:1030 - CMSIS Pack Vendor :wolfSSL I-CUBE-wolfSSL 5.6.0
2023-06-06 18:53:58,397 [INFO] ThirdParty:1030 - CMSIS Pack Vendor :STMicroelectronics USB_DEVICE 3.0.0
2023-06-06 18:53:58,397 [INFO] ThirdParty:1030 - CMSIS Pack Vendor :STMicroelectronics X-CUBE-AI 8.0.0
2023-06-06 18:53:58,397 [INFO] ThirdParty:1030 - CMSIS Pack Vendor :STMicroelectronics X-CUBE-FREERTOS 1.0.1
2023-06-06 18:53:58,397 [INFO] ThirdParty:1030 - CMSIS Pack Vendor :STMicroelectronics X-CUBE-TOUCHGFX 4.21.3
2023-06-06 18:53:58,397 [INFO] ThirdParty:1030 - CMSIS Pack Vendor :STMicroelectronics X-CUBE-AZRTOS-F7 1.1.0
2023-06-06 18:53:58,397 [INFO] ThirdParty:1030 - CMSIS Pack Vendor :STMicroelectronics X-CUBE-TOUCHGFX 4.21.4
2023-06-06 18:53:58,397 [INFO] ThirdParty:1030 - CMSIS Pack Vendor :STMicroelectronics USB_DEVICE 2.0.0
2023-06-06 18:53:58,397 [INFO] ThirdParty:1030 - CMSIS Pack Vendor :STMicroelectronics X-CUBE-MEMS1 9.6.0
2023-06-06 18:53:58,397 [INFO] ThirdParty:1030 - CMSIS Pack Vendor :STMicroelectronics FP-SNS-MOTENV1 4.3.0
2023-06-06 18:53:58,397 [INFO] ThirdParty:1030 - CMSIS Pack Vendor :STMicroelectronics FP-SNS-FLIGHT1 5.0.0
2023-06-06 18:53:58,397 [INFO] ThirdParty:1030 - CMSIS Pack Vendor :STMicroelectronics FP-SNS-MOTENV1 4.3.1
2023-06-06 18:53:58,397 [INFO] ThirdParty:1030 - CMSIS Pack Vendor :STMicroelectronics FP-SNS-FLIGHT1 5.0.1
2023-06-06 18:53:58,397 [INFO] ThirdParty:1030 - CMSIS Pack Vendor :STMicroelectronics X-CUBE-ALGOBUILD 1.3.0
2023-06-06 18:53:58,397 [INFO] ThirdParty:1030 - CMSIS Pack Vendor :STMicroelectronics X-CUBE-BLE1 6.2.4
2023-06-06 18:53:58,397 [INFO] ThirdParty:1030 - CMSIS Pack Vendor :STMicroelectronics X-CUBE-AZRTOS-L5 1.1.0
2023-06-06 18:53:58,397 [INFO] ThirdParty:1030 - CMSIS Pack Vendor :STMicroelectronics FreeRTOS 0.0.1
2023-06-06 18:53:58,397 [INFO] ThirdParty:1030 - CMSIS Pack Vendor :STMicroelectronics X-CUBE-AZRTOS-G0 1.1.0
2023-06-06 18:53:58,397 [INFO] ThirdParty:1030 - CMSIS Pack Vendor :emotas I-CUBE-CANOPEN 1.1.3
2023-06-06 18:53:58,397 [INFO] ThirdParty:1030 - CMSIS Pack Vendor :STMicroelectronics X-CUBE-BLEMGR 2.0.0
2023-06-06 18:53:58,397 [INFO] ThirdParty:1030 - CMSIS Pack Vendor :STMicroelectronics X-CUBE-AI 8.0.1
2023-06-06 18:53:58,397 [INFO] ThirdParty:1030 - CMSIS Pack Vendor :STMicroelectronics X-CUBE-NFC4 3.0.0
2023-06-06 18:53:58,397 [INFO] ThirdParty:1030 - CMSIS Pack Vendor :STMicroelectronics X-CUBE-SUBG2 5.0.0
2023-06-06 18:53:58,397 [INFO] ThirdParty:1030 - CMSIS Pack Vendor :STMicroelectronics STM32_WPAN 1.0.0
2023-06-06 18:53:58,397 [INFO] ThirdParty:1030 - CMSIS Pack Vendor :STMicroelectronics lwIP 2.0.3
2023-06-06 18:53:58,397 [INFO] ThirdParty:1030 - CMSIS Pack Vendor :STMicroelectronics USB_HOST 1.0.0
2023-06-06 18:53:58,397 [INFO] ThirdParty:1030 - CMSIS Pack Vendor :STMicroelectronics X-CUBE-AZRTOS-G4 2.0.0
2023-06-06 18:53:58,397 [INFO] ThirdParty:1030 - CMSIS Pack Vendor :STMicroelectronics PDM2PCM 3.1.0
2023-06-06 18:53:58,401 [INFO] ThirdParty:1030 - CMSIS Pack Vendor :STMicroelectronics X-CUBE-AZRTOS-H7 3.1.0
2023-06-06 18:53:58,401 [INFO] ThirdParty:1030 - CMSIS Pack Vendor :STMicroelectronics X-CUBE-TOF1 3.3.0
2023-06-06 18:53:58,401 [INFO] ThirdParty:1030 - CMSIS Pack Vendor :STMicroelectronics PDM2PCM 3.3.0
2023-06-06 18:53:58,401 [INFO] ThirdParty:1030 - CMSIS Pack Vendor :STMicroelectronics X-CUBE-DISPLAY 3.0.0
2023-06-06 18:53:58,401 [INFO] ThirdParty:1030 - CMSIS Pack Vendor :STMicroelectronics FP-ATR-SIGFOX1 3.2.0
2023-06-06 18:53:58,401 [INFO] ThirdParty:1030 - CMSIS Pack Vendor :STMicroelectronics X-CUBE-AZRTOS-G4 1.0.0
2023-06-06 18:53:58,401 [INFO] ThirdParty:1030 - CMSIS Pack Vendor :STMicroelectronics X-CUBE-AZRTOS-L4 1.0.0
2023-06-06 18:53:58,401 [INFO] ThirdParty:1030 - CMSIS Pack Vendor :STMicroelectronics HAL Drivers 0.0.0
2023-06-06 18:53:58,401 [INFO] ThirdParty:1030 - CMSIS Pack Vendor :STMicroelectronics MBEDTLS 2.16.2
2023-06-06 18:53:58,401 [INFO] ThirdParty:1030 - CMSIS Pack Vendor :STMicroelectronics MBEDTLS 2.14.1
2023-06-06 18:53:58,401 [INFO] ThirdParty:1030 - CMSIS Pack Vendor :STMicroelectronics X-CUBE-NFC7 1.0.0
2023-06-06 18:53:58,401 [INFO] ThirdParty:1030 - CMSIS Pack Vendor :STMicroelectronics X-CUBE-AZRTOS-WL 1.0.0
2023-06-06 18:53:58,401 [INFO] ThirdParty:1030 - CMSIS Pack Vendor :STMicroelectronics X-CUBE-EEPRMA1 4.1.0
2023-06-06 18:53:58,401 [INFO] ThirdParty:1030 - CMSIS Pack Vendor :portGmbH I-Cube-SoM-uGOAL 1.1.0
2023-06-06 18:53:58,401 [INFO] ThirdParty:1030 - CMSIS Pack Vendor :STMicroelectronics X-CUBE-ALS 1.0.1
2023-06-06 18:53:58,401 [INFO] ThirdParty:1030 - CMSIS Pack Vendor :STMicroelectronics X-CUBE-MEMS1 9.5.0
2023-06-06 18:53:58,401 [INFO] ThirdParty:1030 - CMSIS Pack Vendor :STMicroelectronics ThreadX 1.0.0
2023-06-06 18:53:58,401 [INFO] ThirdParty:1030 - CMSIS Pack Vendor :STMicroelectronics X-CUBE-AZRTOS-WB 1.1.0
2023-06-06 18:53:58,401 [INFO] ThirdParty:1030 - CMSIS Pack Vendor :STMicroelectronics X-CUBE-AZRTOS-WL 2.0.0
2023-06-06 18:53:58,401 [INFO] ThirdParty:1030 - CMSIS Pack Vendor :SEGGER I-CUBE-embOS 1.3.1
2023-06-06 18:53:58,401 [INFO] ThirdParty:1030 - CMSIS Pack Vendor :STMicroelectronics USB_DEVICE 1.0.0
2023-06-06 18:53:58,401 [INFO] ThirdParty:1030 - CMSIS Pack Vendor :STMicroelectronics X-CUBE-AZRTOS-L4 2.0.0
2023-06-06 18:53:58,401 [INFO] ThirdParty:1030 - CMSIS Pack Vendor :STMicroelectronics ThreadX 0.0.2
2023-06-06 18:53:58,401 [INFO] ThirdParty:1030 - CMSIS Pack Vendor :WES I-CUBE-Cesium 1.3.0
2023-06-06 18:53:58,401 [INFO] ThirdParty:1030 - CMSIS Pack Vendor :STMicroelectronics FP-ATR-ASTRA1 2.0.0
2023-06-06 18:53:58,401 [INFO] ThirdParty:1030 - CMSIS Pack Vendor :STMicroelectronics lwIP 2.1.2
2023-06-06 18:53:58,401 [INFO] ThirdParty:1030 - CMSIS Pack Vendor :STMicroelectronics X-CUBE-SFXS2LP1 4.0.0
2023-06-06 18:53:58,401 [INFO] ThirdParty:1030 - CMSIS Pack Vendor :STMicroelectronics X-CUBE-BLE2 3.3.0
2023-06-06 18:53:58,401 [INFO] ThirdParty:1030 - CMSIS Pack Vendor :STMicroelectronics PDM2PCM 3.2.0
2023-06-06 18:53:58,401 [INFO] ThirdParty:841 - exiting critical section [change project]
2023-06-06 18:53:58,526 [INFO] PinOutPanel:1499 - setPackage(No Configuration,No Configuration)
2023-06-06 18:53:58,526 [INFO] PinOutPanel:1499 - setPackage(STM32F103R8Tx,LQFP64)
2023-06-06 18:53:58,757 [INFO] UtilMem:75 - Before build in PCC Used Memory: 616944512 Bytes (1073741824)
2023-06-06 18:53:58,926 [INFO] UtilMem:75 - After build in PCC Used Memory: 658373328 Bytes (1073741824)
2023-06-06 18:53:58,939 [INFO] IPUIPlugin:80 - create IPUIPlugin
2023-06-06 18:53:58,939 [INFO] IPUIPlugin:80 - create IPUIPlugin
2023-06-06 18:53:58,939 [INFO] IPUIPlugin:80 - create IPUIPlugin
2023-06-06 18:53:58,939 [INFO] IPUIPlugin:80 - create IPUIPlugin
2023-06-06 18:53:58,939 [INFO] IPUIPlugin:80 - create IPUIPlugin
2023-06-06 18:53:58,939 [INFO] IPUIPlugin:80 - create IPUIPlugin
2023-06-06 18:53:58,939 [INFO] IPUIPlugin:80 - create IPUIPlugin
2023-06-06 18:53:58,939 [INFO] IPUIPlugin:80 - create IPUIPlugin
2023-06-06 18:53:58,939 [INFO] IPUIPlugin:80 - create IPUIPlugin
2023-06-06 18:53:58,939 [INFO] IPUIPlugin:80 - create IPUIPlugin
2023-06-06 18:53:58,939 [INFO] IPUIPlugin:80 - create IPUIPlugin
2023-06-06 18:53:58,939 [INFO] IPUIPlugin:80 - create IPUIPlugin
2023-06-06 18:53:58,939 [INFO] IPUIPlugin:80 - create IPUIPlugin
2023-06-06 18:53:58,939 [INFO] IPUIPlugin:80 - create IPUIPlugin
2023-06-06 18:53:58,939 [INFO] IPUIPlugin:80 - create IPUIPlugin
2023-06-06 18:53:58,942 [INFO] IPUIPlugin:80 - create IPUIPlugin
2023-06-06 18:53:58,942 [INFO] IPUIPlugin:80 - create IPUIPlugin
2023-06-06 18:53:58,942 [INFO] IPUIPlugin:80 - create IPUIPlugin
2023-06-06 18:53:58,942 [INFO] IPUIPlugin:80 - create IPUIPlugin
2023-06-06 18:53:58,942 [INFO] IPUIPlugin:80 - create IPUIPlugin
2023-06-06 18:53:58,942 [INFO] IPUIPlugin:80 - create IPUIPlugin
2023-06-06 18:53:58,942 [INFO] IPUIPlugin:80 - create IPUIPlugin
2023-06-06 18:53:58,942 [INFO] IPUIPlugin:80 - create IPUIPlugin
2023-06-06 18:53:58,942 [INFO] IPUIPlugin:80 - create IPUIPlugin
2023-06-06 18:53:58,942 [INFO] IPUIPlugin:80 - create IPUIPlugin
2023-06-06 18:53:58,942 [INFO] IPUIPlugin:80 - create IPUIPlugin
2023-06-06 18:53:58,942 [INFO] IPUIPlugin:80 - create IPUIPlugin
2023-06-06 18:53:58,942 [INFO] Can:71 - Can Add PropertyChangeListener com.st.microxplorer.plugins.ip.can.Can@3cd20d1d
2023-06-06 18:53:59,007 [INFO] CADModel:165 - CPN selected for project levelSTM32F103R8T6
2023-06-06 18:53:59,007 [INFO] CADModel:114 - Register for checkConnection events
2023-06-06 18:53:59,075 [INFO] OpenFileManager:328 - Restore cursor
2023-06-06 18:54:25,759 [ERROR] LogOutputStream:75 - [STDERR_REDIRECT] Exception in thread "AWT-EventQueue-0" java.lang.ClassCastException: class sun.awt.windows.WEmbeddedFrame cannot be cast to class javax.swing.JFrame (sun.awt.windows.WEmbeddedFrame and javax.swing.JFrame are in module java.desktop of loader 'bootstrap')
2023-06-06 18:54:25,759 [ERROR] LogOutputStream:75 - [STDERR_REDIRECT] 	at com.st.microxplorer.plugins.clock.ClockConfigurationView.activatePlugin(ClockConfigurationView.java:425)
2023-06-06 18:54:25,761 [ERROR] LogOutputStream:75 - [STDERR_REDIRECT] 	at com.st.microxplorer.maingui.MainPanel$1.stateChanged(MainPanel.java:358)
2023-06-06 18:54:25,763 [ERROR] LogOutputStream:75 - [STDERR_REDIRECT] 	at java.desktop/javax.swing.JTabbedPane.fireStateChanged(JTabbedPane.java:418)
2023-06-06 18:54:25,763 [ERROR] LogOutputStream:75 - [STDERR_REDIRECT] 	at java.desktop/javax.swing.JTabbedPane$ModelListener.stateChanged(JTabbedPane.java:269)
2023-06-06 18:54:25,767 [ERROR] LogOutputStream:75 - [STDERR_REDIRECT] 	at java.desktop/javax.swing.DefaultSingleSelectionModel.fireStateChanged(DefaultSingleSelectionModel.java:143)
2023-06-06 18:54:25,767 [ERROR] LogOutputStream:75 - [STDERR_REDIRECT] 	at java.desktop/javax.swing.DefaultSingleSelectionModel.setSelectedIndex(DefaultSingleSelectionModel.java:74)
2023-06-06 18:54:25,771 [ERROR] LogOutputStream:75 - [STDERR_REDIRECT] 	at java.desktop/javax.swing.JTabbedPane.setSelectedIndexImpl(JTabbedPane.java:622)
2023-06-06 18:54:25,771 [ERROR] LogOutputStream:75 - [STDERR_REDIRECT] 	at java.desktop/javax.swing.JTabbedPane.setSelectedIndex(JTabbedPane.java:597)
2023-06-06 18:54:25,771 [ERROR] LogOutputStream:75 - [STDERR_REDIRECT] 	at java.desktop/javax.swing.plaf.basic.BasicTabbedPaneUI$Handler.mousePressed(BasicTabbedPaneUI.java:4090)
2023-06-06 18:54:25,771 [ERROR] LogOutputStream:75 - [STDERR_REDIRECT] 	at java.desktop/java.awt.Component.processMouseEvent(Component.java:6632)
2023-06-06 18:54:25,775 [ERROR] LogOutputStream:75 - [STDERR_REDIRECT] 	at java.desktop/javax.swing.JComponent.processMouseEvent(JComponent.java:3342)
2023-06-06 18:54:25,775 [ERROR] LogOutputStream:75 - [STDERR_REDIRECT] 	at java.desktop/java.awt.Component.processEvent(Component.java:6400)
2023-06-06 18:54:25,775 [ERROR] LogOutputStream:75 - [STDERR_REDIRECT] 	at java.desktop/java.awt.Container.processEvent(Container.java:2263)
2023-06-06 18:54:25,775 [ERROR] LogOutputStream:75 - [STDERR_REDIRECT] 	at java.desktop/java.awt.Component.dispatchEventImpl(Component.java:5011)
2023-06-06 18:54:25,779 [ERROR] LogOutputStream:75 - [STDERR_REDIRECT] 	at java.desktop/java.awt.Container.dispatchEventImpl(Container.java:2321)
2023-06-06 18:54:25,779 [ERROR] LogOutputStream:75 - [STDERR_REDIRECT] 	at java.desktop/java.awt.Component.dispatchEvent(Component.java:4843)
2023-06-06 18:54:25,779 [ERROR] LogOutputStream:75 - [STDERR_REDIRECT] 	at java.desktop/java.awt.LightweightDispatcher.retargetMouseEvent(Container.java:4918)
2023-06-06 18:54:25,779 [ERROR] LogOutputStream:75 - [STDERR_REDIRECT] 	at java.desktop/java.awt.LightweightDispatcher.processMouseEvent(Container.java:4544)
2023-06-06 18:54:25,783 [ERROR] LogOutputStream:75 - [STDERR_REDIRECT] 	at java.desktop/java.awt.LightweightDispatcher.dispatchEvent(Container.java:4488)
2023-06-06 18:54:25,783 [ERROR] LogOutputStream:75 - [STDERR_REDIRECT] 	at java.desktop/java.awt.Container.dispatchEventImpl(Container.java:2307)
2023-06-06 18:54:25,787 [ERROR] LogOutputStream:75 - [STDERR_REDIRECT] 	at java.desktop/java.awt.Component.dispatchEvent(Component.java:4843)
2023-06-06 18:54:25,789 [ERROR] LogOutputStream:75 - [STDERR_REDIRECT] 	at java.desktop/java.awt.EventQueue.dispatchEventImpl(EventQueue.java:772)
2023-06-06 18:54:25,789 [ERROR] LogOutputStream:75 - [STDERR_REDIRECT] 	at java.desktop/java.awt.EventQueue$4.run(EventQueue.java:721)
2023-06-06 18:54:25,790 [ERROR] LogOutputStream:75 - [STDERR_REDIRECT] 	at java.desktop/java.awt.EventQueue$4.run(EventQueue.java:715)
2023-06-06 18:54:25,790 [ERROR] LogOutputStream:75 - [STDERR_REDIRECT] 	at java.base/java.security.AccessController.doPrivileged(Native Method)
2023-06-06 18:54:25,791 [ERROR] LogOutputStream:75 - [STDERR_REDIRECT] 	at java.base/java.security.ProtectionDomain$JavaSecurityAccessImpl.doIntersectionPrivilege(ProtectionDomain.java:85)
2023-06-06 18:54:25,791 [ERROR] LogOutputStream:75 - [STDERR_REDIRECT] 	at java.base/java.security.ProtectionDomain$JavaSecurityAccessImpl.doIntersectionPrivilege(ProtectionDomain.java:95)
2023-06-06 18:54:25,791 [ERROR] LogOutputStream:75 - [STDERR_REDIRECT] 	at java.desktop/java.awt.EventQueue$5.run(EventQueue.java:745)
2023-06-06 18:54:25,795 [ERROR] LogOutputStream:75 - [STDERR_REDIRECT] 	at java.desktop/java.awt.EventQueue$5.run(EventQueue.java:743)
2023-06-06 18:54:25,795 [ERROR] LogOutputStream:75 - [STDERR_REDIRECT] 	at java.base/java.security.AccessController.doPrivileged(Native Method)
2023-06-06 18:54:25,795 [ERROR] LogOutputStream:75 - [STDERR_REDIRECT] 	at java.base/java.security.ProtectionDomain$JavaSecurityAccessImpl.doIntersectionPrivilege(ProtectionDomain.java:85)
2023-06-06 18:54:25,795 [ERROR] LogOutputStream:75 - [STDERR_REDIRECT] 	at java.desktop/java.awt.EventQueue.dispatchEvent(EventQueue.java:742)
2023-06-06 18:54:25,800 [ERROR] LogOutputStream:75 - [STDERR_REDIRECT] 	at java.desktop/java.awt.EventDispatchThread.pumpOneEventForFilters(EventDispatchThread.java:203)
2023-06-06 18:54:25,800 [ERROR] LogOutputStream:75 - [STDERR_REDIRECT] 	at java.desktop/java.awt.EventDispatchThread.pumpEventsForFilter(EventDispatchThread.java:124)
2023-06-06 18:54:25,800 [ERROR] LogOutputStream:75 - [STDERR_REDIRECT] 	at java.desktop/java.awt.EventDispatchThread.pumpEventsForHierarchy(EventDispatchThread.java:113)
2023-06-06 18:54:25,803 [ERROR] LogOutputStream:75 - [STDERR_REDIRECT] 	at java.desktop/java.awt.EventDispatchThread.pumpEvents(EventDispatchThread.java:109)
2023-06-06 18:54:25,803 [ERROR] LogOutputStream:75 - [STDERR_REDIRECT] 	at java.desktop/java.awt.EventDispatchThread.pumpEvents(EventDispatchThread.java:101)
2023-06-06 18:54:25,803 [ERROR] LogOutputStream:75 - [STDERR_REDIRECT] 	at java.desktop/java.awt.EventDispatchThread.run(EventDispatchThread.java:90)
2023-06-06 18:55:17,610 [INFO] MainUpdater:2854 - connection check result : 10
2023-06-06 18:55:17,610 [INFO] MainUpdater:2854 - connection check result : 10
2023-06-06 18:55:17,675 [INFO] MicroXplorer:468 - Change Database Path : 
2023-06-06 18:55:17,675 [INFO] MicroXplorer:498 - Change Database Version : DB.6.0.80
2023-06-06 18:55:17,691 [WARN] ThirdParty:871 - waiting for thirdparty lock release [close project]
2023-06-06 18:55:17,691 [INFO] ThirdParty:873 - entering critical section [close project]
2023-06-06 18:55:17,695 [INFO] ThirdParty:883 - exiting critical section [close project]
2023-06-06 18:55:17,695 [INFO] PinOutPanel:1499 - setPackage(No Configuration,No Configuration)
2023-06-06 18:55:17,699 [INFO] UtilMem:75 - Begin LoadConfig() Used Memory: 570595328 Bytes (1073741824)
2023-06-06 18:55:17,699 [INFO] MicroXplorer:468 - Change Database Path : 
2023-06-06 18:55:17,701 [INFO] MicroXplorer:498 - Change Database Version : DB.6.0.80
2023-06-06 18:55:17,701 [INFO] OpenFileManager:308 - Change cursor
2023-06-06 18:55:17,707 [INFO] Mcu:1937 - Initializing MCU STM32L4P5R(G-E)Tx STM32L4P5RETx STM32L4P5RET6
2023-06-06 18:55:20,195 [INFO] Context:659 - Trying to add GPIOservice into a context  which must be forbidden
2023-06-06 18:55:21,110 [INFO] RtosManager:555 - Registered RTOS mode: class=CMSIS, group=RTOS, mode=CMSIS_V1, owner=FREERTOS
2023-06-06 18:55:21,110 [INFO] RtosManager:555 - Registered RTOS mode: class=CMSIS, group=RTOS2, mode=CMSIS_V2, owner=FREERTOS
2023-06-06 18:55:21,110 [INFO] RtosManager:555 - Registered RTOS mode: class=RTOS, group=Core, mode=CMSIS_V1, owner=FREERTOS
2023-06-06 18:55:21,110 [INFO] RtosManager:555 - Registered RTOS mode: class=RTOS, group=Core, mode=CMSIS_V2, owner=FREERTOS
2023-06-06 18:55:21,110 [WARN] ModelIntegratedComponent:184 - Missing modes for component STMicroelectronics:FreeRTOS:0.0.1:STMicroelectronics:RTOS:FreeRTOS:Core:::10.2.0:
2023-06-06 18:55:21,126 [WARN] ModelIntegratedComponent:63 - No mode defined for component null
2023-06-06 18:55:21,126 [WARN] ModelIntegratedComponent:63 - No mode defined for component null
2023-06-06 18:55:21,126 [WARN] ModelIntegratedComponent:63 - No mode defined for component null
2023-06-06 18:55:21,126 [WARN] ModelIntegratedComponent:63 - No mode defined for component null
2023-06-06 18:55:21,126 [WARN] ModelIntegratedComponent:63 - No mode defined for component null
2023-06-06 18:55:21,126 [WARN] ModelIntegratedComponent:63 - No mode defined for component null
2023-06-06 18:55:21,126 [WARN] ModelIntegratedComponent:63 - No mode defined for component null
2023-06-06 18:55:21,126 [WARN] ModelIntegratedComponent:63 - No mode defined for component null
2023-06-06 18:55:21,126 [WARN] ModelIntegratedComponent:63 - No mode defined for component null
2023-06-06 18:55:21,126 [WARN] ModelIntegratedComponent:63 - No mode defined for component null
2023-06-06 18:55:21,126 [WARN] ModelIntegratedComponent:63 - No mode defined for component null
2023-06-06 18:55:21,126 [WARN] ModelIntegratedComponent:63 - No mode defined for component null
2023-06-06 18:55:21,130 [WARN] ModelIntegratedComponent:63 - No mode defined for component null
2023-06-06 18:55:21,130 [WARN] ModelIntegratedComponent:63 - No mode defined for component null
2023-06-06 18:55:21,130 [WARN] ModelIntegratedComponent:63 - No mode defined for component null
2023-06-06 18:55:21,130 [WARN] ModelIntegratedComponent:63 - No mode defined for component null
2023-06-06 18:55:21,130 [WARN] ModelIntegratedComponent:63 - No mode defined for component null
2023-06-06 18:55:21,130 [WARN] ModelIntegratedComponent:63 - No mode defined for component null
2023-06-06 18:55:21,130 [WARN] ModelIntegratedComponent:63 - No mode defined for component null
2023-06-06 18:55:21,130 [WARN] ModelIntegratedComponent:63 - No mode defined for component null
2023-06-06 18:55:21,130 [WARN] ModelIntegratedComponent:63 - No mode defined for component null
2023-06-06 18:55:21,130 [WARN] ModelIntegratedComponent:63 - No mode defined for component null
2023-06-06 18:55:21,130 [WARN] ModelIntegratedComponent:63 - No mode defined for component null
2023-06-06 18:55:21,130 [WARN] ModelIntegratedComponent:63 - No mode defined for component null
2023-06-06 18:55:21,130 [WARN] ModelIntegratedComponent:63 - No mode defined for component null
2023-06-06 18:55:21,130 [WARN] ModelIntegratedComponent:63 - No mode defined for component null
2023-06-06 18:55:21,130 [WARN] ModelIntegratedComponent:63 - No mode defined for component null
2023-06-06 18:55:21,130 [WARN] ModelIntegratedComponent:63 - No mode defined for component null
2023-06-06 18:55:21,130 [WARN] ModelIntegratedComponent:63 - No mode defined for component null
2023-06-06 18:55:21,130 [WARN] ModelIntegratedComponent:63 - No mode defined for component null
2023-06-06 18:55:21,130 [WARN] ModelIntegratedComponent:63 - No mode defined for component null
2023-06-06 18:55:21,130 [WARN] ModelIntegratedComponent:63 - No mode defined for component null
2023-06-06 18:55:21,130 [WARN] ModelIntegratedComponent:63 - No mode defined for component null
2023-06-06 18:55:21,330 [INFO] ThirdPartyModel:298 - Start build external matchings
2023-06-06 18:55:22,157 [INFO] ThirdPartyModel:316 - End build external matchings
2023-06-06 18:55:22,166 [INFO] ImportTextPane:194 - (OptionalMessage_ERROR) IP (RCC) : Invalid parameter (FamilyName)
2023-06-06 18:55:22,170 [INFO] ImportTextPane:194 - (OptionalMessage_ERROR) IP (RCC) : Parameter (RNGFreq_Value) has invalid value (64000000)
2023-06-06 18:55:22,170 [INFO] ImportTextPane:194 - (OptionalMessage_ERROR) IP (RCC) : Parameter (USBFreq_Value) has invalid value (64000000)
2023-06-06 18:55:22,586 [INFO] UtilMem:75 - End LoadConfig() Used Memory: 616569128 Bytes (1073741824)
2023-06-06 18:55:22,622 [WARN] ThirdParty:833 - waiting for thirdparty lock release [change project]
2023-06-06 18:55:22,622 [INFO] ThirdParty:835 - entering critical section [change project]
2023-06-06 18:55:22,622 [INFO] ThirdParty:1030 - CMSIS Pack Vendor :STMicroelectronics X-CUBE-ISPU 1.1.0
2023-06-06 18:55:22,622 [INFO] ThirdParty:1030 - CMSIS Pack Vendor :STMicroelectronics X-CUBE-GNSS1 6.0.0
2023-06-06 18:55:22,622 [INFO] ThirdParty:1030 - CMSIS Pack Vendor :STMicroelectronics USB_HOST 2.0.0
2023-06-06 18:55:22,622 [INFO] ThirdParty:1030 - CMSIS Pack Vendor :STMicroelectronics X-CUBE-AZRTOS-F4 1.1.0
2023-06-06 18:55:22,622 [INFO] ThirdParty:1030 - CMSIS Pack Vendor :STMicroelectronics LIBJPEG 8.0.0
2023-06-06 18:55:22,622 [INFO] ThirdParty:1030 - CMSIS Pack Vendor :STMicroelectronics X-CUBE-SMBUS 2.1.0
2023-06-06 18:55:22,622 [INFO] ThirdParty:1030 - CMSIS Pack Vendor :wolfSSL I-CUBE-wolfSSL 5.6.0
2023-06-06 18:55:22,622 [INFO] ThirdParty:1030 - CMSIS Pack Vendor :STMicroelectronics USB_DEVICE 3.0.0
2023-06-06 18:55:22,622 [INFO] ThirdParty:1030 - CMSIS Pack Vendor :STMicroelectronics X-CUBE-AI 8.0.0
2023-06-06 18:55:22,622 [INFO] ThirdParty:1030 - CMSIS Pack Vendor :STMicroelectronics X-CUBE-FREERTOS 1.0.1
2023-06-06 18:55:22,622 [INFO] ThirdParty:1030 - CMSIS Pack Vendor :STMicroelectronics X-CUBE-TOUCHGFX 4.21.3
2023-06-06 18:55:22,622 [INFO] ThirdParty:1030 - CMSIS Pack Vendor :STMicroelectronics X-CUBE-AZRTOS-F7 1.1.0
2023-06-06 18:55:22,622 [INFO] ThirdParty:1030 - CMSIS Pack Vendor :STMicroelectronics X-CUBE-TOUCHGFX 4.21.4
2023-06-06 18:55:22,622 [INFO] ThirdParty:1030 - CMSIS Pack Vendor :STMicroelectronics USB_DEVICE 2.0.0
2023-06-06 18:55:22,622 [INFO] ThirdParty:1030 - CMSIS Pack Vendor :STMicroelectronics X-CUBE-MEMS1 9.6.0
2023-06-06 18:55:22,622 [INFO] ThirdParty:1030 - CMSIS Pack Vendor :STMicroelectronics FP-SNS-MOTENV1 4.3.0
2023-06-06 18:55:22,622 [INFO] ThirdParty:1030 - CMSIS Pack Vendor :STMicroelectronics FP-SNS-FLIGHT1 5.0.0
2023-06-06 18:55:22,622 [INFO] ThirdParty:1030 - CMSIS Pack Vendor :STMicroelectronics FP-SNS-MOTENV1 4.3.1
2023-06-06 18:55:22,622 [INFO] ThirdParty:1030 - CMSIS Pack Vendor :STMicroelectronics FP-SNS-FLIGHT1 5.0.1
2023-06-06 18:55:22,622 [INFO] ThirdParty:1030 - CMSIS Pack Vendor :STMicroelectronics X-CUBE-ALGOBUILD 1.3.0
2023-06-06 18:55:22,622 [INFO] ThirdParty:1030 - CMSIS Pack Vendor :STMicroelectronics X-CUBE-BLE1 6.2.4
2023-06-06 18:55:22,622 [INFO] ThirdParty:1030 - CMSIS Pack Vendor :STMicroelectronics X-CUBE-AZRTOS-L5 1.1.0
2023-06-06 18:55:22,622 [INFO] ThirdParty:1030 - CMSIS Pack Vendor :STMicroelectronics FreeRTOS 0.0.1
2023-06-06 18:55:22,622 [INFO] ThirdParty:1030 - CMSIS Pack Vendor :STMicroelectronics X-CUBE-AZRTOS-G0 1.1.0
2023-06-06 18:55:22,622 [INFO] ThirdParty:1030 - CMSIS Pack Vendor :emotas I-CUBE-CANOPEN 1.1.3
2023-06-06 18:55:22,622 [INFO] ThirdParty:1030 - CMSIS Pack Vendor :STMicroelectronics X-CUBE-BLEMGR 2.0.0
2023-06-06 18:55:22,622 [INFO] ThirdParty:1030 - CMSIS Pack Vendor :STMicroelectronics X-CUBE-AI 8.0.1
2023-06-06 18:55:22,622 [INFO] ThirdParty:1030 - CMSIS Pack Vendor :STMicroelectronics X-CUBE-NFC4 3.0.0
2023-06-06 18:55:22,622 [INFO] ThirdParty:1030 - CMSIS Pack Vendor :STMicroelectronics X-CUBE-SUBG2 5.0.0
2023-06-06 18:55:22,622 [INFO] ThirdParty:1030 - CMSIS Pack Vendor :STMicroelectronics STM32_WPAN 1.0.0
2023-06-06 18:55:22,622 [INFO] ThirdParty:1030 - CMSIS Pack Vendor :STMicroelectronics lwIP 2.0.3
2023-06-06 18:55:22,622 [INFO] ThirdParty:1030 - CMSIS Pack Vendor :STMicroelectronics USB_HOST 1.0.0
2023-06-06 18:55:22,622 [INFO] ThirdParty:1030 - CMSIS Pack Vendor :STMicroelectronics X-CUBE-AZRTOS-G4 2.0.0
2023-06-06 18:55:22,622 [INFO] ThirdParty:1030 - CMSIS Pack Vendor :STMicroelectronics PDM2PCM 3.1.0
2023-06-06 18:55:22,622 [INFO] ThirdParty:1030 - CMSIS Pack Vendor :STMicroelectronics X-CUBE-AZRTOS-H7 3.1.0
2023-06-06 18:55:22,622 [INFO] ThirdParty:1030 - CMSIS Pack Vendor :STMicroelectronics X-CUBE-TOF1 3.3.0
2023-06-06 18:55:22,622 [INFO] ThirdParty:1030 - CMSIS Pack Vendor :STMicroelectronics PDM2PCM 3.3.0
2023-06-06 18:55:22,622 [INFO] ThirdParty:1030 - CMSIS Pack Vendor :STMicroelectronics X-CUBE-DISPLAY 3.0.0
2023-06-06 18:55:22,622 [INFO] ThirdParty:1030 - CMSIS Pack Vendor :STMicroelectronics FP-ATR-SIGFOX1 3.2.0
2023-06-06 18:55:22,622 [INFO] ThirdParty:1030 - CMSIS Pack Vendor :STMicroelectronics X-CUBE-AZRTOS-G4 1.0.0
2023-06-06 18:55:22,622 [INFO] ThirdParty:1030 - CMSIS Pack Vendor :STMicroelectronics X-CUBE-AZRTOS-L4 1.0.0
2023-06-06 18:55:22,622 [INFO] ThirdParty:1030 - CMSIS Pack Vendor :STMicroelectronics HAL Drivers 0.0.0
2023-06-06 18:55:22,622 [INFO] ThirdParty:1030 - CMSIS Pack Vendor :STMicroelectronics MBEDTLS 2.16.2
2023-06-06 18:55:22,622 [INFO] ThirdParty:1030 - CMSIS Pack Vendor :STMicroelectronics MBEDTLS 2.14.1
2023-06-06 18:55:22,622 [INFO] ThirdParty:1030 - CMSIS Pack Vendor :STMicroelectronics X-CUBE-NFC7 1.0.0
2023-06-06 18:55:22,622 [INFO] ThirdParty:1030 - CMSIS Pack Vendor :STMicroelectronics X-CUBE-AZRTOS-WL 1.0.0
2023-06-06 18:55:22,622 [INFO] ThirdParty:1030 - CMSIS Pack Vendor :STMicroelectronics X-CUBE-EEPRMA1 4.1.0
2023-06-06 18:55:22,622 [INFO] ThirdParty:1030 - CMSIS Pack Vendor :portGmbH I-Cube-SoM-uGOAL 1.1.0
2023-06-06 18:55:22,622 [INFO] ThirdParty:1030 - CMSIS Pack Vendor :STMicroelectronics X-CUBE-ALS 1.0.1
2023-06-06 18:55:22,622 [INFO] ThirdParty:1030 - CMSIS Pack Vendor :STMicroelectronics X-CUBE-MEMS1 9.5.0
2023-06-06 18:55:22,622 [INFO] ThirdParty:1030 - CMSIS Pack Vendor :STMicroelectronics ThreadX 1.0.0
2023-06-06 18:55:22,622 [INFO] ThirdParty:1030 - CMSIS Pack Vendor :STMicroelectronics X-CUBE-AZRTOS-WB 1.1.0
2023-06-06 18:55:22,622 [INFO] ThirdParty:1030 - CMSIS Pack Vendor :STMicroelectronics X-CUBE-AZRTOS-WL 2.0.0
2023-06-06 18:55:22,622 [INFO] ThirdParty:1030 - CMSIS Pack Vendor :SEGGER I-CUBE-embOS 1.3.1
2023-06-06 18:55:22,626 [INFO] ThirdParty:1030 - CMSIS Pack Vendor :STMicroelectronics USB_DEVICE 1.0.0
2023-06-06 18:55:22,626 [INFO] ThirdParty:1030 - CMSIS Pack Vendor :STMicroelectronics X-CUBE-AZRTOS-L4 2.0.0
2023-06-06 18:55:22,626 [INFO] ThirdParty:1030 - CMSIS Pack Vendor :STMicroelectronics ThreadX 0.0.2
2023-06-06 18:55:22,626 [INFO] ThirdParty:1030 - CMSIS Pack Vendor :WES I-CUBE-Cesium 1.3.0
2023-06-06 18:55:22,626 [INFO] ThirdParty:1030 - CMSIS Pack Vendor :STMicroelectronics FP-ATR-ASTRA1 2.0.0
2023-06-06 18:55:22,626 [INFO] ThirdParty:1030 - CMSIS Pack Vendor :STMicroelectronics lwIP 2.1.2
2023-06-06 18:55:22,626 [INFO] ThirdParty:1030 - CMSIS Pack Vendor :STMicroelectronics X-CUBE-SFXS2LP1 4.0.0
2023-06-06 18:55:22,626 [INFO] ThirdParty:1030 - CMSIS Pack Vendor :STMicroelectronics X-CUBE-BLE2 3.3.0
2023-06-06 18:55:22,626 [INFO] ThirdParty:1030 - CMSIS Pack Vendor :STMicroelectronics PDM2PCM 3.2.0
2023-06-06 18:55:22,626 [INFO] ThirdParty:841 - exiting critical section [change project]
2023-06-06 18:55:22,841 [INFO] PinOutPanel:1499 - setPackage(No Configuration,No Configuration)
2023-06-06 18:55:22,841 [INFO] PinOutPanel:1499 - setPackage(STM32L4P5RETx,LQFP64)
2023-06-06 18:55:23,323 [INFO] UtilMem:75 - Before build in PCC Used Memory: 722446976 Bytes (1073741824)
2023-06-06 18:55:24,042 [INFO] UtilMem:75 - After build in PCC Used Memory: 827826816 Bytes (1073741824)
2023-06-06 18:55:24,123 [INFO] IPUIPlugin:80 - create IPUIPlugin
2023-06-06 18:55:24,123 [INFO] IPUIPlugin:80 - create IPUIPlugin
2023-06-06 18:55:24,123 [INFO] IPUIPlugin:80 - create IPUIPlugin
2023-06-06 18:55:24,123 [INFO] IPUIPlugin:80 - create IPUIPlugin
2023-06-06 18:55:24,123 [INFO] IPUIPlugin:80 - create IPUIPlugin
2023-06-06 18:55:24,123 [INFO] IPUIPlugin:80 - create IPUIPlugin
2023-06-06 18:55:24,123 [INFO] IPUIPlugin:80 - create IPUIPlugin
2023-06-06 18:55:24,123 [INFO] IPUIPlugin:80 - create IPUIPlugin
2023-06-06 18:55:24,123 [INFO] IPUIPlugin:80 - create IPUIPlugin
2023-06-06 18:55:24,127 [INFO] IPUIPlugin:80 - create IPUIPlugin
2023-06-06 18:55:24,127 [INFO] IPUIPlugin:80 - create IPUIPlugin
2023-06-06 18:55:24,127 [INFO] IPUIPlugin:80 - create IPUIPlugin
2023-06-06 18:55:24,127 [INFO] IPUIPlugin:80 - create IPUIPlugin
2023-06-06 18:55:24,127 [INFO] IPUIPlugin:80 - create IPUIPlugin
2023-06-06 18:55:24,127 [INFO] IPUIPlugin:80 - create IPUIPlugin
2023-06-06 18:55:24,127 [INFO] IPUIPlugin:80 - create IPUIPlugin
2023-06-06 18:55:24,127 [INFO] IPUIPlugin:80 - create IPUIPlugin
2023-06-06 18:55:24,127 [INFO] IPUIPlugin:80 - create IPUIPlugin
2023-06-06 18:55:24,131 [INFO] IPUIPlugin:80 - create IPUIPlugin
2023-06-06 18:55:24,131 [INFO] IPUIPlugin:80 - create IPUIPlugin
2023-06-06 18:55:24,131 [INFO] IPUIPlugin:80 - create IPUIPlugin
2023-06-06 18:55:24,131 [INFO] IPUIPlugin:80 - create IPUIPlugin
2023-06-06 18:55:24,135 [INFO] IPUIPlugin:80 - create IPUIPlugin
2023-06-06 18:55:24,135 [INFO] IPUIPlugin:80 - create IPUIPlugin
2023-06-06 18:55:24,135 [INFO] IPUIPlugin:80 - create IPUIPlugin
2023-06-06 18:55:24,135 [INFO] IPUIPlugin:80 - create IPUIPlugin
2023-06-06 18:55:24,135 [INFO] IPUIPlugin:80 - create IPUIPlugin
2023-06-06 18:55:24,135 [INFO] IPUIPlugin:80 - create IPUIPlugin
2023-06-06 18:55:24,135 [INFO] IPUIPlugin:80 - create IPUIPlugin
2023-06-06 18:55:24,135 [INFO] IPUIPlugin:80 - create IPUIPlugin
2023-06-06 18:55:24,135 [INFO] IPUIPlugin:80 - create IPUIPlugin
2023-06-06 18:55:24,139 [INFO] IPUIPlugin:80 - create IPUIPlugin
2023-06-06 18:55:24,139 [INFO] IPUIPlugin:80 - create IPUIPlugin
2023-06-06 18:55:24,139 [INFO] IPUIPlugin:80 - create IPUIPlugin
2023-06-06 18:55:24,139 [INFO] IPUIPlugin:80 - create IPUIPlugin
2023-06-06 18:55:24,143 [INFO] IPUIPlugin:80 - create IPUIPlugin
2023-06-06 18:55:24,143 [INFO] IPUIPlugin:80 - create IPUIPlugin
2023-06-06 18:55:24,144 [INFO] IPUIPlugin:80 - create IPUIPlugin
2023-06-06 18:55:24,144 [INFO] IPUIPlugin:80 - create IPUIPlugin
2023-06-06 18:55:24,144 [INFO] IPUIPlugin:80 - create IPUIPlugin
2023-06-06 18:55:24,144 [INFO] IPUIPlugin:80 - create IPUIPlugin
2023-06-06 18:55:24,147 [INFO] IPUIPlugin:80 - create IPUIPlugin
2023-06-06 18:55:24,147 [INFO] IPUIPlugin:80 - create IPUIPlugin
2023-06-06 18:55:24,151 [INFO] IPUIPlugin:80 - create IPUIPlugin
2023-06-06 18:55:24,151 [INFO] IPUIPlugin:80 - create IPUIPlugin
2023-06-06 18:55:24,151 [INFO] IPUIPlugin:80 - create IPUIPlugin
2023-06-06 18:55:24,151 [INFO] IPUIPlugin:80 - create IPUIPlugin
2023-06-06 18:55:24,151 [INFO] IPUIPlugin:80 - create IPUIPlugin
2023-06-06 18:55:24,154 [INFO] IPUIPlugin:80 - create IPUIPlugin
2023-06-06 18:55:24,154 [INFO] IPUIPlugin:80 - create IPUIPlugin
2023-06-06 18:55:24,154 [INFO] IPUIPlugin:80 - create IPUIPlugin
2023-06-06 18:55:24,156 [INFO] IPUIPlugin:80 - create IPUIPlugin
2023-06-06 18:55:24,156 [INFO] IPUIPlugin:80 - create IPUIPlugin
2023-06-06 18:55:24,156 [INFO] IPUIPlugin:80 - create IPUIPlugin
2023-06-06 18:55:24,156 [INFO] IPUIPlugin:80 - create IPUIPlugin
2023-06-06 18:55:24,159 [INFO] IPUIPlugin:80 - create IPUIPlugin
2023-06-06 18:55:24,159 [INFO] IPUIPlugin:80 - create IPUIPlugin
2023-06-06 18:55:24,159 [INFO] IPUIPlugin:80 - create IPUIPlugin
2023-06-06 18:55:24,159 [INFO] IPUIPlugin:80 - create IPUIPlugin
2023-06-06 18:55:24,159 [INFO] IPUIPlugin:80 - create IPUIPlugin
2023-06-06 18:55:24,163 [INFO] IPUIPlugin:80 - create IPUIPlugin
2023-06-06 18:55:24,163 [INFO] IPUIPlugin:80 - create IPUIPlugin
2023-06-06 18:55:24,163 [INFO] IPUIPlugin:80 - create IPUIPlugin
2023-06-06 18:55:24,166 [INFO] IPUIPlugin:80 - create IPUIPlugin
2023-06-06 18:55:24,347 [INFO] CADModel:165 - CPN selected for project levelSTM32L4P5RET6
2023-06-06 18:55:24,347 [INFO] CADModel:114 - Register for checkConnection events
2023-06-06 18:55:24,399 [INFO] OpenFileManager:328 - Restore cursor
2023-06-06 18:57:07,179 [INFO] NvicIntPanel:101 - NVIC parent = com.st.microxplorer.plugins.ip.nvic.MultiNvicIntPanel[,0,0,0x0,invalid,layout=javax.swing.BoxLayout,alignmentX=0.0,alignmentY=0.0,border=,flags=9,maximumSize=,minimumSize=,preferredSize=]
2023-06-06 18:57:37,166 [INFO] NvicIntPanel:101 - NVIC parent = com.st.microxplorer.plugins.ip.nvic.MultiNvicIntPanel[,0,0,0x0,invalid,layout=javax.swing.BoxLayout,alignmentX=0.0,alignmentY=0.0,border=,flags=9,maximumSize=,minimumSize=,preferredSize=]
2023-06-06 18:57:43,717 [INFO] UtilMem:75 - End SaveConfig() Used Memory: 723381072 Bytes (1073741824)
2023-06-06 18:57:43,801 [INFO] UtilMem:75 - End SaveConfig() Used Memory: 743304016 Bytes (1073741824)
2023-06-06 18:57:44,544 [INFO] UtilMem:75 - End SaveConfig() Used Memory: 846352864 Bytes (1073741824)
2023-06-06 18:57:44,967 [INFO] BlockDiagram:2759 - set Specific Code input for plugin: TIM1_8L4
2023-06-06 18:57:44,967 [INFO] BlockDiagram:2759 - set Specific Code input for plugin: SYS
2023-06-06 18:57:44,967 [INFO] BlockDiagram:2759 - set Specific Code input for plugin: RCC
2023-06-06 18:57:44,967 [INFO] BlockDiagram:2759 - set Specific Code input for plugin: NVIC
2023-06-06 18:57:44,967 [INFO] BlockDiagram:2759 - set Specific Code input for plugin: GPIO
2023-06-06 18:57:44,967 [INFO] CodeGenerator:793 - code generatio: config db path: C:\ST\STM32CubeIDE_1.12.0\STM32CubeIDE\plugins\com.st.stm32cube.common.mx_6.8.0.202302231600\\db\
2023-06-06 18:57:45,272 [INFO] CodeEngine:255 - oldGeneratedFile, C:\Users\przem\OneDrive\Pulpit\PUTM\PUTM_DV_ASB_2023\software\EBS_Supervisor_L4\MXTmpFiles\license.tmp_save
2023-06-06 18:57:45,518 [INFO] CodeEngine:279 - Generated code: C:\Users\przem\OneDrive\Pulpit\PUTM\PUTM_DV_ASB_2023\software\EBS_Supervisor_L4\MXTmpFiles\license.tmp
2023-06-06 18:57:45,606 [INFO] CodeEngine:255 - oldGeneratedFile, C:\Users\przem\OneDrive\Pulpit\PUTM\PUTM_DV_ASB_2023\software\EBS_Supervisor_L4\MXTmpFiles\gpio.tmp_save
2023-06-06 18:57:45,736 [INFO] CodeEngine:279 - Generated code: C:\Users\przem\OneDrive\Pulpit\PUTM\PUTM_DV_ASB_2023\software\EBS_Supervisor_L4\MXTmpFiles\gpio.tmp
2023-06-06 18:57:45,993 [INFO] CodeEngine:255 - oldGeneratedFile, C:\Users\przem\OneDrive\Pulpit\PUTM\PUTM_DV_ASB_2023\software\EBS_Supervisor_L4\Core\Src\stm32l4xx_it.c_save
2023-06-06 18:57:46,217 [INFO] CodeEngine:279 - Generated code: C:\Users\przem\OneDrive\Pulpit\PUTM\PUTM_DV_ASB_2023\software\EBS_Supervisor_L4\Core\Src\stm32l4xx_it.c
2023-06-06 18:57:46,225 [INFO] CodeEngine:255 - oldGeneratedFile, C:\Users\przem\OneDrive\Pulpit\PUTM\PUTM_DV_ASB_2023\software\EBS_Supervisor_L4\Core\Inc\stm32l4xx_it.h_save
2023-06-06 18:57:46,390 [INFO] CodeEngine:279 - Generated code: C:\Users\przem\OneDrive\Pulpit\PUTM\PUTM_DV_ASB_2023\software\EBS_Supervisor_L4\Core\Inc\stm32l4xx_it.h
2023-06-06 18:57:46,414 [INFO] CodeEngine:255 - oldGeneratedFile, C:\Users\przem\OneDrive\Pulpit\PUTM\PUTM_DV_ASB_2023\software\EBS_Supervisor_L4\Core\Src\stm32l4xx_hal_msp.c_save
2023-06-06 18:57:46,526 [INFO] CodeEngine:279 - Generated code: C:\Users\przem\OneDrive\Pulpit\PUTM\PUTM_DV_ASB_2023\software\EBS_Supervisor_L4\Core\Src\stm32l4xx_hal_msp.c
2023-06-06 18:57:46,530 [INFO] CodeEngine:255 - oldGeneratedFile, C:\Users\przem\OneDrive\Pulpit\PUTM\PUTM_DV_ASB_2023\software\EBS_Supervisor_L4\MXTmpFiles\system.tmp_save
2023-06-06 18:57:46,602 [INFO] CodeEngine:279 - Generated code: C:\Users\przem\OneDrive\Pulpit\PUTM\PUTM_DV_ASB_2023\software\EBS_Supervisor_L4\MXTmpFiles\system.tmp
2023-06-06 18:57:46,623 [INFO] CodeEngine:311 - oldGeneratedFile, C:\Users\przem\OneDrive\Pulpit\PUTM\PUTM_DV_ASB_2023\software\EBS_Supervisor_L4\Core\Inc\stm32l4xx_hal_conf.h_save
2023-06-06 18:57:46,724 [INFO] CodeEngine:335 - Generated code: C:\Users\przem\OneDrive\Pulpit\PUTM\PUTM_DV_ASB_2023\software\EBS_Supervisor_L4\Core\Inc\stm32l4xx_hal_conf.h
2023-06-06 18:57:46,761 [WARN] IPConfigManager:3431 - IP not found : TIM
2023-06-06 18:57:46,761 [WARN] CodeGenerator:3754 - IP not found : null
2023-06-06 18:57:46,784 [INFO] CodeEngine:255 - oldGeneratedFile, C:\Users\przem\OneDrive\Pulpit\PUTM\PUTM_DV_ASB_2023\software\EBS_Supervisor_L4\Core\Inc\main.h_save
2023-06-06 18:57:46,873 [INFO] CodeEngine:279 - Generated code: C:\Users\przem\OneDrive\Pulpit\PUTM\PUTM_DV_ASB_2023\software\EBS_Supervisor_L4\Core\Inc\main.h
2023-06-06 18:57:46,891 [INFO] CodeEngine:255 - oldGeneratedFile, C:\Users\przem\OneDrive\Pulpit\PUTM\PUTM_DV_ASB_2023\software\EBS_Supervisor_L4\Core\Src\main.c_save
2023-06-06 18:57:47,019 [INFO] CodeEngine:279 - Generated code: C:\Users\przem\OneDrive\Pulpit\PUTM\PUTM_DV_ASB_2023\software\EBS_Supervisor_L4\Core\Src\main.c
2023-06-06 18:57:47,557 [INFO] ProjectBuilder:2996 - Time for Copy HAL[2] : 2mS.
2023-06-06 18:57:47,562 [INFO] ProjectBuilder:4304 - Project Generator version: 3.19.2
2023-06-06 18:57:48,171 [INFO] ConfigFileManager:1483 - The Die is : DIE471
2023-06-06 18:57:48,171 [INFO] ApiDbMcu:507 - Load IP Config File for FATFS
2023-06-06 18:57:48,179 [INFO] ApiDbMcu:507 - Load IP Config File for FREERTOS
2023-06-06 18:57:48,191 [INFO] ApiDbMcu:507 - Load IP Config File for TOUCHSENSING
2023-06-06 18:57:48,195 [INFO] ApiDbMcu:507 - Load IP Config File for USB_DEVICE
2023-06-06 18:57:48,199 [INFO] ApiDbMcu:507 - Load IP Config File for USB_HOST
2023-06-06 18:57:50,310 [INFO] ProjectBuilder:4505 - Time for Generating toolchain IDE Files: 2748mS.
2023-06-06 18:57:50,310 [INFO] ProjectBuilder:2867 - Time for Copy CMSIS : 0mS.
2023-06-06 18:57:50,318 [INFO] ProjectBuilder:2867 - Time for Copy CMSIS : 0mS.
2023-06-06 19:02:05,696 [INFO] NvicIntPanel:101 - NVIC parent = com.st.microxplorer.plugins.ip.nvic.MultiNvicIntPanel[,0,0,0x0,invalid,layout=javax.swing.BoxLayout,alignmentX=0.0,alignmentY=0.0,border=,flags=9,maximumSize=,minimumSize=,preferredSize=]
2023-06-06 19:02:20,539 [INFO] NvicIntPanel:101 - NVIC parent = com.st.microxplorer.plugins.ip.nvic.MultiNvicIntPanel[,0,0,0x0,invalid,layout=javax.swing.BoxLayout,alignmentX=0.0,alignmentY=0.0,border=,flags=9,maximumSize=,minimumSize=,preferredSize=]
2023-06-06 19:02:44,546 [INFO] UtilMem:75 - End SaveConfig() Used Memory: 765097280 Bytes (1073741824)
2023-06-06 19:02:44,636 [INFO] UtilMem:75 - End SaveConfig() Used Memory: 783971648 Bytes (1073741824)
2023-06-06 19:02:45,407 [INFO] UtilMem:75 - End SaveConfig() Used Memory: 677182104 Bytes (1073741824)
2023-06-06 19:02:45,725 [INFO] BlockDiagram:2759 - set Specific Code input for plugin: TIM1_8L4
2023-06-06 19:02:45,729 [INFO] BlockDiagram:2759 - set Specific Code input for plugin: SYS
2023-06-06 19:02:45,729 [INFO] BlockDiagram:2759 - set Specific Code input for plugin: RCC
2023-06-06 19:02:45,729 [INFO] BlockDiagram:2759 - set Specific Code input for plugin: NVIC
2023-06-06 19:02:45,730 [INFO] BlockDiagram:2759 - set Specific Code input for plugin: GPIO
2023-06-06 19:02:45,730 [INFO] CodeGenerator:793 - code generatio: config db path: C:\ST\STM32CubeIDE_1.12.0\STM32CubeIDE\plugins\com.st.stm32cube.common.mx_6.8.0.202302231600\\db\
2023-06-06 19:02:45,886 [INFO] CodeEngine:255 - oldGeneratedFile, C:\Users\przem\OneDrive\Pulpit\PUTM\PUTM_DV_ASB_2023\software\EBS_Supervisor_L4\MXTmpFiles\license.tmp_save
2023-06-06 19:02:45,967 [INFO] CodeEngine:279 - Generated code: C:\Users\przem\OneDrive\Pulpit\PUTM\PUTM_DV_ASB_2023\software\EBS_Supervisor_L4\MXTmpFiles\license.tmp
2023-06-06 19:02:46,019 [INFO] CodeEngine:255 - oldGeneratedFile, C:\Users\przem\OneDrive\Pulpit\PUTM\PUTM_DV_ASB_2023\software\EBS_Supervisor_L4\MXTmpFiles\gpio.tmp_save
2023-06-06 19:02:46,091 [INFO] CodeEngine:279 - Generated code: C:\Users\przem\OneDrive\Pulpit\PUTM\PUTM_DV_ASB_2023\software\EBS_Supervisor_L4\MXTmpFiles\gpio.tmp
2023-06-06 19:02:46,218 [INFO] CodeEngine:255 - oldGeneratedFile, C:\Users\przem\OneDrive\Pulpit\PUTM\PUTM_DV_ASB_2023\software\EBS_Supervisor_L4\Core\Src\stm32l4xx_it.c_save
2023-06-06 19:02:46,362 [INFO] CodeEngine:279 - Generated code: C:\Users\przem\OneDrive\Pulpit\PUTM\PUTM_DV_ASB_2023\software\EBS_Supervisor_L4\Core\Src\stm32l4xx_it.c
2023-06-06 19:02:46,367 [INFO] CodeEngine:255 - oldGeneratedFile, C:\Users\przem\OneDrive\Pulpit\PUTM\PUTM_DV_ASB_2023\software\EBS_Supervisor_L4\Core\Inc\stm32l4xx_it.h_save
2023-06-06 19:02:46,423 [INFO] CodeEngine:279 - Generated code: C:\Users\przem\OneDrive\Pulpit\PUTM\PUTM_DV_ASB_2023\software\EBS_Supervisor_L4\Core\Inc\stm32l4xx_it.h
2023-06-06 19:02:46,443 [INFO] CodeEngine:255 - oldGeneratedFile, C:\Users\przem\OneDrive\Pulpit\PUTM\PUTM_DV_ASB_2023\software\EBS_Supervisor_L4\Core\Src\stm32l4xx_hal_msp.c_save
2023-06-06 19:02:46,568 [INFO] CodeEngine:279 - Generated code: C:\Users\przem\OneDrive\Pulpit\PUTM\PUTM_DV_ASB_2023\software\EBS_Supervisor_L4\Core\Src\stm32l4xx_hal_msp.c
2023-06-06 19:02:46,572 [INFO] CodeEngine:255 - oldGeneratedFile, C:\Users\przem\OneDrive\Pulpit\PUTM\PUTM_DV_ASB_2023\software\EBS_Supervisor_L4\MXTmpFiles\system.tmp_save
2023-06-06 19:02:46,642 [INFO] CodeEngine:279 - Generated code: C:\Users\przem\OneDrive\Pulpit\PUTM\PUTM_DV_ASB_2023\software\EBS_Supervisor_L4\MXTmpFiles\system.tmp
2023-06-06 19:02:46,658 [INFO] CodeEngine:311 - oldGeneratedFile, C:\Users\przem\OneDrive\Pulpit\PUTM\PUTM_DV_ASB_2023\software\EBS_Supervisor_L4\Core\Inc\stm32l4xx_hal_conf.h_save
2023-06-06 19:02:46,754 [INFO] CodeEngine:335 - Generated code: C:\Users\przem\OneDrive\Pulpit\PUTM\PUTM_DV_ASB_2023\software\EBS_Supervisor_L4\Core\Inc\stm32l4xx_hal_conf.h
2023-06-06 19:02:46,778 [WARN] IPConfigManager:3431 - IP not found : TIM
2023-06-06 19:02:46,778 [WARN] CodeGenerator:3754 - IP not found : null
2023-06-06 19:02:46,794 [INFO] CodeEngine:255 - oldGeneratedFile, C:\Users\przem\OneDrive\Pulpit\PUTM\PUTM_DV_ASB_2023\software\EBS_Supervisor_L4\Core\Inc\main.h_save
2023-06-06 19:02:46,874 [INFO] CodeEngine:279 - Generated code: C:\Users\przem\OneDrive\Pulpit\PUTM\PUTM_DV_ASB_2023\software\EBS_Supervisor_L4\Core\Inc\main.h
2023-06-06 19:02:46,886 [INFO] CodeEngine:255 - oldGeneratedFile, C:\Users\przem\OneDrive\Pulpit\PUTM\PUTM_DV_ASB_2023\software\EBS_Supervisor_L4\Core\Src\main.c_save
2023-06-06 19:02:47,003 [INFO] CodeEngine:279 - Generated code: C:\Users\przem\OneDrive\Pulpit\PUTM\PUTM_DV_ASB_2023\software\EBS_Supervisor_L4\Core\Src\main.c
2023-06-06 19:02:47,439 [INFO] ProjectBuilder:2996 - Time for Copy HAL[2] : 0mS.
2023-06-06 19:02:47,443 [INFO] ProjectBuilder:4304 - Project Generator version: 3.19.2
2023-06-06 19:02:47,851 [INFO] ConfigFileManager:1483 - The Die is : DIE471
2023-06-06 19:02:49,973 [INFO] ProjectBuilder:4505 - Time for Generating toolchain IDE Files: 2518mS.
2023-06-06 19:02:49,973 [INFO] ProjectBuilder:2867 - Time for Copy CMSIS : 0mS.
2023-06-06 19:02:49,981 [INFO] ProjectBuilder:2867 - Time for Copy CMSIS : 0mS.
2023-06-06 19:03:23,836 [INFO] NvicIntPanel:101 - NVIC parent = com.st.microxplorer.plugins.ip.nvic.MultiNvicIntPanel[,0,0,0x0,invalid,layout=javax.swing.BoxLayout,alignmentX=0.0,alignmentY=0.0,border=,flags=9,maximumSize=,minimumSize=,preferredSize=]
2023-06-06 19:03:28,117 [INFO] UtilMem:75 - End SaveConfig() Used Memory: 795705832 Bytes (1073741824)
2023-06-06 19:03:28,230 [INFO] UtilMem:75 - End SaveConfig() Used Memory: 820871656 Bytes (1073741824)
2023-06-06 19:03:29,016 [INFO] UtilMem:75 - End SaveConfig() Used Memory: 638624920 Bytes (1073741824)
2023-06-06 19:03:29,370 [INFO] BlockDiagram:2759 - set Specific Code input for plugin: TIM1_8L4
2023-06-06 19:03:29,370 [INFO] BlockDiagram:2759 - set Specific Code input for plugin: SYS
2023-06-06 19:03:29,370 [INFO] BlockDiagram:2759 - set Specific Code input for plugin: RCC
2023-06-06 19:03:29,370 [INFO] BlockDiagram:2759 - set Specific Code input for plugin: NVIC
2023-06-06 19:03:29,370 [INFO] BlockDiagram:2759 - set Specific Code input for plugin: GPIO
2023-06-06 19:03:29,370 [INFO] CodeGenerator:793 - code generatio: config db path: C:\ST\STM32CubeIDE_1.12.0\STM32CubeIDE\plugins\com.st.stm32cube.common.mx_6.8.0.202302231600\\db\
2023-06-06 19:03:29,711 [INFO] CodeEngine:255 - oldGeneratedFile, C:\Users\przem\OneDrive\Pulpit\PUTM\PUTM_DV_ASB_2023\software\EBS_Supervisor_L4\MXTmpFiles\license.tmp_save
2023-06-06 19:03:29,881 [INFO] CodeEngine:279 - Generated code: C:\Users\przem\OneDrive\Pulpit\PUTM\PUTM_DV_ASB_2023\software\EBS_Supervisor_L4\MXTmpFiles\license.tmp
2023-06-06 19:03:29,933 [INFO] CodeEngine:255 - oldGeneratedFile, C:\Users\przem\OneDrive\Pulpit\PUTM\PUTM_DV_ASB_2023\software\EBS_Supervisor_L4\MXTmpFiles\gpio.tmp_save
2023-06-06 19:03:30,041 [INFO] CodeEngine:279 - Generated code: C:\Users\przem\OneDrive\Pulpit\PUTM\PUTM_DV_ASB_2023\software\EBS_Supervisor_L4\MXTmpFiles\gpio.tmp
2023-06-06 19:03:30,219 [INFO] CodeEngine:255 - oldGeneratedFile, C:\Users\przem\OneDrive\Pulpit\PUTM\PUTM_DV_ASB_2023\software\EBS_Supervisor_L4\Core\Src\stm32l4xx_it.c_save
2023-06-06 19:03:30,322 [INFO] CodeEngine:279 - Generated code: C:\Users\przem\OneDrive\Pulpit\PUTM\PUTM_DV_ASB_2023\software\EBS_Supervisor_L4\Core\Src\stm32l4xx_it.c
2023-06-06 19:03:30,329 [INFO] CodeEngine:255 - oldGeneratedFile, C:\Users\przem\OneDrive\Pulpit\PUTM\PUTM_DV_ASB_2023\software\EBS_Supervisor_L4\Core\Inc\stm32l4xx_it.h_save
2023-06-06 19:03:30,391 [INFO] CodeEngine:279 - Generated code: C:\Users\przem\OneDrive\Pulpit\PUTM\PUTM_DV_ASB_2023\software\EBS_Supervisor_L4\Core\Inc\stm32l4xx_it.h
2023-06-06 19:03:30,415 [INFO] CodeEngine:255 - oldGeneratedFile, C:\Users\przem\OneDrive\Pulpit\PUTM\PUTM_DV_ASB_2023\software\EBS_Supervisor_L4\Core\Src\stm32l4xx_hal_msp.c_save
2023-06-06 19:03:30,512 [INFO] CodeEngine:279 - Generated code: C:\Users\przem\OneDrive\Pulpit\PUTM\PUTM_DV_ASB_2023\software\EBS_Supervisor_L4\Core\Src\stm32l4xx_hal_msp.c
2023-06-06 19:03:30,516 [INFO] CodeEngine:255 - oldGeneratedFile, C:\Users\przem\OneDrive\Pulpit\PUTM\PUTM_DV_ASB_2023\software\EBS_Supervisor_L4\MXTmpFiles\system.tmp_save
2023-06-06 19:03:30,576 [INFO] CodeEngine:279 - Generated code: C:\Users\przem\OneDrive\Pulpit\PUTM\PUTM_DV_ASB_2023\software\EBS_Supervisor_L4\MXTmpFiles\system.tmp
2023-06-06 19:03:30,596 [INFO] CodeEngine:311 - oldGeneratedFile, C:\Users\przem\OneDrive\Pulpit\PUTM\PUTM_DV_ASB_2023\software\EBS_Supervisor_L4\Core\Inc\stm32l4xx_hal_conf.h_save
2023-06-06 19:03:30,712 [INFO] CodeEngine:335 - Generated code: C:\Users\przem\OneDrive\Pulpit\PUTM\PUTM_DV_ASB_2023\software\EBS_Supervisor_L4\Core\Inc\stm32l4xx_hal_conf.h
2023-06-06 19:03:30,742 [WARN] IPConfigManager:3431 - IP not found : TIM
2023-06-06 19:03:30,742 [WARN] CodeGenerator:3754 - IP not found : null
2023-06-06 19:03:30,761 [INFO] CodeEngine:255 - oldGeneratedFile, C:\Users\przem\OneDrive\Pulpit\PUTM\PUTM_DV_ASB_2023\software\EBS_Supervisor_L4\Core\Inc\main.h_save
2023-06-06 19:03:30,891 [INFO] CodeEngine:279 - Generated code: C:\Users\przem\OneDrive\Pulpit\PUTM\PUTM_DV_ASB_2023\software\EBS_Supervisor_L4\Core\Inc\main.h
2023-06-06 19:03:30,903 [INFO] CodeEngine:255 - oldGeneratedFile, C:\Users\przem\OneDrive\Pulpit\PUTM\PUTM_DV_ASB_2023\software\EBS_Supervisor_L4\Core\Src\main.c_save
2023-06-06 19:03:31,028 [INFO] CodeEngine:279 - Generated code: C:\Users\przem\OneDrive\Pulpit\PUTM\PUTM_DV_ASB_2023\software\EBS_Supervisor_L4\Core\Src\main.c
2023-06-06 19:03:31,548 [INFO] ProjectBuilder:2996 - Time for Copy HAL[2] : 0mS.
2023-06-06 19:03:31,552 [INFO] ProjectBuilder:4304 - Project Generator version: 3.19.2
2023-06-06 19:03:32,068 [INFO] ConfigFileManager:1483 - The Die is : DIE471
2023-06-06 19:03:33,983 [INFO] ProjectBuilder:4505 - Time for Generating toolchain IDE Files: 2431mS.
2023-06-06 19:03:33,983 [INFO] ProjectBuilder:2867 - Time for Copy CMSIS : 0mS.
2023-06-06 19:03:33,991 [INFO] ProjectBuilder:2867 - Time for Copy CMSIS : 0mS.
2023-06-06 19:15:15,991 [INFO] NvicIntPanel:101 - NVIC parent = com.st.microxplorer.plugins.ip.nvic.MultiNvicIntPanel[,0,0,0x0,invalid,layout=javax.swing.BoxLayout,alignmentX=0.0,alignmentY=0.0,border=,flags=9,maximumSize=,minimumSize=,preferredSize=]
2023-06-06 19:15:18,381 [INFO] UtilMem:75 - End SaveConfig() Used Memory: 766886680 Bytes (1073741824)
2023-06-06 19:15:18,490 [INFO] UtilMem:75 - End SaveConfig() Used Memory: 786096880 Bytes (1073741824)
2023-06-06 19:15:19,805 [INFO] UtilMem:75 - End SaveConfig() Used Memory: 638546520 Bytes (1073741824)
2023-06-06 19:15:20,156 [INFO] BlockDiagram:2759 - set Specific Code input for plugin: TIM1_8L4
2023-06-06 19:15:20,156 [INFO] BlockDiagram:2759 - set Specific Code input for plugin: SYS
2023-06-06 19:15:20,156 [INFO] BlockDiagram:2759 - set Specific Code input for plugin: RCC
2023-06-06 19:15:20,156 [INFO] BlockDiagram:2759 - set Specific Code input for plugin: NVIC
2023-06-06 19:15:20,158 [INFO] BlockDiagram:2759 - set Specific Code input for plugin: GPIO
2023-06-06 19:15:20,158 [INFO] CodeGenerator:793 - code generatio: config db path: C:\ST\STM32CubeIDE_1.12.0\STM32CubeIDE\plugins\com.st.stm32cube.common.mx_6.8.0.202302231600\\db\
2023-06-06 19:15:20,470 [INFO] CodeEngine:255 - oldGeneratedFile, C:\Users\przem\OneDrive\Pulpit\PUTM\PUTM_DV_ASB_2023\software\EBS_Supervisor_L4\MXTmpFiles\license.tmp_save
2023-06-06 19:15:20,688 [INFO] CodeEngine:279 - Generated code: C:\Users\przem\OneDrive\Pulpit\PUTM\PUTM_DV_ASB_2023\software\EBS_Supervisor_L4\MXTmpFiles\license.tmp
2023-06-06 19:15:20,745 [INFO] CodeEngine:255 - oldGeneratedFile, C:\Users\przem\OneDrive\Pulpit\PUTM\PUTM_DV_ASB_2023\software\EBS_Supervisor_L4\MXTmpFiles\gpio.tmp_save
2023-06-06 19:15:20,890 [INFO] CodeEngine:279 - Generated code: C:\Users\przem\OneDrive\Pulpit\PUTM\PUTM_DV_ASB_2023\software\EBS_Supervisor_L4\MXTmpFiles\gpio.tmp
2023-06-06 19:15:21,032 [INFO] CodeEngine:255 - oldGeneratedFile, C:\Users\przem\OneDrive\Pulpit\PUTM\PUTM_DV_ASB_2023\software\EBS_Supervisor_L4\Core\Src\stm32l4xx_it.c_save
2023-06-06 19:15:21,339 [INFO] CodeEngine:279 - Generated code: C:\Users\przem\OneDrive\Pulpit\PUTM\PUTM_DV_ASB_2023\software\EBS_Supervisor_L4\Core\Src\stm32l4xx_it.c
2023-06-06 19:15:21,347 [INFO] CodeEngine:255 - oldGeneratedFile, C:\Users\przem\OneDrive\Pulpit\PUTM\PUTM_DV_ASB_2023\software\EBS_Supervisor_L4\Core\Inc\stm32l4xx_it.h_save
2023-06-06 19:15:21,435 [INFO] CodeEngine:279 - Generated code: C:\Users\przem\OneDrive\Pulpit\PUTM\PUTM_DV_ASB_2023\software\EBS_Supervisor_L4\Core\Inc\stm32l4xx_it.h
2023-06-06 19:15:21,459 [INFO] CodeEngine:255 - oldGeneratedFile, C:\Users\przem\OneDrive\Pulpit\PUTM\PUTM_DV_ASB_2023\software\EBS_Supervisor_L4\Core\Src\stm32l4xx_hal_msp.c_save
2023-06-06 19:15:21,592 [INFO] CodeEngine:279 - Generated code: C:\Users\przem\OneDrive\Pulpit\PUTM\PUTM_DV_ASB_2023\software\EBS_Supervisor_L4\Core\Src\stm32l4xx_hal_msp.c
2023-06-06 19:15:21,600 [INFO] CodeEngine:255 - oldGeneratedFile, C:\Users\przem\OneDrive\Pulpit\PUTM\PUTM_DV_ASB_2023\software\EBS_Supervisor_L4\MXTmpFiles\system.tmp_save
2023-06-06 19:15:21,664 [INFO] CodeEngine:279 - Generated code: C:\Users\przem\OneDrive\Pulpit\PUTM\PUTM_DV_ASB_2023\software\EBS_Supervisor_L4\MXTmpFiles\system.tmp
2023-06-06 19:15:21,684 [INFO] CodeEngine:311 - oldGeneratedFile, C:\Users\przem\OneDrive\Pulpit\PUTM\PUTM_DV_ASB_2023\software\EBS_Supervisor_L4\Core\Inc\stm32l4xx_hal_conf.h_save
2023-06-06 19:15:21,806 [INFO] CodeEngine:335 - Generated code: C:\Users\przem\OneDrive\Pulpit\PUTM\PUTM_DV_ASB_2023\software\EBS_Supervisor_L4\Core\Inc\stm32l4xx_hal_conf.h
2023-06-06 19:15:21,844 [WARN] IPConfigManager:3431 - IP not found : TIM
2023-06-06 19:15:21,846 [WARN] CodeGenerator:3754 - IP not found : null
2023-06-06 19:15:21,866 [INFO] CodeEngine:255 - oldGeneratedFile, C:\Users\przem\OneDrive\Pulpit\PUTM\PUTM_DV_ASB_2023\software\EBS_Supervisor_L4\Core\Inc\main.h_save
2023-06-06 19:15:21,975 [INFO] CodeEngine:279 - Generated code: C:\Users\przem\OneDrive\Pulpit\PUTM\PUTM_DV_ASB_2023\software\EBS_Supervisor_L4\Core\Inc\main.h
2023-06-06 19:15:21,991 [INFO] CodeEngine:255 - oldGeneratedFile, C:\Users\przem\OneDrive\Pulpit\PUTM\PUTM_DV_ASB_2023\software\EBS_Supervisor_L4\Core\Src\main.c_save
2023-06-06 19:15:22,130 [INFO] CodeEngine:279 - Generated code: C:\Users\przem\OneDrive\Pulpit\PUTM\PUTM_DV_ASB_2023\software\EBS_Supervisor_L4\Core\Src\main.c
2023-06-06 19:15:22,714 [INFO] ProjectBuilder:2996 - Time for Copy HAL[2] : 3mS.
2023-06-06 19:15:22,719 [INFO] ProjectBuilder:4304 - Project Generator version: 3.19.2
2023-06-06 19:15:23,271 [INFO] ConfigFileManager:1483 - The Die is : DIE471
2023-06-06 19:15:25,634 [INFO] ProjectBuilder:4505 - Time for Generating toolchain IDE Files: 2915mS.
2023-06-06 19:15:25,634 [INFO] ProjectBuilder:2867 - Time for Copy CMSIS : 0mS.
2023-06-06 19:15:25,644 [INFO] ProjectBuilder:2867 - Time for Copy CMSIS : 0mS.
2023-06-06 19:17:29,340 [INFO] NvicIntPanel:101 - NVIC parent = com.st.microxplorer.plugins.ip.nvic.MultiNvicIntPanel[,0,0,0x0,invalid,layout=javax.swing.BoxLayout,alignmentX=0.0,alignmentY=0.0,border=,flags=9,maximumSize=,minimumSize=,preferredSize=]
2023-06-06 19:17:33,597 [INFO] UtilMem:75 - End SaveConfig() Used Memory: 858836648 Bytes (1073741824)
2023-06-06 19:17:33,738 [INFO] UtilMem:75 - End SaveConfig() Used Memory: 639832896 Bytes (1073741824)
2023-06-06 19:17:35,152 [INFO] UtilMem:75 - End SaveConfig() Used Memory: 680930752 Bytes (1073741824)
2023-06-06 19:17:35,535 [INFO] BlockDiagram:2759 - set Specific Code input for plugin: TIM1_8L4
2023-06-06 19:17:35,535 [INFO] BlockDiagram:2759 - set Specific Code input for plugin: SYS
2023-06-06 19:17:35,535 [INFO] BlockDiagram:2759 - set Specific Code input for plugin: RCC
2023-06-06 19:17:35,535 [INFO] BlockDiagram:2759 - set Specific Code input for plugin: NVIC
2023-06-06 19:17:35,535 [INFO] BlockDiagram:2759 - set Specific Code input for plugin: GPIO
2023-06-06 19:17:35,539 [INFO] CodeGenerator:793 - code generatio: config db path: C:\ST\STM32CubeIDE_1.12.0\STM32CubeIDE\plugins\com.st.stm32cube.common.mx_6.8.0.202302231600\\db\
2023-06-06 19:17:35,887 [INFO] CodeEngine:255 - oldGeneratedFile, C:\Users\przem\OneDrive\Pulpit\PUTM\PUTM_DV_ASB_2023\software\EBS_Supervisor_L4\MXTmpFiles\license.tmp_save
2023-06-06 19:17:36,043 [INFO] CodeEngine:279 - Generated code: C:\Users\przem\OneDrive\Pulpit\PUTM\PUTM_DV_ASB_2023\software\EBS_Supervisor_L4\MXTmpFiles\license.tmp
2023-06-06 19:17:36,099 [INFO] CodeEngine:255 - oldGeneratedFile, C:\Users\przem\OneDrive\Pulpit\PUTM\PUTM_DV_ASB_2023\software\EBS_Supervisor_L4\MXTmpFiles\gpio.tmp_save
2023-06-06 19:17:36,212 [INFO] CodeEngine:279 - Generated code: C:\Users\przem\OneDrive\Pulpit\PUTM\PUTM_DV_ASB_2023\software\EBS_Supervisor_L4\MXTmpFiles\gpio.tmp
2023-06-06 19:17:36,337 [INFO] CodeEngine:255 - oldGeneratedFile, C:\Users\przem\OneDrive\Pulpit\PUTM\PUTM_DV_ASB_2023\software\EBS_Supervisor_L4\Core\Src\stm32l4xx_it.c_save
2023-06-06 19:17:36,438 [INFO] CodeEngine:279 - Generated code: C:\Users\przem\OneDrive\Pulpit\PUTM\PUTM_DV_ASB_2023\software\EBS_Supervisor_L4\Core\Src\stm32l4xx_it.c
2023-06-06 19:17:36,454 [INFO] CodeEngine:255 - oldGeneratedFile, C:\Users\przem\OneDrive\Pulpit\PUTM\PUTM_DV_ASB_2023\software\EBS_Supervisor_L4\Core\Inc\stm32l4xx_it.h_save
2023-06-06 19:17:36,551 [INFO] CodeEngine:279 - Generated code: C:\Users\przem\OneDrive\Pulpit\PUTM\PUTM_DV_ASB_2023\software\EBS_Supervisor_L4\Core\Inc\stm32l4xx_it.h
2023-06-06 19:17:36,583 [INFO] CodeEngine:255 - oldGeneratedFile, C:\Users\przem\OneDrive\Pulpit\PUTM\PUTM_DV_ASB_2023\software\EBS_Supervisor_L4\Core\Src\stm32l4xx_hal_msp.c_save
2023-06-06 19:17:36,715 [INFO] CodeEngine:279 - Generated code: C:\Users\przem\OneDrive\Pulpit\PUTM\PUTM_DV_ASB_2023\software\EBS_Supervisor_L4\Core\Src\stm32l4xx_hal_msp.c
2023-06-06 19:17:36,721 [INFO] CodeEngine:255 - oldGeneratedFile, C:\Users\przem\OneDrive\Pulpit\PUTM\PUTM_DV_ASB_2023\software\EBS_Supervisor_L4\MXTmpFiles\system.tmp_save
2023-06-06 19:17:36,819 [INFO] CodeEngine:279 - Generated code: C:\Users\przem\OneDrive\Pulpit\PUTM\PUTM_DV_ASB_2023\software\EBS_Supervisor_L4\MXTmpFiles\system.tmp
2023-06-06 19:17:36,851 [INFO] CodeEngine:311 - oldGeneratedFile, C:\Users\przem\OneDrive\Pulpit\PUTM\PUTM_DV_ASB_2023\software\EBS_Supervisor_L4\Core\Inc\stm32l4xx_hal_conf.h_save
2023-06-06 19:17:36,981 [INFO] CodeEngine:335 - Generated code: C:\Users\przem\OneDrive\Pulpit\PUTM\PUTM_DV_ASB_2023\software\EBS_Supervisor_L4\Core\Inc\stm32l4xx_hal_conf.h
2023-06-06 19:17:37,014 [WARN] IPConfigManager:3431 - IP not found : TIM
2023-06-06 19:17:37,014 [WARN] CodeGenerator:3754 - IP not found : null
2023-06-06 19:17:37,034 [INFO] CodeEngine:255 - oldGeneratedFile, C:\Users\przem\OneDrive\Pulpit\PUTM\PUTM_DV_ASB_2023\software\EBS_Supervisor_L4\Core\Inc\main.h_save
2023-06-06 19:17:37,187 [INFO] CodeEngine:279 - Generated code: C:\Users\przem\OneDrive\Pulpit\PUTM\PUTM_DV_ASB_2023\software\EBS_Supervisor_L4\Core\Inc\main.h
2023-06-06 19:17:37,203 [INFO] CodeEngine:255 - oldGeneratedFile, C:\Users\przem\OneDrive\Pulpit\PUTM\PUTM_DV_ASB_2023\software\EBS_Supervisor_L4\Core\Src\main.c_save
2023-06-06 19:17:37,345 [INFO] CodeEngine:279 - Generated code: C:\Users\przem\OneDrive\Pulpit\PUTM\PUTM_DV_ASB_2023\software\EBS_Supervisor_L4\Core\Src\main.c
2023-06-06 19:17:38,037 [INFO] ProjectBuilder:2996 - Time for Copy HAL[2] : 4mS.
2023-06-06 19:17:38,045 [INFO] ProjectBuilder:4304 - Project Generator version: 3.19.2
2023-06-06 19:17:38,605 [INFO] ConfigFileManager:1483 - The Die is : DIE471
2023-06-06 19:17:40,721 [INFO] ProjectBuilder:4505 - Time for Generating toolchain IDE Files: 2676mS.
2023-06-06 19:17:40,721 [INFO] ProjectBuilder:2867 - Time for Copy CMSIS : 0mS.
2023-06-06 19:17:40,729 [INFO] ProjectBuilder:2867 - Time for Copy CMSIS : 0mS.
2023-06-06 19:18:31,789 [INFO] NvicIntPanel:101 - NVIC parent = com.st.microxplorer.plugins.ip.nvic.MultiNvicIntPanel[,0,0,0x0,invalid,layout=javax.swing.BoxLayout,alignmentX=0.0,alignmentY=0.0,border=,flags=9,maximumSize=,minimumSize=,preferredSize=]
2023-06-06 19:18:34,625 [INFO] UtilMem:75 - End SaveConfig() Used Memory: 787615744 Bytes (1073741824)
2023-06-06 19:18:34,755 [INFO] UtilMem:75 - End SaveConfig() Used Memory: 807016448 Bytes (1073741824)
2023-06-06 19:18:35,717 [INFO] UtilMem:75 - End SaveConfig() Used Memory: 616401344 Bytes (1073741824)
2023-06-06 19:18:36,112 [INFO] BlockDiagram:2759 - set Specific Code input for plugin: TIM1_8L4
2023-06-06 19:18:36,112 [INFO] BlockDiagram:2759 - set Specific Code input for plugin: SYS
2023-06-06 19:18:36,112 [INFO] BlockDiagram:2759 - set Specific Code input for plugin: RCC
2023-06-06 19:18:36,112 [INFO] BlockDiagram:2759 - set Specific Code input for plugin: NVIC
2023-06-06 19:18:36,112 [INFO] BlockDiagram:2759 - set Specific Code input for plugin: GPIO
2023-06-06 19:18:36,116 [INFO] CodeGenerator:793 - code generatio: config db path: C:\ST\STM32CubeIDE_1.12.0\STM32CubeIDE\plugins\com.st.stm32cube.common.mx_6.8.0.202302231600\\db\
2023-06-06 19:18:36,472 [INFO] CodeEngine:255 - oldGeneratedFile, C:\Users\przem\OneDrive\Pulpit\PUTM\PUTM_DV_ASB_2023\software\EBS_Supervisor_L4\MXTmpFiles\license.tmp_save
2023-06-06 19:18:36,690 [INFO] CodeEngine:279 - Generated code: C:\Users\przem\OneDrive\Pulpit\PUTM\PUTM_DV_ASB_2023\software\EBS_Supervisor_L4\MXTmpFiles\license.tmp
2023-06-06 19:18:36,790 [INFO] CodeEngine:255 - oldGeneratedFile, C:\Users\przem\OneDrive\Pulpit\PUTM\PUTM_DV_ASB_2023\software\EBS_Supervisor_L4\MXTmpFiles\gpio.tmp_save
2023-06-06 19:18:36,960 [INFO] CodeEngine:279 - Generated code: C:\Users\przem\OneDrive\Pulpit\PUTM\PUTM_DV_ASB_2023\software\EBS_Supervisor_L4\MXTmpFiles\gpio.tmp
2023-06-06 19:18:37,184 [INFO] CodeEngine:255 - oldGeneratedFile, C:\Users\przem\OneDrive\Pulpit\PUTM\PUTM_DV_ASB_2023\software\EBS_Supervisor_L4\Core\Src\stm32l4xx_it.c_save
2023-06-06 19:18:37,293 [INFO] CodeEngine:279 - Generated code: C:\Users\przem\OneDrive\Pulpit\PUTM\PUTM_DV_ASB_2023\software\EBS_Supervisor_L4\Core\Src\stm32l4xx_it.c
2023-06-06 19:18:37,301 [INFO] CodeEngine:255 - oldGeneratedFile, C:\Users\przem\OneDrive\Pulpit\PUTM\PUTM_DV_ASB_2023\software\EBS_Supervisor_L4\Core\Inc\stm32l4xx_it.h_save
2023-06-06 19:18:37,384 [INFO] CodeEngine:279 - Generated code: C:\Users\przem\OneDrive\Pulpit\PUTM\PUTM_DV_ASB_2023\software\EBS_Supervisor_L4\Core\Inc\stm32l4xx_it.h
2023-06-06 19:18:37,410 [INFO] CodeEngine:255 - oldGeneratedFile, C:\Users\przem\OneDrive\Pulpit\PUTM\PUTM_DV_ASB_2023\software\EBS_Supervisor_L4\Core\Src\stm32l4xx_hal_msp.c_save
2023-06-06 19:18:37,526 [INFO] CodeEngine:279 - Generated code: C:\Users\przem\OneDrive\Pulpit\PUTM\PUTM_DV_ASB_2023\software\EBS_Supervisor_L4\Core\Src\stm32l4xx_hal_msp.c
2023-06-06 19:18:37,532 [INFO] CodeEngine:255 - oldGeneratedFile, C:\Users\przem\OneDrive\Pulpit\PUTM\PUTM_DV_ASB_2023\software\EBS_Supervisor_L4\MXTmpFiles\system.tmp_save
2023-06-06 19:18:37,605 [INFO] CodeEngine:279 - Generated code: C:\Users\przem\OneDrive\Pulpit\PUTM\PUTM_DV_ASB_2023\software\EBS_Supervisor_L4\MXTmpFiles\system.tmp
2023-06-06 19:18:37,630 [INFO] CodeEngine:311 - oldGeneratedFile, C:\Users\przem\OneDrive\Pulpit\PUTM\PUTM_DV_ASB_2023\software\EBS_Supervisor_L4\Core\Inc\stm32l4xx_hal_conf.h_save
2023-06-06 19:18:37,748 [INFO] CodeEngine:335 - Generated code: C:\Users\przem\OneDrive\Pulpit\PUTM\PUTM_DV_ASB_2023\software\EBS_Supervisor_L4\Core\Inc\stm32l4xx_hal_conf.h
2023-06-06 19:18:37,804 [WARN] IPConfigManager:3431 - IP not found : TIM
2023-06-06 19:18:37,804 [WARN] CodeGenerator:3754 - IP not found : null
2023-06-06 19:18:37,829 [INFO] CodeEngine:255 - oldGeneratedFile, C:\Users\przem\OneDrive\Pulpit\PUTM\PUTM_DV_ASB_2023\software\EBS_Supervisor_L4\Core\Inc\main.h_save
2023-06-06 19:18:37,940 [INFO] CodeEngine:279 - Generated code: C:\Users\przem\OneDrive\Pulpit\PUTM\PUTM_DV_ASB_2023\software\EBS_Supervisor_L4\Core\Inc\main.h
2023-06-06 19:18:37,960 [INFO] CodeEngine:255 - oldGeneratedFile, C:\Users\przem\OneDrive\Pulpit\PUTM\PUTM_DV_ASB_2023\software\EBS_Supervisor_L4\Core\Src\main.c_save
2023-06-06 19:18:38,175 [INFO] CodeEngine:279 - Generated code: C:\Users\przem\OneDrive\Pulpit\PUTM\PUTM_DV_ASB_2023\software\EBS_Supervisor_L4\Core\Src\main.c
2023-06-06 19:18:38,929 [INFO] ProjectBuilder:2996 - Time for Copy HAL[2] : 2mS.
2023-06-06 19:18:38,935 [INFO] ProjectBuilder:4304 - Project Generator version: 3.19.2
2023-06-06 19:18:39,532 [INFO] ConfigFileManager:1483 - The Die is : DIE471
2023-06-06 19:18:41,708 [INFO] ProjectBuilder:4505 - Time for Generating toolchain IDE Files: 2773mS.
2023-06-06 19:18:41,708 [INFO] ProjectBuilder:2867 - Time for Copy CMSIS : 0mS.
2023-06-06 19:18:41,741 [INFO] ProjectBuilder:2867 - Time for Copy CMSIS : 0mS.
2023-06-06 19:23:30,575 [INFO] NvicIntPanel:101 - NVIC parent = com.st.microxplorer.plugins.ip.nvic.MultiNvicIntPanel[,0,0,0x0,invalid,layout=javax.swing.BoxLayout,alignmentX=0.0,alignmentY=0.0,border=,flags=9,maximumSize=,minimumSize=,preferredSize=]
2023-06-06 19:23:33,498 [INFO] UtilMem:75 - End SaveConfig() Used Memory: 587015688 Bytes (1073741824)
2023-06-06 19:23:33,612 [INFO] UtilMem:75 - End SaveConfig() Used Memory: 605890056 Bytes (1073741824)
2023-06-06 19:23:34,486 [INFO] UtilMem:75 - End SaveConfig() Used Memory: 607901528 Bytes (1073741824)
2023-06-06 19:23:34,831 [INFO] BlockDiagram:2759 - set Specific Code input for plugin: TIM1_8L4
2023-06-06 19:23:34,835 [INFO] BlockDiagram:2759 - set Specific Code input for plugin: SYS
2023-06-06 19:23:34,835 [INFO] BlockDiagram:2759 - set Specific Code input for plugin: RCC
2023-06-06 19:23:34,835 [INFO] BlockDiagram:2759 - set Specific Code input for plugin: NVIC
2023-06-06 19:23:34,835 [INFO] BlockDiagram:2759 - set Specific Code input for plugin: GPIO
2023-06-06 19:23:34,835 [INFO] CodeGenerator:793 - code generatio: config db path: C:\ST\STM32CubeIDE_1.12.0\STM32CubeIDE\plugins\com.st.stm32cube.common.mx_6.8.0.202302231600\\db\
2023-06-06 19:23:35,200 [INFO] CodeEngine:255 - oldGeneratedFile, C:\Users\przem\OneDrive\Pulpit\PUTM\PUTM_DV_ASB_2023\software\EBS_Supervisor_L4\MXTmpFiles\license.tmp_save
2023-06-06 19:23:35,325 [INFO] CodeEngine:279 - Generated code: C:\Users\przem\OneDrive\Pulpit\PUTM\PUTM_DV_ASB_2023\software\EBS_Supervisor_L4\MXTmpFiles\license.tmp
2023-06-06 19:23:35,394 [INFO] CodeEngine:255 - oldGeneratedFile, C:\Users\przem\OneDrive\Pulpit\PUTM\PUTM_DV_ASB_2023\software\EBS_Supervisor_L4\MXTmpFiles\gpio.tmp_save
2023-06-06 19:23:35,530 [INFO] CodeEngine:279 - Generated code: C:\Users\przem\OneDrive\Pulpit\PUTM\PUTM_DV_ASB_2023\software\EBS_Supervisor_L4\MXTmpFiles\gpio.tmp
2023-06-06 19:23:35,766 [INFO] CodeEngine:255 - oldGeneratedFile, C:\Users\przem\OneDrive\Pulpit\PUTM\PUTM_DV_ASB_2023\software\EBS_Supervisor_L4\Core\Src\stm32l4xx_it.c_save
2023-06-06 19:23:35,860 [INFO] CodeEngine:279 - Generated code: C:\Users\przem\OneDrive\Pulpit\PUTM\PUTM_DV_ASB_2023\software\EBS_Supervisor_L4\Core\Src\stm32l4xx_it.c
2023-06-06 19:23:35,868 [INFO] CodeEngine:255 - oldGeneratedFile, C:\Users\przem\OneDrive\Pulpit\PUTM\PUTM_DV_ASB_2023\software\EBS_Supervisor_L4\Core\Inc\stm32l4xx_it.h_save
2023-06-06 19:23:35,940 [INFO] CodeEngine:279 - Generated code: C:\Users\przem\OneDrive\Pulpit\PUTM\PUTM_DV_ASB_2023\software\EBS_Supervisor_L4\Core\Inc\stm32l4xx_it.h
2023-06-06 19:23:35,972 [INFO] CodeEngine:255 - oldGeneratedFile, C:\Users\przem\OneDrive\Pulpit\PUTM\PUTM_DV_ASB_2023\software\EBS_Supervisor_L4\Core\Src\stm32l4xx_hal_msp.c_save
2023-06-06 19:23:36,084 [INFO] CodeEngine:279 - Generated code: C:\Users\przem\OneDrive\Pulpit\PUTM\PUTM_DV_ASB_2023\software\EBS_Supervisor_L4\Core\Src\stm32l4xx_hal_msp.c
2023-06-06 19:23:36,092 [INFO] CodeEngine:255 - oldGeneratedFile, C:\Users\przem\OneDrive\Pulpit\PUTM\PUTM_DV_ASB_2023\software\EBS_Supervisor_L4\MXTmpFiles\system.tmp_save
2023-06-06 19:23:36,170 [INFO] CodeEngine:279 - Generated code: C:\Users\przem\OneDrive\Pulpit\PUTM\PUTM_DV_ASB_2023\software\EBS_Supervisor_L4\MXTmpFiles\system.tmp
2023-06-06 19:23:36,194 [INFO] CodeEngine:311 - oldGeneratedFile, C:\Users\przem\OneDrive\Pulpit\PUTM\PUTM_DV_ASB_2023\software\EBS_Supervisor_L4\Core\Inc\stm32l4xx_hal_conf.h_save
2023-06-06 19:23:36,295 [INFO] CodeEngine:335 - Generated code: C:\Users\przem\OneDrive\Pulpit\PUTM\PUTM_DV_ASB_2023\software\EBS_Supervisor_L4\Core\Inc\stm32l4xx_hal_conf.h
2023-06-06 19:23:36,328 [WARN] IPConfigManager:3431 - IP not found : TIM
2023-06-06 19:23:36,330 [WARN] CodeGenerator:3754 - IP not found : null
2023-06-06 19:23:36,348 [INFO] CodeEngine:255 - oldGeneratedFile, C:\Users\przem\OneDrive\Pulpit\PUTM\PUTM_DV_ASB_2023\software\EBS_Supervisor_L4\Core\Inc\main.h_save
2023-06-06 19:23:36,433 [INFO] CodeEngine:279 - Generated code: C:\Users\przem\OneDrive\Pulpit\PUTM\PUTM_DV_ASB_2023\software\EBS_Supervisor_L4\Core\Inc\main.h
2023-06-06 19:23:36,445 [INFO] CodeEngine:255 - oldGeneratedFile, C:\Users\przem\OneDrive\Pulpit\PUTM\PUTM_DV_ASB_2023\software\EBS_Supervisor_L4\Core\Src\main.c_save
2023-06-06 19:23:36,574 [INFO] CodeEngine:279 - Generated code: C:\Users\przem\OneDrive\Pulpit\PUTM\PUTM_DV_ASB_2023\software\EBS_Supervisor_L4\Core\Src\main.c
2023-06-06 19:23:37,146 [INFO] ProjectBuilder:2996 - Time for Copy HAL[2] : 0mS.
2023-06-06 19:23:37,150 [INFO] ProjectBuilder:4304 - Project Generator version: 3.19.2
2023-06-06 19:23:37,700 [INFO] ConfigFileManager:1483 - The Die is : DIE471
2023-06-06 19:23:39,604 [INFO] ProjectBuilder:4505 - Time for Generating toolchain IDE Files: 2454mS.
2023-06-06 19:23:39,604 [INFO] ProjectBuilder:2867 - Time for Copy CMSIS : 0mS.
2023-06-06 19:23:39,612 [INFO] ProjectBuilder:2867 - Time for Copy CMSIS : 0mS.
