2023-07-03 19:15:07,714 [INFO] Activator:176 - 


2023-07-03 19:15:07,718 [INFO] Activator:177 - !SESSION log4j initialized
2023-07-03 19:15:18,602 [INFO] LogOutputStream:77 - [STDOUT_REDIRECT] 
2023-07-03 19:15:42,706 [ERROR] LogOutputStream:75 - [STDERR_REDIRECT] SLF4J: Failed to load class "org.slf4j.impl.StaticLoggerBinder".
2023-07-03 19:15:42,707 [ERROR] LogOutputStream:75 - [STDERR_REDIRECT] SLF4J: Defaulting to no-operation (NOP) logger implementation
2023-07-03 19:15:42,710 [ERROR] LogOutputStream:75 - [STDERR_REDIRECT] SLF4J: See http://www.slf4j.org/codes.html#StaticLoggerBinder for further details.
2023-07-03 19:19:02,142 [INFO] ApplicationProperties:184 - Using Application install path: C:\ST\STM32CubeIDE_1.12.0\STM32CubeIDE\plugins\com.st.stm32cube.common.mx_6.8.0.202302231600
2023-07-03 19:19:02,167 [INFO] DbMcusXml:78 - Set database path to: C:\ST\STM32CubeIDE_1.12.0\STM32CubeIDE\plugins\com.st.stm32cube.common.mx_6.8.0.202302231600\\db\/mcu/
2023-07-03 19:19:02,167 [INFO] ApiDb:274 - Set plugin database path to: C:\ST\STM32CubeIDE_1.12.0\STM32CubeIDE\plugins\com.st.stm32cube.common.mx_6.8.0.202302231600\\db\/plugins/boardmanager/
2023-07-03 19:19:02,167 [WARN] ApiDb:259 - Overriding images path with different value:  => C:\ST\STM32CubeIDE_1.12.0\STM32CubeIDE\plugins\com.st.stm32cube.common.mx_6.8.0.202302231600\\db\/plugins/mcufinder/images/
2023-07-03 19:19:02,173 [INFO] ApiDb:250 - Set database path to: C:\Users\przem\.stmcufinder\plugins\mcufinder//mcu/
2023-07-03 19:19:02,189 [INFO] DbMcusAds:125 - Set database path to: C:\Users\przem\.stmcufinder\plugins\mcufinder//mcu/
2023-07-03 19:19:02,189 [INFO] CrossReferenceDbSqlite:203 - Set database path to: C:\Users\przem\.stmcufinder\plugins\mcufinder//mcu/cs/
2023-07-03 19:19:02,332 [INFO] RulesReader:64 - Compatibility file has been processed (293 Rules)
2023-07-03 19:19:02,443 [INFO] DbMcusXml:78 - Set database path to: C:\ST\STM32CubeIDE_1.12.0\STM32CubeIDE\plugins\com.st.stm32cube.common.mx_6.8.0.202302231600\\db\/mcu/
2023-07-03 19:19:02,443 [INFO] ApiDb:274 - Set plugin database path to: C:\ST\STM32CubeIDE_1.12.0\STM32CubeIDE\plugins\com.st.stm32cube.common.mx_6.8.0.202302231600\\db\/plugins/boardmanager/
2023-07-03 19:19:02,443 [INFO] ApiDb:261 - Set plugin images path to: C:\ST\STM32CubeIDE_1.12.0\STM32CubeIDE\plugins\com.st.stm32cube.common.mx_6.8.0.202302231600\\db\/plugins/mcufinder/images/
2023-07-03 19:19:02,443 [WARN] DbFile:41 - Overriding database path with different value: C:\Users\przem\.stmcufinder\plugins\mcufinder/ => C:\Users\przem\.stmcufinder\plugins\mcufinder
2023-07-03 19:19:02,443 [INFO] ApiDb:250 - Set database path to: C:\Users\przem\.stmcufinder\plugins\mcufinder//mcu/
2023-07-03 19:19:02,443 [WARN] DbFile:41 - Overriding database path with different value: C:\Users\przem\.stmcufinder\plugins\mcufinder/ => C:\Users\przem\.stmcufinder\plugins\mcufinder
2023-07-03 19:19:02,443 [INFO] DbMcusAds:125 - Set database path to: C:\Users\przem\.stmcufinder\plugins\mcufinder//mcu/
2023-07-03 19:19:02,443 [WARN] DbFile:41 - Overriding database path with different value: C:\Users\przem\.stmcufinder\plugins\mcufinder/ => C:\Users\przem\.stmcufinder\plugins\mcufinder
2023-07-03 19:19:02,443 [WARN] DbFile:41 - Overriding database path with different value: C:\Users\przem\.stmcufinder\plugins\mcufinder/ => C:\Users\przem\.stmcufinder\plugins\mcufinder
2023-07-03 19:19:02,443 [INFO] CrossReferenceDbSqlite:203 - Set database path to: C:\Users\przem\.stmcufinder\plugins\mcufinder//mcu/cs/
2023-07-03 19:19:02,554 [INFO] MainPanel:253 - HeapMemory: 435159040
2023-07-03 19:19:02,681 [INFO] DbMcusXml:78 - Set database path to: C:\ST\STM32CubeIDE_1.12.0\STM32CubeIDE\plugins\com.st.stm32cube.common.mx_6.8.0.202302231600\\db\/mcu/
2023-07-03 19:19:02,681 [INFO] ApiDb:274 - Set plugin database path to: C:\ST\STM32CubeIDE_1.12.0\STM32CubeIDE\plugins\com.st.stm32cube.common.mx_6.8.0.202302231600\\db\/plugins/boardmanager/
2023-07-03 19:19:02,681 [INFO] ApiDb:261 - Set plugin images path to: C:\ST\STM32CubeIDE_1.12.0\STM32CubeIDE\plugins\com.st.stm32cube.common.mx_6.8.0.202302231600\\db\/plugins/mcufinder/images/
2023-07-03 19:19:02,681 [WARN] DbFile:41 - Overriding database path with different value: C:\Users\przem\.stmcufinder\plugins\mcufinder/ => C:\Users\przem\.stmcufinder\plugins\mcufinder
2023-07-03 19:19:02,681 [INFO] ApiDb:250 - Set database path to: C:\Users\przem\.stmcufinder\plugins\mcufinder//mcu/
2023-07-03 19:19:02,681 [WARN] DbFile:41 - Overriding database path with different value: C:\Users\przem\.stmcufinder\plugins\mcufinder/ => C:\Users\przem\.stmcufinder\plugins\mcufinder
2023-07-03 19:19:02,681 [INFO] DbMcusAds:125 - Set database path to: C:\Users\przem\.stmcufinder\plugins\mcufinder//mcu/
2023-07-03 19:19:02,696 [WARN] DbFile:41 - Overriding database path with different value: C:\Users\przem\.stmcufinder\plugins\mcufinder/ => C:\Users\przem\.stmcufinder\plugins\mcufinder
2023-07-03 19:19:02,696 [WARN] DbFile:41 - Overriding database path with different value: C:\Users\przem\.stmcufinder\plugins\mcufinder/ => C:\Users\przem\.stmcufinder\plugins\mcufinder
2023-07-03 19:19:02,696 [INFO] CrossReferenceDbSqlite:203 - Set database path to: C:\Users\przem\.stmcufinder\plugins\mcufinder//mcu/cs/
2023-07-03 19:19:02,716 [INFO] ApplicationProperties:184 - Using Application install path: C:\ST\STM32CubeIDE_1.12.0\STM32CubeIDE\plugins\com.st.stm32cube.common.mx_6.8.0.202302231600
2023-07-03 19:19:02,716 [INFO] PluginManage:196 - Search for loadable plugins [exclusion list=, ]
2023-07-03 19:19:02,716 [INFO] PluginManage:310 - Check plugin analytics
2023-07-03 19:19:02,923 [INFO] AnalyticsPlugin:253 - Accepted Software Licenses: 
2023-07-03 19:19:02,923 [INFO] AnalyticsPlugin:255 - Accepted CMSIS Pack Licenses: 
2023-07-03 19:19:02,923 [INFO] AnalyticsPlugin:257 - Accepted Firmware Licenses: 
2023-07-03 19:19:02,923 [INFO] PluginManage:359 - Loaded plugin analytics (category:tool,tabindex:-1)
2023-07-03 19:19:02,923 [INFO] PluginManage:310 - Check plugin cadmodel
2023-07-03 19:19:02,945 [INFO] CADModel:105 - Init CAD model plugin
2023-07-03 19:19:02,945 [INFO] PluginManage:359 - Loaded plugin cadmodel (category:power,tabindex:5)
2023-07-03 19:19:02,945 [INFO] PluginManage:310 - Check plugin clock
2023-07-03 19:19:02,966 [INFO] PluginManage:359 - Loaded plugin clock (category:base,tabindex:2)
2023-07-03 19:19:02,966 [INFO] PluginManage:310 - Check plugin ddr
2023-07-03 19:19:02,966 [INFO] PluginManage:359 - Loaded plugin ddr (category:tool,tabindex:6)
2023-07-03 19:19:02,977 [INFO] PluginManage:310 - Check plugin filemanager
2023-07-03 19:19:03,157 [INFO] PluginManage:359 - Loaded plugin filemanager (category:base,tabindex:10)
2023-07-03 19:19:03,157 [INFO] PluginManage:310 - Check plugin ipmanager
2023-07-03 19:19:03,173 [INFO] PluginManage:359 - Loaded plugin ipmanager (category:base,tabindex:5)
2023-07-03 19:19:03,173 [INFO] PluginManage:310 - Check plugin lpbam
2023-07-03 19:19:03,189 [INFO] PluginManage:359 - Loaded plugin lpbam (category:base,tabindex:0)
2023-07-03 19:19:03,189 [INFO] PluginManage:310 - Check plugin pinoutandconfiguration
2023-07-03 19:19:03,215 [INFO] PluginManage:359 - Loaded plugin pinoutandconfiguration (category:base,tabindex:1)
2023-07-03 19:19:03,215 [INFO] PluginManage:310 - Check plugin pinoutconfig
2023-07-03 19:19:03,316 [WARN] SupportedApi:132 - Cannot load RTOS API schema: s4s-elt-must-match.1: The content of 'definitions' must match (annotation?, (simpleType | complexType)?, (unique | key | keyref)*)). A problem was found starting at: attribute.
2023-07-03 19:19:03,458 [INFO] PluginManage:359 - Loaded plugin pinoutconfig (category:base,tabindex:0)
2023-07-03 19:19:03,458 [INFO] PluginManage:310 - Check plugin power
2023-07-03 19:19:03,478 [INFO] PluginManage:359 - Loaded plugin power (category:power,tabindex:4)
2023-07-03 19:19:03,478 [INFO] PluginManage:310 - Check plugin projectmanager
2023-07-03 19:19:03,505 [INFO] PluginManage:359 - Loaded plugin projectmanager (category:projectmanager,tabindex:3)
2023-07-03 19:19:03,505 [INFO] PluginManage:310 - Check plugin thirdparty
2023-07-03 19:19:03,791 [INFO] PluginManage:359 - Loaded plugin thirdparty (category:base,tabindex:-1)
2023-07-03 19:19:03,791 [WARN] IntegrityCheckThread:84 - waiting for thirdparty lock release [integrity check]
2023-07-03 19:19:03,791 [INFO] PluginManage:310 - Check plugin tools
2023-07-03 19:19:03,791 [INFO] IntegrityCheckThread:86 - entering critical section [integrity check]
2023-07-03 19:19:03,791 [INFO] ThirdPartyUpdaterWithRetryManager:70 - Updater plugin not ready yet. [1/15]
2023-07-03 19:19:03,823 [INFO] PluginManage:359 - Loaded plugin tools (category:base,tabindex:7)
2023-07-03 19:19:03,823 [INFO] PluginManage:310 - Check plugin tutovideos
2023-07-03 19:19:04,124 [INFO] PluginManage:359 - Loaded plugin tutovideos (category:base,tabindex:-1)
2023-07-03 19:19:04,124 [INFO] PluginManage:310 - Check plugin updater
2023-07-03 19:19:04,166 [INFO] PluginManage:359 - Loaded plugin updater (category:base,tabindex:12)
2023-07-03 19:19:04,166 [INFO] PluginManage:283 - PluginManage : Loaded plugins [15]
2023-07-03 19:19:04,499 [INFO] PinOutPanel:1499 - setPackage(No Configuration,No Configuration)
2023-07-03 19:19:04,573 [INFO] CADModel:165 - CPN selected for project level
2023-07-03 19:19:04,573 [INFO] CADModel:114 - Register for checkConnection events
2023-07-03 19:19:04,600 [INFO] IPUIPlugin:80 - create IPUIPlugin
2023-07-03 19:19:04,600 [INFO] PluginManager:220 - loadIPPluginJar : add adc
2023-07-03 19:19:04,632 [INFO] IPUIPlugin:80 - create IPUIPlugin
2023-07-03 19:19:04,632 [INFO] PluginManager:220 - loadIPPluginJar : add aes
2023-07-03 19:19:04,668 [INFO] IPUIPlugin:80 - create IPUIPlugin
2023-07-03 19:19:04,668 [INFO] PluginManager:220 - loadIPPluginJar : add can
2023-07-03 19:19:04,695 [INFO] IPUIPlugin:80 - create IPUIPlugin
2023-07-03 19:19:04,695 [INFO] PluginManager:220 - loadIPPluginJar : add comp
2023-07-03 19:19:04,721 [INFO] IPUIPlugin:80 - create IPUIPlugin
2023-07-03 19:19:04,721 [INFO] PluginManager:220 - loadIPPluginJar : add cryp
2023-07-03 19:19:04,753 [INFO] IPUIPlugin:80 - create IPUIPlugin
2023-07-03 19:19:04,753 [INFO] PluginManager:220 - loadIPPluginJar : add dfsdm
2023-07-03 19:19:04,759 [INFO] IPUIPlugin:80 - create IPUIPlugin
2023-07-03 19:19:04,759 [INFO] PluginManager:220 - loadIPPluginJar : add dma
2023-07-03 19:19:04,800 [INFO] IPUIPlugin:80 - create IPUIPlugin
2023-07-03 19:19:04,800 [INFO] PluginManager:220 - loadIPPluginJar : add dma3
2023-07-03 19:19:04,823 [INFO] IPUIPlugin:80 - create IPUIPlugin
2023-07-03 19:19:04,823 [INFO] PluginManager:220 - loadIPPluginJar : add fatfs
2023-07-03 19:19:04,854 [INFO] IPUIPlugin:80 - create IPUIPlugin
2023-07-03 19:19:04,854 [INFO] PluginManager:220 - loadIPPluginJar : add fmc
2023-07-03 19:19:04,874 [INFO] IPUIPlugin:80 - create IPUIPlugin
2023-07-03 19:19:04,874 [INFO] PluginManager:220 - loadIPPluginJar : add freertos
2023-07-03 19:19:04,896 [INFO] IPUIPlugin:80 - create IPUIPlugin
2023-07-03 19:19:04,896 [INFO] PluginManager:220 - loadIPPluginJar : add genericplugin
2023-07-03 19:19:04,969 [INFO] IPUIPlugin:80 - create IPUIPlugin
2023-07-03 19:19:04,969 [INFO] PluginManager:220 - loadIPPluginJar : add gfxmmu
2023-07-03 19:19:05,075 [INFO] IPUIPlugin:80 - create IPUIPlugin
2023-07-03 19:19:05,075 [INFO] PluginManager:220 - loadIPPluginJar : add gic
2023-07-03 19:19:05,075 [INFO] IPUIPlugin:80 - create IPUIPlugin
2023-07-03 19:19:05,075 [INFO] PluginManager:220 - loadIPPluginJar : add gpio
2023-07-03 19:19:05,164 [INFO] IPUIPlugin:80 - create IPUIPlugin
2023-07-03 19:19:05,164 [INFO] PluginManager:220 - loadIPPluginJar : add gtzc
2023-07-03 19:19:05,196 [INFO] IPUIPlugin:80 - create IPUIPlugin
2023-07-03 19:19:05,196 [INFO] PluginManager:220 - loadIPPluginJar : add hash
2023-07-03 19:19:05,234 [INFO] IPUIPlugin:80 - create IPUIPlugin
2023-07-03 19:19:05,234 [INFO] PluginManager:220 - loadIPPluginJar : add i2c
2023-07-03 19:19:05,270 [INFO] IPUIPlugin:80 - create IPUIPlugin
2023-07-03 19:19:05,270 [INFO] PluginManager:220 - loadIPPluginJar : add i2s
2023-07-03 19:19:05,297 [INFO] IPUIPlugin:80 - create IPUIPlugin
2023-07-03 19:19:05,297 [INFO] PluginManager:220 - loadIPPluginJar : add i3c
2023-07-03 19:19:05,408 [INFO] IPUIPlugin:80 - create IPUIPlugin
2023-07-03 19:19:05,408 [INFO] PluginManager:220 - loadIPPluginJar : add ipddr
2023-07-03 19:19:05,487 [INFO] IPUIPlugin:80 - create IPUIPlugin
2023-07-03 19:19:05,487 [INFO] PluginManager:220 - loadIPPluginJar : add linkedlist
2023-07-03 19:19:05,518 [INFO] IPUIPlugin:80 - create IPUIPlugin
2023-07-03 19:19:05,518 [INFO] PluginManager:220 - loadIPPluginJar : add lorawan
2023-07-03 19:19:05,550 [INFO] IPUIPlugin:80 - create IPUIPlugin
2023-07-03 19:19:05,550 [INFO] PluginManager:220 - loadIPPluginJar : add ltdc
2023-07-03 19:19:05,560 [INFO] IPUIPlugin:80 - create IPUIPlugin
2023-07-03 19:19:05,560 [INFO] PluginManager:220 - loadIPPluginJar : add mdma
2023-07-03 19:19:05,570 [INFO] IPUIPlugin:80 - create IPUIPlugin
2023-07-03 19:19:05,570 [INFO] PluginManager:220 - loadIPPluginJar : add nvic
2023-07-03 19:19:05,597 [INFO] IPUIPlugin:80 - create IPUIPlugin
2023-07-03 19:19:05,597 [INFO] PluginManager:220 - loadIPPluginJar : add opamp
2023-07-03 19:19:05,644 [INFO] IPUIPlugin:80 - create IPUIPlugin
2023-07-03 19:19:05,644 [INFO] PluginManager:220 - loadIPPluginJar : add openamp
2023-07-03 19:19:05,676 [INFO] IPUIPlugin:80 - create IPUIPlugin
2023-07-03 19:19:05,676 [INFO] PluginManager:220 - loadIPPluginJar : add pdm2pcm
2023-07-03 19:19:05,702 [INFO] IPUIPlugin:80 - create IPUIPlugin
2023-07-03 19:19:05,708 [INFO] PluginManager:220 - loadIPPluginJar : add plateformsettings
2023-07-03 19:19:05,723 [INFO] IPUIPlugin:80 - create IPUIPlugin
2023-07-03 19:19:05,723 [INFO] PluginManager:220 - loadIPPluginJar : add quadspi
2023-07-03 19:19:05,728 [INFO] IPUIPlugin:80 - create IPUIPlugin
2023-07-03 19:19:05,728 [INFO] PluginManager:220 - loadIPPluginJar : add resmgrutility
2023-07-03 19:19:05,776 [INFO] IPUIPlugin:80 - create IPUIPlugin
2023-07-03 19:19:05,776 [INFO] PluginManager:220 - loadIPPluginJar : add sai
2023-07-03 19:19:05,803 [INFO] IPUIPlugin:80 - create IPUIPlugin
2023-07-03 19:19:05,803 [INFO] PluginManager:220 - loadIPPluginJar : add spi
2023-07-03 19:19:05,850 [INFO] IPUIPlugin:80 - create IPUIPlugin
2023-07-03 19:19:05,850 [INFO] PluginManager:220 - loadIPPluginJar : add stm32_wpan
2023-07-03 19:19:05,870 [INFO] IPUIPlugin:80 - create IPUIPlugin
2023-07-03 19:19:05,870 [INFO] PluginManager:220 - loadIPPluginJar : add tim
2023-07-03 19:19:05,929 [INFO] IPUIPlugin:80 - create IPUIPlugin
2023-07-03 19:19:05,929 [INFO] PluginManager:220 - loadIPPluginJar : add touchsensing
2023-07-03 19:19:05,945 [INFO] IPUIPlugin:80 - create IPUIPlugin
2023-07-03 19:19:05,945 [INFO] PluginManager:220 - loadIPPluginJar : add tracer_emb
2023-07-03 19:19:05,961 [INFO] IPUIPlugin:80 - create IPUIPlugin
2023-07-03 19:19:05,961 [INFO] PluginManager:220 - loadIPPluginJar : add ts
2023-07-03 19:19:05,977 [INFO] IPUIPlugin:80 - create IPUIPlugin
2023-07-03 19:19:05,977 [INFO] PluginManager:220 - loadIPPluginJar : add tsc
2023-07-03 19:19:06,003 [INFO] IPUIPlugin:80 - create IPUIPlugin
2023-07-03 19:19:06,003 [INFO] PluginManager:220 - loadIPPluginJar : add ucpd
2023-07-03 19:19:06,040 [INFO] IPUIPlugin:80 - create IPUIPlugin
2023-07-03 19:19:06,040 [INFO] PluginManager:220 - loadIPPluginJar : add usart
2023-07-03 19:19:06,071 [INFO] IPUIPlugin:80 - create IPUIPlugin
2023-07-03 19:19:06,071 [INFO] PluginManager:220 - loadIPPluginJar : add usbx
2023-07-03 19:19:06,206 [INFO] CADModel:165 - CPN selected for project level
2023-07-03 19:19:06,206 [INFO] CADModel:114 - Register for checkConnection events
2023-07-03 19:19:06,206 [FATAL] Updater:308 - Updater called before beeing initialized
2023-07-03 19:19:06,206 [ERROR] CADModel:125 - Updater not yet initialized, retry later 
2023-07-03 19:19:06,390 [INFO] CADModel:165 - CPN selected for project level
2023-07-03 19:19:06,390 [INFO] CADModel:114 - Register for checkConnection events
2023-07-03 19:19:06,390 [FATAL] Updater:308 - Updater called before beeing initialized
2023-07-03 19:19:06,390 [ERROR] CADModel:125 - Updater not yet initialized, retry later 
2023-07-03 19:19:06,396 [FATAL] Updater:308 - Updater called before beeing initialized
2023-07-03 19:19:06,569 [FATAL] Updater:308 - Updater called before beeing initialized
2023-07-03 19:19:06,585 [INFO] DbMcusAds:53 - JSON generation date=Tue Mar 07 09:50:55 CET 2023 (1678179055335)
2023-07-03 19:19:06,585 [FATAL] Updater:308 - Updater called before beeing initialized
2023-07-03 19:19:06,668 [WARN] DetailPanel:346 - Failed to get advertising image, set to default
2023-07-03 19:19:06,808 [INFO] ThirdPartyUpdaterWithRetryManager:70 - Updater plugin not ready yet. [2/15]
2023-07-03 19:19:06,823 [FATAL] Updater:308 - Updater called before beeing initialized
2023-07-03 19:19:06,823 [FATAL] Updater:308 - Updater called before beeing initialized
2023-07-03 19:19:06,823 [FATAL] Updater:308 - Updater called before beeing initialized
2023-07-03 19:19:06,823 [WARN] DetailPanel:346 - Failed to get advertising image, set to default
2023-07-03 19:19:06,823 [FATAL] Updater:308 - Updater called before beeing initialized
2023-07-03 19:19:06,902 [ERROR] Updater:1120 - MainUpdater not yet initialized. External WinMGr cannot be set.
2023-07-03 19:19:06,912 [INFO] Updater:1056 - Updater Version found : 6.8.0
2023-07-03 19:19:06,934 [INFO] ApplicationProperties:184 - Using Application install path: C:\ST\STM32CubeIDE_1.12.0\STM32CubeIDE\plugins\com.st.stm32cube.common.mx_6.8.0.202302231600
2023-07-03 19:19:07,061 [INFO] MainUpdater:2854 - connection check result : 10
2023-07-03 19:19:07,061 [INFO] MainUpdater:3548 - Updater definition file requires update
2023-07-03 19:19:07,061 [INFO] MainUpdater:283 - Updater Check For Update Now.
2023-07-03 19:19:07,071 [INFO] MicroXplorer:498 - Change Database Version : DB.6.0.80
2023-07-03 19:19:07,397 [INFO] ServerAccessManage:473 - Download File updaters.zip
2023-07-03 19:19:07,476 [INFO] FileExtend:240 - Unzip File : updaters.zip
2023-07-03 19:19:07,476 [INFO] FileExtend:255 - Standard Zip Deflate
2023-07-03 19:19:08,163 [INFO] ServerAccessManage:473 - Download File PacksControlFlags.xml
2023-07-03 19:19:08,528 [INFO] ServerAccessManage:473 - Download File cubemx.pidx
2023-07-03 19:19:08,898 [INFO] ServerAccessManage:473 - Download File STMicroelectronics.FP-SNS-MOTENV1.pdsc
2023-07-03 19:19:09,642 [INFO] ServerAccessManage:473 - Download File STMicroelectronics.X-CUBE-NFC7.pdsc
2023-07-03 19:19:09,816 [WARN] MainUpdater:1187 - Updater busy. Cannot search thirdparties
2023-07-03 19:19:09,816 [INFO] ThirdPartyUpdaterWithRetryManager:96 - Updater plugin is busy. [1/15]
2023-07-03 19:19:10,165 [INFO] ServerAccessManage:473 - Download File STMicroelectronics.X-CUBE-TOUCHGFX.pdsc
2023-07-03 19:19:12,817 [WARN] MainUpdater:1187 - Updater busy. Cannot search thirdparties
2023-07-03 19:19:12,817 [INFO] ThirdPartyUpdaterWithRetryManager:96 - Updater plugin is busy. [2/15]
2023-07-03 19:19:13,853 [INFO] ServerAccessManage:473 - Download File RoweBots.I-CUBE-UNISONRTOS.pdsc
2023-07-03 19:19:13,897 [ERROR] LogOutputStream:75 - [STDERR_REDIRECT] [Fatal Error] RoweBots.I-CUBE-UNISONRTOS.pdsc:1:3: The markup in the document preceding the root element must be well-formed.
2023-07-03 19:19:13,897 [ERROR] LogOutputStream:75 - [STDERR_REDIRECT] 
2023-07-03 19:19:13,897 [INFO] LogOutputStream:77 - [STDOUT_REDIRECT] The markup in the document preceding the root element must be well-formed.
2023-07-03 19:19:13,900 [ERROR] LogOutputStream:75 - [STDERR_REDIRECT] [Fatal Error] RoweBots.I-CUBE-UNISONRTOS.pdsc:1:3: The markup in the document preceding the root element must be well-formed.
2023-07-03 19:19:13,900 [ERROR] LogOutputStream:75 - [STDERR_REDIRECT] 
2023-07-03 19:19:13,900 [INFO] LogOutputStream:77 - [STDOUT_REDIRECT] The markup in the document preceding the root element must be well-formed.
2023-07-03 19:19:14,090 [WARN] PackLoader:240 - Cannot read IP mode file for STMicroelectronics.FP-SNS-MOTENV1.4.3.2
2023-07-03 19:19:14,116 [WARN] PackLoader:240 - Cannot read IP mode file for STMicroelectronics.X-CUBE-NFC7.1.0.1
2023-07-03 19:19:14,122 [WARN] PackLoader:240 - Cannot read IP mode file for STMicroelectronics.X-CUBE-TOUCHGFX.4.22.0
2023-07-03 19:19:14,132 [ERROR] LogOutputStream:75 - [STDERR_REDIRECT] [Fatal Error] RoweBots.I-CUBE-UNISONRTOS.pdsc:1:3: The markup in the document preceding the root element must be well-formed.
2023-07-03 19:19:14,132 [ERROR] LogOutputStream:75 - [STDERR_REDIRECT] 
2023-07-03 19:19:14,132 [INFO] LogOutputStream:77 - [STDOUT_REDIRECT] The markup in the document preceding the root element must be well-formed.
2023-07-03 19:19:14,132 [WARN] PopulateThirdPartyThread:106 - Error when creating pack: C:/Users/przem/.stm32cubemx/thirdparties/pdsc/RoweBots.I-CUBE-UNISONRTOS.pdsc
2023-07-03 19:19:14,132 [INFO] PopulateThirdPartyThread:66 - Ending populate Thread
2023-07-03 19:19:14,138 [INFO] ThirdParty:1030 - CMSIS Pack Vendor :STMicroelectronics FP-SNS-MOTENV1 4.3.2
2023-07-03 19:19:14,138 [INFO] ThirdParty:1030 - CMSIS Pack Vendor :STMicroelectronics X-CUBE-NFC7 1.0.1
2023-07-03 19:19:14,138 [INFO] ThirdParty:1030 - CMSIS Pack Vendor :STMicroelectronics X-CUBE-TOUCHGFX 4.22.0
2023-07-03 19:19:14,138 [INFO] LoadServerUpdatesThread:373 - End of LoadServerUpdate Thread
2023-07-03 19:19:14,233 [INFO] CheckServerUpdateThread:120 - End of CheckServer Thread
2023-07-03 19:19:14,328 [INFO] MainUpdater:2854 - connection check result : 10
2023-07-03 19:19:14,328 [INFO] MainUpdater:2854 - connection check result : 10
2023-07-03 19:19:14,534 [INFO] MicroXplorer:468 - Change Database Path : 
2023-07-03 19:19:14,534 [INFO] MicroXplorer:498 - Change Database Version : DB.6.0.80
2023-07-03 19:19:14,534 [WARN] ThirdParty:871 - waiting for thirdparty lock release [close project]
2023-07-03 19:19:15,970 [WARN] PackLoader:240 - Cannot read IP mode file for STMicroelectronics.X-CUBE-SMBUS.2.1.0
2023-07-03 19:19:16,018 [WARN] PackLoader:240 - Cannot read IP mode file for STMicroelectronics.X-CUBE-AZRTOS-F7.1.1.0
2023-07-03 19:19:16,034 [ERROR] RealEvaluatedCondition:428 - Found unsupported composite condition: CLASS='Data Exchange' GROUP='STM32_MetaDataManager'
2023-07-03 19:19:16,034 [ERROR] RealEvaluatedCondition:428 - Found unsupported composite condition: GROUP='STM32_MetaDataManager' CLASS='Data Exchange'
2023-07-03 19:19:16,034 [WARN] PackLoader:240 - Cannot read IP mode file for STMicroelectronics.FP-SNS-MOTENV1.4.3.0
2023-07-03 19:19:16,050 [WARN] PackLoader:240 - Cannot read IP mode file for STMicroelectronics.FP-SNS-MOTENV1.4.3.2
2023-07-03 19:19:16,065 [WARN] PackLoader:240 - Cannot read IP mode file for STMicroelectronics.FP-SNS-FLIGHT1.5.0.0
2023-07-03 19:19:16,081 [ERROR] RealEvaluatedCondition:428 - Found unsupported composite condition: CLASS='Data Exchange' GROUP='STM32_MetaDataManager'
2023-07-03 19:19:16,081 [ERROR] RealEvaluatedCondition:428 - Found unsupported composite condition: CLASS='Data Exchange' GROUP='STM32_MetaDataManager'
2023-07-03 19:19:16,081 [WARN] PackLoader:240 - Cannot read IP mode file for STMicroelectronics.FP-SNS-MOTENV1.4.3.1
2023-07-03 19:19:16,090 [WARN] PackLoader:240 - Cannot read IP mode file for STMicroelectronics.FP-SNS-FLIGHT1.5.0.1
2023-07-03 19:19:16,097 [WARN] PackLoader:240 - Cannot read IP mode file for STMicroelectronics.X-CUBE-BLE1.6.2.4
2023-07-03 19:19:16,129 [WARN] PackLoader:240 - Cannot read IP mode file for STMicroelectronics.X-CUBE-DISPLAY.3.0.0
2023-07-03 19:19:16,139 [WARN] PackLoader:240 - Cannot read IP mode file for STMicroelectronics.X-CUBE-TOUCHGFX.4.22.0
2023-07-03 19:19:16,161 [INFO] LogOutputStream:77 - [STDOUT_REDIRECT] 1 : Invalid condition id : UX_CORESTACK_Condition cause : null
2023-07-03 19:19:16,161 [INFO] LogOutputStream:77 - [STDOUT_REDIRECT] 1 : Invalid condition id : UX_CORESTACK_Condition cause : null
2023-07-03 19:19:16,161 [INFO] LogOutputStream:77 - [STDOUT_REDIRECT] 1 : Invalid condition id : UX_CORESTACK_Condition cause : null
2023-07-03 19:19:16,161 [INFO] LogOutputStream:77 - [STDOUT_REDIRECT] 1 : Invalid condition id : UX_CORESTACK_Condition cause : null
2023-07-03 19:19:16,161 [INFO] LogOutputStream:77 - [STDOUT_REDIRECT] 1 : Invalid condition id : UX_CORESTACK_Condition cause : null
2023-07-03 19:19:16,171 [WARN] PackLoader:240 - Cannot read IP mode file for STMicroelectronics.X-CUBE-AZRTOS-WL.2.0.0
2023-07-03 19:19:16,177 [WARN] PackLoader:240 - Cannot read IP mode file for WES.I-CUBE-Cesium.1.3.0
2023-07-03 19:19:16,193 [WARN] PackLoader:240 - Cannot read IP mode file for STMicroelectronics.X-CUBE-BLE2.3.3.0
2023-07-03 19:19:16,209 [WARN] PackLoader:240 - Cannot read IP mode file for STMicroelectronics.X-CUBE-TOUCHGFX.4.21.3
2023-07-03 19:19:16,219 [WARN] PackLoader:240 - Cannot read IP mode file for STMicroelectronics.X-CUBE-TOUCHGFX.4.21.4
2023-07-03 19:19:16,229 [WARN] PackLoader:240 - Cannot read IP mode file for STMicroelectronics.X-CUBE-ALGOBUILD.1.3.0
2023-07-03 19:19:16,267 [WARN] PackLoader:240 - Cannot read IP mode file for STMicroelectronics.X-CUBE-AZRTOS-G0.1.1.0
2023-07-03 19:19:16,273 [WARN] PackLoader:240 - Cannot read IP mode file for STMicroelectronics.X-CUBE-NFC4.3.0.0
2023-07-03 19:19:16,288 [WARN] PackLoader:240 - Cannot read IP mode file for STMicroelectronics.FP-ATR-SIGFOX1.3.2.0
2023-07-03 19:19:16,372 [WARN] PackLoader:240 - Cannot read IP mode file for STMicroelectronics.X-CUBE-MEMS1.9.5.0
2023-07-03 19:19:16,606 [WARN] PackLoader:240 - Cannot read IP mode file for SEGGER.I-CUBE-embOS.1.3.1
2023-07-03 19:19:16,655 [WARN] PackLoader:240 - Cannot read IP mode file for STMicroelectronics.X-CUBE-GNSS1.6.0.0
2023-07-03 19:19:16,702 [WARN] PackLoader:240 - Cannot read IP mode file for STMicroelectronics.X-CUBE-AZRTOS-F4.1.1.0
2023-07-03 19:19:16,722 [WARN] PackLoader:240 - Cannot read IP mode file for wolfSSL.I-CUBE-wolfSSL.5.6.0
2023-07-03 19:19:16,782 [WARN] PackLoader:240 - Cannot read IP mode file for STMicroelectronics.X-CUBE-MEMS1.9.6.0
2023-07-03 19:19:16,987 [WARN] PackLoader:240 - Cannot read IP mode file for emotas.I-CUBE-CANOPEN.1.1.3
2023-07-03 19:19:17,005 [WARN] PackLoader:240 - Cannot read IP mode file for STMicroelectronics.X-CUBE-BLEMGR.2.0.0
2023-07-03 19:19:17,051 [WARN] ConditionMgr:438 - getConditionDescription Invalid condition id : UX DEVICE CLASS RTOS Condition cause : null
2023-07-03 19:19:17,051 [WARN] ConditionMgr:438 - getConditionDescription Invalid condition id : UX DEVICE CLASS RTOS Condition cause : null
2023-07-03 19:19:17,051 [WARN] PackLoader:240 - Cannot read IP mode file for STMicroelectronics.X-CUBE-AZRTOS-H7.3.1.0
2023-07-03 19:19:17,051 [WARN] ConditionMgr:1039 - genDependencies : Invalid condition id : UX DEVICE CLASS RTOS Condition cause : null
2023-07-03 19:19:17,051 [WARN] ConditionMgr:1039 - genDependencies : Invalid condition id : UX DEVICE CLASS RTOS Condition cause : null
2023-07-03 19:19:17,051 [WARN] ConditionMgr:1039 - genDependencies : Invalid condition id : UX DEVICE CLASS RTOS Condition cause : null
2023-07-03 19:19:17,051 [WARN] ConditionMgr:1039 - genDependencies : Invalid condition id : UX DEVICE CLASS RTOS Condition cause : null
2023-07-03 19:19:17,051 [WARN] ConditionMgr:1039 - genDependencies : Invalid condition id : UX DEVICE CLASS RTOS Condition cause : null
2023-07-03 19:19:17,067 [WARN] PackLoader:240 - Cannot read IP mode file for STMicroelectronics.X-CUBE-NFC7.1.0.1
2023-07-03 19:19:17,082 [WARN] PackLoader:240 - Cannot read IP mode file for STMicroelectronics.X-CUBE-NFC7.1.0.0
2023-07-03 19:19:17,098 [WARN] PackLoader:240 - Cannot read IP mode file for STMicroelectronics.X-CUBE-EEPRMA1.4.1.0
2023-07-03 19:19:17,146 [WARN] ConditionMgr:438 - getConditionDescription Invalid condition id : LAN8742 Phy interface Condition cause : null
2023-07-03 19:19:17,146 [WARN] PackLoader:240 - Cannot read IP mode file for STMicroelectronics.X-CUBE-AZRTOS-L4.2.0.0
2023-07-03 19:19:17,146 [WARN] ConditionMgr:1039 - genDependencies : Invalid condition id : LAN8742 Phy interface Condition cause : null
2023-07-03 19:19:17,146 [WARN] ConditionMgr:1039 - genDependencies : Invalid condition id : LAN8742 Phy interface Condition cause : null
2023-07-03 19:19:17,146 [WARN] ConditionMgr:1039 - genDependencies : Invalid condition id : LAN8742 Phy interface Condition cause : null
2023-07-03 19:19:17,172 [WARN] PackLoader:240 - Cannot read IP mode file for STMicroelectronics.X-CUBE-SFXS2LP1.4.0.0
2023-07-03 19:19:17,209 [WARN] PackLoader:240 - Cannot read IP mode file for STMicroelectronics.X-CUBE-ISPU.1.1.0
2023-07-03 19:19:17,225 [WARN] PackLoader:240 - Cannot read IP mode file for STMicroelectronics.X-CUBE-AI.8.0.0
2023-07-03 19:19:17,273 [WARN] PackLoader:240 - Cannot read IP mode file for STMicroelectronics.X-CUBE-FREERTOS.1.0.1
2023-07-03 19:19:17,307 [WARN] PackLoader:240 - Cannot read IP mode file for STMicroelectronics.X-CUBE-AZRTOS-L5.1.1.0
2023-07-03 19:19:17,327 [WARN] PackLoader:240 - Cannot read IP mode file for STMicroelectronics.X-CUBE-AI.8.0.1
2023-07-03 19:19:17,352 [WARN] PackLoader:240 - Cannot read IP mode file for STMicroelectronics.X-CUBE-SUBG2.5.0.0
2023-07-03 19:19:17,400 [WARN] PackLoader:240 - Cannot read IP mode file for STMicroelectronics.X-CUBE-AZRTOS-G4.2.0.0
2023-07-03 19:19:17,415 [WARN] PackLoader:240 - Cannot read IP mode file for STMicroelectronics.X-CUBE-TOF1.3.3.0
2023-07-03 19:19:17,463 [WARN] PackLoader:240 - Cannot read IP mode file for STMicroelectronics.X-CUBE-AZRTOS-G4.1.0.0
2023-07-03 19:19:17,494 [WARN] PackLoader:240 - Cannot read IP mode file for STMicroelectronics.X-CUBE-AZRTOS-L4.1.0.0
2023-07-03 19:19:17,525 [WARN] PackLoader:240 - Cannot read IP mode file for STMicroelectronics.X-CUBE-AZRTOS-WL.1.0.0
2023-07-03 19:19:17,541 [WARN] PackLoader:240 - Cannot read IP mode file for portGmbH.I-Cube-SoM-uGOAL.1.1.0
2023-07-03 19:19:17,557 [WARN] PackLoader:240 - Cannot read IP mode file for STMicroelectronics.X-CUBE-ALS.1.0.1
2023-07-03 19:19:17,589 [WARN] PackLoader:240 - Cannot read IP mode file for STMicroelectronics.X-CUBE-AZRTOS-WB.1.1.0
2023-07-03 19:19:17,589 [WARN] PackLoader:240 - Cannot read IP mode file for STMicroelectronics.FP-ATR-ASTRA1.2.0.0
2023-07-03 19:19:17,589 [INFO] ThirdParty:978 - Integrity check success = true
2023-07-03 19:19:17,589 [INFO] IntegrityCheckThread:100 - exiting critical section [integrity check]
2023-07-03 19:19:17,589 [INFO] IntegrityCheckThread:103 - End integrity checks thread
2023-07-03 19:19:17,589 [INFO] ThirdParty:873 - entering critical section [close project]
2023-07-03 19:19:17,589 [INFO] ThirdParty:883 - exiting critical section [close project]
2023-07-03 19:19:17,589 [INFO] PinOutPanel:1499 - setPackage(No Configuration,No Configuration)
2023-07-03 19:19:17,605 [INFO] UtilMem:75 - Begin LoadConfig() Used Memory: 484477032 Bytes (696254464)
2023-07-03 19:19:17,605 [INFO] MicroXplorer:468 - Change Database Path : 
2023-07-03 19:19:17,605 [INFO] MicroXplorer:498 - Change Database Version : DB.6.0.80
2023-07-03 19:19:17,605 [INFO] OpenFileManager:308 - Change cursor
2023-07-03 19:19:17,649 [INFO] Mcu:1937 - Initializing MCU STM32L4P5R(G-E)Tx STM32L4P5RETx STM32L4P5RET6
2023-07-03 19:19:20,395 [INFO] Context:659 - Trying to add GPIOservice into a context  which must be forbidden
2023-07-03 19:19:21,649 [INFO] RtosManager:555 - Registered RTOS mode: class=CMSIS, group=RTOS, mode=CMSIS_V1, owner=FREERTOS
2023-07-03 19:19:21,649 [INFO] RtosManager:555 - Registered RTOS mode: class=CMSIS, group=RTOS2, mode=CMSIS_V2, owner=FREERTOS
2023-07-03 19:19:21,649 [INFO] RtosManager:555 - Registered RTOS mode: class=RTOS, group=Core, mode=CMSIS_V1, owner=FREERTOS
2023-07-03 19:19:21,649 [INFO] RtosManager:555 - Registered RTOS mode: class=RTOS, group=Core, mode=CMSIS_V2, owner=FREERTOS
2023-07-03 19:19:21,649 [WARN] ModelIntegratedComponent:184 - Missing modes for component STMicroelectronics:FreeRTOS:0.0.1:STMicroelectronics:RTOS:FreeRTOS:Core:::10.2.0:
2023-07-03 19:19:21,669 [WARN] ModelIntegratedComponent:63 - No mode defined for component null
2023-07-03 19:19:21,669 [WARN] ModelIntegratedComponent:63 - No mode defined for component null
2023-07-03 19:19:21,669 [WARN] ModelIntegratedComponent:63 - No mode defined for component null
2023-07-03 19:19:21,669 [WARN] ModelIntegratedComponent:63 - No mode defined for component null
2023-07-03 19:19:21,669 [WARN] ModelIntegratedComponent:63 - No mode defined for component null
2023-07-03 19:19:21,669 [WARN] ModelIntegratedComponent:63 - No mode defined for component null
2023-07-03 19:19:21,669 [WARN] ModelIntegratedComponent:63 - No mode defined for component null
2023-07-03 19:19:21,669 [WARN] ModelIntegratedComponent:63 - No mode defined for component null
2023-07-03 19:19:21,669 [WARN] ModelIntegratedComponent:63 - No mode defined for component null
2023-07-03 19:19:21,669 [WARN] ModelIntegratedComponent:63 - No mode defined for component null
2023-07-03 19:19:21,669 [WARN] ModelIntegratedComponent:63 - No mode defined for component null
2023-07-03 19:19:21,669 [WARN] ModelIntegratedComponent:63 - No mode defined for component null
2023-07-03 19:19:21,669 [WARN] ModelIntegratedComponent:63 - No mode defined for component null
2023-07-03 19:19:21,669 [WARN] ModelIntegratedComponent:63 - No mode defined for component null
2023-07-03 19:19:21,669 [WARN] ModelIntegratedComponent:63 - No mode defined for component null
2023-07-03 19:19:21,669 [WARN] ModelIntegratedComponent:63 - No mode defined for component null
2023-07-03 19:19:21,669 [WARN] ModelIntegratedComponent:63 - No mode defined for component null
2023-07-03 19:19:21,669 [WARN] ModelIntegratedComponent:63 - No mode defined for component null
2023-07-03 19:19:21,669 [WARN] ModelIntegratedComponent:63 - No mode defined for component null
2023-07-03 19:19:21,669 [WARN] ModelIntegratedComponent:63 - No mode defined for component null
2023-07-03 19:19:21,669 [WARN] ModelIntegratedComponent:63 - No mode defined for component null
2023-07-03 19:19:21,669 [WARN] ModelIntegratedComponent:63 - No mode defined for component null
2023-07-03 19:19:21,669 [WARN] ModelIntegratedComponent:63 - No mode defined for component null
2023-07-03 19:19:21,669 [WARN] ModelIntegratedComponent:63 - No mode defined for component null
2023-07-03 19:19:21,669 [WARN] ModelIntegratedComponent:63 - No mode defined for component null
2023-07-03 19:19:21,669 [WARN] ModelIntegratedComponent:63 - No mode defined for component null
2023-07-03 19:19:21,669 [WARN] ModelIntegratedComponent:63 - No mode defined for component null
2023-07-03 19:19:21,669 [WARN] ModelIntegratedComponent:63 - No mode defined for component null
2023-07-03 19:19:21,669 [WARN] ModelIntegratedComponent:63 - No mode defined for component null
2023-07-03 19:19:21,669 [WARN] ModelIntegratedComponent:63 - No mode defined for component null
2023-07-03 19:19:21,669 [WARN] ModelIntegratedComponent:63 - No mode defined for component null
2023-07-03 19:19:21,669 [WARN] ModelIntegratedComponent:63 - No mode defined for component null
2023-07-03 19:19:21,669 [WARN] ModelIntegratedComponent:63 - No mode defined for component null
2023-07-03 19:19:21,817 [INFO] ThirdPartyModel:298 - Start build external matchings
2023-07-03 19:19:22,299 [INFO] ThirdPartyModel:316 - End build external matchings
2023-07-03 19:19:22,330 [INFO] ImportTextPane:194 - (OptionalMessage_ERROR) IP (RCC) : Invalid parameter (FamilyName)
2023-07-03 19:19:22,330 [INFO] ImportTextPane:194 - (OptionalMessage_ERROR) IP (RCC) : Parameter (RNGFreq_Value) has invalid value (64000000)
2023-07-03 19:19:22,330 [INFO] ImportTextPane:194 - (OptionalMessage_ERROR) IP (RCC) : Parameter (USBFreq_Value) has invalid value (64000000)
2023-07-03 19:19:22,785 [INFO] UtilMem:75 - End LoadConfig() Used Memory: 477968184 Bytes (696254464)
2023-07-03 19:19:22,919 [INFO] ApiDb:581 - Connected to CubeFinder SQLite database (C:\Users\przem\.stmcufinder\plugins\mcufinder\mcu\cube-finder-db.db)
2023-07-03 19:19:22,998 [INFO] ApiDb:668 - CubeFinder database Data Model version=2.1
2023-07-03 19:19:22,998 [INFO] ApiDb:669 - CubeFinder database Configuration version=3.0.35
2023-07-03 19:19:22,998 [INFO] ApiDb:670 - CubeFinder database generation date=2023-05-12 (1683877179)
2023-07-03 19:19:22,998 [INFO] ApiDb:671 - CubeFinder database FW Pack versions=[FP-ATR-ASTRA1_V2.0.0, FP-SNS-FLIGHT1_V5.0.0, FP-SNS-MOTENV1_V4.3.0, STM32Cube_FW_C0_V1.0.1, STM32Cube_FW_F0_V1.11.4, STM32Cube_FW_F3_V1.11.4, STM32Cube_FW_F4_V1.27.1, STM32Cube_FW_F7_V1.17.0, STM32Cube_FW_G0_V1.6.1, STM32Cube_FW_G4_V1.5.1, STM32Cube_FW_H5_V0.5.1, STM32Cube_FW_H5_V1.0.0, STM32Cube_FW_H7_V1.11.0, STM32Cube_FW_L0_V1.12.2, STM32Cube_FW_L5_V1.5.0, STM32Cube_FW_U5_V1.2.0, STM32Cube_FW_WBA_V1.0.0, STM32Cube_FW_WBA_V1.0.0RC1, STM32Cube_FW_WBA_V1.0.0RC3, STM32Cube_FW_WB_V1.15.0RC1, STM32Cube_FW_WB_V1.16.0, STM32Cube_FW_WB_V1.16.0RC2, STM32Cube_FW_WL_V1.3.0, X-CUBE-ALGOBUILD_V1.3.0, X-CUBE-ALS_V1.0.1, X-CUBE-AZRTOS-F4_V1.1.0, X-CUBE-AZRTOS-F7_V1.1.0, X-CUBE-AZRTOS-G0_V1.1.0, X-CUBE-AZRTOS-G4_V2.0.0, X-CUBE-AZRTOS-H7_V3.1.0, X-CUBE-AZRTOS-L4_V1.0.0, X-CUBE-AZRTOS-L5_V1.1.0, X-CUBE-AZRTOS-WB_V1.1.0, X-CUBE-AZRTOS-WL_V1.0.0, X-CUBE-BLE1_V6.2.4, X-CUBE-BLE2_V3.3.0, X-CUBE-BLEMGR_V2.0.0, X-CUBE-EEPRMA1_V4.1.0, X-CUBE-FREERTOS_V1.0.1, X-CUBE-GNSS1_V6.0.0, X-CUBE-MEMS1_V9.1.0, X-CUBE-MEMS1_V9.4.0, X-CUBE-MEMS1_V9.6.0, X-CUBE-NFC4_V3.0.0, X-CUBE-NFC7_V1.0.0, X-CUBE-SFXS2LP1_V4.0.0, X-CUBE-SUBG2_V5.0.0]
2023-07-03 19:19:25,330 [INFO] ApiDb:240 - Found 297 in-development CPN: [B-G473E-ZEST1S, B-WB1M-WPAN1, B-WL5M-SUBG1, NUCLEO-C031C6, NUCLEO-H503RB, NUCLEO-H563ZI, NUCLEO-U545RE-Q, NUCLEO-U5A5ZJ-Q, NUCLEO-WBA52CG, STEVAL-PROTEUS1, STEVAL-STWINBX1, STM320518-EVAL, STM32C0116-DK, STM32C011D6Y3TR, STM32C011D6Y6TR, STM32C011F4P3, STM32C011F4P6, STM32C011F4U3, STM32C011F4U6TR, STM32C011F6P3, STM32C011F6P6, STM32C011F6U3, STM32C011F6U6TR, STM32C011J4M3, STM32C011J4M6, STM32C011J6M3, STM32C011J6M6, STM32C0316-DK, STM32C031C4T3, STM32C031C4T6, STM32C031C4U3, STM32C031C4U6, STM32C031C6T3, STM32C031C6T6, STM32C031C6U3, STM32C031C6U6, STM32C031F4P3, STM32C031F4P6, STM32C031F6P3, STM32C031F6P6, STM32C031G4U3, STM32C031G4U6, STM32C031G6U3, STM32C031G6U6, STM32C031K4T3, STM32C031K4T6, STM32C031K4U3, STM32C031K4U6, STM32C031K6T3, STM32C031K6T6, STM32C031K6U3, STM32C031K6U6, STM32G071K8TXN, STM32G071K8UXN, STM32G081GBU6N, STM32G081KBT6N, STM32G081KBUXN, STM32G0B1CCT6N, STM32G0B1KCT6, STM32G0B1NEY6TR, STM32G0B1RCT6N, STM32G0C1CCT6, STM32G0C1CCT6N, STM32G0C1CCU6N, STM32G0C1CET6N, STM32G0C1CEU6N, STM32G0C1KCT6, STM32G0C1NEY6TR, STM32G0C1RCI6N, STM32G0C1RCT6N, STM32G0C1REI6N, STM32G0C1RET6N, STM32G0C1VCI6, STM32G0C1VEI6, STM32G471CCT6, STM32G471CCU6, STM32G471CET3, STM32G471CET6, STM32G471CEU3, STM32G471CEU6, STM32G471MCT6, STM32G471MET3, STM32G471MET6, STM32G471MEY6TR, STM32G471QCT6, STM32G471QET3, STM32G471RCT6, STM32G471RET3, STM32G471RET6, STM32G471VCH6, STM32G471VCI6, STM32G471VCT6, STM32G471VEH3, STM32G471VEH6, STM32G471VEI3, STM32G471VEI6, STM32G471VET3, STM32G471VET6, STM32G474CCT6, STM32H503CBT6, STM32H503CBU6, STM32H503EBY6TR, STM32H503KBU6, STM32H503RBT6, STM32H562AGI6, STM32H562AII6, STM32H562IGK6, STM32H562IGT6, STM32H562IIK6, STM32H562IIT6, STM32H562RGT6, STM32H562RGV6, STM32H562RIT6, STM32H562RIV6, STM32H562VGT6, STM32H562VIT6, STM32H562ZGT6, STM32H562ZIT6, STM32H563AGI6, STM32H563AII3Q, STM32H563AII6, STM32H563IGK6, STM32H563IGT6, STM32H563IIK3Q, STM32H563IIK6, STM32H563IIT3Q, STM32H563IIT6, STM32H563MIY3QTR, STM32H563RGT6, STM32H563RGV6, STM32H563RIT6, STM32H563RIV6, STM32H563VGT6, STM32H563VIT3Q, STM32H563VIT6, STM32H563ZGT6, STM32H563ZIT3Q, STM32H563ZIT6, STM32H573AII3Q, STM32H573AII6, STM32H573I-DK, STM32H573IIK3Q, STM32H573IIK6, STM32H573IIT3Q, STM32H573IIT6, STM32H573MIY3QTR, STM32H573RIT6, STM32H573RIV6, STM32H573VIT3Q, STM32H573VIT6, STM32H573ZIT3Q, STM32H573ZIT6, STM32L4R5QGI6STR, STM32MP131AAE3, STM32MP131AAF3, STM32MP131AAG3, STM32MP131CAE3, STM32MP131CAF3, STM32MP131CAG3, STM32MP131DAE7, STM32MP131DAF7, STM32MP131DAG7, STM32MP131FAE7, STM32MP131FAF7, STM32MP131FAG7, STM32MP133AAE3, STM32MP133AAF3, STM32MP133AAG3, STM32MP133CAE3, STM32MP133CAF3, STM32MP133CAG3, STM32MP133DAE7, STM32MP133DAF7, STM32MP133DAG7, STM32MP133FAE7, STM32MP133FAF7, STM32MP133FAG7, STM32MP135AAE3, STM32MP135AAF3, STM32MP135AAG3, STM32MP135CAE3, STM32MP135CAF3, STM32MP135CAG3, STM32MP135DAE7, STM32MP135DAF7, STM32MP135DAG7, STM32MP135F-DK, STM32MP135FAE7, STM32MP135FAF7, STM32MP135FAF7T, STM32MP135FAF7U, STM32MP135FAG7, STM32U535CBT6, STM32U535CBT6Q, STM32U535CBU6, STM32U535CBU6Q, STM32U535CCT6, STM32U535CCT6Q, STM32U535CCU6, STM32U535CCU6Q, STM32U535CET6, STM32U535CET6Q, STM32U535CEU6, STM32U535CEU6Q, STM32U535JEY6QTR, STM32U535NCY6QTR, STM32U535NEY6QTR, STM32U535RBI6, STM32U535RBI6Q, STM32U535RBT6, STM32U535RBT6Q, STM32U535RCI6, STM32U535RCI6Q, STM32U535RCT6, STM32U535RCT6Q, STM32U535REI6, STM32U535REI6Q, STM32U535RET6, STM32U535RET6Q, STM32U535VCI6, STM32U535VCI6Q, STM32U535VCT6, STM32U535VCT6Q, STM32U535VEI6, STM32U535VEI6Q, STM32U535VET6, STM32U535VET6Q, STM32U545CET6, STM32U545CET6Q, STM32U545CEU6, STM32U545CEU6Q, STM32U545JEY6QTR, STM32U545NEY6QTR, STM32U545REI6, STM32U545REI6Q, STM32U545RET6, STM32U545RET6Q, STM32U545VEI6, STM32U545VEI6Q, STM32U545VET6, STM32U545VET6Q, STM32U595AIH6, STM32U595AIH6Q, STM32U595AJH6, STM32U595AJH6Q, STM32U595QII6, STM32U595QII6Q, STM32U595QJI6, STM32U595QJI6Q, STM32U595RIT6, STM32U595RIT6Q, STM32U595RJT6, STM32U595RJT6Q, STM32U595VIT6, STM32U595VIT6Q, STM32U595VJT6, STM32U595VJT6Q, STM32U595ZIT6, STM32U595ZIT6Q, STM32U595ZIY6QTR, STM32U595ZJT6, STM32U595ZJT6Q, STM32U595ZJY6QTR, STM32U599BJY6QTR, STM32U599NIH6Q, STM32U599NJH6Q, STM32U599VIT6Q, STM32U599VJT6, STM32U599VJT6Q, STM32U599ZIT6Q, STM32U599ZIY6QTR, STM32U599ZJT6Q, STM32U599ZJY6QTR, STM32U5A5AJH6, STM32U5A5AJH6Q, STM32U5A5QJI6, STM32U5A5QJI6Q, STM32U5A5RJT6, STM32U5A5RJT6Q, STM32U5A5VJT6, STM32U5A5VJT6Q, STM32U5A5ZJT6, STM32U5A5ZJT6Q, STM32U5A5ZJY6QTR, STM32U5A9BJY6QTR, STM32U5A9J-DK, STM32U5A9NJH6Q, STM32U5A9VJT6Q, STM32U5A9ZJT6Q, STM32U5A9ZJY6QTR, STM32WB1MMCH6, STM32WBA52CEU6, STM32WBA52CEU6T, STM32WBA52CGU6, STM32WBA52CGU6T, STM32WL5MOCH6, STM32WL5MOCH6TR]
2023-07-03 19:19:25,330 [INFO] DbMcus:216 - Found 3775 MCUs, 3775 are supported
2023-07-03 19:19:25,330 [INFO] ApiDb:423 - Load user favorites file C:\Users\przem/.stm32cubeide/favorites.mcus.txt: 0 item(s)
2023-07-03 19:19:25,330 [INFO] ApiDb:427 - User favorites MCUs=[]
2023-07-03 19:19:25,330 [INFO] DbMcus:222 - Set 0 / 0 favorites MCUs
2023-07-03 19:19:25,769 [WARN] ThirdParty:833 - waiting for thirdparty lock release [change project]
2023-07-03 19:19:25,769 [INFO] ThirdParty:835 - entering critical section [change project]
2023-07-03 19:19:25,769 [INFO] ThirdParty:1030 - CMSIS Pack Vendor :STMicroelectronics X-CUBE-ISPU 1.1.0
2023-07-03 19:19:25,769 [INFO] ThirdParty:1030 - CMSIS Pack Vendor :STMicroelectronics X-CUBE-GNSS1 6.0.0
2023-07-03 19:19:25,769 [INFO] ThirdParty:1030 - CMSIS Pack Vendor :STMicroelectronics USB_HOST 2.0.0
2023-07-03 19:19:25,769 [INFO] ThirdParty:1030 - CMSIS Pack Vendor :STMicroelectronics X-CUBE-AZRTOS-F4 1.1.0
2023-07-03 19:19:25,769 [INFO] ThirdParty:1030 - CMSIS Pack Vendor :STMicroelectronics LIBJPEG 8.0.0
2023-07-03 19:19:25,769 [INFO] ThirdParty:1030 - CMSIS Pack Vendor :STMicroelectronics X-CUBE-SMBUS 2.1.0
2023-07-03 19:19:25,769 [INFO] ThirdParty:1030 - CMSIS Pack Vendor :wolfSSL I-CUBE-wolfSSL 5.6.0
2023-07-03 19:19:25,769 [INFO] ThirdParty:1030 - CMSIS Pack Vendor :STMicroelectronics USB_DEVICE 3.0.0
2023-07-03 19:19:25,769 [INFO] ThirdParty:1030 - CMSIS Pack Vendor :STMicroelectronics X-CUBE-AI 8.0.0
2023-07-03 19:19:25,769 [INFO] ThirdParty:1030 - CMSIS Pack Vendor :STMicroelectronics X-CUBE-FREERTOS 1.0.1
2023-07-03 19:19:25,769 [INFO] ThirdParty:1030 - CMSIS Pack Vendor :STMicroelectronics X-CUBE-TOUCHGFX 4.21.3
2023-07-03 19:19:25,769 [INFO] ThirdParty:1030 - CMSIS Pack Vendor :STMicroelectronics X-CUBE-AZRTOS-F7 1.1.0
2023-07-03 19:19:25,769 [INFO] ThirdParty:1030 - CMSIS Pack Vendor :STMicroelectronics X-CUBE-TOUCHGFX 4.21.4
2023-07-03 19:19:25,769 [INFO] ThirdParty:1030 - CMSIS Pack Vendor :STMicroelectronics USB_DEVICE 2.0.0
2023-07-03 19:19:25,769 [INFO] ThirdParty:1030 - CMSIS Pack Vendor :STMicroelectronics X-CUBE-MEMS1 9.6.0
2023-07-03 19:19:25,769 [INFO] ThirdParty:1030 - CMSIS Pack Vendor :STMicroelectronics FP-SNS-MOTENV1 4.3.0
2023-07-03 19:19:25,769 [INFO] ThirdParty:1030 - CMSIS Pack Vendor :STMicroelectronics FP-SNS-MOTENV1 4.3.2
2023-07-03 19:19:25,769 [INFO] ThirdParty:1030 - CMSIS Pack Vendor :STMicroelectronics FP-SNS-FLIGHT1 5.0.0
2023-07-03 19:19:25,769 [INFO] ThirdParty:1030 - CMSIS Pack Vendor :STMicroelectronics FP-SNS-MOTENV1 4.3.1
2023-07-03 19:19:25,769 [INFO] ThirdParty:1030 - CMSIS Pack Vendor :STMicroelectronics FP-SNS-FLIGHT1 5.0.1
2023-07-03 19:19:25,769 [INFO] ThirdParty:1030 - CMSIS Pack Vendor :STMicroelectronics X-CUBE-ALGOBUILD 1.3.0
2023-07-03 19:19:25,769 [INFO] ThirdParty:1030 - CMSIS Pack Vendor :STMicroelectronics X-CUBE-BLE1 6.2.4
2023-07-03 19:19:25,774 [INFO] ThirdParty:1030 - CMSIS Pack Vendor :STMicroelectronics X-CUBE-AZRTOS-L5 1.1.0
2023-07-03 19:19:25,774 [INFO] ThirdParty:1030 - CMSIS Pack Vendor :STMicroelectronics FreeRTOS 0.0.1
2023-07-03 19:19:25,774 [INFO] ThirdParty:1030 - CMSIS Pack Vendor :STMicroelectronics X-CUBE-AZRTOS-G0 1.1.0
2023-07-03 19:19:25,774 [INFO] ThirdParty:1030 - CMSIS Pack Vendor :emotas I-CUBE-CANOPEN 1.1.3
2023-07-03 19:19:25,774 [INFO] ThirdParty:1030 - CMSIS Pack Vendor :STMicroelectronics X-CUBE-BLEMGR 2.0.0
2023-07-03 19:19:25,774 [INFO] ThirdParty:1030 - CMSIS Pack Vendor :STMicroelectronics X-CUBE-AI 8.0.1
2023-07-03 19:19:25,774 [INFO] ThirdParty:1030 - CMSIS Pack Vendor :STMicroelectronics X-CUBE-NFC4 3.0.0
2023-07-03 19:19:25,774 [INFO] ThirdParty:1030 - CMSIS Pack Vendor :STMicroelectronics X-CUBE-SUBG2 5.0.0
2023-07-03 19:19:25,774 [INFO] ThirdParty:1030 - CMSIS Pack Vendor :STMicroelectronics STM32_WPAN 1.0.0
2023-07-03 19:19:25,774 [INFO] ThirdParty:1030 - CMSIS Pack Vendor :STMicroelectronics lwIP 2.0.3
2023-07-03 19:19:25,774 [INFO] ThirdParty:1030 - CMSIS Pack Vendor :STMicroelectronics USB_HOST 1.0.0
2023-07-03 19:19:25,774 [INFO] ThirdParty:1030 - CMSIS Pack Vendor :STMicroelectronics X-CUBE-AZRTOS-G4 2.0.0
2023-07-03 19:19:25,774 [INFO] ThirdParty:1030 - CMSIS Pack Vendor :STMicroelectronics PDM2PCM 3.1.0
2023-07-03 19:19:25,774 [INFO] ThirdParty:1030 - CMSIS Pack Vendor :STMicroelectronics X-CUBE-AZRTOS-H7 3.1.0
2023-07-03 19:19:25,774 [INFO] ThirdParty:1030 - CMSIS Pack Vendor :STMicroelectronics X-CUBE-TOF1 3.3.0
2023-07-03 19:19:25,774 [INFO] ThirdParty:1030 - CMSIS Pack Vendor :STMicroelectronics PDM2PCM 3.3.0
2023-07-03 19:19:25,774 [INFO] ThirdParty:1030 - CMSIS Pack Vendor :STMicroelectronics X-CUBE-DISPLAY 3.0.0
2023-07-03 19:19:25,774 [INFO] ThirdParty:1030 - CMSIS Pack Vendor :STMicroelectronics FP-ATR-SIGFOX1 3.2.0
2023-07-03 19:19:25,774 [INFO] ThirdParty:1030 - CMSIS Pack Vendor :STMicroelectronics X-CUBE-AZRTOS-G4 1.0.0
2023-07-03 19:19:25,774 [INFO] ThirdParty:1030 - CMSIS Pack Vendor :STMicroelectronics X-CUBE-AZRTOS-L4 1.0.0
2023-07-03 19:19:25,774 [INFO] ThirdParty:1030 - CMSIS Pack Vendor :STMicroelectronics HAL Drivers 0.0.0
2023-07-03 19:19:25,774 [INFO] ThirdParty:1030 - CMSIS Pack Vendor :STMicroelectronics MBEDTLS 2.16.2
2023-07-03 19:19:25,774 [INFO] ThirdParty:1030 - CMSIS Pack Vendor :STMicroelectronics X-CUBE-TOUCHGFX 4.22.0
2023-07-03 19:19:25,774 [INFO] ThirdParty:1030 - CMSIS Pack Vendor :STMicroelectronics X-CUBE-NFC7 1.0.1
2023-07-03 19:19:25,774 [INFO] ThirdParty:1030 - CMSIS Pack Vendor :STMicroelectronics MBEDTLS 2.14.1
2023-07-03 19:19:25,774 [INFO] ThirdParty:1030 - CMSIS Pack Vendor :STMicroelectronics X-CUBE-NFC7 1.0.0
2023-07-03 19:19:25,774 [INFO] ThirdParty:1030 - CMSIS Pack Vendor :STMicroelectronics X-CUBE-AZRTOS-WL 1.0.0
2023-07-03 19:19:25,774 [INFO] ThirdParty:1030 - CMSIS Pack Vendor :STMicroelectronics X-CUBE-EEPRMA1 4.1.0
2023-07-03 19:19:25,774 [INFO] ThirdParty:1030 - CMSIS Pack Vendor :portGmbH I-Cube-SoM-uGOAL 1.1.0
2023-07-03 19:19:25,774 [INFO] ThirdParty:1030 - CMSIS Pack Vendor :STMicroelectronics X-CUBE-ALS 1.0.1
2023-07-03 19:19:25,774 [INFO] ThirdParty:1030 - CMSIS Pack Vendor :STMicroelectronics X-CUBE-MEMS1 9.5.0
2023-07-03 19:19:25,774 [INFO] ThirdParty:1030 - CMSIS Pack Vendor :STMicroelectronics ThreadX 1.0.0
2023-07-03 19:19:25,774 [INFO] ThirdParty:1030 - CMSIS Pack Vendor :STMicroelectronics X-CUBE-AZRTOS-WB 1.1.0
2023-07-03 19:19:25,774 [INFO] ThirdParty:1030 - CMSIS Pack Vendor :STMicroelectronics X-CUBE-AZRTOS-WL 2.0.0
2023-07-03 19:19:25,774 [INFO] ThirdParty:1030 - CMSIS Pack Vendor :SEGGER I-CUBE-embOS 1.3.1
2023-07-03 19:19:25,774 [INFO] ThirdParty:1030 - CMSIS Pack Vendor :STMicroelectronics USB_DEVICE 1.0.0
2023-07-03 19:19:25,774 [INFO] ThirdParty:1030 - CMSIS Pack Vendor :STMicroelectronics X-CUBE-AZRTOS-L4 2.0.0
2023-07-03 19:19:25,774 [INFO] ThirdParty:1030 - CMSIS Pack Vendor :STMicroelectronics ThreadX 0.0.2
2023-07-03 19:19:25,774 [INFO] ThirdParty:1030 - CMSIS Pack Vendor :WES I-CUBE-Cesium 1.3.0
2023-07-03 19:19:25,774 [INFO] ThirdParty:1030 - CMSIS Pack Vendor :STMicroelectronics FP-ATR-ASTRA1 2.0.0
2023-07-03 19:19:25,774 [INFO] ThirdParty:1030 - CMSIS Pack Vendor :STMicroelectronics lwIP 2.1.2
2023-07-03 19:19:25,774 [INFO] ThirdParty:1030 - CMSIS Pack Vendor :STMicroelectronics X-CUBE-SFXS2LP1 4.0.0
2023-07-03 19:19:25,774 [INFO] ThirdParty:1030 - CMSIS Pack Vendor :STMicroelectronics X-CUBE-BLE2 3.3.0
2023-07-03 19:19:25,774 [INFO] ThirdParty:1030 - CMSIS Pack Vendor :STMicroelectronics PDM2PCM 3.2.0
2023-07-03 19:19:25,774 [INFO] ThirdParty:841 - exiting critical section [change project]
2023-07-03 19:19:26,519 [INFO] PinOutPanel:1499 - setPackage(No Configuration,No Configuration)
2023-07-03 19:19:26,529 [INFO] PinOutPanel:1499 - setPackage(STM32L4P5RETx,LQFP64)
2023-07-03 19:19:27,755 [INFO] UtilMem:75 - Before build in PCC Used Memory: 498493440 Bytes (696254464)
2023-07-03 19:19:29,133 [INFO] UtilMem:75 - After build in PCC Used Memory: 545979264 Bytes (696254464)
2023-07-03 19:19:29,196 [INFO] IPUIPlugin:80 - create IPUIPlugin
2023-07-03 19:19:29,196 [INFO] IPUIPlugin:80 - create IPUIPlugin
2023-07-03 19:19:29,196 [INFO] IPUIPlugin:80 - create IPUIPlugin
2023-07-03 19:19:29,196 [INFO] IPUIPlugin:80 - create IPUIPlugin
2023-07-03 19:19:29,196 [INFO] IPUIPlugin:80 - create IPUIPlugin
2023-07-03 19:19:29,196 [INFO] IPUIPlugin:80 - create IPUIPlugin
2023-07-03 19:19:29,196 [INFO] IPUIPlugin:80 - create IPUIPlugin
2023-07-03 19:19:29,196 [INFO] IPUIPlugin:80 - create IPUIPlugin
2023-07-03 19:19:29,196 [INFO] IPUIPlugin:80 - create IPUIPlugin
2023-07-03 19:19:29,196 [INFO] IPUIPlugin:80 - create IPUIPlugin
2023-07-03 19:19:29,196 [INFO] IPUIPlugin:80 - create IPUIPlugin
2023-07-03 19:19:29,196 [INFO] IPUIPlugin:80 - create IPUIPlugin
2023-07-03 19:19:29,196 [INFO] IPUIPlugin:80 - create IPUIPlugin
2023-07-03 19:19:29,196 [INFO] IPUIPlugin:80 - create IPUIPlugin
2023-07-03 19:19:29,196 [INFO] IPUIPlugin:80 - create IPUIPlugin
2023-07-03 19:19:29,196 [INFO] IPUIPlugin:80 - create IPUIPlugin
2023-07-03 19:19:29,196 [INFO] IPUIPlugin:80 - create IPUIPlugin
2023-07-03 19:19:29,196 [INFO] IPUIPlugin:80 - create IPUIPlugin
2023-07-03 19:19:29,196 [INFO] IPUIPlugin:80 - create IPUIPlugin
2023-07-03 19:19:29,196 [INFO] IPUIPlugin:80 - create IPUIPlugin
2023-07-03 19:19:29,196 [INFO] IPUIPlugin:80 - create IPUIPlugin
2023-07-03 19:19:29,196 [INFO] IPUIPlugin:80 - create IPUIPlugin
2023-07-03 19:19:29,196 [INFO] IPUIPlugin:80 - create IPUIPlugin
2023-07-03 19:19:29,196 [INFO] IPUIPlugin:80 - create IPUIPlugin
2023-07-03 19:19:29,196 [INFO] IPUIPlugin:80 - create IPUIPlugin
2023-07-03 19:19:29,196 [INFO] IPUIPlugin:80 - create IPUIPlugin
2023-07-03 19:19:29,196 [INFO] IPUIPlugin:80 - create IPUIPlugin
2023-07-03 19:19:29,212 [INFO] IPUIPlugin:80 - create IPUIPlugin
2023-07-03 19:19:29,212 [INFO] IPUIPlugin:80 - create IPUIPlugin
2023-07-03 19:19:29,212 [INFO] IPUIPlugin:80 - create IPUIPlugin
2023-07-03 19:19:29,212 [INFO] IPUIPlugin:80 - create IPUIPlugin
2023-07-03 19:19:29,212 [INFO] IPUIPlugin:80 - create IPUIPlugin
2023-07-03 19:19:29,212 [INFO] IPUIPlugin:80 - create IPUIPlugin
2023-07-03 19:19:29,212 [INFO] IPUIPlugin:80 - create IPUIPlugin
2023-07-03 19:19:29,212 [INFO] IPUIPlugin:80 - create IPUIPlugin
2023-07-03 19:19:29,212 [INFO] IPUIPlugin:80 - create IPUIPlugin
2023-07-03 19:19:29,212 [INFO] IPUIPlugin:80 - create IPUIPlugin
2023-07-03 19:19:29,212 [INFO] IPUIPlugin:80 - create IPUIPlugin
2023-07-03 19:19:29,212 [INFO] IPUIPlugin:80 - create IPUIPlugin
2023-07-03 19:19:29,212 [INFO] IPUIPlugin:80 - create IPUIPlugin
2023-07-03 19:19:29,212 [INFO] IPUIPlugin:80 - create IPUIPlugin
2023-07-03 19:19:29,212 [INFO] IPUIPlugin:80 - create IPUIPlugin
2023-07-03 19:19:29,212 [INFO] IPUIPlugin:80 - create IPUIPlugin
2023-07-03 19:19:29,212 [INFO] IPUIPlugin:80 - create IPUIPlugin
2023-07-03 19:19:29,212 [INFO] IPUIPlugin:80 - create IPUIPlugin
2023-07-03 19:19:29,212 [INFO] IPUIPlugin:80 - create IPUIPlugin
2023-07-03 19:19:29,212 [INFO] IPUIPlugin:80 - create IPUIPlugin
2023-07-03 19:19:29,212 [INFO] IPUIPlugin:80 - create IPUIPlugin
2023-07-03 19:19:29,212 [INFO] IPUIPlugin:80 - create IPUIPlugin
2023-07-03 19:19:29,212 [INFO] IPUIPlugin:80 - create IPUIPlugin
2023-07-03 19:19:29,212 [INFO] IPUIPlugin:80 - create IPUIPlugin
2023-07-03 19:19:29,212 [INFO] IPUIPlugin:80 - create IPUIPlugin
2023-07-03 19:19:29,212 [INFO] IPUIPlugin:80 - create IPUIPlugin
2023-07-03 19:19:29,228 [INFO] IPUIPlugin:80 - create IPUIPlugin
2023-07-03 19:19:29,228 [INFO] IPUIPlugin:80 - create IPUIPlugin
2023-07-03 19:19:29,228 [INFO] IPUIPlugin:80 - create IPUIPlugin
2023-07-03 19:19:29,228 [INFO] IPUIPlugin:80 - create IPUIPlugin
2023-07-03 19:19:29,228 [INFO] IPUIPlugin:80 - create IPUIPlugin
2023-07-03 19:19:29,228 [INFO] IPUIPlugin:80 - create IPUIPlugin
2023-07-03 19:19:29,228 [INFO] IPUIPlugin:80 - create IPUIPlugin
2023-07-03 19:19:29,228 [INFO] IPUIPlugin:80 - create IPUIPlugin
2023-07-03 19:19:29,228 [INFO] IPUIPlugin:80 - create IPUIPlugin
2023-07-03 19:19:29,228 [INFO] IPUIPlugin:80 - create IPUIPlugin
2023-07-03 19:19:29,228 [INFO] IPUIPlugin:80 - create IPUIPlugin
2023-07-03 19:19:29,617 [INFO] CADModel:165 - CPN selected for project levelSTM32L4P5RET6
2023-07-03 19:19:29,617 [INFO] CADModel:114 - Register for checkConnection events
2023-07-03 19:19:29,686 [INFO] OpenFileManager:328 - Restore cursor
2023-07-03 19:20:02,166 [INFO] MainUpdater:2854 - connection check result : 10
2023-07-03 19:20:02,166 [INFO] MainUpdater:2854 - connection check result : 10
2023-07-03 19:20:02,352 [INFO] MicroXplorer:468 - Change Database Path : 
2023-07-03 19:20:02,352 [INFO] MicroXplorer:498 - Change Database Version : DB.6.0.80
2023-07-03 19:20:02,392 [WARN] ThirdParty:871 - waiting for thirdparty lock release [close project]
2023-07-03 19:20:02,392 [INFO] ThirdParty:873 - entering critical section [close project]
2023-07-03 19:20:02,392 [INFO] ThirdParty:883 - exiting critical section [close project]
2023-07-03 19:20:02,392 [INFO] PinOutPanel:1499 - setPackage(No Configuration,No Configuration)
2023-07-03 19:20:02,416 [INFO] UtilMem:75 - Begin LoadConfig() Used Memory: 574413168 Bytes (696254464)
2023-07-03 19:20:02,416 [INFO] MicroXplorer:468 - Change Database Path : C:/Users/przem/.stm32cubemx/databases/DB.6.0.70/db/
2023-07-03 19:20:02,416 [INFO] MicroXplorer:498 - Change Database Version : DB.6.0.70
2023-07-03 19:20:04,967 [INFO] OpenFileManager:308 - Change cursor
2023-07-03 19:20:04,991 [INFO] Mcu:1937 - Initializing MCU STM32F103R(8-B)Tx STM32F103R8Tx STM32F103R8T6
2023-07-03 19:20:05,735 [INFO] Context:659 - Trying to add GPIOservice into a context  which must be forbidden
2023-07-03 19:20:06,194 [INFO] RtosManager:555 - Registered RTOS mode: class=CMSIS, group=RTOS, mode=CMSIS_V1, owner=FREERTOS
2023-07-03 19:20:06,194 [INFO] RtosManager:555 - Registered RTOS mode: class=CMSIS, group=RTOS2, mode=CMSIS_V2, owner=FREERTOS
2023-07-03 19:20:06,194 [INFO] RtosManager:555 - Registered RTOS mode: class=RTOS, group=Core, mode=CMSIS_V1, owner=FREERTOS
2023-07-03 19:20:06,194 [INFO] RtosManager:555 - Registered RTOS mode: class=RTOS, group=Core, mode=CMSIS_V2, owner=FREERTOS
2023-07-03 19:20:06,194 [WARN] ModelIntegratedComponent:184 - Missing modes for component STMicroelectronics:FreeRTOS:0.0.1:STMicroelectronics:RTOS:FreeRTOS:Core:::10.2.0:
2023-07-03 19:20:06,209 [WARN] ModelIntegratedComponent:63 - No mode defined for component null
2023-07-03 19:20:06,209 [WARN] ModelIntegratedComponent:63 - No mode defined for component null
2023-07-03 19:20:06,209 [WARN] ModelIntegratedComponent:63 - No mode defined for component null
2023-07-03 19:20:06,209 [WARN] ModelIntegratedComponent:63 - No mode defined for component null
2023-07-03 19:20:06,209 [WARN] ModelIntegratedComponent:63 - No mode defined for component null
2023-07-03 19:20:06,209 [WARN] ModelIntegratedComponent:63 - No mode defined for component null
2023-07-03 19:20:06,209 [WARN] ModelIntegratedComponent:63 - No mode defined for component null
2023-07-03 19:20:06,209 [WARN] ModelIntegratedComponent:63 - No mode defined for component null
2023-07-03 19:20:06,219 [WARN] ModelIntegratedComponent:63 - No mode defined for component null
2023-07-03 19:20:06,219 [WARN] ModelIntegratedComponent:63 - No mode defined for component null
2023-07-03 19:20:06,219 [WARN] ModelIntegratedComponent:63 - No mode defined for component null
2023-07-03 19:20:06,219 [WARN] ModelIntegratedComponent:63 - No mode defined for component null
2023-07-03 19:20:06,219 [WARN] ModelIntegratedComponent:63 - No mode defined for component null
2023-07-03 19:20:06,219 [WARN] ModelIntegratedComponent:63 - No mode defined for component null
2023-07-03 19:20:06,219 [WARN] ModelIntegratedComponent:63 - No mode defined for component null
2023-07-03 19:20:06,219 [WARN] ModelIntegratedComponent:63 - No mode defined for component null
2023-07-03 19:20:06,219 [WARN] ModelIntegratedComponent:63 - No mode defined for component null
2023-07-03 19:20:06,219 [WARN] ModelIntegratedComponent:63 - No mode defined for component null
2023-07-03 19:20:06,219 [WARN] ModelIntegratedComponent:63 - No mode defined for component null
2023-07-03 19:20:06,219 [WARN] ModelIntegratedComponent:63 - No mode defined for component null
2023-07-03 19:20:06,219 [WARN] ModelIntegratedComponent:63 - No mode defined for component null
2023-07-03 19:20:06,219 [WARN] ModelIntegratedComponent:63 - No mode defined for component null
2023-07-03 19:20:06,219 [WARN] ModelIntegratedComponent:63 - No mode defined for component null
2023-07-03 19:20:06,219 [WARN] ModelIntegratedComponent:63 - No mode defined for component null
2023-07-03 19:20:06,219 [WARN] ModelIntegratedComponent:63 - No mode defined for component null
2023-07-03 19:20:06,219 [WARN] ModelIntegratedComponent:63 - No mode defined for component null
2023-07-03 19:20:06,219 [WARN] ModelIntegratedComponent:63 - No mode defined for component null
2023-07-03 19:20:06,219 [WARN] ModelIntegratedComponent:63 - No mode defined for component null
2023-07-03 19:20:06,219 [WARN] ModelIntegratedComponent:63 - No mode defined for component null
2023-07-03 19:20:06,219 [WARN] ModelIntegratedComponent:63 - No mode defined for component null
2023-07-03 19:20:06,219 [WARN] ModelIntegratedComponent:63 - No mode defined for component null
2023-07-03 19:20:06,219 [WARN] ModelIntegratedComponent:63 - No mode defined for component null
2023-07-03 19:20:06,219 [WARN] ModelIntegratedComponent:63 - No mode defined for component null
2023-07-03 19:20:06,399 [INFO] ThirdPartyModel:298 - Start build external matchings
2023-07-03 19:20:06,975 [INFO] ThirdPartyModel:316 - End build external matchings
2023-07-03 19:20:06,996 [INFO] ImportTextPane:194 - (OptionalMessage_ERROR) IP (DMA) : Parameter (Instance) has Id (ADC1) currently not set
2023-07-03 19:20:06,996 [INFO] ImportTextPane:194 - (OptionalMessage_ERROR) IP (DMA) : Parameter (Direction) has Id (ADC1) currently not set
2023-07-03 19:20:06,996 [INFO] ImportTextPane:194 - (OptionalMessage_ERROR) IP (DMA) : Parameter (PeriphInc) has Id (ADC1) currently not set
2023-07-03 19:20:06,996 [INFO] ImportTextPane:194 - (OptionalMessage_ERROR) IP (DMA) : Parameter (MemInc) has Id (ADC1) currently not set
2023-07-03 19:20:06,996 [INFO] ImportTextPane:194 - (OptionalMessage_ERROR) IP (DMA) : Parameter (PeriphDataAlignment) has Id (ADC1) currently not set
2023-07-03 19:20:06,996 [INFO] ImportTextPane:194 - (OptionalMessage_ERROR) IP (DMA) : Parameter (MemDataAlignment) has Id (ADC1) currently not set
2023-07-03 19:20:06,996 [INFO] ImportTextPane:194 - (OptionalMessage_ERROR) IP (DMA) : Parameter (Mode) has Id (ADC1) currently not set
2023-07-03 19:20:06,996 [INFO] ImportTextPane:194 - (OptionalMessage_ERROR) IP (DMA) : Parameter (Priority) has Id (ADC1) currently not set
2023-07-03 19:20:06,996 [INFO] ImportTextPane:194 - (OptionalMessage_ERROR) IP (RCC) : Parameter (MCOFreq_Value) has invalid value (72000000)
2023-07-03 19:20:06,996 [INFO] ImportTextPane:194 - (OptionalMessage_ERROR) IP (RCC) : Parameter (USBFreq_Value) has invalid value (72000000)
2023-07-03 19:20:07,256 [INFO] UtilMem:75 - End LoadConfig() Used Memory: 526188064 Bytes (696254464)
2023-07-03 19:20:07,448 [WARN] ThirdParty:833 - waiting for thirdparty lock release [change project]
2023-07-03 19:20:07,448 [INFO] ThirdParty:835 - entering critical section [change project]
2023-07-03 19:20:07,448 [INFO] ThirdParty:1030 - CMSIS Pack Vendor :STMicroelectronics X-CUBE-ISPU 1.1.0
2023-07-03 19:20:07,448 [INFO] ThirdParty:1030 - CMSIS Pack Vendor :STMicroelectronics X-CUBE-GNSS1 6.0.0
2023-07-03 19:20:07,448 [INFO] ThirdParty:1030 - CMSIS Pack Vendor :STMicroelectronics USB_HOST 2.0.0
2023-07-03 19:20:07,448 [INFO] ThirdParty:1030 - CMSIS Pack Vendor :STMicroelectronics X-CUBE-AZRTOS-F4 1.1.0
2023-07-03 19:20:07,448 [INFO] ThirdParty:1030 - CMSIS Pack Vendor :STMicroelectronics LIBJPEG 8.0.0
2023-07-03 19:20:07,448 [INFO] ThirdParty:1030 - CMSIS Pack Vendor :STMicroelectronics X-CUBE-SMBUS 2.1.0
2023-07-03 19:20:07,448 [INFO] ThirdParty:1030 - CMSIS Pack Vendor :wolfSSL I-CUBE-wolfSSL 5.6.0
2023-07-03 19:20:07,448 [INFO] ThirdParty:1030 - CMSIS Pack Vendor :STMicroelectronics USB_DEVICE 3.0.0
2023-07-03 19:20:07,448 [INFO] ThirdParty:1030 - CMSIS Pack Vendor :STMicroelectronics X-CUBE-AI 8.0.0
2023-07-03 19:20:07,448 [INFO] ThirdParty:1030 - CMSIS Pack Vendor :STMicroelectronics X-CUBE-FREERTOS 1.0.1
2023-07-03 19:20:07,448 [INFO] ThirdParty:1030 - CMSIS Pack Vendor :STMicroelectronics X-CUBE-TOUCHGFX 4.21.3
2023-07-03 19:20:07,448 [INFO] ThirdParty:1030 - CMSIS Pack Vendor :STMicroelectronics X-CUBE-AZRTOS-F7 1.1.0
2023-07-03 19:20:07,448 [INFO] ThirdParty:1030 - CMSIS Pack Vendor :STMicroelectronics X-CUBE-TOUCHGFX 4.21.4
2023-07-03 19:20:07,448 [INFO] ThirdParty:1030 - CMSIS Pack Vendor :STMicroelectronics USB_DEVICE 2.0.0
2023-07-03 19:20:07,448 [INFO] ThirdParty:1030 - CMSIS Pack Vendor :STMicroelectronics X-CUBE-MEMS1 9.6.0
2023-07-03 19:20:07,448 [INFO] ThirdParty:1030 - CMSIS Pack Vendor :STMicroelectronics FP-SNS-MOTENV1 4.3.0
2023-07-03 19:20:07,448 [INFO] ThirdParty:1030 - CMSIS Pack Vendor :STMicroelectronics FP-SNS-MOTENV1 4.3.2
2023-07-03 19:20:07,448 [INFO] ThirdParty:1030 - CMSIS Pack Vendor :STMicroelectronics FP-SNS-FLIGHT1 5.0.0
2023-07-03 19:20:07,448 [INFO] ThirdParty:1030 - CMSIS Pack Vendor :STMicroelectronics FP-SNS-MOTENV1 4.3.1
2023-07-03 19:20:07,448 [INFO] ThirdParty:1030 - CMSIS Pack Vendor :STMicroelectronics FP-SNS-FLIGHT1 5.0.1
2023-07-03 19:20:07,464 [INFO] ThirdParty:1030 - CMSIS Pack Vendor :STMicroelectronics X-CUBE-ALGOBUILD 1.3.0
2023-07-03 19:20:07,464 [INFO] ThirdParty:1030 - CMSIS Pack Vendor :STMicroelectronics X-CUBE-BLE1 6.2.4
2023-07-03 19:20:07,464 [INFO] ThirdParty:1030 - CMSIS Pack Vendor :STMicroelectronics X-CUBE-AZRTOS-L5 1.1.0
2023-07-03 19:20:07,464 [INFO] ThirdParty:1030 - CMSIS Pack Vendor :STMicroelectronics FreeRTOS 0.0.1
2023-07-03 19:20:07,464 [INFO] ThirdParty:1030 - CMSIS Pack Vendor :STMicroelectronics X-CUBE-AZRTOS-G0 1.1.0
2023-07-03 19:20:07,464 [INFO] ThirdParty:1030 - CMSIS Pack Vendor :emotas I-CUBE-CANOPEN 1.1.3
2023-07-03 19:20:07,464 [INFO] ThirdParty:1030 - CMSIS Pack Vendor :STMicroelectronics X-CUBE-BLEMGR 2.0.0
2023-07-03 19:20:07,464 [INFO] ThirdParty:1030 - CMSIS Pack Vendor :STMicroelectronics X-CUBE-AI 8.0.1
2023-07-03 19:20:07,464 [INFO] ThirdParty:1030 - CMSIS Pack Vendor :STMicroelectronics X-CUBE-NFC4 3.0.0
2023-07-03 19:20:07,464 [INFO] ThirdParty:1030 - CMSIS Pack Vendor :STMicroelectronics X-CUBE-SUBG2 5.0.0
2023-07-03 19:20:07,464 [INFO] ThirdParty:1030 - CMSIS Pack Vendor :STMicroelectronics STM32_WPAN 1.0.0
2023-07-03 19:20:07,464 [INFO] ThirdParty:1030 - CMSIS Pack Vendor :STMicroelectronics lwIP 2.0.3
2023-07-03 19:20:07,464 [INFO] ThirdParty:1030 - CMSIS Pack Vendor :STMicroelectronics USB_HOST 1.0.0
2023-07-03 19:20:07,464 [INFO] ThirdParty:1030 - CMSIS Pack Vendor :STMicroelectronics X-CUBE-AZRTOS-G4 2.0.0
2023-07-03 19:20:07,464 [INFO] ThirdParty:1030 - CMSIS Pack Vendor :STMicroelectronics PDM2PCM 3.1.0
2023-07-03 19:20:07,464 [INFO] ThirdParty:1030 - CMSIS Pack Vendor :STMicroelectronics X-CUBE-AZRTOS-H7 3.1.0
2023-07-03 19:20:07,464 [INFO] ThirdParty:1030 - CMSIS Pack Vendor :STMicroelectronics X-CUBE-TOF1 3.3.0
2023-07-03 19:20:07,464 [INFO] ThirdParty:1030 - CMSIS Pack Vendor :STMicroelectronics PDM2PCM 3.3.0
2023-07-03 19:20:07,464 [INFO] ThirdParty:1030 - CMSIS Pack Vendor :STMicroelectronics X-CUBE-DISPLAY 3.0.0
2023-07-03 19:20:07,464 [INFO] ThirdParty:1030 - CMSIS Pack Vendor :STMicroelectronics FP-ATR-SIGFOX1 3.2.0
2023-07-03 19:20:07,464 [INFO] ThirdParty:1030 - CMSIS Pack Vendor :STMicroelectronics X-CUBE-AZRTOS-G4 1.0.0
2023-07-03 19:20:07,464 [INFO] ThirdParty:1030 - CMSIS Pack Vendor :STMicroelectronics X-CUBE-AZRTOS-L4 1.0.0
2023-07-03 19:20:07,464 [INFO] ThirdParty:1030 - CMSIS Pack Vendor :STMicroelectronics HAL Drivers 0.0.0
2023-07-03 19:20:07,464 [INFO] ThirdParty:1030 - CMSIS Pack Vendor :STMicroelectronics MBEDTLS 2.16.2
2023-07-03 19:20:07,464 [INFO] ThirdParty:1030 - CMSIS Pack Vendor :STMicroelectronics X-CUBE-TOUCHGFX 4.22.0
2023-07-03 19:20:07,464 [INFO] ThirdParty:1030 - CMSIS Pack Vendor :STMicroelectronics X-CUBE-NFC7 1.0.1
2023-07-03 19:20:07,464 [INFO] ThirdParty:1030 - CMSIS Pack Vendor :STMicroelectronics MBEDTLS 2.14.1
2023-07-03 19:20:07,464 [INFO] ThirdParty:1030 - CMSIS Pack Vendor :STMicroelectronics X-CUBE-NFC7 1.0.0
2023-07-03 19:20:07,464 [INFO] ThirdParty:1030 - CMSIS Pack Vendor :STMicroelectronics X-CUBE-AZRTOS-WL 1.0.0
2023-07-03 19:20:07,464 [INFO] ThirdParty:1030 - CMSIS Pack Vendor :STMicroelectronics X-CUBE-EEPRMA1 4.1.0
2023-07-03 19:20:07,464 [INFO] ThirdParty:1030 - CMSIS Pack Vendor :portGmbH I-Cube-SoM-uGOAL 1.1.0
2023-07-03 19:20:07,464 [INFO] ThirdParty:1030 - CMSIS Pack Vendor :STMicroelectronics X-CUBE-ALS 1.0.1
2023-07-03 19:20:07,464 [INFO] ThirdParty:1030 - CMSIS Pack Vendor :STMicroelectronics X-CUBE-MEMS1 9.5.0
2023-07-03 19:20:07,464 [INFO] ThirdParty:1030 - CMSIS Pack Vendor :STMicroelectronics ThreadX 1.0.0
2023-07-03 19:20:07,464 [INFO] ThirdParty:1030 - CMSIS Pack Vendor :STMicroelectronics X-CUBE-AZRTOS-WB 1.1.0
2023-07-03 19:20:07,464 [INFO] ThirdParty:1030 - CMSIS Pack Vendor :STMicroelectronics X-CUBE-AZRTOS-WL 2.0.0
2023-07-03 19:20:07,464 [INFO] ThirdParty:1030 - CMSIS Pack Vendor :SEGGER I-CUBE-embOS 1.3.1
2023-07-03 19:20:07,464 [INFO] ThirdParty:1030 - CMSIS Pack Vendor :STMicroelectronics USB_DEVICE 1.0.0
2023-07-03 19:20:07,464 [INFO] ThirdParty:1030 - CMSIS Pack Vendor :STMicroelectronics X-CUBE-AZRTOS-L4 2.0.0
2023-07-03 19:20:07,464 [INFO] ThirdParty:1030 - CMSIS Pack Vendor :STMicroelectronics ThreadX 0.0.2
2023-07-03 19:20:07,464 [INFO] ThirdParty:1030 - CMSIS Pack Vendor :WES I-CUBE-Cesium 1.3.0
2023-07-03 19:20:07,464 [INFO] ThirdParty:1030 - CMSIS Pack Vendor :STMicroelectronics FP-ATR-ASTRA1 2.0.0
2023-07-03 19:20:07,464 [INFO] ThirdParty:1030 - CMSIS Pack Vendor :STMicroelectronics lwIP 2.1.2
2023-07-03 19:20:07,464 [INFO] ThirdParty:1030 - CMSIS Pack Vendor :STMicroelectronics X-CUBE-SFXS2LP1 4.0.0
2023-07-03 19:20:07,464 [INFO] ThirdParty:1030 - CMSIS Pack Vendor :STMicroelectronics X-CUBE-BLE2 3.3.0
2023-07-03 19:20:07,464 [INFO] ThirdParty:1030 - CMSIS Pack Vendor :STMicroelectronics PDM2PCM 3.2.0
2023-07-03 19:20:07,464 [INFO] ThirdParty:841 - exiting critical section [change project]
2023-07-03 19:20:07,654 [INFO] PinOutPanel:1499 - setPackage(No Configuration,No Configuration)
2023-07-03 19:20:07,670 [INFO] PinOutPanel:1499 - setPackage(STM32F103R8Tx,LQFP64)
2023-07-03 19:20:08,076 [INFO] UtilMem:75 - Before build in PCC Used Memory: 551041760 Bytes (696254464)
2023-07-03 19:20:08,477 [INFO] UtilMem:75 - After build in PCC Used Memory: 591986272 Bytes (696254464)
2023-07-03 19:20:08,524 [INFO] IPUIPlugin:80 - create IPUIPlugin
2023-07-03 19:20:08,524 [INFO] IPUIPlugin:80 - create IPUIPlugin
2023-07-03 19:20:08,524 [INFO] IPUIPlugin:80 - create IPUIPlugin
2023-07-03 19:20:08,540 [INFO] IPUIPlugin:80 - create IPUIPlugin
2023-07-03 19:20:08,540 [INFO] IPUIPlugin:80 - create IPUIPlugin
2023-07-03 19:20:08,540 [INFO] IPUIPlugin:80 - create IPUIPlugin
2023-07-03 19:20:08,540 [INFO] IPUIPlugin:80 - create IPUIPlugin
2023-07-03 19:20:08,540 [INFO] IPUIPlugin:80 - create IPUIPlugin
2023-07-03 19:20:08,540 [INFO] IPUIPlugin:80 - create IPUIPlugin
2023-07-03 19:20:08,540 [INFO] IPUIPlugin:80 - create IPUIPlugin
2023-07-03 19:20:08,540 [INFO] IPUIPlugin:80 - create IPUIPlugin
2023-07-03 19:20:08,540 [INFO] IPUIPlugin:80 - create IPUIPlugin
2023-07-03 19:20:08,540 [INFO] IPUIPlugin:80 - create IPUIPlugin
2023-07-03 19:20:08,540 [INFO] IPUIPlugin:80 - create IPUIPlugin
2023-07-03 19:20:08,540 [INFO] IPUIPlugin:80 - create IPUIPlugin
2023-07-03 19:20:08,540 [INFO] IPUIPlugin:80 - create IPUIPlugin
2023-07-03 19:20:08,540 [INFO] IPUIPlugin:80 - create IPUIPlugin
2023-07-03 19:20:08,540 [INFO] IPUIPlugin:80 - create IPUIPlugin
2023-07-03 19:20:08,540 [INFO] IPUIPlugin:80 - create IPUIPlugin
2023-07-03 19:20:08,540 [INFO] IPUIPlugin:80 - create IPUIPlugin
2023-07-03 19:20:08,540 [INFO] IPUIPlugin:80 - create IPUIPlugin
2023-07-03 19:20:08,540 [INFO] IPUIPlugin:80 - create IPUIPlugin
2023-07-03 19:20:08,540 [INFO] IPUIPlugin:80 - create IPUIPlugin
2023-07-03 19:20:08,540 [INFO] IPUIPlugin:80 - create IPUIPlugin
2023-07-03 19:20:08,540 [INFO] IPUIPlugin:80 - create IPUIPlugin
2023-07-03 19:20:08,540 [INFO] IPUIPlugin:80 - create IPUIPlugin
2023-07-03 19:20:08,540 [INFO] IPUIPlugin:80 - create IPUIPlugin
2023-07-03 19:20:08,556 [INFO] Can:71 - Can Add PropertyChangeListener com.st.microxplorer.plugins.ip.can.Can@68479459
2023-07-03 19:20:08,667 [INFO] CADModel:165 - CPN selected for project levelSTM32F103R8T6
2023-07-03 19:20:08,667 [INFO] CADModel:114 - Register for checkConnection events
2023-07-03 19:20:08,730 [INFO] OpenFileManager:328 - Restore cursor
2023-07-03 19:20:12,605 [INFO] MainUpdater:2854 - connection check result : 10
2023-07-03 19:20:12,605 [INFO] MainUpdater:2854 - connection check result : 10
2023-07-03 19:20:12,700 [INFO] MicroXplorer:468 - Change Database Path : 
2023-07-03 19:20:12,700 [INFO] MicroXplorer:498 - Change Database Version : DB.6.0.80
2023-07-03 19:20:12,731 [WARN] ThirdParty:871 - waiting for thirdparty lock release [close project]
2023-07-03 19:20:12,731 [INFO] ThirdParty:873 - entering critical section [close project]
2023-07-03 19:20:12,731 [INFO] ThirdParty:883 - exiting critical section [close project]
2023-07-03 19:20:12,731 [INFO] PinOutPanel:1499 - setPackage(No Configuration,No Configuration)
2023-07-03 19:20:12,731 [INFO] UtilMem:75 - Begin LoadConfig() Used Memory: 544295728 Bytes (696254464)
2023-07-03 19:20:12,731 [INFO] MicroXplorer:468 - Change Database Path : 
2023-07-03 19:20:12,731 [INFO] MicroXplorer:498 - Change Database Version : DB.6.0.80
2023-07-03 19:20:12,731 [INFO] OpenFileManager:308 - Change cursor
2023-07-03 19:20:12,747 [INFO] Mcu:1937 - Initializing MCU STM32L4P5R(G-E)Tx STM32L4P5RETx STM32L4P5RET6
2023-07-03 19:20:15,382 [INFO] Context:659 - Trying to add GPIOservice into a context  which must be forbidden
2023-07-03 19:20:15,921 [INFO] RtosManager:555 - Registered RTOS mode: class=CMSIS, group=RTOS, mode=CMSIS_V1, owner=FREERTOS
2023-07-03 19:20:15,921 [INFO] RtosManager:555 - Registered RTOS mode: class=CMSIS, group=RTOS2, mode=CMSIS_V2, owner=FREERTOS
2023-07-03 19:20:15,921 [INFO] RtosManager:555 - Registered RTOS mode: class=RTOS, group=Core, mode=CMSIS_V1, owner=FREERTOS
2023-07-03 19:20:15,921 [INFO] RtosManager:555 - Registered RTOS mode: class=RTOS, group=Core, mode=CMSIS_V2, owner=FREERTOS
2023-07-03 19:20:15,921 [WARN] ModelIntegratedComponent:184 - Missing modes for component STMicroelectronics:FreeRTOS:0.0.1:STMicroelectronics:RTOS:FreeRTOS:Core:::10.2.0:
2023-07-03 19:20:15,937 [WARN] ModelIntegratedComponent:63 - No mode defined for component null
2023-07-03 19:20:15,937 [WARN] ModelIntegratedComponent:63 - No mode defined for component null
2023-07-03 19:20:15,937 [WARN] ModelIntegratedComponent:63 - No mode defined for component null
2023-07-03 19:20:15,937 [WARN] ModelIntegratedComponent:63 - No mode defined for component null
2023-07-03 19:20:15,937 [WARN] ModelIntegratedComponent:63 - No mode defined for component null
2023-07-03 19:20:15,937 [WARN] ModelIntegratedComponent:63 - No mode defined for component null
2023-07-03 19:20:15,937 [WARN] ModelIntegratedComponent:63 - No mode defined for component null
2023-07-03 19:20:15,937 [WARN] ModelIntegratedComponent:63 - No mode defined for component null
2023-07-03 19:20:15,937 [WARN] ModelIntegratedComponent:63 - No mode defined for component null
2023-07-03 19:20:15,937 [WARN] ModelIntegratedComponent:63 - No mode defined for component null
2023-07-03 19:20:15,937 [WARN] ModelIntegratedComponent:63 - No mode defined for component null
2023-07-03 19:20:15,937 [WARN] ModelIntegratedComponent:63 - No mode defined for component null
2023-07-03 19:20:15,937 [WARN] ModelIntegratedComponent:63 - No mode defined for component null
2023-07-03 19:20:15,937 [WARN] ModelIntegratedComponent:63 - No mode defined for component null
2023-07-03 19:20:15,937 [WARN] ModelIntegratedComponent:63 - No mode defined for component null
2023-07-03 19:20:15,937 [WARN] ModelIntegratedComponent:63 - No mode defined for component null
2023-07-03 19:20:15,937 [WARN] ModelIntegratedComponent:63 - No mode defined for component null
2023-07-03 19:20:15,937 [WARN] ModelIntegratedComponent:63 - No mode defined for component null
2023-07-03 19:20:15,937 [WARN] ModelIntegratedComponent:63 - No mode defined for component null
2023-07-03 19:20:15,937 [WARN] ModelIntegratedComponent:63 - No mode defined for component null
2023-07-03 19:20:15,937 [WARN] ModelIntegratedComponent:63 - No mode defined for component null
2023-07-03 19:20:15,937 [WARN] ModelIntegratedComponent:63 - No mode defined for component null
2023-07-03 19:20:15,937 [WARN] ModelIntegratedComponent:63 - No mode defined for component null
2023-07-03 19:20:15,937 [WARN] ModelIntegratedComponent:63 - No mode defined for component null
2023-07-03 19:20:15,937 [WARN] ModelIntegratedComponent:63 - No mode defined for component null
2023-07-03 19:20:15,937 [WARN] ModelIntegratedComponent:63 - No mode defined for component null
2023-07-03 19:20:15,937 [WARN] ModelIntegratedComponent:63 - No mode defined for component null
2023-07-03 19:20:15,937 [WARN] ModelIntegratedComponent:63 - No mode defined for component null
2023-07-03 19:20:15,937 [WARN] ModelIntegratedComponent:63 - No mode defined for component null
2023-07-03 19:20:15,937 [WARN] ModelIntegratedComponent:63 - No mode defined for component null
2023-07-03 19:20:15,937 [WARN] ModelIntegratedComponent:63 - No mode defined for component null
2023-07-03 19:20:15,937 [WARN] ModelIntegratedComponent:63 - No mode defined for component null
2023-07-03 19:20:15,937 [WARN] ModelIntegratedComponent:63 - No mode defined for component null
2023-07-03 19:20:16,032 [INFO] ThirdPartyModel:298 - Start build external matchings
2023-07-03 19:20:16,810 [INFO] ThirdPartyModel:316 - End build external matchings
2023-07-03 19:20:16,821 [INFO] ImportTextPane:194 - (OptionalMessage_ERROR) IP (RCC) : Invalid parameter (FamilyName)
2023-07-03 19:20:16,821 [INFO] ImportTextPane:194 - (OptionalMessage_ERROR) IP (RCC) : Parameter (RNGFreq_Value) has invalid value (64000000)
2023-07-03 19:20:16,821 [INFO] ImportTextPane:194 - (OptionalMessage_ERROR) IP (RCC) : Parameter (USBFreq_Value) has invalid value (64000000)
2023-07-03 19:20:17,230 [INFO] UtilMem:75 - End LoadConfig() Used Memory: 583026768 Bytes (696254464)
2023-07-03 19:20:17,267 [WARN] ThirdParty:833 - waiting for thirdparty lock release [change project]
2023-07-03 19:20:17,267 [INFO] ThirdParty:835 - entering critical section [change project]
2023-07-03 19:20:17,267 [INFO] ThirdParty:1030 - CMSIS Pack Vendor :STMicroelectronics X-CUBE-ISPU 1.1.0
2023-07-03 19:20:17,267 [INFO] ThirdParty:1030 - CMSIS Pack Vendor :STMicroelectronics X-CUBE-GNSS1 6.0.0
2023-07-03 19:20:17,267 [INFO] ThirdParty:1030 - CMSIS Pack Vendor :STMicroelectronics USB_HOST 2.0.0
2023-07-03 19:20:17,267 [INFO] ThirdParty:1030 - CMSIS Pack Vendor :STMicroelectronics X-CUBE-AZRTOS-F4 1.1.0
2023-07-03 19:20:17,267 [INFO] ThirdParty:1030 - CMSIS Pack Vendor :STMicroelectronics LIBJPEG 8.0.0
2023-07-03 19:20:17,267 [INFO] ThirdParty:1030 - CMSIS Pack Vendor :STMicroelectronics X-CUBE-SMBUS 2.1.0
2023-07-03 19:20:17,267 [INFO] ThirdParty:1030 - CMSIS Pack Vendor :wolfSSL I-CUBE-wolfSSL 5.6.0
2023-07-03 19:20:17,267 [INFO] ThirdParty:1030 - CMSIS Pack Vendor :STMicroelectronics USB_DEVICE 3.0.0
2023-07-03 19:20:17,267 [INFO] ThirdParty:1030 - CMSIS Pack Vendor :STMicroelectronics X-CUBE-AI 8.0.0
2023-07-03 19:20:17,267 [INFO] ThirdParty:1030 - CMSIS Pack Vendor :STMicroelectronics X-CUBE-FREERTOS 1.0.1
2023-07-03 19:20:17,267 [INFO] ThirdParty:1030 - CMSIS Pack Vendor :STMicroelectronics X-CUBE-TOUCHGFX 4.21.3
2023-07-03 19:20:17,267 [INFO] ThirdParty:1030 - CMSIS Pack Vendor :STMicroelectronics X-CUBE-AZRTOS-F7 1.1.0
2023-07-03 19:20:17,267 [INFO] ThirdParty:1030 - CMSIS Pack Vendor :STMicroelectronics X-CUBE-TOUCHGFX 4.21.4
2023-07-03 19:20:17,267 [INFO] ThirdParty:1030 - CMSIS Pack Vendor :STMicroelectronics USB_DEVICE 2.0.0
2023-07-03 19:20:17,267 [INFO] ThirdParty:1030 - CMSIS Pack Vendor :STMicroelectronics X-CUBE-MEMS1 9.6.0
2023-07-03 19:20:17,267 [INFO] ThirdParty:1030 - CMSIS Pack Vendor :STMicroelectronics FP-SNS-MOTENV1 4.3.0
2023-07-03 19:20:17,267 [INFO] ThirdParty:1030 - CMSIS Pack Vendor :STMicroelectronics FP-SNS-MOTENV1 4.3.2
2023-07-03 19:20:17,267 [INFO] ThirdParty:1030 - CMSIS Pack Vendor :STMicroelectronics FP-SNS-FLIGHT1 5.0.0
2023-07-03 19:20:17,267 [INFO] ThirdParty:1030 - CMSIS Pack Vendor :STMicroelectronics FP-SNS-MOTENV1 4.3.1
2023-07-03 19:20:17,267 [INFO] ThirdParty:1030 - CMSIS Pack Vendor :STMicroelectronics FP-SNS-FLIGHT1 5.0.1
2023-07-03 19:20:17,267 [INFO] ThirdParty:1030 - CMSIS Pack Vendor :STMicroelectronics X-CUBE-ALGOBUILD 1.3.0
2023-07-03 19:20:17,267 [INFO] ThirdParty:1030 - CMSIS Pack Vendor :STMicroelectronics X-CUBE-BLE1 6.2.4
2023-07-03 19:20:17,267 [INFO] ThirdParty:1030 - CMSIS Pack Vendor :STMicroelectronics X-CUBE-AZRTOS-L5 1.1.0
2023-07-03 19:20:17,267 [INFO] ThirdParty:1030 - CMSIS Pack Vendor :STMicroelectronics FreeRTOS 0.0.1
2023-07-03 19:20:17,279 [INFO] ThirdParty:1030 - CMSIS Pack Vendor :STMicroelectronics X-CUBE-AZRTOS-G0 1.1.0
2023-07-03 19:20:17,279 [INFO] ThirdParty:1030 - CMSIS Pack Vendor :emotas I-CUBE-CANOPEN 1.1.3
2023-07-03 19:20:17,279 [INFO] ThirdParty:1030 - CMSIS Pack Vendor :STMicroelectronics X-CUBE-BLEMGR 2.0.0
2023-07-03 19:20:17,279 [INFO] ThirdParty:1030 - CMSIS Pack Vendor :STMicroelectronics X-CUBE-AI 8.0.1
2023-07-03 19:20:17,279 [INFO] ThirdParty:1030 - CMSIS Pack Vendor :STMicroelectronics X-CUBE-NFC4 3.0.0
2023-07-03 19:20:17,279 [INFO] ThirdParty:1030 - CMSIS Pack Vendor :STMicroelectronics X-CUBE-SUBG2 5.0.0
2023-07-03 19:20:17,279 [INFO] ThirdParty:1030 - CMSIS Pack Vendor :STMicroelectronics STM32_WPAN 1.0.0
2023-07-03 19:20:17,279 [INFO] ThirdParty:1030 - CMSIS Pack Vendor :STMicroelectronics lwIP 2.0.3
2023-07-03 19:20:17,279 [INFO] ThirdParty:1030 - CMSIS Pack Vendor :STMicroelectronics USB_HOST 1.0.0
2023-07-03 19:20:17,279 [INFO] ThirdParty:1030 - CMSIS Pack Vendor :STMicroelectronics X-CUBE-AZRTOS-G4 2.0.0
2023-07-03 19:20:17,279 [INFO] ThirdParty:1030 - CMSIS Pack Vendor :STMicroelectronics PDM2PCM 3.1.0
2023-07-03 19:20:17,279 [INFO] ThirdParty:1030 - CMSIS Pack Vendor :STMicroelectronics X-CUBE-AZRTOS-H7 3.1.0
2023-07-03 19:20:17,279 [INFO] ThirdParty:1030 - CMSIS Pack Vendor :STMicroelectronics X-CUBE-TOF1 3.3.0
2023-07-03 19:20:17,279 [INFO] ThirdParty:1030 - CMSIS Pack Vendor :STMicroelectronics PDM2PCM 3.3.0
2023-07-03 19:20:17,279 [INFO] ThirdParty:1030 - CMSIS Pack Vendor :STMicroelectronics X-CUBE-DISPLAY 3.0.0
2023-07-03 19:20:17,279 [INFO] ThirdParty:1030 - CMSIS Pack Vendor :STMicroelectronics FP-ATR-SIGFOX1 3.2.0
2023-07-03 19:20:17,279 [INFO] ThirdParty:1030 - CMSIS Pack Vendor :STMicroelectronics X-CUBE-AZRTOS-G4 1.0.0
2023-07-03 19:20:17,279 [INFO] ThirdParty:1030 - CMSIS Pack Vendor :STMicroelectronics X-CUBE-AZRTOS-L4 1.0.0
2023-07-03 19:20:17,279 [INFO] ThirdParty:1030 - CMSIS Pack Vendor :STMicroelectronics HAL Drivers 0.0.0
2023-07-03 19:20:17,279 [INFO] ThirdParty:1030 - CMSIS Pack Vendor :STMicroelectronics MBEDTLS 2.16.2
2023-07-03 19:20:17,279 [INFO] ThirdParty:1030 - CMSIS Pack Vendor :STMicroelectronics X-CUBE-TOUCHGFX 4.22.0
2023-07-03 19:20:17,279 [INFO] ThirdParty:1030 - CMSIS Pack Vendor :STMicroelectronics X-CUBE-NFC7 1.0.1
2023-07-03 19:20:17,279 [INFO] ThirdParty:1030 - CMSIS Pack Vendor :STMicroelectronics MBEDTLS 2.14.1
2023-07-03 19:20:17,279 [INFO] ThirdParty:1030 - CMSIS Pack Vendor :STMicroelectronics X-CUBE-NFC7 1.0.0
2023-07-03 19:20:17,279 [INFO] ThirdParty:1030 - CMSIS Pack Vendor :STMicroelectronics X-CUBE-AZRTOS-WL 1.0.0
2023-07-03 19:20:17,279 [INFO] ThirdParty:1030 - CMSIS Pack Vendor :STMicroelectronics X-CUBE-EEPRMA1 4.1.0
2023-07-03 19:20:17,279 [INFO] ThirdParty:1030 - CMSIS Pack Vendor :portGmbH I-Cube-SoM-uGOAL 1.1.0
2023-07-03 19:20:17,279 [INFO] ThirdParty:1030 - CMSIS Pack Vendor :STMicroelectronics X-CUBE-ALS 1.0.1
2023-07-03 19:20:17,279 [INFO] ThirdParty:1030 - CMSIS Pack Vendor :STMicroelectronics X-CUBE-MEMS1 9.5.0
2023-07-03 19:20:17,279 [INFO] ThirdParty:1030 - CMSIS Pack Vendor :STMicroelectronics ThreadX 1.0.0
2023-07-03 19:20:17,279 [INFO] ThirdParty:1030 - CMSIS Pack Vendor :STMicroelectronics X-CUBE-AZRTOS-WB 1.1.0
2023-07-03 19:20:17,279 [INFO] ThirdParty:1030 - CMSIS Pack Vendor :STMicroelectronics X-CUBE-AZRTOS-WL 2.0.0
2023-07-03 19:20:17,279 [INFO] ThirdParty:1030 - CMSIS Pack Vendor :SEGGER I-CUBE-embOS 1.3.1
2023-07-03 19:20:17,279 [INFO] ThirdParty:1030 - CMSIS Pack Vendor :STMicroelectronics USB_DEVICE 1.0.0
2023-07-03 19:20:17,279 [INFO] ThirdParty:1030 - CMSIS Pack Vendor :STMicroelectronics X-CUBE-AZRTOS-L4 2.0.0
2023-07-03 19:20:17,279 [INFO] ThirdParty:1030 - CMSIS Pack Vendor :STMicroelectronics ThreadX 0.0.2
2023-07-03 19:20:17,279 [INFO] ThirdParty:1030 - CMSIS Pack Vendor :WES I-CUBE-Cesium 1.3.0
2023-07-03 19:20:17,279 [INFO] ThirdParty:1030 - CMSIS Pack Vendor :STMicroelectronics FP-ATR-ASTRA1 2.0.0
2023-07-03 19:20:17,279 [INFO] ThirdParty:1030 - CMSIS Pack Vendor :STMicroelectronics lwIP 2.1.2
2023-07-03 19:20:17,279 [INFO] ThirdParty:1030 - CMSIS Pack Vendor :STMicroelectronics X-CUBE-SFXS2LP1 4.0.0
2023-07-03 19:20:17,279 [INFO] ThirdParty:1030 - CMSIS Pack Vendor :STMicroelectronics X-CUBE-BLE2 3.3.0
2023-07-03 19:20:17,279 [INFO] ThirdParty:1030 - CMSIS Pack Vendor :STMicroelectronics PDM2PCM 3.2.0
2023-07-03 19:20:17,279 [INFO] ThirdParty:841 - exiting critical section [change project]
2023-07-03 19:20:17,732 [INFO] PinOutPanel:1499 - setPackage(No Configuration,No Configuration)
2023-07-03 19:20:17,732 [INFO] PinOutPanel:1499 - setPackage(STM32L4P5RETx,LQFP64)
2023-07-03 19:20:18,434 [INFO] UtilMem:75 - Before build in PCC Used Memory: 591776192 Bytes (696254464)
2023-07-03 19:20:18,942 [INFO] UtilMem:75 - After build in PCC Used Memory: 545043360 Bytes (696254464)
2023-07-03 19:20:18,973 [INFO] IPUIPlugin:80 - create IPUIPlugin
2023-07-03 19:20:18,973 [INFO] IPUIPlugin:80 - create IPUIPlugin
2023-07-03 19:20:18,973 [INFO] IPUIPlugin:80 - create IPUIPlugin
2023-07-03 19:20:18,973 [INFO] IPUIPlugin:80 - create IPUIPlugin
2023-07-03 19:20:18,973 [INFO] IPUIPlugin:80 - create IPUIPlugin
2023-07-03 19:20:18,973 [INFO] IPUIPlugin:80 - create IPUIPlugin
2023-07-03 19:20:18,973 [INFO] IPUIPlugin:80 - create IPUIPlugin
2023-07-03 19:20:18,973 [INFO] IPUIPlugin:80 - create IPUIPlugin
2023-07-03 19:20:18,973 [INFO] IPUIPlugin:80 - create IPUIPlugin
2023-07-03 19:20:18,973 [INFO] IPUIPlugin:80 - create IPUIPlugin
2023-07-03 19:20:18,973 [INFO] IPUIPlugin:80 - create IPUIPlugin
2023-07-03 19:20:18,973 [INFO] IPUIPlugin:80 - create IPUIPlugin
2023-07-03 19:20:18,973 [INFO] IPUIPlugin:80 - create IPUIPlugin
2023-07-03 19:20:18,973 [INFO] IPUIPlugin:80 - create IPUIPlugin
2023-07-03 19:20:18,973 [INFO] IPUIPlugin:80 - create IPUIPlugin
2023-07-03 19:20:18,973 [INFO] IPUIPlugin:80 - create IPUIPlugin
2023-07-03 19:20:18,973 [INFO] IPUIPlugin:80 - create IPUIPlugin
2023-07-03 19:20:18,973 [INFO] IPUIPlugin:80 - create IPUIPlugin
2023-07-03 19:20:18,973 [INFO] IPUIPlugin:80 - create IPUIPlugin
2023-07-03 19:20:18,973 [INFO] IPUIPlugin:80 - create IPUIPlugin
2023-07-03 19:20:18,973 [INFO] IPUIPlugin:80 - create IPUIPlugin
2023-07-03 19:20:18,973 [INFO] IPUIPlugin:80 - create IPUIPlugin
2023-07-03 19:20:18,973 [INFO] IPUIPlugin:80 - create IPUIPlugin
2023-07-03 19:20:18,973 [INFO] IPUIPlugin:80 - create IPUIPlugin
2023-07-03 19:20:18,973 [INFO] IPUIPlugin:80 - create IPUIPlugin
2023-07-03 19:20:18,973 [INFO] IPUIPlugin:80 - create IPUIPlugin
2023-07-03 19:20:18,973 [INFO] IPUIPlugin:80 - create IPUIPlugin
2023-07-03 19:20:18,989 [INFO] IPUIPlugin:80 - create IPUIPlugin
2023-07-03 19:20:18,989 [INFO] IPUIPlugin:80 - create IPUIPlugin
2023-07-03 19:20:18,989 [INFO] IPUIPlugin:80 - create IPUIPlugin
2023-07-03 19:20:18,989 [INFO] IPUIPlugin:80 - create IPUIPlugin
2023-07-03 19:20:18,989 [INFO] IPUIPlugin:80 - create IPUIPlugin
2023-07-03 19:20:18,989 [INFO] IPUIPlugin:80 - create IPUIPlugin
2023-07-03 19:20:18,989 [INFO] IPUIPlugin:80 - create IPUIPlugin
2023-07-03 19:20:18,989 [INFO] IPUIPlugin:80 - create IPUIPlugin
2023-07-03 19:20:18,989 [INFO] IPUIPlugin:80 - create IPUIPlugin
2023-07-03 19:20:18,989 [INFO] IPUIPlugin:80 - create IPUIPlugin
2023-07-03 19:20:18,989 [INFO] IPUIPlugin:80 - create IPUIPlugin
2023-07-03 19:20:18,989 [INFO] IPUIPlugin:80 - create IPUIPlugin
2023-07-03 19:20:18,989 [INFO] IPUIPlugin:80 - create IPUIPlugin
2023-07-03 19:20:18,989 [INFO] IPUIPlugin:80 - create IPUIPlugin
2023-07-03 19:20:18,989 [INFO] IPUIPlugin:80 - create IPUIPlugin
2023-07-03 19:20:18,989 [INFO] IPUIPlugin:80 - create IPUIPlugin
2023-07-03 19:20:18,989 [INFO] IPUIPlugin:80 - create IPUIPlugin
2023-07-03 19:20:18,989 [INFO] IPUIPlugin:80 - create IPUIPlugin
2023-07-03 19:20:18,989 [INFO] IPUIPlugin:80 - create IPUIPlugin
2023-07-03 19:20:18,989 [INFO] IPUIPlugin:80 - create IPUIPlugin
2023-07-03 19:20:18,989 [INFO] IPUIPlugin:80 - create IPUIPlugin
2023-07-03 19:20:18,989 [INFO] IPUIPlugin:80 - create IPUIPlugin
2023-07-03 19:20:18,989 [INFO] IPUIPlugin:80 - create IPUIPlugin
2023-07-03 19:20:18,989 [INFO] IPUIPlugin:80 - create IPUIPlugin
2023-07-03 19:20:18,989 [INFO] IPUIPlugin:80 - create IPUIPlugin
2023-07-03 19:20:18,989 [INFO] IPUIPlugin:80 - create IPUIPlugin
2023-07-03 19:20:18,989 [INFO] IPUIPlugin:80 - create IPUIPlugin
2023-07-03 19:20:18,989 [INFO] IPUIPlugin:80 - create IPUIPlugin
2023-07-03 19:20:18,989 [INFO] IPUIPlugin:80 - create IPUIPlugin
2023-07-03 19:20:18,999 [INFO] IPUIPlugin:80 - create IPUIPlugin
2023-07-03 19:20:18,999 [INFO] IPUIPlugin:80 - create IPUIPlugin
2023-07-03 19:20:18,999 [INFO] IPUIPlugin:80 - create IPUIPlugin
2023-07-03 19:20:18,999 [INFO] IPUIPlugin:80 - create IPUIPlugin
2023-07-03 19:20:18,999 [INFO] IPUIPlugin:80 - create IPUIPlugin
2023-07-03 19:20:18,999 [INFO] IPUIPlugin:80 - create IPUIPlugin
2023-07-03 19:20:18,999 [INFO] IPUIPlugin:80 - create IPUIPlugin
2023-07-03 19:20:18,999 [INFO] IPUIPlugin:80 - create IPUIPlugin
2023-07-03 19:20:19,084 [INFO] CADModel:165 - CPN selected for project levelSTM32L4P5RET6
2023-07-03 19:20:19,084 [INFO] CADModel:114 - Register for checkConnection events
2023-07-03 19:20:19,147 [INFO] OpenFileManager:328 - Restore cursor
2023-07-03 19:20:59,391 [INFO] MainUpdater:2854 - connection check result : 10
2023-07-03 19:20:59,391 [INFO] MainUpdater:2854 - connection check result : 10
2023-07-03 19:20:59,469 [INFO] MicroXplorer:468 - Change Database Path : 
2023-07-03 19:20:59,469 [INFO] MicroXplorer:498 - Change Database Version : DB.6.0.80
2023-07-03 19:20:59,499 [WARN] ThirdParty:871 - waiting for thirdparty lock release [close project]
2023-07-03 19:20:59,499 [INFO] ThirdParty:873 - entering critical section [close project]
2023-07-03 19:20:59,499 [INFO] ThirdParty:883 - exiting critical section [close project]
2023-07-03 19:20:59,499 [INFO] PinOutPanel:1499 - setPackage(No Configuration,No Configuration)
2023-07-03 19:20:59,499 [INFO] UtilMem:75 - Begin LoadConfig() Used Memory: 603871168 Bytes (696254464)
2023-07-03 19:20:59,516 [INFO] MicroXplorer:468 - Change Database Path : C:/Users/przem/.stm32cubemx/databases/DB.6.0.70/db/
2023-07-03 19:20:59,516 [INFO] MicroXplorer:498 - Change Database Version : DB.6.0.70
2023-07-03 19:21:00,641 [INFO] OpenFileManager:308 - Change cursor
2023-07-03 19:21:00,656 [INFO] Mcu:1937 - Initializing MCU STM32F103R(8-B)Tx STM32F103R8Tx STM32F103R8T6
2023-07-03 19:21:01,151 [INFO] Context:659 - Trying to add GPIOservice into a context  which must be forbidden
2023-07-03 19:21:01,495 [INFO] RtosManager:555 - Registered RTOS mode: class=CMSIS, group=RTOS, mode=CMSIS_V1, owner=FREERTOS
2023-07-03 19:21:01,495 [INFO] RtosManager:555 - Registered RTOS mode: class=CMSIS, group=RTOS2, mode=CMSIS_V2, owner=FREERTOS
2023-07-03 19:21:01,495 [INFO] RtosManager:555 - Registered RTOS mode: class=RTOS, group=Core, mode=CMSIS_V1, owner=FREERTOS
2023-07-03 19:21:01,495 [INFO] RtosManager:555 - Registered RTOS mode: class=RTOS, group=Core, mode=CMSIS_V2, owner=FREERTOS
2023-07-03 19:21:01,495 [WARN] ModelIntegratedComponent:184 - Missing modes for component STMicroelectronics:FreeRTOS:0.0.1:STMicroelectronics:RTOS:FreeRTOS:Core:::10.2.0:
2023-07-03 19:21:01,507 [WARN] ModelIntegratedComponent:63 - No mode defined for component null
2023-07-03 19:21:01,507 [WARN] ModelIntegratedComponent:63 - No mode defined for component null
2023-07-03 19:21:01,507 [WARN] ModelIntegratedComponent:63 - No mode defined for component null
2023-07-03 19:21:01,507 [WARN] ModelIntegratedComponent:63 - No mode defined for component null
2023-07-03 19:21:01,507 [WARN] ModelIntegratedComponent:63 - No mode defined for component null
2023-07-03 19:21:01,507 [WARN] ModelIntegratedComponent:63 - No mode defined for component null
2023-07-03 19:21:01,507 [WARN] ModelIntegratedComponent:63 - No mode defined for component null
2023-07-03 19:21:01,507 [WARN] ModelIntegratedComponent:63 - No mode defined for component null
2023-07-03 19:21:01,507 [WARN] ModelIntegratedComponent:63 - No mode defined for component null
2023-07-03 19:21:01,507 [WARN] ModelIntegratedComponent:63 - No mode defined for component null
2023-07-03 19:21:01,507 [WARN] ModelIntegratedComponent:63 - No mode defined for component null
2023-07-03 19:21:01,507 [WARN] ModelIntegratedComponent:63 - No mode defined for component null
2023-07-03 19:21:01,507 [WARN] ModelIntegratedComponent:63 - No mode defined for component null
2023-07-03 19:21:01,507 [WARN] ModelIntegratedComponent:63 - No mode defined for component null
2023-07-03 19:21:01,507 [WARN] ModelIntegratedComponent:63 - No mode defined for component null
2023-07-03 19:21:01,507 [WARN] ModelIntegratedComponent:63 - No mode defined for component null
2023-07-03 19:21:01,507 [WARN] ModelIntegratedComponent:63 - No mode defined for component null
2023-07-03 19:21:01,507 [WARN] ModelIntegratedComponent:63 - No mode defined for component null
2023-07-03 19:21:01,507 [WARN] ModelIntegratedComponent:63 - No mode defined for component null
2023-07-03 19:21:01,507 [WARN] ModelIntegratedComponent:63 - No mode defined for component null
2023-07-03 19:21:01,507 [WARN] ModelIntegratedComponent:63 - No mode defined for component null
2023-07-03 19:21:01,507 [WARN] ModelIntegratedComponent:63 - No mode defined for component null
2023-07-03 19:21:01,507 [WARN] ModelIntegratedComponent:63 - No mode defined for component null
2023-07-03 19:21:01,507 [WARN] ModelIntegratedComponent:63 - No mode defined for component null
2023-07-03 19:21:01,507 [WARN] ModelIntegratedComponent:63 - No mode defined for component null
2023-07-03 19:21:01,507 [WARN] ModelIntegratedComponent:63 - No mode defined for component null
2023-07-03 19:21:01,507 [WARN] ModelIntegratedComponent:63 - No mode defined for component null
2023-07-03 19:21:01,507 [WARN] ModelIntegratedComponent:63 - No mode defined for component null
2023-07-03 19:21:01,507 [WARN] ModelIntegratedComponent:63 - No mode defined for component null
2023-07-03 19:21:01,507 [WARN] ModelIntegratedComponent:63 - No mode defined for component null
2023-07-03 19:21:01,507 [WARN] ModelIntegratedComponent:63 - No mode defined for component null
2023-07-03 19:21:01,507 [WARN] ModelIntegratedComponent:63 - No mode defined for component null
2023-07-03 19:21:01,507 [WARN] ModelIntegratedComponent:63 - No mode defined for component null
2023-07-03 19:21:01,602 [INFO] ThirdPartyModel:298 - Start build external matchings
2023-07-03 19:21:02,158 [INFO] ThirdPartyModel:316 - End build external matchings
2023-07-03 19:21:02,173 [INFO] ImportTextPane:194 - (OptionalMessage_ERROR) IP (DMA) : Parameter (Instance) has Id (ADC1) currently not set
2023-07-03 19:21:02,173 [INFO] ImportTextPane:194 - (OptionalMessage_ERROR) IP (DMA) : Parameter (Direction) has Id (ADC1) currently not set
2023-07-03 19:21:02,173 [INFO] ImportTextPane:194 - (OptionalMessage_ERROR) IP (DMA) : Parameter (PeriphInc) has Id (ADC1) currently not set
2023-07-03 19:21:02,173 [INFO] ImportTextPane:194 - (OptionalMessage_ERROR) IP (DMA) : Parameter (MemInc) has Id (ADC1) currently not set
2023-07-03 19:21:02,173 [INFO] ImportTextPane:194 - (OptionalMessage_ERROR) IP (DMA) : Parameter (PeriphDataAlignment) has Id (ADC1) currently not set
2023-07-03 19:21:02,173 [INFO] ImportTextPane:194 - (OptionalMessage_ERROR) IP (DMA) : Parameter (MemDataAlignment) has Id (ADC1) currently not set
2023-07-03 19:21:02,173 [INFO] ImportTextPane:194 - (OptionalMessage_ERROR) IP (DMA) : Parameter (Mode) has Id (ADC1) currently not set
2023-07-03 19:21:02,173 [INFO] ImportTextPane:194 - (OptionalMessage_ERROR) IP (DMA) : Parameter (Priority) has Id (ADC1) currently not set
2023-07-03 19:21:02,173 [INFO] ImportTextPane:194 - (OptionalMessage_ERROR) IP (RCC) : Parameter (MCOFreq_Value) has invalid value (72000000)
2023-07-03 19:21:02,173 [INFO] ImportTextPane:194 - (OptionalMessage_ERROR) IP (RCC) : Parameter (USBFreq_Value) has invalid value (72000000)
2023-07-03 19:21:02,416 [INFO] UtilMem:75 - End LoadConfig() Used Memory: 566617792 Bytes (696254464)
2023-07-03 19:21:02,452 [WARN] ThirdParty:833 - waiting for thirdparty lock release [change project]
2023-07-03 19:21:02,452 [INFO] ThirdParty:835 - entering critical section [change project]
2023-07-03 19:21:02,452 [INFO] ThirdParty:1030 - CMSIS Pack Vendor :STMicroelectronics X-CUBE-ISPU 1.1.0
2023-07-03 19:21:02,452 [INFO] ThirdParty:1030 - CMSIS Pack Vendor :STMicroelectronics X-CUBE-GNSS1 6.0.0
2023-07-03 19:21:02,452 [INFO] ThirdParty:1030 - CMSIS Pack Vendor :STMicroelectronics USB_HOST 2.0.0
2023-07-03 19:21:02,452 [INFO] ThirdParty:1030 - CMSIS Pack Vendor :STMicroelectronics X-CUBE-AZRTOS-F4 1.1.0
2023-07-03 19:21:02,452 [INFO] ThirdParty:1030 - CMSIS Pack Vendor :STMicroelectronics LIBJPEG 8.0.0
2023-07-03 19:21:02,452 [INFO] ThirdParty:1030 - CMSIS Pack Vendor :STMicroelectronics X-CUBE-SMBUS 2.1.0
2023-07-03 19:21:02,452 [INFO] ThirdParty:1030 - CMSIS Pack Vendor :wolfSSL I-CUBE-wolfSSL 5.6.0
2023-07-03 19:21:02,452 [INFO] ThirdParty:1030 - CMSIS Pack Vendor :STMicroelectronics USB_DEVICE 3.0.0
2023-07-03 19:21:02,452 [INFO] ThirdParty:1030 - CMSIS Pack Vendor :STMicroelectronics X-CUBE-AI 8.0.0
2023-07-03 19:21:02,452 [INFO] ThirdParty:1030 - CMSIS Pack Vendor :STMicroelectronics X-CUBE-FREERTOS 1.0.1
2023-07-03 19:21:02,452 [INFO] ThirdParty:1030 - CMSIS Pack Vendor :STMicroelectronics X-CUBE-TOUCHGFX 4.21.3
2023-07-03 19:21:02,452 [INFO] ThirdParty:1030 - CMSIS Pack Vendor :STMicroelectronics X-CUBE-AZRTOS-F7 1.1.0
2023-07-03 19:21:02,452 [INFO] ThirdParty:1030 - CMSIS Pack Vendor :STMicroelectronics X-CUBE-TOUCHGFX 4.21.4
2023-07-03 19:21:02,452 [INFO] ThirdParty:1030 - CMSIS Pack Vendor :STMicroelectronics USB_DEVICE 2.0.0
2023-07-03 19:21:02,452 [INFO] ThirdParty:1030 - CMSIS Pack Vendor :STMicroelectronics X-CUBE-MEMS1 9.6.0
2023-07-03 19:21:02,452 [INFO] ThirdParty:1030 - CMSIS Pack Vendor :STMicroelectronics FP-SNS-MOTENV1 4.3.0
2023-07-03 19:21:02,452 [INFO] ThirdParty:1030 - CMSIS Pack Vendor :STMicroelectronics FP-SNS-MOTENV1 4.3.2
2023-07-03 19:21:02,452 [INFO] ThirdParty:1030 - CMSIS Pack Vendor :STMicroelectronics FP-SNS-FLIGHT1 5.0.0
2023-07-03 19:21:02,452 [INFO] ThirdParty:1030 - CMSIS Pack Vendor :STMicroelectronics FP-SNS-MOTENV1 4.3.1
2023-07-03 19:21:02,452 [INFO] ThirdParty:1030 - CMSIS Pack Vendor :STMicroelectronics FP-SNS-FLIGHT1 5.0.1
2023-07-03 19:21:02,452 [INFO] ThirdParty:1030 - CMSIS Pack Vendor :STMicroelectronics X-CUBE-ALGOBUILD 1.3.0
2023-07-03 19:21:02,452 [INFO] ThirdParty:1030 - CMSIS Pack Vendor :STMicroelectronics X-CUBE-BLE1 6.2.4
2023-07-03 19:21:02,452 [INFO] ThirdParty:1030 - CMSIS Pack Vendor :STMicroelectronics X-CUBE-AZRTOS-L5 1.1.0
2023-07-03 19:21:02,452 [INFO] ThirdParty:1030 - CMSIS Pack Vendor :STMicroelectronics FreeRTOS 0.0.1
2023-07-03 19:21:02,452 [INFO] ThirdParty:1030 - CMSIS Pack Vendor :STMicroelectronics X-CUBE-AZRTOS-G0 1.1.0
2023-07-03 19:21:02,452 [INFO] ThirdParty:1030 - CMSIS Pack Vendor :emotas I-CUBE-CANOPEN 1.1.3
2023-07-03 19:21:02,452 [INFO] ThirdParty:1030 - CMSIS Pack Vendor :STMicroelectronics X-CUBE-BLEMGR 2.0.0
2023-07-03 19:21:02,452 [INFO] ThirdParty:1030 - CMSIS Pack Vendor :STMicroelectronics X-CUBE-AI 8.0.1
2023-07-03 19:21:02,452 [INFO] ThirdParty:1030 - CMSIS Pack Vendor :STMicroelectronics X-CUBE-NFC4 3.0.0
2023-07-03 19:21:02,452 [INFO] ThirdParty:1030 - CMSIS Pack Vendor :STMicroelectronics X-CUBE-SUBG2 5.0.0
2023-07-03 19:21:02,452 [INFO] ThirdParty:1030 - CMSIS Pack Vendor :STMicroelectronics STM32_WPAN 1.0.0
2023-07-03 19:21:02,452 [INFO] ThirdParty:1030 - CMSIS Pack Vendor :STMicroelectronics lwIP 2.0.3
2023-07-03 19:21:02,452 [INFO] ThirdParty:1030 - CMSIS Pack Vendor :STMicroelectronics USB_HOST 1.0.0
2023-07-03 19:21:02,452 [INFO] ThirdParty:1030 - CMSIS Pack Vendor :STMicroelectronics X-CUBE-AZRTOS-G4 2.0.0
2023-07-03 19:21:02,452 [INFO] ThirdParty:1030 - CMSIS Pack Vendor :STMicroelectronics PDM2PCM 3.1.0
2023-07-03 19:21:02,452 [INFO] ThirdParty:1030 - CMSIS Pack Vendor :STMicroelectronics X-CUBE-AZRTOS-H7 3.1.0
2023-07-03 19:21:02,452 [INFO] ThirdParty:1030 - CMSIS Pack Vendor :STMicroelectronics X-CUBE-TOF1 3.3.0
2023-07-03 19:21:02,452 [INFO] ThirdParty:1030 - CMSIS Pack Vendor :STMicroelectronics PDM2PCM 3.3.0
2023-07-03 19:21:02,452 [INFO] ThirdParty:1030 - CMSIS Pack Vendor :STMicroelectronics X-CUBE-DISPLAY 3.0.0
2023-07-03 19:21:02,452 [INFO] ThirdParty:1030 - CMSIS Pack Vendor :STMicroelectronics FP-ATR-SIGFOX1 3.2.0
2023-07-03 19:21:02,452 [INFO] ThirdParty:1030 - CMSIS Pack Vendor :STMicroelectronics X-CUBE-AZRTOS-G4 1.0.0
2023-07-03 19:21:02,452 [INFO] ThirdParty:1030 - CMSIS Pack Vendor :STMicroelectronics X-CUBE-AZRTOS-L4 1.0.0
2023-07-03 19:21:02,452 [INFO] ThirdParty:1030 - CMSIS Pack Vendor :STMicroelectronics HAL Drivers 0.0.0
2023-07-03 19:21:02,452 [INFO] ThirdParty:1030 - CMSIS Pack Vendor :STMicroelectronics MBEDTLS 2.16.2
2023-07-03 19:21:02,452 [INFO] ThirdParty:1030 - CMSIS Pack Vendor :STMicroelectronics X-CUBE-TOUCHGFX 4.22.0
2023-07-03 19:21:02,452 [INFO] ThirdParty:1030 - CMSIS Pack Vendor :STMicroelectronics X-CUBE-NFC7 1.0.1
2023-07-03 19:21:02,452 [INFO] ThirdParty:1030 - CMSIS Pack Vendor :STMicroelectronics MBEDTLS 2.14.1
2023-07-03 19:21:02,452 [INFO] ThirdParty:1030 - CMSIS Pack Vendor :STMicroelectronics X-CUBE-NFC7 1.0.0
2023-07-03 19:21:02,452 [INFO] ThirdParty:1030 - CMSIS Pack Vendor :STMicroelectronics X-CUBE-AZRTOS-WL 1.0.0
2023-07-03 19:21:02,452 [INFO] ThirdParty:1030 - CMSIS Pack Vendor :STMicroelectronics X-CUBE-EEPRMA1 4.1.0
2023-07-03 19:21:02,452 [INFO] ThirdParty:1030 - CMSIS Pack Vendor :portGmbH I-Cube-SoM-uGOAL 1.1.0
2023-07-03 19:21:02,452 [INFO] ThirdParty:1030 - CMSIS Pack Vendor :STMicroelectronics X-CUBE-ALS 1.0.1
2023-07-03 19:21:02,452 [INFO] ThirdParty:1030 - CMSIS Pack Vendor :STMicroelectronics X-CUBE-MEMS1 9.5.0
2023-07-03 19:21:02,452 [INFO] ThirdParty:1030 - CMSIS Pack Vendor :STMicroelectronics ThreadX 1.0.0
2023-07-03 19:21:02,452 [INFO] ThirdParty:1030 - CMSIS Pack Vendor :STMicroelectronics X-CUBE-AZRTOS-WB 1.1.0
2023-07-03 19:21:02,452 [INFO] ThirdParty:1030 - CMSIS Pack Vendor :STMicroelectronics X-CUBE-AZRTOS-WL 2.0.0
2023-07-03 19:21:02,452 [INFO] ThirdParty:1030 - CMSIS Pack Vendor :SEGGER I-CUBE-embOS 1.3.1
2023-07-03 19:21:02,452 [INFO] ThirdParty:1030 - CMSIS Pack Vendor :STMicroelectronics USB_DEVICE 1.0.0
2023-07-03 19:21:02,452 [INFO] ThirdParty:1030 - CMSIS Pack Vendor :STMicroelectronics X-CUBE-AZRTOS-L4 2.0.0
2023-07-03 19:21:02,452 [INFO] ThirdParty:1030 - CMSIS Pack Vendor :STMicroelectronics ThreadX 0.0.2
2023-07-03 19:21:02,452 [INFO] ThirdParty:1030 - CMSIS Pack Vendor :WES I-CUBE-Cesium 1.3.0
2023-07-03 19:21:02,452 [INFO] ThirdParty:1030 - CMSIS Pack Vendor :STMicroelectronics FP-ATR-ASTRA1 2.0.0
2023-07-03 19:21:02,452 [INFO] ThirdParty:1030 - CMSIS Pack Vendor :STMicroelectronics lwIP 2.1.2
2023-07-03 19:21:02,452 [INFO] ThirdParty:1030 - CMSIS Pack Vendor :STMicroelectronics X-CUBE-SFXS2LP1 4.0.0
2023-07-03 19:21:02,452 [INFO] ThirdParty:1030 - CMSIS Pack Vendor :STMicroelectronics X-CUBE-BLE2 3.3.0
2023-07-03 19:21:02,452 [INFO] ThirdParty:1030 - CMSIS Pack Vendor :STMicroelectronics PDM2PCM 3.2.0
2023-07-03 19:21:02,452 [INFO] ThirdParty:841 - exiting critical section [change project]
2023-07-03 19:21:02,610 [INFO] PinOutPanel:1499 - setPackage(No Configuration,No Configuration)
2023-07-03 19:21:02,610 [INFO] PinOutPanel:1499 - setPackage(STM32F103R8Tx,LQFP64)
2023-07-03 19:21:02,833 [INFO] UtilMem:75 - Before build in PCC Used Memory: 555503024 Bytes (696254464)
2023-07-03 19:21:03,017 [INFO] UtilMem:75 - After build in PCC Used Memory: 595871152 Bytes (696254464)
2023-07-03 19:21:03,033 [INFO] IPUIPlugin:80 - create IPUIPlugin
2023-07-03 19:21:03,033 [INFO] IPUIPlugin:80 - create IPUIPlugin
2023-07-03 19:21:03,033 [INFO] IPUIPlugin:80 - create IPUIPlugin
2023-07-03 19:21:03,033 [INFO] IPUIPlugin:80 - create IPUIPlugin
2023-07-03 19:21:03,033 [INFO] IPUIPlugin:80 - create IPUIPlugin
2023-07-03 19:21:03,033 [INFO] IPUIPlugin:80 - create IPUIPlugin
2023-07-03 19:21:03,033 [INFO] IPUIPlugin:80 - create IPUIPlugin
2023-07-03 19:21:03,033 [INFO] IPUIPlugin:80 - create IPUIPlugin
2023-07-03 19:21:03,033 [INFO] IPUIPlugin:80 - create IPUIPlugin
2023-07-03 19:21:03,033 [INFO] IPUIPlugin:80 - create IPUIPlugin
2023-07-03 19:21:03,033 [INFO] IPUIPlugin:80 - create IPUIPlugin
2023-07-03 19:21:03,033 [INFO] IPUIPlugin:80 - create IPUIPlugin
2023-07-03 19:21:03,033 [INFO] IPUIPlugin:80 - create IPUIPlugin
2023-07-03 19:21:03,039 [INFO] IPUIPlugin:80 - create IPUIPlugin
2023-07-03 19:21:03,039 [INFO] IPUIPlugin:80 - create IPUIPlugin
2023-07-03 19:21:03,039 [INFO] IPUIPlugin:80 - create IPUIPlugin
2023-07-03 19:21:03,039 [INFO] IPUIPlugin:80 - create IPUIPlugin
2023-07-03 19:21:03,039 [INFO] IPUIPlugin:80 - create IPUIPlugin
2023-07-03 19:21:03,039 [INFO] IPUIPlugin:80 - create IPUIPlugin
2023-07-03 19:21:03,039 [INFO] IPUIPlugin:80 - create IPUIPlugin
2023-07-03 19:21:03,039 [INFO] IPUIPlugin:80 - create IPUIPlugin
2023-07-03 19:21:03,039 [INFO] IPUIPlugin:80 - create IPUIPlugin
2023-07-03 19:21:03,039 [INFO] IPUIPlugin:80 - create IPUIPlugin
2023-07-03 19:21:03,039 [INFO] IPUIPlugin:80 - create IPUIPlugin
2023-07-03 19:21:03,039 [INFO] IPUIPlugin:80 - create IPUIPlugin
2023-07-03 19:21:03,039 [INFO] IPUIPlugin:80 - create IPUIPlugin
2023-07-03 19:21:03,039 [INFO] IPUIPlugin:80 - create IPUIPlugin
2023-07-03 19:21:03,039 [INFO] Can:71 - Can Add PropertyChangeListener com.st.microxplorer.plugins.ip.can.Can@10fca2
2023-07-03 19:21:03,102 [INFO] CADModel:165 - CPN selected for project levelSTM32F103R8T6
2023-07-03 19:21:03,102 [INFO] CADModel:114 - Register for checkConnection events
2023-07-03 19:21:03,173 [INFO] OpenFileManager:328 - Restore cursor
2023-07-03 19:22:13,038 [INFO] MainUpdater:2854 - connection check result : 10
2023-07-03 19:22:13,038 [INFO] MainUpdater:2854 - connection check result : 10
2023-07-03 19:22:13,124 [INFO] MicroXplorer:468 - Change Database Path : 
2023-07-03 19:22:13,124 [INFO] MicroXplorer:498 - Change Database Version : DB.6.0.80
2023-07-03 19:22:13,144 [WARN] ThirdParty:871 - waiting for thirdparty lock release [close project]
2023-07-03 19:22:13,144 [INFO] ThirdParty:873 - entering critical section [close project]
2023-07-03 19:22:13,144 [INFO] ThirdParty:883 - exiting critical section [close project]
2023-07-03 19:22:13,144 [INFO] PinOutPanel:1499 - setPackage(No Configuration,No Configuration)
2023-07-03 19:22:13,150 [INFO] UtilMem:75 - Begin LoadConfig() Used Memory: 526309688 Bytes (696254464)
2023-07-03 19:22:13,150 [INFO] MicroXplorer:468 - Change Database Path : 
2023-07-03 19:22:13,150 [INFO] MicroXplorer:498 - Change Database Version : DB.6.0.80
2023-07-03 19:22:13,150 [INFO] OpenFileManager:308 - Change cursor
2023-07-03 19:22:13,167 [INFO] Mcu:1937 - Initializing MCU STM32L4P5R(G-E)Tx STM32L4P5RETx STM32L4P5RET6
2023-07-03 19:22:15,290 [INFO] Context:659 - Trying to add GPIOservice into a context  which must be forbidden
2023-07-03 19:22:15,892 [INFO] RtosManager:555 - Registered RTOS mode: class=CMSIS, group=RTOS, mode=CMSIS_V1, owner=FREERTOS
2023-07-03 19:22:15,892 [INFO] RtosManager:555 - Registered RTOS mode: class=CMSIS, group=RTOS2, mode=CMSIS_V2, owner=FREERTOS
2023-07-03 19:22:15,892 [INFO] RtosManager:555 - Registered RTOS mode: class=RTOS, group=Core, mode=CMSIS_V1, owner=FREERTOS
2023-07-03 19:22:15,892 [INFO] RtosManager:555 - Registered RTOS mode: class=RTOS, group=Core, mode=CMSIS_V2, owner=FREERTOS
2023-07-03 19:22:15,892 [WARN] ModelIntegratedComponent:184 - Missing modes for component STMicroelectronics:FreeRTOS:0.0.1:STMicroelectronics:RTOS:FreeRTOS:Core:::10.2.0:
2023-07-03 19:22:15,892 [WARN] ModelIntegratedComponent:63 - No mode defined for component null
2023-07-03 19:22:15,892 [WARN] ModelIntegratedComponent:63 - No mode defined for component null
2023-07-03 19:22:15,892 [WARN] ModelIntegratedComponent:63 - No mode defined for component null
2023-07-03 19:22:15,892 [WARN] ModelIntegratedComponent:63 - No mode defined for component null
2023-07-03 19:22:15,892 [WARN] ModelIntegratedComponent:63 - No mode defined for component null
2023-07-03 19:22:15,892 [WARN] ModelIntegratedComponent:63 - No mode defined for component null
2023-07-03 19:22:15,892 [WARN] ModelIntegratedComponent:63 - No mode defined for component null
2023-07-03 19:22:15,892 [WARN] ModelIntegratedComponent:63 - No mode defined for component null
2023-07-03 19:22:15,892 [WARN] ModelIntegratedComponent:63 - No mode defined for component null
2023-07-03 19:22:15,892 [WARN] ModelIntegratedComponent:63 - No mode defined for component null
2023-07-03 19:22:15,892 [WARN] ModelIntegratedComponent:63 - No mode defined for component null
2023-07-03 19:22:15,892 [WARN] ModelIntegratedComponent:63 - No mode defined for component null
2023-07-03 19:22:15,892 [WARN] ModelIntegratedComponent:63 - No mode defined for component null
2023-07-03 19:22:15,892 [WARN] ModelIntegratedComponent:63 - No mode defined for component null
2023-07-03 19:22:15,892 [WARN] ModelIntegratedComponent:63 - No mode defined for component null
2023-07-03 19:22:15,902 [WARN] ModelIntegratedComponent:63 - No mode defined for component null
2023-07-03 19:22:15,902 [WARN] ModelIntegratedComponent:63 - No mode defined for component null
2023-07-03 19:22:15,902 [WARN] ModelIntegratedComponent:63 - No mode defined for component null
2023-07-03 19:22:15,902 [WARN] ModelIntegratedComponent:63 - No mode defined for component null
2023-07-03 19:22:15,902 [WARN] ModelIntegratedComponent:63 - No mode defined for component null
2023-07-03 19:22:15,902 [WARN] ModelIntegratedComponent:63 - No mode defined for component null
2023-07-03 19:22:15,902 [WARN] ModelIntegratedComponent:63 - No mode defined for component null
2023-07-03 19:22:15,902 [WARN] ModelIntegratedComponent:63 - No mode defined for component null
2023-07-03 19:22:15,902 [WARN] ModelIntegratedComponent:63 - No mode defined for component null
2023-07-03 19:22:15,902 [WARN] ModelIntegratedComponent:63 - No mode defined for component null
2023-07-03 19:22:15,902 [WARN] ModelIntegratedComponent:63 - No mode defined for component null
2023-07-03 19:22:15,902 [WARN] ModelIntegratedComponent:63 - No mode defined for component null
2023-07-03 19:22:15,902 [WARN] ModelIntegratedComponent:63 - No mode defined for component null
2023-07-03 19:22:15,902 [WARN] ModelIntegratedComponent:63 - No mode defined for component null
2023-07-03 19:22:15,902 [WARN] ModelIntegratedComponent:63 - No mode defined for component null
2023-07-03 19:22:15,902 [WARN] ModelIntegratedComponent:63 - No mode defined for component null
2023-07-03 19:22:15,902 [WARN] ModelIntegratedComponent:63 - No mode defined for component null
2023-07-03 19:22:15,902 [WARN] ModelIntegratedComponent:63 - No mode defined for component null
2023-07-03 19:22:15,971 [INFO] ThirdPartyModel:298 - Start build external matchings
2023-07-03 19:22:16,445 [INFO] ThirdPartyModel:316 - End build external matchings
2023-07-03 19:22:16,445 [INFO] ImportTextPane:194 - (OptionalMessage_ERROR) IP (RCC) : Invalid parameter (FamilyName)
2023-07-03 19:22:16,445 [INFO] ImportTextPane:194 - (OptionalMessage_ERROR) IP (RCC) : Parameter (RNGFreq_Value) has invalid value (64000000)
2023-07-03 19:22:16,445 [INFO] ImportTextPane:194 - (OptionalMessage_ERROR) IP (RCC) : Parameter (USBFreq_Value) has invalid value (64000000)
2023-07-03 19:22:16,849 [INFO] UtilMem:75 - End LoadConfig() Used Memory: 584442064 Bytes (696254464)
2023-07-03 19:22:16,889 [WARN] ThirdParty:833 - waiting for thirdparty lock release [change project]
2023-07-03 19:22:16,889 [INFO] ThirdParty:835 - entering critical section [change project]
2023-07-03 19:22:16,889 [INFO] ThirdParty:1030 - CMSIS Pack Vendor :STMicroelectronics X-CUBE-ISPU 1.1.0
2023-07-03 19:22:16,889 [INFO] ThirdParty:1030 - CMSIS Pack Vendor :STMicroelectronics X-CUBE-GNSS1 6.0.0
2023-07-03 19:22:16,889 [INFO] ThirdParty:1030 - CMSIS Pack Vendor :STMicroelectronics USB_HOST 2.0.0
2023-07-03 19:22:16,889 [INFO] ThirdParty:1030 - CMSIS Pack Vendor :STMicroelectronics X-CUBE-AZRTOS-F4 1.1.0
2023-07-03 19:22:16,889 [INFO] ThirdParty:1030 - CMSIS Pack Vendor :STMicroelectronics LIBJPEG 8.0.0
2023-07-03 19:22:16,889 [INFO] ThirdParty:1030 - CMSIS Pack Vendor :STMicroelectronics X-CUBE-SMBUS 2.1.0
2023-07-03 19:22:16,889 [INFO] ThirdParty:1030 - CMSIS Pack Vendor :wolfSSL I-CUBE-wolfSSL 5.6.0
2023-07-03 19:22:16,889 [INFO] ThirdParty:1030 - CMSIS Pack Vendor :STMicroelectronics USB_DEVICE 3.0.0
2023-07-03 19:22:16,889 [INFO] ThirdParty:1030 - CMSIS Pack Vendor :STMicroelectronics X-CUBE-AI 8.0.0
2023-07-03 19:22:16,889 [INFO] ThirdParty:1030 - CMSIS Pack Vendor :STMicroelectronics X-CUBE-FREERTOS 1.0.1
2023-07-03 19:22:16,889 [INFO] ThirdParty:1030 - CMSIS Pack Vendor :STMicroelectronics X-CUBE-TOUCHGFX 4.21.3
2023-07-03 19:22:16,889 [INFO] ThirdParty:1030 - CMSIS Pack Vendor :STMicroelectronics X-CUBE-AZRTOS-F7 1.1.0
2023-07-03 19:22:16,889 [INFO] ThirdParty:1030 - CMSIS Pack Vendor :STMicroelectronics X-CUBE-TOUCHGFX 4.21.4
2023-07-03 19:22:16,889 [INFO] ThirdParty:1030 - CMSIS Pack Vendor :STMicroelectronics USB_DEVICE 2.0.0
2023-07-03 19:22:16,894 [INFO] ThirdParty:1030 - CMSIS Pack Vendor :STMicroelectronics X-CUBE-MEMS1 9.6.0
2023-07-03 19:22:16,894 [INFO] ThirdParty:1030 - CMSIS Pack Vendor :STMicroelectronics FP-SNS-MOTENV1 4.3.0
2023-07-03 19:22:16,894 [INFO] ThirdParty:1030 - CMSIS Pack Vendor :STMicroelectronics FP-SNS-MOTENV1 4.3.2
2023-07-03 19:22:16,894 [INFO] ThirdParty:1030 - CMSIS Pack Vendor :STMicroelectronics FP-SNS-FLIGHT1 5.0.0
2023-07-03 19:22:16,894 [INFO] ThirdParty:1030 - CMSIS Pack Vendor :STMicroelectronics FP-SNS-MOTENV1 4.3.1
2023-07-03 19:22:16,894 [INFO] ThirdParty:1030 - CMSIS Pack Vendor :STMicroelectronics FP-SNS-FLIGHT1 5.0.1
2023-07-03 19:22:16,894 [INFO] ThirdParty:1030 - CMSIS Pack Vendor :STMicroelectronics X-CUBE-ALGOBUILD 1.3.0
2023-07-03 19:22:16,894 [INFO] ThirdParty:1030 - CMSIS Pack Vendor :STMicroelectronics X-CUBE-BLE1 6.2.4
2023-07-03 19:22:16,894 [INFO] ThirdParty:1030 - CMSIS Pack Vendor :STMicroelectronics X-CUBE-AZRTOS-L5 1.1.0
2023-07-03 19:22:16,894 [INFO] ThirdParty:1030 - CMSIS Pack Vendor :STMicroelectronics FreeRTOS 0.0.1
2023-07-03 19:22:16,894 [INFO] ThirdParty:1030 - CMSIS Pack Vendor :STMicroelectronics X-CUBE-AZRTOS-G0 1.1.0
2023-07-03 19:22:16,894 [INFO] ThirdParty:1030 - CMSIS Pack Vendor :emotas I-CUBE-CANOPEN 1.1.3
2023-07-03 19:22:16,894 [INFO] ThirdParty:1030 - CMSIS Pack Vendor :STMicroelectronics X-CUBE-BLEMGR 2.0.0
2023-07-03 19:22:16,894 [INFO] ThirdParty:1030 - CMSIS Pack Vendor :STMicroelectronics X-CUBE-AI 8.0.1
2023-07-03 19:22:16,894 [INFO] ThirdParty:1030 - CMSIS Pack Vendor :STMicroelectronics X-CUBE-NFC4 3.0.0
2023-07-03 19:22:16,894 [INFO] ThirdParty:1030 - CMSIS Pack Vendor :STMicroelectronics X-CUBE-SUBG2 5.0.0
2023-07-03 19:22:16,894 [INFO] ThirdParty:1030 - CMSIS Pack Vendor :STMicroelectronics STM32_WPAN 1.0.0
2023-07-03 19:22:16,894 [INFO] ThirdParty:1030 - CMSIS Pack Vendor :STMicroelectronics lwIP 2.0.3
2023-07-03 19:22:16,894 [INFO] ThirdParty:1030 - CMSIS Pack Vendor :STMicroelectronics USB_HOST 1.0.0
2023-07-03 19:22:16,894 [INFO] ThirdParty:1030 - CMSIS Pack Vendor :STMicroelectronics X-CUBE-AZRTOS-G4 2.0.0
2023-07-03 19:22:16,894 [INFO] ThirdParty:1030 - CMSIS Pack Vendor :STMicroelectronics PDM2PCM 3.1.0
2023-07-03 19:22:16,894 [INFO] ThirdParty:1030 - CMSIS Pack Vendor :STMicroelectronics X-CUBE-AZRTOS-H7 3.1.0
2023-07-03 19:22:16,894 [INFO] ThirdParty:1030 - CMSIS Pack Vendor :STMicroelectronics X-CUBE-TOF1 3.3.0
2023-07-03 19:22:16,894 [INFO] ThirdParty:1030 - CMSIS Pack Vendor :STMicroelectronics PDM2PCM 3.3.0
2023-07-03 19:22:16,894 [INFO] ThirdParty:1030 - CMSIS Pack Vendor :STMicroelectronics X-CUBE-DISPLAY 3.0.0
2023-07-03 19:22:16,894 [INFO] ThirdParty:1030 - CMSIS Pack Vendor :STMicroelectronics FP-ATR-SIGFOX1 3.2.0
2023-07-03 19:22:16,894 [INFO] ThirdParty:1030 - CMSIS Pack Vendor :STMicroelectronics X-CUBE-AZRTOS-G4 1.0.0
2023-07-03 19:22:16,894 [INFO] ThirdParty:1030 - CMSIS Pack Vendor :STMicroelectronics X-CUBE-AZRTOS-L4 1.0.0
2023-07-03 19:22:16,894 [INFO] ThirdParty:1030 - CMSIS Pack Vendor :STMicroelectronics HAL Drivers 0.0.0
2023-07-03 19:22:16,894 [INFO] ThirdParty:1030 - CMSIS Pack Vendor :STMicroelectronics MBEDTLS 2.16.2
2023-07-03 19:22:16,894 [INFO] ThirdParty:1030 - CMSIS Pack Vendor :STMicroelectronics X-CUBE-TOUCHGFX 4.22.0
2023-07-03 19:22:16,894 [INFO] ThirdParty:1030 - CMSIS Pack Vendor :STMicroelectronics X-CUBE-NFC7 1.0.1
2023-07-03 19:22:16,894 [INFO] ThirdParty:1030 - CMSIS Pack Vendor :STMicroelectronics MBEDTLS 2.14.1
2023-07-03 19:22:16,894 [INFO] ThirdParty:1030 - CMSIS Pack Vendor :STMicroelectronics X-CUBE-NFC7 1.0.0
2023-07-03 19:22:16,894 [INFO] ThirdParty:1030 - CMSIS Pack Vendor :STMicroelectronics X-CUBE-AZRTOS-WL 1.0.0
2023-07-03 19:22:16,894 [INFO] ThirdParty:1030 - CMSIS Pack Vendor :STMicroelectronics X-CUBE-EEPRMA1 4.1.0
2023-07-03 19:22:16,894 [INFO] ThirdParty:1030 - CMSIS Pack Vendor :portGmbH I-Cube-SoM-uGOAL 1.1.0
2023-07-03 19:22:16,894 [INFO] ThirdParty:1030 - CMSIS Pack Vendor :STMicroelectronics X-CUBE-ALS 1.0.1
2023-07-03 19:22:16,894 [INFO] ThirdParty:1030 - CMSIS Pack Vendor :STMicroelectronics X-CUBE-MEMS1 9.5.0
2023-07-03 19:22:16,894 [INFO] ThirdParty:1030 - CMSIS Pack Vendor :STMicroelectronics ThreadX 1.0.0
2023-07-03 19:22:16,894 [INFO] ThirdParty:1030 - CMSIS Pack Vendor :STMicroelectronics X-CUBE-AZRTOS-WB 1.1.0
2023-07-03 19:22:16,894 [INFO] ThirdParty:1030 - CMSIS Pack Vendor :STMicroelectronics X-CUBE-AZRTOS-WL 2.0.0
2023-07-03 19:22:16,894 [INFO] ThirdParty:1030 - CMSIS Pack Vendor :SEGGER I-CUBE-embOS 1.3.1
2023-07-03 19:22:16,894 [INFO] ThirdParty:1030 - CMSIS Pack Vendor :STMicroelectronics USB_DEVICE 1.0.0
2023-07-03 19:22:16,894 [INFO] ThirdParty:1030 - CMSIS Pack Vendor :STMicroelectronics X-CUBE-AZRTOS-L4 2.0.0
2023-07-03 19:22:16,894 [INFO] ThirdParty:1030 - CMSIS Pack Vendor :STMicroelectronics ThreadX 0.0.2
2023-07-03 19:22:16,894 [INFO] ThirdParty:1030 - CMSIS Pack Vendor :WES I-CUBE-Cesium 1.3.0
2023-07-03 19:22:16,894 [INFO] ThirdParty:1030 - CMSIS Pack Vendor :STMicroelectronics FP-ATR-ASTRA1 2.0.0
2023-07-03 19:22:16,894 [INFO] ThirdParty:1030 - CMSIS Pack Vendor :STMicroelectronics lwIP 2.1.2
2023-07-03 19:22:16,894 [INFO] ThirdParty:1030 - CMSIS Pack Vendor :STMicroelectronics X-CUBE-SFXS2LP1 4.0.0
2023-07-03 19:22:16,894 [INFO] ThirdParty:1030 - CMSIS Pack Vendor :STMicroelectronics X-CUBE-BLE2 3.3.0
2023-07-03 19:22:16,894 [INFO] ThirdParty:1030 - CMSIS Pack Vendor :STMicroelectronics PDM2PCM 3.2.0
2023-07-03 19:22:16,894 [INFO] ThirdParty:841 - exiting critical section [change project]
2023-07-03 19:22:17,243 [INFO] PinOutPanel:1499 - setPackage(No Configuration,No Configuration)
2023-07-03 19:22:17,243 [INFO] PinOutPanel:1499 - setPackage(STM32L4P5RETx,LQFP64)
2023-07-03 19:22:17,752 [INFO] UtilMem:75 - Before build in PCC Used Memory: 594703968 Bytes (696254464)
2023-07-03 19:22:18,127 [INFO] UtilMem:75 - After build in PCC Used Memory: 618810464 Bytes (711983104)
2023-07-03 19:22:18,172 [INFO] IPUIPlugin:80 - create IPUIPlugin
2023-07-03 19:22:18,172 [INFO] IPUIPlugin:80 - create IPUIPlugin
2023-07-03 19:22:18,172 [INFO] IPUIPlugin:80 - create IPUIPlugin
2023-07-03 19:22:18,172 [INFO] IPUIPlugin:80 - create IPUIPlugin
2023-07-03 19:22:18,172 [INFO] IPUIPlugin:80 - create IPUIPlugin
2023-07-03 19:22:18,172 [INFO] IPUIPlugin:80 - create IPUIPlugin
2023-07-03 19:22:18,172 [INFO] IPUIPlugin:80 - create IPUIPlugin
2023-07-03 19:22:18,172 [INFO] IPUIPlugin:80 - create IPUIPlugin
2023-07-03 19:22:18,172 [INFO] IPUIPlugin:80 - create IPUIPlugin
2023-07-03 19:22:18,172 [INFO] IPUIPlugin:80 - create IPUIPlugin
2023-07-03 19:22:18,172 [INFO] IPUIPlugin:80 - create IPUIPlugin
2023-07-03 19:22:18,172 [INFO] IPUIPlugin:80 - create IPUIPlugin
2023-07-03 19:22:18,172 [INFO] IPUIPlugin:80 - create IPUIPlugin
2023-07-03 19:22:18,181 [INFO] IPUIPlugin:80 - create IPUIPlugin
2023-07-03 19:22:18,181 [INFO] IPUIPlugin:80 - create IPUIPlugin
2023-07-03 19:22:18,181 [INFO] IPUIPlugin:80 - create IPUIPlugin
2023-07-03 19:22:18,181 [INFO] IPUIPlugin:80 - create IPUIPlugin
2023-07-03 19:22:18,181 [INFO] IPUIPlugin:80 - create IPUIPlugin
2023-07-03 19:22:18,182 [INFO] IPUIPlugin:80 - create IPUIPlugin
2023-07-03 19:22:18,182 [INFO] IPUIPlugin:80 - create IPUIPlugin
2023-07-03 19:22:18,182 [INFO] IPUIPlugin:80 - create IPUIPlugin
2023-07-03 19:22:18,182 [INFO] IPUIPlugin:80 - create IPUIPlugin
2023-07-03 19:22:18,182 [INFO] IPUIPlugin:80 - create IPUIPlugin
2023-07-03 19:22:18,182 [INFO] IPUIPlugin:80 - create IPUIPlugin
2023-07-03 19:22:18,182 [INFO] IPUIPlugin:80 - create IPUIPlugin
2023-07-03 19:22:18,182 [INFO] IPUIPlugin:80 - create IPUIPlugin
2023-07-03 19:22:18,182 [INFO] IPUIPlugin:80 - create IPUIPlugin
2023-07-03 19:22:18,182 [INFO] IPUIPlugin:80 - create IPUIPlugin
2023-07-03 19:22:18,182 [INFO] IPUIPlugin:80 - create IPUIPlugin
2023-07-03 19:22:18,182 [INFO] IPUIPlugin:80 - create IPUIPlugin
2023-07-03 19:22:18,182 [INFO] IPUIPlugin:80 - create IPUIPlugin
2023-07-03 19:22:18,182 [INFO] IPUIPlugin:80 - create IPUIPlugin
2023-07-03 19:22:18,182 [INFO] IPUIPlugin:80 - create IPUIPlugin
2023-07-03 19:22:18,182 [INFO] IPUIPlugin:80 - create IPUIPlugin
2023-07-03 19:22:18,182 [INFO] IPUIPlugin:80 - create IPUIPlugin
2023-07-03 19:22:18,182 [INFO] IPUIPlugin:80 - create IPUIPlugin
2023-07-03 19:22:18,182 [INFO] IPUIPlugin:80 - create IPUIPlugin
2023-07-03 19:22:18,182 [INFO] IPUIPlugin:80 - create IPUIPlugin
2023-07-03 19:22:18,182 [INFO] IPUIPlugin:80 - create IPUIPlugin
2023-07-03 19:22:18,182 [INFO] IPUIPlugin:80 - create IPUIPlugin
2023-07-03 19:22:18,182 [INFO] IPUIPlugin:80 - create IPUIPlugin
2023-07-03 19:22:18,182 [INFO] IPUIPlugin:80 - create IPUIPlugin
2023-07-03 19:22:18,182 [INFO] IPUIPlugin:80 - create IPUIPlugin
2023-07-03 19:22:18,182 [INFO] IPUIPlugin:80 - create IPUIPlugin
2023-07-03 19:22:18,182 [INFO] IPUIPlugin:80 - create IPUIPlugin
2023-07-03 19:22:18,182 [INFO] IPUIPlugin:80 - create IPUIPlugin
2023-07-03 19:22:18,182 [INFO] IPUIPlugin:80 - create IPUIPlugin
2023-07-03 19:22:18,182 [INFO] IPUIPlugin:80 - create IPUIPlugin
2023-07-03 19:22:18,182 [INFO] IPUIPlugin:80 - create IPUIPlugin
2023-07-03 19:22:18,182 [INFO] IPUIPlugin:80 - create IPUIPlugin
2023-07-03 19:22:18,182 [INFO] IPUIPlugin:80 - create IPUIPlugin
2023-07-03 19:22:18,182 [INFO] IPUIPlugin:80 - create IPUIPlugin
2023-07-03 19:22:18,182 [INFO] IPUIPlugin:80 - create IPUIPlugin
2023-07-03 19:22:18,182 [INFO] IPUIPlugin:80 - create IPUIPlugin
2023-07-03 19:22:18,182 [INFO] IPUIPlugin:80 - create IPUIPlugin
2023-07-03 19:22:18,197 [INFO] IPUIPlugin:80 - create IPUIPlugin
2023-07-03 19:22:18,197 [INFO] IPUIPlugin:80 - create IPUIPlugin
2023-07-03 19:22:18,197 [INFO] IPUIPlugin:80 - create IPUIPlugin
2023-07-03 19:22:18,197 [INFO] IPUIPlugin:80 - create IPUIPlugin
2023-07-03 19:22:18,197 [INFO] IPUIPlugin:80 - create IPUIPlugin
2023-07-03 19:22:18,197 [INFO] IPUIPlugin:80 - create IPUIPlugin
2023-07-03 19:22:18,197 [INFO] IPUIPlugin:80 - create IPUIPlugin
2023-07-03 19:22:18,197 [INFO] IPUIPlugin:80 - create IPUIPlugin
2023-07-03 19:22:18,197 [INFO] IPUIPlugin:80 - create IPUIPlugin
2023-07-03 19:22:18,276 [INFO] CADModel:165 - CPN selected for project levelSTM32L4P5RET6
2023-07-03 19:22:18,276 [INFO] CADModel:114 - Register for checkConnection events
2023-07-03 19:22:18,339 [INFO] OpenFileManager:328 - Restore cursor
2023-07-03 19:22:25,677 [INFO] Can:71 - Can Add PropertyChangeListener com.st.microxplorer.plugins.ip.can.Can@643a5325
2023-07-03 19:23:11,292 [INFO] NvicIntPanel:101 - NVIC parent = com.st.microxplorer.plugins.ip.nvic.MultiNvicIntPanel[,0,0,0x0,invalid,layout=javax.swing.BoxLayout,alignmentX=0.0,alignmentY=0.0,border=,flags=9,maximumSize=,minimumSize=,preferredSize=]
2023-07-03 19:23:15,152 [INFO] NvicIntPanel:101 - NVIC parent = com.st.microxplorer.plugins.ip.nvic.MultiNvicIntPanel[,0,0,0x0,invalid,layout=javax.swing.BoxLayout,alignmentX=0.0,alignmentY=0.0,border=,flags=9,maximumSize=,minimumSize=,preferredSize=]
2023-07-03 19:23:15,282 [INFO] NvicIntPanel:101 - NVIC parent = com.st.microxplorer.plugins.ip.nvic.MultiNvicIntPanel[,0,0,0x0,invalid,layout=javax.swing.BoxLayout,alignmentX=0.0,alignmentY=0.0,border=,flags=9,maximumSize=,minimumSize=,preferredSize=]
2023-07-03 19:23:23,792 [INFO] NvicIntPanel:101 - NVIC parent = com.st.microxplorer.plugins.ip.nvic.MultiNvicIntPanel[,0,0,0x0,invalid,layout=javax.swing.BoxLayout,alignmentX=0.0,alignmentY=0.0,border=,flags=9,maximumSize=,minimumSize=,preferredSize=]
2023-07-03 19:23:23,924 [INFO] NvicIntPanel:101 - NVIC parent = com.st.microxplorer.plugins.ip.nvic.MultiNvicIntPanel[,0,0,0x0,invalid,layout=javax.swing.BoxLayout,alignmentX=0.0,alignmentY=0.0,border=,flags=9,maximumSize=,minimumSize=,preferredSize=]
2023-07-03 19:23:25,873 [INFO] NvicIntPanel:101 - NVIC parent = com.st.microxplorer.plugins.ip.nvic.MultiNvicIntPanel[,0,0,0x0,invalid,layout=javax.swing.BoxLayout,alignmentX=0.0,alignmentY=0.0,border=,flags=9,maximumSize=,minimumSize=,preferredSize=]
2023-07-03 19:23:25,984 [INFO] NvicIntPanel:101 - NVIC parent = com.st.microxplorer.plugins.ip.nvic.MultiNvicIntPanel[,0,0,0x0,invalid,layout=javax.swing.BoxLayout,alignmentX=0.0,alignmentY=0.0,border=,flags=9,maximumSize=,minimumSize=,preferredSize=]
2023-07-03 19:23:31,293 [INFO] NvicIntPanel:101 - NVIC parent = com.st.microxplorer.plugins.ip.nvic.MultiNvicIntPanel[,0,0,0x0,invalid,layout=javax.swing.BoxLayout,alignmentX=0.0,alignmentY=0.0,border=,flags=9,maximumSize=,minimumSize=,preferredSize=]
2023-07-03 19:23:31,437 [INFO] NvicIntPanel:101 - NVIC parent = com.st.microxplorer.plugins.ip.nvic.MultiNvicIntPanel[,0,0,0x0,invalid,layout=javax.swing.BoxLayout,alignmentX=0.0,alignmentY=0.0,border=,flags=9,maximumSize=,minimumSize=,preferredSize=]
2023-07-03 19:25:21,929 [INFO] NvicIntPanel:101 - NVIC parent = com.st.microxplorer.plugins.ip.nvic.MultiNvicIntPanel[,0,0,0x0,invalid,layout=javax.swing.BoxLayout,alignmentX=0.0,alignmentY=0.0,border=,flags=9,maximumSize=,minimumSize=,preferredSize=]
2023-07-03 19:25:22,031 [INFO] NvicIntPanel:101 - NVIC parent = com.st.microxplorer.plugins.ip.nvic.MultiNvicIntPanel[,0,0,0x0,invalid,layout=javax.swing.BoxLayout,alignmentX=0.0,alignmentY=0.0,border=,flags=9,maximumSize=,minimumSize=,preferredSize=]
2023-07-03 19:25:27,781 [INFO] NvicIntPanel:101 - NVIC parent = com.st.microxplorer.plugins.ip.nvic.MultiNvicIntPanel[,0,0,0x0,invalid,layout=javax.swing.BoxLayout,alignmentX=0.0,alignmentY=0.0,border=,flags=9,maximumSize=,minimumSize=,preferredSize=]
2023-07-03 19:25:34,406 [INFO] NvicIntPanel:101 - NVIC parent = com.st.microxplorer.plugins.ip.nvic.MultiNvicIntPanel[,0,0,0x0,invalid,layout=javax.swing.BoxLayout,alignmentX=0.0,alignmentY=0.0,border=,flags=9,maximumSize=,minimumSize=,preferredSize=]
2023-07-03 19:26:29,173 [INFO] NvicIntPanel:101 - NVIC parent = com.st.microxplorer.plugins.ip.nvic.MultiNvicIntPanel[,0,0,0x0,invalid,layout=javax.swing.BoxLayout,alignmentX=0.0,alignmentY=0.0,border=,flags=9,maximumSize=,minimumSize=,preferredSize=]
2023-07-03 19:26:29,253 [INFO] NvicIntPanel:101 - NVIC parent = com.st.microxplorer.plugins.ip.nvic.MultiNvicIntPanel[,0,0,0x0,invalid,layout=javax.swing.BoxLayout,alignmentX=0.0,alignmentY=0.0,border=,flags=9,maximumSize=,minimumSize=,preferredSize=]
2023-07-03 19:26:31,050 [INFO] NvicIntPanel:101 - NVIC parent = com.st.microxplorer.plugins.ip.nvic.MultiNvicIntPanel[,0,0,0x0,invalid,layout=javax.swing.BoxLayout,alignmentX=0.0,alignmentY=0.0,border=,flags=9,maximumSize=,minimumSize=,preferredSize=]
2023-07-03 19:26:31,146 [INFO] NvicIntPanel:101 - NVIC parent = com.st.microxplorer.plugins.ip.nvic.MultiNvicIntPanel[,0,0,0x0,invalid,layout=javax.swing.BoxLayout,alignmentX=0.0,alignmentY=0.0,border=,flags=9,maximumSize=,minimumSize=,preferredSize=]
2023-07-03 19:27:09,395 [INFO] Gpio:273 - dependency for GPIO [CAN1, RCC, SYS, TIM3]
2023-07-03 19:30:42,940 [INFO] UtilMem:75 - End SaveConfig() Used Memory: 536291576 Bytes (711983104)
2023-07-03 19:30:43,035 [INFO] UtilMem:75 - End SaveConfig() Used Memory: 555106352 Bytes (711983104)
2023-07-03 19:30:43,885 [INFO] UtilMem:75 - End SaveConfig() Used Memory: 634275888 Bytes (711983104)
2023-07-03 19:30:44,708 [INFO] BlockDiagram:2759 - set Specific Code input for plugin: TIM1_8L4
2023-07-03 19:30:44,708 [INFO] BlockDiagram:2759 - set Specific Code input for plugin: CAN
2023-07-03 19:30:44,708 [INFO] BlockDiagram:2759 - set Specific Code input for plugin: SYS
2023-07-03 19:30:44,708 [INFO] BlockDiagram:2759 - set Specific Code input for plugin: RCC
2023-07-03 19:30:44,708 [INFO] BlockDiagram:2759 - set Specific Code input for plugin: NVIC
2023-07-03 19:30:44,708 [INFO] BlockDiagram:2759 - set Specific Code input for plugin: GPIO
2023-07-03 19:30:44,708 [INFO] CodeGenerator:793 - code generatio: config db path: C:\ST\STM32CubeIDE_1.12.0\STM32CubeIDE\plugins\com.st.stm32cube.common.mx_6.8.0.202302231600\\db\
2023-07-03 19:30:45,531 [INFO] CodeEngine:255 - oldGeneratedFile, C:\Users\przem\OneDrive\Pulpit\PUTM\PUTM_DV_ASB_2023\software\EBS_Supervisor_L4\MXTmpFiles\license.tmp_save
2023-07-03 19:30:46,650 [INFO] CodeEngine:279 - Generated code: C:\Users\przem\OneDrive\Pulpit\PUTM\PUTM_DV_ASB_2023\software\EBS_Supervisor_L4\MXTmpFiles\license.tmp
2023-07-03 19:30:46,893 [INFO] CodeEngine:255 - oldGeneratedFile, C:\Users\przem\OneDrive\Pulpit\PUTM\PUTM_DV_ASB_2023\software\EBS_Supervisor_L4\MXTmpFiles\gpio.tmp_save
2023-07-03 19:30:47,131 [INFO] CodeEngine:279 - Generated code: C:\Users\przem\OneDrive\Pulpit\PUTM\PUTM_DV_ASB_2023\software\EBS_Supervisor_L4\MXTmpFiles\gpio.tmp
2023-07-03 19:30:47,618 [INFO] CodeEngine:255 - oldGeneratedFile, C:\Users\przem\OneDrive\Pulpit\PUTM\PUTM_DV_ASB_2023\software\EBS_Supervisor_L4\Core\Src\stm32l4xx_it.c_save
2023-07-03 19:30:47,861 [INFO] CodeEngine:279 - Generated code: C:\Users\przem\OneDrive\Pulpit\PUTM\PUTM_DV_ASB_2023\software\EBS_Supervisor_L4\Core\Src\stm32l4xx_it.c
2023-07-03 19:30:47,883 [INFO] CodeEngine:255 - oldGeneratedFile, C:\Users\przem\OneDrive\Pulpit\PUTM\PUTM_DV_ASB_2023\software\EBS_Supervisor_L4\Core\Inc\stm32l4xx_it.h_save
2023-07-03 19:30:48,068 [INFO] CodeEngine:279 - Generated code: C:\Users\przem\OneDrive\Pulpit\PUTM\PUTM_DV_ASB_2023\software\EBS_Supervisor_L4\Core\Inc\stm32l4xx_it.h
2023-07-03 19:30:48,146 [INFO] CodeEngine:255 - oldGeneratedFile, C:\Users\przem\OneDrive\Pulpit\PUTM\PUTM_DV_ASB_2023\software\EBS_Supervisor_L4\Core\Src\stm32l4xx_hal_msp.c_save
2023-07-03 19:30:48,494 [INFO] CodeEngine:279 - Generated code: C:\Users\przem\OneDrive\Pulpit\PUTM\PUTM_DV_ASB_2023\software\EBS_Supervisor_L4\Core\Src\stm32l4xx_hal_msp.c
2023-07-03 19:30:48,527 [INFO] CodeEngine:255 - oldGeneratedFile, C:\Users\przem\OneDrive\Pulpit\PUTM\PUTM_DV_ASB_2023\software\EBS_Supervisor_L4\MXTmpFiles\system.tmp_save
2023-07-03 19:30:48,747 [INFO] CodeEngine:279 - Generated code: C:\Users\przem\OneDrive\Pulpit\PUTM\PUTM_DV_ASB_2023\software\EBS_Supervisor_L4\MXTmpFiles\system.tmp
2023-07-03 19:30:48,794 [INFO] CodeEngine:311 - oldGeneratedFile, C:\Users\przem\OneDrive\Pulpit\PUTM\PUTM_DV_ASB_2023\software\EBS_Supervisor_L4\Core\Inc\stm32l4xx_hal_conf.h_save
2023-07-03 19:30:49,047 [INFO] CodeEngine:335 - Generated code: C:\Users\przem\OneDrive\Pulpit\PUTM\PUTM_DV_ASB_2023\software\EBS_Supervisor_L4\Core\Inc\stm32l4xx_hal_conf.h
2023-07-03 19:30:49,144 [WARN] IPConfigManager:3431 - IP not found : TIM
2023-07-03 19:30:49,144 [WARN] CodeGenerator:3754 - IP not found : null
2023-07-03 19:30:49,207 [INFO] CodeEngine:255 - oldGeneratedFile, C:\Users\przem\OneDrive\Pulpit\PUTM\PUTM_DV_ASB_2023\software\EBS_Supervisor_L4\Core\Inc\main.h_save
2023-07-03 19:30:49,395 [INFO] CodeEngine:279 - Generated code: C:\Users\przem\OneDrive\Pulpit\PUTM\PUTM_DV_ASB_2023\software\EBS_Supervisor_L4\Core\Inc\main.h
2023-07-03 19:30:49,420 [INFO] CodeEngine:255 - oldGeneratedFile, C:\Users\przem\OneDrive\Pulpit\PUTM\PUTM_DV_ASB_2023\software\EBS_Supervisor_L4\Core\Src\main.c_save
2023-07-03 19:30:49,665 [INFO] CodeEngine:279 - Generated code: C:\Users\przem\OneDrive\Pulpit\PUTM\PUTM_DV_ASB_2023\software\EBS_Supervisor_L4\Core\Src\main.c
2023-07-03 19:30:50,571 [INFO] ProjectBuilder:2996 - Time for Copy HAL[2] : 0mS.
2023-07-03 19:30:50,587 [INFO] ProjectBuilder:4304 - Project Generator version: 3.19.2
2023-07-03 19:30:51,278 [INFO] ConfigFileManager:1483 - The Die is : DIE471
2023-07-03 19:30:51,299 [INFO] ApiDbMcu:507 - Load IP Config File for FATFS
2023-07-03 19:30:51,319 [INFO] ApiDbMcu:507 - Load IP Config File for FREERTOS
2023-07-03 19:30:51,347 [INFO] ApiDbMcu:507 - Load IP Config File for TOUCHSENSING
2023-07-03 19:30:51,381 [INFO] ApiDbMcu:507 - Load IP Config File for USB_DEVICE
2023-07-03 19:30:51,395 [INFO] ApiDbMcu:507 - Load IP Config File for USB_HOST
2023-07-03 19:30:53,776 [INFO] LogOutputStream:77 - [STDOUT_REDIRECT] 
2023-07-03 19:30:57,571 [INFO] ProjectBuilder:4505 - Time for Generating toolchain IDE Files: 6984mS.
2023-07-03 19:30:57,571 [INFO] ProjectBuilder:2867 - Time for Copy CMSIS : 0mS.
2023-07-03 19:30:57,571 [INFO] ProjectBuilder:2867 - Time for Copy CMSIS : 0mS.
2023-07-03 19:42:56,600 [INFO] UtilMem:75 - End SaveConfig() Used Memory: 625567008 Bytes (936378368)
2023-07-03 19:42:57,125 [INFO] BlockDiagram:2759 - set Specific Code input for plugin: TIM1_8L4
2023-07-03 19:42:57,125 [INFO] BlockDiagram:2759 - set Specific Code input for plugin: CAN
2023-07-03 19:42:57,125 [INFO] BlockDiagram:2759 - set Specific Code input for plugin: SYS
2023-07-03 19:42:57,125 [INFO] BlockDiagram:2759 - set Specific Code input for plugin: RCC
2023-07-03 19:42:57,125 [INFO] BlockDiagram:2759 - set Specific Code input for plugin: NVIC
2023-07-03 19:42:57,125 [INFO] BlockDiagram:2759 - set Specific Code input for plugin: GPIO
2023-07-03 19:42:57,125 [INFO] CodeGenerator:793 - code generatio: config db path: C:\ST\STM32CubeIDE_1.12.0\STM32CubeIDE\plugins\com.st.stm32cube.common.mx_6.8.0.202302231600\\db\
2023-07-03 19:42:57,515 [INFO] CodeEngine:255 - oldGeneratedFile, C:\Users\przem\OneDrive\Pulpit\PUTM\PUTM_DV_ASB_2023\software\EBS_Supervisor_L4\MXTmpFiles\license.tmp_save
2023-07-03 19:42:57,792 [INFO] CodeEngine:279 - Generated code: C:\Users\przem\OneDrive\Pulpit\PUTM\PUTM_DV_ASB_2023\software\EBS_Supervisor_L4\MXTmpFiles\license.tmp
2023-07-03 19:42:57,901 [INFO] CodeEngine:255 - oldGeneratedFile, C:\Users\przem\OneDrive\Pulpit\PUTM\PUTM_DV_ASB_2023\software\EBS_Supervisor_L4\MXTmpFiles\gpio.tmp_save
2023-07-03 19:42:58,122 [INFO] CodeEngine:279 - Generated code: C:\Users\przem\OneDrive\Pulpit\PUTM\PUTM_DV_ASB_2023\software\EBS_Supervisor_L4\MXTmpFiles\gpio.tmp
2023-07-03 19:42:58,486 [INFO] CodeEngine:255 - oldGeneratedFile, C:\Users\przem\OneDrive\Pulpit\PUTM\PUTM_DV_ASB_2023\software\EBS_Supervisor_L4\Core\Src\stm32l4xx_it.c_save
2023-07-03 19:42:58,872 [INFO] CodeEngine:279 - Generated code: C:\Users\przem\OneDrive\Pulpit\PUTM\PUTM_DV_ASB_2023\software\EBS_Supervisor_L4\Core\Src\stm32l4xx_it.c
2023-07-03 19:42:58,885 [INFO] CodeEngine:255 - oldGeneratedFile, C:\Users\przem\OneDrive\Pulpit\PUTM\PUTM_DV_ASB_2023\software\EBS_Supervisor_L4\Core\Inc\stm32l4xx_it.h_save
2023-07-03 19:42:58,988 [INFO] CodeEngine:279 - Generated code: C:\Users\przem\OneDrive\Pulpit\PUTM\PUTM_DV_ASB_2023\software\EBS_Supervisor_L4\Core\Inc\stm32l4xx_it.h
2023-07-03 19:42:59,011 [INFO] CodeEngine:255 - oldGeneratedFile, C:\Users\przem\OneDrive\Pulpit\PUTM\PUTM_DV_ASB_2023\software\EBS_Supervisor_L4\Core\Src\stm32l4xx_hal_msp.c_save
2023-07-03 19:42:59,186 [INFO] CodeEngine:279 - Generated code: C:\Users\przem\OneDrive\Pulpit\PUTM\PUTM_DV_ASB_2023\software\EBS_Supervisor_L4\Core\Src\stm32l4xx_hal_msp.c
2023-07-03 19:42:59,196 [INFO] CodeEngine:255 - oldGeneratedFile, C:\Users\przem\OneDrive\Pulpit\PUTM\PUTM_DV_ASB_2023\software\EBS_Supervisor_L4\MXTmpFiles\system.tmp_save
2023-07-03 19:42:59,285 [INFO] CodeEngine:279 - Generated code: C:\Users\przem\OneDrive\Pulpit\PUTM\PUTM_DV_ASB_2023\software\EBS_Supervisor_L4\MXTmpFiles\system.tmp
2023-07-03 19:42:59,312 [INFO] CodeEngine:311 - oldGeneratedFile, C:\Users\przem\OneDrive\Pulpit\PUTM\PUTM_DV_ASB_2023\software\EBS_Supervisor_L4\Core\Inc\stm32l4xx_hal_conf.h_save
2023-07-03 19:42:59,475 [INFO] CodeEngine:335 - Generated code: C:\Users\przem\OneDrive\Pulpit\PUTM\PUTM_DV_ASB_2023\software\EBS_Supervisor_L4\Core\Inc\stm32l4xx_hal_conf.h
2023-07-03 19:42:59,534 [WARN] IPConfigManager:3431 - IP not found : TIM
2023-07-03 19:42:59,534 [WARN] CodeGenerator:3754 - IP not found : null
2023-07-03 19:42:59,566 [INFO] CodeEngine:255 - oldGeneratedFile, C:\Users\przem\OneDrive\Pulpit\PUTM\PUTM_DV_ASB_2023\software\EBS_Supervisor_L4\Core\Inc\main.h_save
2023-07-03 19:42:59,729 [INFO] CodeEngine:279 - Generated code: C:\Users\przem\OneDrive\Pulpit\PUTM\PUTM_DV_ASB_2023\software\EBS_Supervisor_L4\Core\Inc\main.h
2023-07-03 19:42:59,757 [INFO] CodeEngine:255 - oldGeneratedFile, C:\Users\przem\OneDrive\Pulpit\PUTM\PUTM_DV_ASB_2023\software\EBS_Supervisor_L4\Core\Src\main.c_save
2023-07-03 19:43:00,021 [INFO] CodeEngine:279 - Generated code: C:\Users\przem\OneDrive\Pulpit\PUTM\PUTM_DV_ASB_2023\software\EBS_Supervisor_L4\Core\Src\main.c
2023-07-03 19:43:00,710 [INFO] ProjectBuilder:2996 - Time for Copy HAL[2] : 0mS.
2023-07-03 19:43:00,720 [INFO] ProjectBuilder:4304 - Project Generator version: 3.19.2
2023-07-03 19:43:01,328 [INFO] ConfigFileManager:1483 - The Die is : DIE471
2023-07-03 19:43:04,468 [INFO] ProjectBuilder:4505 - Time for Generating toolchain IDE Files: 3748mS.
2023-07-03 19:43:04,468 [INFO] ProjectBuilder:2867 - Time for Copy CMSIS : 0mS.
2023-07-03 19:43:04,468 [INFO] ProjectBuilder:2867 - Time for Copy CMSIS : 0mS.
2023-07-03 19:44:37,384 [INFO] UtilMem:75 - End SaveConfig() Used Memory: 672537952 Bytes (1000341504)
2023-07-03 19:44:37,660 [INFO] BlockDiagram:2759 - set Specific Code input for plugin: TIM1_8L4
2023-07-03 19:44:37,660 [INFO] BlockDiagram:2759 - set Specific Code input for plugin: CAN
2023-07-03 19:44:37,660 [INFO] BlockDiagram:2759 - set Specific Code input for plugin: SYS
2023-07-03 19:44:37,660 [INFO] BlockDiagram:2759 - set Specific Code input for plugin: RCC
2023-07-03 19:44:37,660 [INFO] BlockDiagram:2759 - set Specific Code input for plugin: NVIC
2023-07-03 19:44:37,660 [INFO] BlockDiagram:2759 - set Specific Code input for plugin: GPIO
2023-07-03 19:44:37,660 [INFO] CodeGenerator:793 - code generatio: config db path: C:\ST\STM32CubeIDE_1.12.0\STM32CubeIDE\plugins\com.st.stm32cube.common.mx_6.8.0.202302231600\\db\
2023-07-03 19:44:38,015 [INFO] CodeEngine:255 - oldGeneratedFile, C:\Users\przem\OneDrive\Pulpit\PUTM\PUTM_DV_ASB_2023\software\EBS_Supervisor_L4\MXTmpFiles\license.tmp_save
2023-07-03 19:44:38,142 [INFO] CodeEngine:279 - Generated code: C:\Users\przem\OneDrive\Pulpit\PUTM\PUTM_DV_ASB_2023\software\EBS_Supervisor_L4\MXTmpFiles\license.tmp
2023-07-03 19:44:38,226 [INFO] CodeEngine:255 - oldGeneratedFile, C:\Users\przem\OneDrive\Pulpit\PUTM\PUTM_DV_ASB_2023\software\EBS_Supervisor_L4\MXTmpFiles\gpio.tmp_save
2023-07-03 19:44:38,365 [INFO] CodeEngine:279 - Generated code: C:\Users\przem\OneDrive\Pulpit\PUTM\PUTM_DV_ASB_2023\software\EBS_Supervisor_L4\MXTmpFiles\gpio.tmp
2023-07-03 19:44:38,793 [INFO] CodeEngine:255 - oldGeneratedFile, C:\Users\przem\OneDrive\Pulpit\PUTM\PUTM_DV_ASB_2023\software\EBS_Supervisor_L4\Core\Src\stm32l4xx_it.c_save
2023-07-03 19:44:38,924 [INFO] CodeEngine:279 - Generated code: C:\Users\przem\OneDrive\Pulpit\PUTM\PUTM_DV_ASB_2023\software\EBS_Supervisor_L4\Core\Src\stm32l4xx_it.c
2023-07-03 19:44:38,936 [INFO] CodeEngine:255 - oldGeneratedFile, C:\Users\przem\OneDrive\Pulpit\PUTM\PUTM_DV_ASB_2023\software\EBS_Supervisor_L4\Core\Inc\stm32l4xx_it.h_save
2023-07-03 19:44:39,020 [INFO] CodeEngine:279 - Generated code: C:\Users\przem\OneDrive\Pulpit\PUTM\PUTM_DV_ASB_2023\software\EBS_Supervisor_L4\Core\Inc\stm32l4xx_it.h
2023-07-03 19:44:39,047 [INFO] CodeEngine:255 - oldGeneratedFile, C:\Users\przem\OneDrive\Pulpit\PUTM\PUTM_DV_ASB_2023\software\EBS_Supervisor_L4\Core\Src\stm32l4xx_hal_msp.c_save
2023-07-03 19:44:39,175 [INFO] CodeEngine:279 - Generated code: C:\Users\przem\OneDrive\Pulpit\PUTM\PUTM_DV_ASB_2023\software\EBS_Supervisor_L4\Core\Src\stm32l4xx_hal_msp.c
2023-07-03 19:44:39,179 [INFO] CodeEngine:255 - oldGeneratedFile, C:\Users\przem\OneDrive\Pulpit\PUTM\PUTM_DV_ASB_2023\software\EBS_Supervisor_L4\MXTmpFiles\system.tmp_save
2023-07-03 19:44:39,255 [INFO] CodeEngine:279 - Generated code: C:\Users\przem\OneDrive\Pulpit\PUTM\PUTM_DV_ASB_2023\software\EBS_Supervisor_L4\MXTmpFiles\system.tmp
2023-07-03 19:44:39,271 [INFO] CodeEngine:311 - oldGeneratedFile, C:\Users\przem\OneDrive\Pulpit\PUTM\PUTM_DV_ASB_2023\software\EBS_Supervisor_L4\Core\Inc\stm32l4xx_hal_conf.h_save
2023-07-03 19:44:39,398 [INFO] CodeEngine:335 - Generated code: C:\Users\przem\OneDrive\Pulpit\PUTM\PUTM_DV_ASB_2023\software\EBS_Supervisor_L4\Core\Inc\stm32l4xx_hal_conf.h
2023-07-03 19:44:39,430 [WARN] IPConfigManager:3431 - IP not found : TIM
2023-07-03 19:44:39,430 [WARN] CodeGenerator:3754 - IP not found : null
2023-07-03 19:44:39,461 [INFO] CodeEngine:255 - oldGeneratedFile, C:\Users\przem\OneDrive\Pulpit\PUTM\PUTM_DV_ASB_2023\software\EBS_Supervisor_L4\Core\Inc\main.h_save
2023-07-03 19:44:39,557 [INFO] CodeEngine:279 - Generated code: C:\Users\przem\OneDrive\Pulpit\PUTM\PUTM_DV_ASB_2023\software\EBS_Supervisor_L4\Core\Inc\main.h
2023-07-03 19:44:39,567 [INFO] CodeEngine:255 - oldGeneratedFile, C:\Users\przem\OneDrive\Pulpit\PUTM\PUTM_DV_ASB_2023\software\EBS_Supervisor_L4\Core\Src\main.c_save
2023-07-03 19:44:39,708 [INFO] CodeEngine:279 - Generated code: C:\Users\przem\OneDrive\Pulpit\PUTM\PUTM_DV_ASB_2023\software\EBS_Supervisor_L4\Core\Src\main.c
2023-07-03 19:44:40,351 [INFO] ProjectBuilder:2996 - Time for Copy HAL[2] : 0mS.
2023-07-03 19:44:40,362 [INFO] ProjectBuilder:4304 - Project Generator version: 3.19.2
2023-07-03 19:44:40,811 [INFO] ConfigFileManager:1483 - The Die is : DIE471
2023-07-03 19:44:43,249 [INFO] ProjectBuilder:4505 - Time for Generating toolchain IDE Files: 2887mS.
2023-07-03 19:44:43,249 [INFO] ProjectBuilder:2867 - Time for Copy CMSIS : 0mS.
2023-07-03 19:44:43,249 [INFO] ProjectBuilder:2867 - Time for Copy CMSIS : 0mS.
2023-07-03 19:50:37,770 [INFO] UtilMem:75 - End SaveConfig() Used Memory: 758476032 Bytes (1031798784)
2023-07-03 19:50:37,990 [INFO] BlockDiagram:2759 - set Specific Code input for plugin: TIM1_8L4
2023-07-03 19:50:37,990 [INFO] BlockDiagram:2759 - set Specific Code input for plugin: CAN
2023-07-03 19:50:37,990 [INFO] BlockDiagram:2759 - set Specific Code input for plugin: SYS
2023-07-03 19:50:37,990 [INFO] BlockDiagram:2759 - set Specific Code input for plugin: RCC
2023-07-03 19:50:37,990 [INFO] BlockDiagram:2759 - set Specific Code input for plugin: NVIC
2023-07-03 19:50:37,990 [INFO] BlockDiagram:2759 - set Specific Code input for plugin: GPIO
2023-07-03 19:50:37,990 [INFO] CodeGenerator:793 - code generatio: config db path: C:\ST\STM32CubeIDE_1.12.0\STM32CubeIDE\plugins\com.st.stm32cube.common.mx_6.8.0.202302231600\\db\
2023-07-03 19:50:38,218 [INFO] CodeEngine:255 - oldGeneratedFile, C:\Users\przem\OneDrive\Pulpit\PUTM\PUTM_DV_ASB_2023\software\EBS_Supervisor_L4\MXTmpFiles\license.tmp_save
2023-07-03 19:50:38,376 [INFO] CodeEngine:279 - Generated code: C:\Users\przem\OneDrive\Pulpit\PUTM\PUTM_DV_ASB_2023\software\EBS_Supervisor_L4\MXTmpFiles\license.tmp
2023-07-03 19:50:38,428 [INFO] CodeEngine:255 - oldGeneratedFile, C:\Users\przem\OneDrive\Pulpit\PUTM\PUTM_DV_ASB_2023\software\EBS_Supervisor_L4\MXTmpFiles\gpio.tmp_save
2023-07-03 19:50:38,503 [INFO] CodeEngine:279 - Generated code: C:\Users\przem\OneDrive\Pulpit\PUTM\PUTM_DV_ASB_2023\software\EBS_Supervisor_L4\MXTmpFiles\gpio.tmp
2023-07-03 19:50:38,693 [INFO] CodeEngine:255 - oldGeneratedFile, C:\Users\przem\OneDrive\Pulpit\PUTM\PUTM_DV_ASB_2023\software\EBS_Supervisor_L4\Core\Src\stm32l4xx_it.c_save
2023-07-03 19:50:38,772 [INFO] CodeEngine:279 - Generated code: C:\Users\przem\OneDrive\Pulpit\PUTM\PUTM_DV_ASB_2023\software\EBS_Supervisor_L4\Core\Src\stm32l4xx_it.c
2023-07-03 19:50:38,788 [INFO] CodeEngine:255 - oldGeneratedFile, C:\Users\przem\OneDrive\Pulpit\PUTM\PUTM_DV_ASB_2023\software\EBS_Supervisor_L4\Core\Inc\stm32l4xx_it.h_save
2023-07-03 19:50:38,871 [INFO] CodeEngine:279 - Generated code: C:\Users\przem\OneDrive\Pulpit\PUTM\PUTM_DV_ASB_2023\software\EBS_Supervisor_L4\Core\Inc\stm32l4xx_it.h
2023-07-03 19:50:38,891 [INFO] CodeEngine:255 - oldGeneratedFile, C:\Users\przem\OneDrive\Pulpit\PUTM\PUTM_DV_ASB_2023\software\EBS_Supervisor_L4\Core\Src\stm32l4xx_hal_msp.c_save
2023-07-03 19:50:38,994 [INFO] CodeEngine:279 - Generated code: C:\Users\przem\OneDrive\Pulpit\PUTM\PUTM_DV_ASB_2023\software\EBS_Supervisor_L4\Core\Src\stm32l4xx_hal_msp.c
2023-07-03 19:50:38,994 [INFO] CodeEngine:255 - oldGeneratedFile, C:\Users\przem\OneDrive\Pulpit\PUTM\PUTM_DV_ASB_2023\software\EBS_Supervisor_L4\MXTmpFiles\system.tmp_save
2023-07-03 19:50:39,058 [INFO] CodeEngine:279 - Generated code: C:\Users\przem\OneDrive\Pulpit\PUTM\PUTM_DV_ASB_2023\software\EBS_Supervisor_L4\MXTmpFiles\system.tmp
2023-07-03 19:50:39,074 [INFO] CodeEngine:311 - oldGeneratedFile, C:\Users\przem\OneDrive\Pulpit\PUTM\PUTM_DV_ASB_2023\software\EBS_Supervisor_L4\Core\Inc\stm32l4xx_hal_conf.h_save
2023-07-03 19:50:39,185 [INFO] CodeEngine:335 - Generated code: C:\Users\przem\OneDrive\Pulpit\PUTM\PUTM_DV_ASB_2023\software\EBS_Supervisor_L4\Core\Inc\stm32l4xx_hal_conf.h
2023-07-03 19:50:39,221 [WARN] IPConfigManager:3431 - IP not found : TIM
2023-07-03 19:50:39,221 [WARN] CodeGenerator:3754 - IP not found : null
2023-07-03 19:50:39,248 [INFO] CodeEngine:255 - oldGeneratedFile, C:\Users\przem\OneDrive\Pulpit\PUTM\PUTM_DV_ASB_2023\software\EBS_Supervisor_L4\Core\Inc\main.h_save
2023-07-03 19:50:39,343 [INFO] CodeEngine:279 - Generated code: C:\Users\przem\OneDrive\Pulpit\PUTM\PUTM_DV_ASB_2023\software\EBS_Supervisor_L4\Core\Inc\main.h
2023-07-03 19:50:39,343 [INFO] CodeEngine:255 - oldGeneratedFile, C:\Users\przem\OneDrive\Pulpit\PUTM\PUTM_DV_ASB_2023\software\EBS_Supervisor_L4\Core\Src\main.c_save
2023-07-03 19:50:39,454 [INFO] CodeEngine:279 - Generated code: C:\Users\przem\OneDrive\Pulpit\PUTM\PUTM_DV_ASB_2023\software\EBS_Supervisor_L4\Core\Src\main.c
2023-07-03 19:50:40,008 [INFO] ProjectBuilder:2996 - Time for Copy HAL[2] : 0mS.
2023-07-03 19:50:40,018 [INFO] ProjectBuilder:4304 - Project Generator version: 3.19.2
2023-07-03 19:50:40,452 [INFO] ConfigFileManager:1483 - The Die is : DIE471
2023-07-03 19:50:42,575 [INFO] ProjectBuilder:4505 - Time for Generating toolchain IDE Files: 2557mS.
2023-07-03 19:50:42,575 [INFO] ProjectBuilder:2867 - Time for Copy CMSIS : 0mS.
2023-07-03 19:50:42,588 [INFO] ProjectBuilder:2867 - Time for Copy CMSIS : 0mS.
2023-07-03 19:56:44,611 [INFO] MainUpdater:2854 - connection check result : 10
2023-07-03 19:56:44,611 [INFO] MainUpdater:2854 - connection check result : 10
2023-07-03 19:56:44,668 [INFO] MicroXplorer:468 - Change Database Path : 
2023-07-03 19:56:44,668 [INFO] MicroXplorer:498 - Change Database Version : DB.6.0.80
2023-07-03 19:56:44,674 [WARN] ThirdParty:871 - waiting for thirdparty lock release [close project]
2023-07-03 19:56:44,674 [INFO] ThirdParty:873 - entering critical section [close project]
2023-07-03 19:56:44,674 [INFO] ThirdParty:883 - exiting critical section [close project]
2023-07-03 19:56:44,690 [INFO] PinOutPanel:1499 - setPackage(No Configuration,No Configuration)
2023-07-03 19:56:44,690 [INFO] UtilMem:75 - Begin LoadConfig() Used Memory: 730141320 Bytes (1033895936)
2023-07-03 19:56:44,690 [INFO] MicroXplorer:468 - Change Database Path : C:/Users/przem/.stm32cubemx/databases/DB.6.0.70/db/
2023-07-03 19:56:44,690 [INFO] MicroXplorer:498 - Change Database Version : DB.6.0.70
2023-07-03 19:57:21,156 [INFO] MainUpdater:2854 - connection check result : 10
2023-07-03 19:57:21,156 [INFO] MainUpdater:2854 - connection check result : 10
2023-07-03 19:57:21,169 [INFO] MicroXplorer:468 - Change Database Path : 
2023-07-03 19:57:21,169 [INFO] MicroXplorer:498 - Change Database Version : DB.6.0.80
2023-07-03 19:57:21,185 [WARN] ThirdParty:871 - waiting for thirdparty lock release [close project]
2023-07-03 19:57:21,185 [INFO] ThirdParty:873 - entering critical section [close project]
2023-07-03 19:57:21,185 [INFO] ThirdParty:883 - exiting critical section [close project]
2023-07-03 19:57:21,185 [INFO] PinOutPanel:1499 - setPackage(No Configuration,No Configuration)
2023-07-03 19:57:21,185 [INFO] UtilMem:75 - Begin LoadConfig() Used Memory: 717236096 Bytes (1033895936)
2023-07-03 19:57:21,185 [INFO] MicroXplorer:468 - Change Database Path : 
2023-07-03 19:57:21,185 [INFO] MicroXplorer:498 - Change Database Version : DB.6.0.80
2023-07-03 19:57:21,185 [INFO] OpenFileManager:308 - Change cursor
2023-07-03 19:57:21,211 [INFO] RulesReader:64 - Compatibility file has been processed (293 Rules)
2023-07-03 19:57:21,211 [INFO] Mcu:1937 - Initializing MCU STM32L4P5R(G-E)Tx STM32L4P5RETx STM32L4P5RET6
2023-07-03 19:57:23,736 [INFO] Context:659 - Trying to add GPIOservice into a context  which must be forbidden
2023-07-03 19:57:24,197 [INFO] RtosManager:555 - Registered RTOS mode: class=CMSIS, group=RTOS, mode=CMSIS_V1, owner=FREERTOS
2023-07-03 19:57:24,197 [INFO] RtosManager:555 - Registered RTOS mode: class=CMSIS, group=RTOS2, mode=CMSIS_V2, owner=FREERTOS
2023-07-03 19:57:24,197 [INFO] RtosManager:555 - Registered RTOS mode: class=RTOS, group=Core, mode=CMSIS_V1, owner=FREERTOS
2023-07-03 19:57:24,197 [INFO] RtosManager:555 - Registered RTOS mode: class=RTOS, group=Core, mode=CMSIS_V2, owner=FREERTOS
2023-07-03 19:57:24,197 [WARN] ModelIntegratedComponent:184 - Missing modes for component STMicroelectronics:FreeRTOS:0.0.1:STMicroelectronics:RTOS:FreeRTOS:Core:::10.2.0:
2023-07-03 19:57:24,213 [WARN] ModelIntegratedComponent:63 - No mode defined for component null
2023-07-03 19:57:24,213 [WARN] ModelIntegratedComponent:63 - No mode defined for component null
2023-07-03 19:57:24,213 [WARN] ModelIntegratedComponent:63 - No mode defined for component null
2023-07-03 19:57:24,213 [WARN] ModelIntegratedComponent:63 - No mode defined for component null
2023-07-03 19:57:24,213 [WARN] ModelIntegratedComponent:63 - No mode defined for component null
2023-07-03 19:57:24,213 [WARN] ModelIntegratedComponent:63 - No mode defined for component null
2023-07-03 19:57:24,213 [WARN] ModelIntegratedComponent:63 - No mode defined for component null
2023-07-03 19:57:24,213 [WARN] ModelIntegratedComponent:63 - No mode defined for component null
2023-07-03 19:57:24,213 [WARN] ModelIntegratedComponent:63 - No mode defined for component null
2023-07-03 19:57:24,223 [WARN] ModelIntegratedComponent:63 - No mode defined for component null
2023-07-03 19:57:24,223 [WARN] ModelIntegratedComponent:63 - No mode defined for component null
2023-07-03 19:57:24,223 [WARN] ModelIntegratedComponent:63 - No mode defined for component null
2023-07-03 19:57:24,223 [WARN] ModelIntegratedComponent:63 - No mode defined for component null
2023-07-03 19:57:24,223 [WARN] ModelIntegratedComponent:63 - No mode defined for component null
2023-07-03 19:57:24,223 [WARN] ModelIntegratedComponent:63 - No mode defined for component null
2023-07-03 19:57:24,223 [WARN] ModelIntegratedComponent:63 - No mode defined for component null
2023-07-03 19:57:24,223 [WARN] ModelIntegratedComponent:63 - No mode defined for component null
2023-07-03 19:57:24,223 [WARN] ModelIntegratedComponent:63 - No mode defined for component null
2023-07-03 19:57:24,223 [WARN] ModelIntegratedComponent:63 - No mode defined for component null
2023-07-03 19:57:24,223 [WARN] ModelIntegratedComponent:63 - No mode defined for component null
2023-07-03 19:57:24,223 [WARN] ModelIntegratedComponent:63 - No mode defined for component null
2023-07-03 19:57:24,223 [WARN] ModelIntegratedComponent:63 - No mode defined for component null
2023-07-03 19:57:24,223 [WARN] ModelIntegratedComponent:63 - No mode defined for component null
2023-07-03 19:57:24,223 [WARN] ModelIntegratedComponent:63 - No mode defined for component null
2023-07-03 19:57:24,223 [WARN] ModelIntegratedComponent:63 - No mode defined for component null
2023-07-03 19:57:24,223 [WARN] ModelIntegratedComponent:63 - No mode defined for component null
2023-07-03 19:57:24,223 [WARN] ModelIntegratedComponent:63 - No mode defined for component null
2023-07-03 19:57:24,223 [WARN] ModelIntegratedComponent:63 - No mode defined for component null
2023-07-03 19:57:24,223 [WARN] ModelIntegratedComponent:63 - No mode defined for component null
2023-07-03 19:57:24,223 [WARN] ModelIntegratedComponent:63 - No mode defined for component null
2023-07-03 19:57:24,223 [WARN] ModelIntegratedComponent:63 - No mode defined for component null
2023-07-03 19:57:24,223 [WARN] ModelIntegratedComponent:63 - No mode defined for component null
2023-07-03 19:57:24,223 [WARN] ModelIntegratedComponent:63 - No mode defined for component null
2023-07-03 19:57:24,372 [INFO] ThirdPartyModel:298 - Start build external matchings
2023-07-03 19:57:25,052 [INFO] ThirdPartyModel:316 - End build external matchings
2023-07-03 19:57:25,060 [INFO] ImportTextPane:194 - (OptionalMessage_ERROR) IP (RCC) : Invalid parameter (FamilyName)
2023-07-03 19:57:25,060 [INFO] ImportTextPane:194 - (OptionalMessage_ERROR) IP (RCC) : Parameter (RNGFreq_Value) has invalid value (64000000)
2023-07-03 19:57:25,060 [INFO] ImportTextPane:194 - (OptionalMessage_ERROR) IP (RCC) : Parameter (USBFreq_Value) has invalid value (64000000)
2023-07-03 19:57:25,550 [INFO] UtilMem:75 - End LoadConfig() Used Memory: 646354816 Bytes (1033895936)
2023-07-03 19:57:25,590 [WARN] ThirdParty:833 - waiting for thirdparty lock release [change project]
2023-07-03 19:57:25,600 [INFO] ThirdParty:835 - entering critical section [change project]
2023-07-03 19:57:25,600 [INFO] ThirdParty:1030 - CMSIS Pack Vendor :STMicroelectronics X-CUBE-ISPU 1.1.0
2023-07-03 19:57:25,600 [INFO] ThirdParty:1030 - CMSIS Pack Vendor :STMicroelectronics X-CUBE-GNSS1 6.0.0
2023-07-03 19:57:25,600 [INFO] ThirdParty:1030 - CMSIS Pack Vendor :STMicroelectronics USB_HOST 2.0.0
2023-07-03 19:57:25,600 [INFO] ThirdParty:1030 - CMSIS Pack Vendor :STMicroelectronics X-CUBE-AZRTOS-F4 1.1.0
2023-07-03 19:57:25,600 [INFO] ThirdParty:1030 - CMSIS Pack Vendor :STMicroelectronics LIBJPEG 8.0.0
2023-07-03 19:57:25,600 [INFO] ThirdParty:1030 - CMSIS Pack Vendor :STMicroelectronics X-CUBE-SMBUS 2.1.0
2023-07-03 19:57:25,600 [INFO] ThirdParty:1030 - CMSIS Pack Vendor :wolfSSL I-CUBE-wolfSSL 5.6.0
2023-07-03 19:57:25,600 [INFO] ThirdParty:1030 - CMSIS Pack Vendor :STMicroelectronics USB_DEVICE 3.0.0
2023-07-03 19:57:25,600 [INFO] ThirdParty:1030 - CMSIS Pack Vendor :STMicroelectronics X-CUBE-AI 8.0.0
2023-07-03 19:57:25,600 [INFO] ThirdParty:1030 - CMSIS Pack Vendor :STMicroelectronics X-CUBE-FREERTOS 1.0.1
2023-07-03 19:57:25,600 [INFO] ThirdParty:1030 - CMSIS Pack Vendor :STMicroelectronics X-CUBE-TOUCHGFX 4.21.3
2023-07-03 19:57:25,600 [INFO] ThirdParty:1030 - CMSIS Pack Vendor :STMicroelectronics X-CUBE-AZRTOS-F7 1.1.0
2023-07-03 19:57:25,600 [INFO] ThirdParty:1030 - CMSIS Pack Vendor :STMicroelectronics X-CUBE-TOUCHGFX 4.21.4
2023-07-03 19:57:25,600 [INFO] ThirdParty:1030 - CMSIS Pack Vendor :STMicroelectronics USB_DEVICE 2.0.0
2023-07-03 19:57:25,600 [INFO] ThirdParty:1030 - CMSIS Pack Vendor :STMicroelectronics X-CUBE-MEMS1 9.6.0
2023-07-03 19:57:25,600 [INFO] ThirdParty:1030 - CMSIS Pack Vendor :STMicroelectronics FP-SNS-MOTENV1 4.3.0
2023-07-03 19:57:25,600 [INFO] ThirdParty:1030 - CMSIS Pack Vendor :STMicroelectronics FP-SNS-MOTENV1 4.3.2
2023-07-03 19:57:25,600 [INFO] ThirdParty:1030 - CMSIS Pack Vendor :STMicroelectronics FP-SNS-FLIGHT1 5.0.0
2023-07-03 19:57:25,600 [INFO] ThirdParty:1030 - CMSIS Pack Vendor :STMicroelectronics FP-SNS-MOTENV1 4.3.1
2023-07-03 19:57:25,600 [INFO] ThirdParty:1030 - CMSIS Pack Vendor :STMicroelectronics FP-SNS-FLIGHT1 5.0.1
2023-07-03 19:57:25,600 [INFO] ThirdParty:1030 - CMSIS Pack Vendor :STMicroelectronics X-CUBE-ALGOBUILD 1.3.0
2023-07-03 19:57:25,600 [INFO] ThirdParty:1030 - CMSIS Pack Vendor :STMicroelectronics X-CUBE-BLE1 6.2.4
2023-07-03 19:57:25,600 [INFO] ThirdParty:1030 - CMSIS Pack Vendor :STMicroelectronics X-CUBE-AZRTOS-L5 1.1.0
2023-07-03 19:57:25,600 [INFO] ThirdParty:1030 - CMSIS Pack Vendor :STMicroelectronics FreeRTOS 0.0.1
2023-07-03 19:57:25,600 [INFO] ThirdParty:1030 - CMSIS Pack Vendor :STMicroelectronics X-CUBE-AZRTOS-G0 1.1.0
2023-07-03 19:57:25,600 [INFO] ThirdParty:1030 - CMSIS Pack Vendor :emotas I-CUBE-CANOPEN 1.1.3
2023-07-03 19:57:25,600 [INFO] ThirdParty:1030 - CMSIS Pack Vendor :STMicroelectronics X-CUBE-BLEMGR 2.0.0
2023-07-03 19:57:25,600 [INFO] ThirdParty:1030 - CMSIS Pack Vendor :STMicroelectronics X-CUBE-AI 8.0.1
2023-07-03 19:57:25,600 [INFO] ThirdParty:1030 - CMSIS Pack Vendor :STMicroelectronics X-CUBE-NFC4 3.0.0
2023-07-03 19:57:25,600 [INFO] ThirdParty:1030 - CMSIS Pack Vendor :STMicroelectronics X-CUBE-SUBG2 5.0.0
2023-07-03 19:57:25,600 [INFO] ThirdParty:1030 - CMSIS Pack Vendor :STMicroelectronics STM32_WPAN 1.0.0
2023-07-03 19:57:25,600 [INFO] ThirdParty:1030 - CMSIS Pack Vendor :STMicroelectronics lwIP 2.0.3
2023-07-03 19:57:25,600 [INFO] ThirdParty:1030 - CMSIS Pack Vendor :STMicroelectronics USB_HOST 1.0.0
2023-07-03 19:57:25,600 [INFO] ThirdParty:1030 - CMSIS Pack Vendor :STMicroelectronics X-CUBE-AZRTOS-G4 2.0.0
2023-07-03 19:57:25,600 [INFO] ThirdParty:1030 - CMSIS Pack Vendor :STMicroelectronics PDM2PCM 3.1.0
2023-07-03 19:57:25,600 [INFO] ThirdParty:1030 - CMSIS Pack Vendor :STMicroelectronics X-CUBE-AZRTOS-H7 3.1.0
2023-07-03 19:57:25,600 [INFO] ThirdParty:1030 - CMSIS Pack Vendor :STMicroelectronics X-CUBE-TOF1 3.3.0
2023-07-03 19:57:25,600 [INFO] ThirdParty:1030 - CMSIS Pack Vendor :STMicroelectronics PDM2PCM 3.3.0
2023-07-03 19:57:25,600 [INFO] ThirdParty:1030 - CMSIS Pack Vendor :STMicroelectronics X-CUBE-DISPLAY 3.0.0
2023-07-03 19:57:25,600 [INFO] ThirdParty:1030 - CMSIS Pack Vendor :STMicroelectronics FP-ATR-SIGFOX1 3.2.0
2023-07-03 19:57:25,600 [INFO] ThirdParty:1030 - CMSIS Pack Vendor :STMicroelectronics X-CUBE-AZRTOS-G4 1.0.0
2023-07-03 19:57:25,600 [INFO] ThirdParty:1030 - CMSIS Pack Vendor :STMicroelectronics X-CUBE-AZRTOS-L4 1.0.0
2023-07-03 19:57:25,600 [INFO] ThirdParty:1030 - CMSIS Pack Vendor :STMicroelectronics HAL Drivers 0.0.0
2023-07-03 19:57:25,600 [INFO] ThirdParty:1030 - CMSIS Pack Vendor :STMicroelectronics MBEDTLS 2.16.2
2023-07-03 19:57:25,600 [INFO] ThirdParty:1030 - CMSIS Pack Vendor :STMicroelectronics X-CUBE-TOUCHGFX 4.22.0
2023-07-03 19:57:25,600 [INFO] ThirdParty:1030 - CMSIS Pack Vendor :STMicroelectronics X-CUBE-NFC7 1.0.1
2023-07-03 19:57:25,600 [INFO] ThirdParty:1030 - CMSIS Pack Vendor :STMicroelectronics MBEDTLS 2.14.1
2023-07-03 19:57:25,600 [INFO] ThirdParty:1030 - CMSIS Pack Vendor :STMicroelectronics X-CUBE-NFC7 1.0.0
2023-07-03 19:57:25,600 [INFO] ThirdParty:1030 - CMSIS Pack Vendor :STMicroelectronics X-CUBE-AZRTOS-WL 1.0.0
2023-07-03 19:57:25,600 [INFO] ThirdParty:1030 - CMSIS Pack Vendor :STMicroelectronics X-CUBE-EEPRMA1 4.1.0
2023-07-03 19:57:25,600 [INFO] ThirdParty:1030 - CMSIS Pack Vendor :portGmbH I-Cube-SoM-uGOAL 1.1.0
2023-07-03 19:57:25,600 [INFO] ThirdParty:1030 - CMSIS Pack Vendor :STMicroelectronics X-CUBE-ALS 1.0.1
2023-07-03 19:57:25,600 [INFO] ThirdParty:1030 - CMSIS Pack Vendor :STMicroelectronics X-CUBE-MEMS1 9.5.0
2023-07-03 19:57:25,600 [INFO] ThirdParty:1030 - CMSIS Pack Vendor :STMicroelectronics ThreadX 1.0.0
2023-07-03 19:57:25,600 [INFO] ThirdParty:1030 - CMSIS Pack Vendor :STMicroelectronics X-CUBE-AZRTOS-WB 1.1.0
2023-07-03 19:57:25,600 [INFO] ThirdParty:1030 - CMSIS Pack Vendor :STMicroelectronics X-CUBE-AZRTOS-WL 2.0.0
2023-07-03 19:57:25,600 [INFO] ThirdParty:1030 - CMSIS Pack Vendor :SEGGER I-CUBE-embOS 1.3.1
2023-07-03 19:57:25,600 [INFO] ThirdParty:1030 - CMSIS Pack Vendor :STMicroelectronics USB_DEVICE 1.0.0
2023-07-03 19:57:25,600 [INFO] ThirdParty:1030 - CMSIS Pack Vendor :STMicroelectronics X-CUBE-AZRTOS-L4 2.0.0
2023-07-03 19:57:25,600 [INFO] ThirdParty:1030 - CMSIS Pack Vendor :STMicroelectronics ThreadX 0.0.2
2023-07-03 19:57:25,600 [INFO] ThirdParty:1030 - CMSIS Pack Vendor :WES I-CUBE-Cesium 1.3.0
2023-07-03 19:57:25,600 [INFO] ThirdParty:1030 - CMSIS Pack Vendor :STMicroelectronics FP-ATR-ASTRA1 2.0.0
2023-07-03 19:57:25,600 [INFO] ThirdParty:1030 - CMSIS Pack Vendor :STMicroelectronics lwIP 2.1.2
2023-07-03 19:57:25,600 [INFO] ThirdParty:1030 - CMSIS Pack Vendor :STMicroelectronics X-CUBE-SFXS2LP1 4.0.0
2023-07-03 19:57:25,600 [INFO] ThirdParty:1030 - CMSIS Pack Vendor :STMicroelectronics X-CUBE-BLE2 3.3.0
2023-07-03 19:57:25,600 [INFO] ThirdParty:1030 - CMSIS Pack Vendor :STMicroelectronics PDM2PCM 3.2.0
2023-07-03 19:57:25,600 [INFO] ThirdParty:841 - exiting critical section [change project]
2023-07-03 19:57:25,838 [INFO] PinOutPanel:1499 - setPackage(No Configuration,No Configuration)
2023-07-03 19:57:25,838 [INFO] PinOutPanel:1499 - setPackage(STM32L4P5RETx,LQFP64)
2023-07-03 19:57:26,323 [INFO] UtilMem:75 - Before build in PCC Used Memory: 720761040 Bytes (1033895936)
2023-07-03 19:57:26,741 [INFO] UtilMem:75 - After build in PCC Used Memory: 821946576 Bytes (1033895936)
2023-07-03 19:57:26,781 [INFO] IPUIPlugin:80 - create IPUIPlugin
2023-07-03 19:57:26,781 [INFO] IPUIPlugin:80 - create IPUIPlugin
2023-07-03 19:57:26,781 [INFO] IPUIPlugin:80 - create IPUIPlugin
2023-07-03 19:57:26,781 [INFO] IPUIPlugin:80 - create IPUIPlugin
2023-07-03 19:57:26,781 [INFO] IPUIPlugin:80 - create IPUIPlugin
2023-07-03 19:57:26,781 [INFO] IPUIPlugin:80 - create IPUIPlugin
2023-07-03 19:57:26,781 [INFO] IPUIPlugin:80 - create IPUIPlugin
2023-07-03 19:57:26,781 [INFO] IPUIPlugin:80 - create IPUIPlugin
2023-07-03 19:57:26,781 [INFO] IPUIPlugin:80 - create IPUIPlugin
2023-07-03 19:57:26,781 [INFO] IPUIPlugin:80 - create IPUIPlugin
2023-07-03 19:57:26,781 [INFO] IPUIPlugin:80 - create IPUIPlugin
2023-07-03 19:57:26,781 [INFO] IPUIPlugin:80 - create IPUIPlugin
2023-07-03 19:57:26,781 [INFO] IPUIPlugin:80 - create IPUIPlugin
2023-07-03 19:57:26,781 [INFO] IPUIPlugin:80 - create IPUIPlugin
2023-07-03 19:57:26,781 [INFO] IPUIPlugin:80 - create IPUIPlugin
2023-07-03 19:57:26,781 [INFO] IPUIPlugin:80 - create IPUIPlugin
2023-07-03 19:57:26,781 [INFO] IPUIPlugin:80 - create IPUIPlugin
2023-07-03 19:57:26,781 [INFO] IPUIPlugin:80 - create IPUIPlugin
2023-07-03 19:57:26,781 [INFO] IPUIPlugin:80 - create IPUIPlugin
2023-07-03 19:57:26,781 [INFO] IPUIPlugin:80 - create IPUIPlugin
2023-07-03 19:57:26,781 [INFO] IPUIPlugin:80 - create IPUIPlugin
2023-07-03 19:57:26,781 [INFO] IPUIPlugin:80 - create IPUIPlugin
2023-07-03 19:57:26,781 [INFO] IPUIPlugin:80 - create IPUIPlugin
2023-07-03 19:57:26,781 [INFO] IPUIPlugin:80 - create IPUIPlugin
2023-07-03 19:57:26,781 [INFO] IPUIPlugin:80 - create IPUIPlugin
2023-07-03 19:57:26,781 [INFO] IPUIPlugin:80 - create IPUIPlugin
2023-07-03 19:57:26,781 [INFO] IPUIPlugin:80 - create IPUIPlugin
2023-07-03 19:57:26,781 [INFO] IPUIPlugin:80 - create IPUIPlugin
2023-07-03 19:57:26,781 [INFO] IPUIPlugin:80 - create IPUIPlugin
2023-07-03 19:57:26,781 [INFO] IPUIPlugin:80 - create IPUIPlugin
2023-07-03 19:57:26,791 [INFO] IPUIPlugin:80 - create IPUIPlugin
2023-07-03 19:57:26,791 [INFO] IPUIPlugin:80 - create IPUIPlugin
2023-07-03 19:57:26,791 [INFO] IPUIPlugin:80 - create IPUIPlugin
2023-07-03 19:57:26,791 [INFO] IPUIPlugin:80 - create IPUIPlugin
2023-07-03 19:57:26,791 [INFO] IPUIPlugin:80 - create IPUIPlugin
2023-07-03 19:57:26,791 [INFO] IPUIPlugin:80 - create IPUIPlugin
2023-07-03 19:57:26,791 [INFO] IPUIPlugin:80 - create IPUIPlugin
2023-07-03 19:57:26,791 [INFO] IPUIPlugin:80 - create IPUIPlugin
2023-07-03 19:57:26,791 [INFO] IPUIPlugin:80 - create IPUIPlugin
2023-07-03 19:57:26,791 [INFO] IPUIPlugin:80 - create IPUIPlugin
2023-07-03 19:57:26,791 [INFO] IPUIPlugin:80 - create IPUIPlugin
2023-07-03 19:57:26,791 [INFO] IPUIPlugin:80 - create IPUIPlugin
2023-07-03 19:57:26,797 [INFO] IPUIPlugin:80 - create IPUIPlugin
2023-07-03 19:57:26,797 [INFO] IPUIPlugin:80 - create IPUIPlugin
2023-07-03 19:57:26,797 [INFO] IPUIPlugin:80 - create IPUIPlugin
2023-07-03 19:57:26,797 [INFO] IPUIPlugin:80 - create IPUIPlugin
2023-07-03 19:57:26,797 [INFO] IPUIPlugin:80 - create IPUIPlugin
2023-07-03 19:57:26,797 [INFO] IPUIPlugin:80 - create IPUIPlugin
2023-07-03 19:57:26,797 [INFO] IPUIPlugin:80 - create IPUIPlugin
2023-07-03 19:57:26,797 [INFO] IPUIPlugin:80 - create IPUIPlugin
2023-07-03 19:57:26,797 [INFO] IPUIPlugin:80 - create IPUIPlugin
2023-07-03 19:57:26,797 [INFO] IPUIPlugin:80 - create IPUIPlugin
2023-07-03 19:57:26,797 [INFO] IPUIPlugin:80 - create IPUIPlugin
2023-07-03 19:57:26,797 [INFO] IPUIPlugin:80 - create IPUIPlugin
2023-07-03 19:57:26,797 [INFO] IPUIPlugin:80 - create IPUIPlugin
2023-07-03 19:57:26,797 [INFO] IPUIPlugin:80 - create IPUIPlugin
2023-07-03 19:57:26,797 [INFO] IPUIPlugin:80 - create IPUIPlugin
2023-07-03 19:57:26,797 [INFO] IPUIPlugin:80 - create IPUIPlugin
2023-07-03 19:57:26,797 [INFO] IPUIPlugin:80 - create IPUIPlugin
2023-07-03 19:57:26,797 [INFO] IPUIPlugin:80 - create IPUIPlugin
2023-07-03 19:57:26,797 [INFO] IPUIPlugin:80 - create IPUIPlugin
2023-07-03 19:57:26,797 [INFO] IPUIPlugin:80 - create IPUIPlugin
2023-07-03 19:57:26,797 [INFO] IPUIPlugin:80 - create IPUIPlugin
2023-07-03 19:57:26,797 [INFO] IPUIPlugin:80 - create IPUIPlugin
2023-07-03 19:57:26,812 [INFO] Can:71 - Can Add PropertyChangeListener com.st.microxplorer.plugins.ip.can.Can@40bbd6ee
2023-07-03 19:57:26,881 [INFO] CADModel:165 - CPN selected for project levelSTM32L4P5RET6
2023-07-03 19:57:26,881 [INFO] CADModel:114 - Register for checkConnection events
2023-07-03 19:57:26,955 [INFO] OpenFileManager:328 - Restore cursor
2023-07-03 19:57:33,538 [INFO] DmaTabbedPanel:205 - Cannot restore the selected Tab for DMA
2023-07-03 19:58:13,276 [INFO] MainUpdater:2854 - connection check result : 10
2023-07-03 19:58:13,276 [INFO] MainUpdater:2854 - connection check result : 10
2023-07-03 19:58:13,340 [INFO] MicroXplorer:468 - Change Database Path : 
2023-07-03 19:58:13,340 [INFO] MicroXplorer:498 - Change Database Version : DB.6.0.80
2023-07-03 19:58:13,356 [WARN] ThirdParty:871 - waiting for thirdparty lock release [close project]
2023-07-03 19:58:13,356 [INFO] ThirdParty:873 - entering critical section [close project]
2023-07-03 19:58:13,356 [INFO] ThirdParty:883 - exiting critical section [close project]
2023-07-03 19:58:13,356 [INFO] PinOutPanel:1499 - setPackage(No Configuration,No Configuration)
2023-07-03 19:58:13,356 [INFO] UtilMem:75 - Begin LoadConfig() Used Memory: 667367208 Bytes (1033895936)
2023-07-03 19:58:13,366 [INFO] MicroXplorer:468 - Change Database Path : C:/Users/przem/.stm32cubemx/databases/DB.6.0.70/db/
2023-07-03 19:58:13,366 [INFO] MicroXplorer:498 - Change Database Version : DB.6.0.70
2023-07-03 19:58:15,202 [INFO] OpenFileManager:308 - Change cursor
2023-07-03 19:58:15,218 [INFO] Mcu:1937 - Initializing MCU STM32F103R(8-B)Tx STM32F103R8Tx STM32F103R8T6
2023-07-03 19:58:15,736 [INFO] Context:659 - Trying to add GPIOservice into a context  which must be forbidden
2023-07-03 19:58:15,863 [INFO] RtosManager:555 - Registered RTOS mode: class=CMSIS, group=RTOS, mode=CMSIS_V1, owner=FREERTOS
2023-07-03 19:58:15,863 [INFO] RtosManager:555 - Registered RTOS mode: class=CMSIS, group=RTOS2, mode=CMSIS_V2, owner=FREERTOS
2023-07-03 19:58:15,863 [INFO] RtosManager:555 - Registered RTOS mode: class=RTOS, group=Core, mode=CMSIS_V1, owner=FREERTOS
2023-07-03 19:58:15,863 [INFO] RtosManager:555 - Registered RTOS mode: class=RTOS, group=Core, mode=CMSIS_V2, owner=FREERTOS
2023-07-03 19:58:15,863 [WARN] ModelIntegratedComponent:184 - Missing modes for component STMicroelectronics:FreeRTOS:0.0.1:STMicroelectronics:RTOS:FreeRTOS:Core:::10.2.0:
2023-07-03 19:58:15,863 [WARN] ModelIntegratedComponent:63 - No mode defined for component null
2023-07-03 19:58:15,863 [WARN] ModelIntegratedComponent:63 - No mode defined for component null
2023-07-03 19:58:15,863 [WARN] ModelIntegratedComponent:63 - No mode defined for component null
2023-07-03 19:58:15,863 [WARN] ModelIntegratedComponent:63 - No mode defined for component null
2023-07-03 19:58:15,863 [WARN] ModelIntegratedComponent:63 - No mode defined for component null
2023-07-03 19:58:15,863 [WARN] ModelIntegratedComponent:63 - No mode defined for component null
2023-07-03 19:58:15,863 [WARN] ModelIntegratedComponent:63 - No mode defined for component null
2023-07-03 19:58:15,863 [WARN] ModelIntegratedComponent:63 - No mode defined for component null
2023-07-03 19:58:15,863 [WARN] ModelIntegratedComponent:63 - No mode defined for component null
2023-07-03 19:58:15,863 [WARN] ModelIntegratedComponent:63 - No mode defined for component null
2023-07-03 19:58:15,863 [WARN] ModelIntegratedComponent:63 - No mode defined for component null
2023-07-03 19:58:15,863 [WARN] ModelIntegratedComponent:63 - No mode defined for component null
2023-07-03 19:58:15,863 [WARN] ModelIntegratedComponent:63 - No mode defined for component null
2023-07-03 19:58:15,863 [WARN] ModelIntegratedComponent:63 - No mode defined for component null
2023-07-03 19:58:15,863 [WARN] ModelIntegratedComponent:63 - No mode defined for component null
2023-07-03 19:58:15,863 [WARN] ModelIntegratedComponent:63 - No mode defined for component null
2023-07-03 19:58:15,863 [WARN] ModelIntegratedComponent:63 - No mode defined for component null
2023-07-03 19:58:15,863 [WARN] ModelIntegratedComponent:63 - No mode defined for component null
2023-07-03 19:58:15,863 [WARN] ModelIntegratedComponent:63 - No mode defined for component null
2023-07-03 19:58:15,863 [WARN] ModelIntegratedComponent:63 - No mode defined for component null
2023-07-03 19:58:15,863 [WARN] ModelIntegratedComponent:63 - No mode defined for component null
2023-07-03 19:58:15,863 [WARN] ModelIntegratedComponent:63 - No mode defined for component null
2023-07-03 19:58:15,863 [WARN] ModelIntegratedComponent:63 - No mode defined for component null
2023-07-03 19:58:15,863 [WARN] ModelIntegratedComponent:63 - No mode defined for component null
2023-07-03 19:58:15,863 [WARN] ModelIntegratedComponent:63 - No mode defined for component null
2023-07-03 19:58:15,863 [WARN] ModelIntegratedComponent:63 - No mode defined for component null
2023-07-03 19:58:15,863 [WARN] ModelIntegratedComponent:63 - No mode defined for component null
2023-07-03 19:58:15,863 [WARN] ModelIntegratedComponent:63 - No mode defined for component null
2023-07-03 19:58:15,863 [WARN] ModelIntegratedComponent:63 - No mode defined for component null
2023-07-03 19:58:15,863 [WARN] ModelIntegratedComponent:63 - No mode defined for component null
2023-07-03 19:58:15,863 [WARN] ModelIntegratedComponent:63 - No mode defined for component null
2023-07-03 19:58:15,863 [WARN] ModelIntegratedComponent:63 - No mode defined for component null
2023-07-03 19:58:15,863 [WARN] ModelIntegratedComponent:63 - No mode defined for component null
2023-07-03 19:58:15,926 [INFO] ThirdPartyModel:298 - Start build external matchings
2023-07-03 19:58:16,326 [INFO] ThirdPartyModel:316 - End build external matchings
2023-07-03 19:58:16,338 [INFO] ImportTextPane:194 - (OptionalMessage_ERROR) IP (DMA) : Parameter (Instance) has Id (ADC1) currently not set
2023-07-03 19:58:16,338 [INFO] ImportTextPane:194 - (OptionalMessage_ERROR) IP (DMA) : Parameter (Direction) has Id (ADC1) currently not set
2023-07-03 19:58:16,338 [INFO] ImportTextPane:194 - (OptionalMessage_ERROR) IP (DMA) : Parameter (PeriphInc) has Id (ADC1) currently not set
2023-07-03 19:58:16,338 [INFO] ImportTextPane:194 - (OptionalMessage_ERROR) IP (DMA) : Parameter (MemInc) has Id (ADC1) currently not set
2023-07-03 19:58:16,338 [INFO] ImportTextPane:194 - (OptionalMessage_ERROR) IP (DMA) : Parameter (PeriphDataAlignment) has Id (ADC1) currently not set
2023-07-03 19:58:16,338 [INFO] ImportTextPane:194 - (OptionalMessage_ERROR) IP (DMA) : Parameter (MemDataAlignment) has Id (ADC1) currently not set
2023-07-03 19:58:16,338 [INFO] ImportTextPane:194 - (OptionalMessage_ERROR) IP (DMA) : Parameter (Mode) has Id (ADC1) currently not set
2023-07-03 19:58:16,338 [INFO] ImportTextPane:194 - (OptionalMessage_ERROR) IP (DMA) : Parameter (Priority) has Id (ADC1) currently not set
2023-07-03 19:58:16,338 [INFO] ImportTextPane:194 - (OptionalMessage_ERROR) IP (RCC) : Parameter (MCOFreq_Value) has invalid value (72000000)
2023-07-03 19:58:16,338 [INFO] ImportTextPane:194 - (OptionalMessage_ERROR) IP (RCC) : Parameter (USBFreq_Value) has invalid value (72000000)
2023-07-03 19:58:16,553 [INFO] UtilMem:75 - End LoadConfig() Used Memory: 894886912 Bytes (1033895936)
2023-07-03 19:58:16,610 [WARN] ThirdParty:833 - waiting for thirdparty lock release [change project]
2023-07-03 19:58:16,610 [INFO] ThirdParty:835 - entering critical section [change project]
2023-07-03 19:58:16,610 [INFO] ThirdParty:1030 - CMSIS Pack Vendor :STMicroelectronics X-CUBE-ISPU 1.1.0
2023-07-03 19:58:16,610 [INFO] ThirdParty:1030 - CMSIS Pack Vendor :STMicroelectronics X-CUBE-GNSS1 6.0.0
2023-07-03 19:58:16,610 [INFO] ThirdParty:1030 - CMSIS Pack Vendor :STMicroelectronics USB_HOST 2.0.0
2023-07-03 19:58:16,610 [INFO] ThirdParty:1030 - CMSIS Pack Vendor :STMicroelectronics X-CUBE-AZRTOS-F4 1.1.0
2023-07-03 19:58:16,610 [INFO] ThirdParty:1030 - CMSIS Pack Vendor :STMicroelectronics LIBJPEG 8.0.0
2023-07-03 19:58:16,610 [INFO] ThirdParty:1030 - CMSIS Pack Vendor :STMicroelectronics X-CUBE-SMBUS 2.1.0
2023-07-03 19:58:16,610 [INFO] ThirdParty:1030 - CMSIS Pack Vendor :wolfSSL I-CUBE-wolfSSL 5.6.0
2023-07-03 19:58:16,610 [INFO] ThirdParty:1030 - CMSIS Pack Vendor :STMicroelectronics USB_DEVICE 3.0.0
2023-07-03 19:58:16,610 [INFO] ThirdParty:1030 - CMSIS Pack Vendor :STMicroelectronics X-CUBE-AI 8.0.0
2023-07-03 19:58:16,610 [INFO] ThirdParty:1030 - CMSIS Pack Vendor :STMicroelectronics X-CUBE-FREERTOS 1.0.1
2023-07-03 19:58:16,610 [INFO] ThirdParty:1030 - CMSIS Pack Vendor :STMicroelectronics X-CUBE-TOUCHGFX 4.21.3
2023-07-03 19:58:16,610 [INFO] ThirdParty:1030 - CMSIS Pack Vendor :STMicroelectronics X-CUBE-AZRTOS-F7 1.1.0
2023-07-03 19:58:16,610 [INFO] ThirdParty:1030 - CMSIS Pack Vendor :STMicroelectronics X-CUBE-TOUCHGFX 4.21.4
2023-07-03 19:58:16,610 [INFO] ThirdParty:1030 - CMSIS Pack Vendor :STMicroelectronics USB_DEVICE 2.0.0
2023-07-03 19:58:16,610 [INFO] ThirdParty:1030 - CMSIS Pack Vendor :STMicroelectronics X-CUBE-MEMS1 9.6.0
2023-07-03 19:58:16,610 [INFO] ThirdParty:1030 - CMSIS Pack Vendor :STMicroelectronics FP-SNS-MOTENV1 4.3.0
2023-07-03 19:58:16,610 [INFO] ThirdParty:1030 - CMSIS Pack Vendor :STMicroelectronics FP-SNS-MOTENV1 4.3.2
2023-07-03 19:58:16,610 [INFO] ThirdParty:1030 - CMSIS Pack Vendor :STMicroelectronics FP-SNS-FLIGHT1 5.0.0
2023-07-03 19:58:16,610 [INFO] ThirdParty:1030 - CMSIS Pack Vendor :STMicroelectronics FP-SNS-MOTENV1 4.3.1
2023-07-03 19:58:16,610 [INFO] ThirdParty:1030 - CMSIS Pack Vendor :STMicroelectronics FP-SNS-FLIGHT1 5.0.1
2023-07-03 19:58:16,610 [INFO] ThirdParty:1030 - CMSIS Pack Vendor :STMicroelectronics X-CUBE-ALGOBUILD 1.3.0
2023-07-03 19:58:16,610 [INFO] ThirdParty:1030 - CMSIS Pack Vendor :STMicroelectronics X-CUBE-BLE1 6.2.4
2023-07-03 19:58:16,610 [INFO] ThirdParty:1030 - CMSIS Pack Vendor :STMicroelectronics X-CUBE-AZRTOS-L5 1.1.0
2023-07-03 19:58:16,610 [INFO] ThirdParty:1030 - CMSIS Pack Vendor :STMicroelectronics FreeRTOS 0.0.1
2023-07-03 19:58:16,610 [INFO] ThirdParty:1030 - CMSIS Pack Vendor :STMicroelectronics X-CUBE-AZRTOS-G0 1.1.0
2023-07-03 19:58:16,610 [INFO] ThirdParty:1030 - CMSIS Pack Vendor :emotas I-CUBE-CANOPEN 1.1.3
2023-07-03 19:58:16,610 [INFO] ThirdParty:1030 - CMSIS Pack Vendor :STMicroelectronics X-CUBE-BLEMGR 2.0.0
2023-07-03 19:58:16,610 [INFO] ThirdParty:1030 - CMSIS Pack Vendor :STMicroelectronics X-CUBE-AI 8.0.1
2023-07-03 19:58:16,610 [INFO] ThirdParty:1030 - CMSIS Pack Vendor :STMicroelectronics X-CUBE-NFC4 3.0.0
2023-07-03 19:58:16,610 [INFO] ThirdParty:1030 - CMSIS Pack Vendor :STMicroelectronics X-CUBE-SUBG2 5.0.0
2023-07-03 19:58:16,610 [INFO] ThirdParty:1030 - CMSIS Pack Vendor :STMicroelectronics STM32_WPAN 1.0.0
2023-07-03 19:58:16,610 [INFO] ThirdParty:1030 - CMSIS Pack Vendor :STMicroelectronics lwIP 2.0.3
2023-07-03 19:58:16,610 [INFO] ThirdParty:1030 - CMSIS Pack Vendor :STMicroelectronics USB_HOST 1.0.0
2023-07-03 19:58:16,610 [INFO] ThirdParty:1030 - CMSIS Pack Vendor :STMicroelectronics X-CUBE-AZRTOS-G4 2.0.0
2023-07-03 19:58:16,610 [INFO] ThirdParty:1030 - CMSIS Pack Vendor :STMicroelectronics PDM2PCM 3.1.0
2023-07-03 19:58:16,610 [INFO] ThirdParty:1030 - CMSIS Pack Vendor :STMicroelectronics X-CUBE-AZRTOS-H7 3.1.0
2023-07-03 19:58:16,610 [INFO] ThirdParty:1030 - CMSIS Pack Vendor :STMicroelectronics X-CUBE-TOF1 3.3.0
2023-07-03 19:58:16,610 [INFO] ThirdParty:1030 - CMSIS Pack Vendor :STMicroelectronics PDM2PCM 3.3.0
2023-07-03 19:58:16,610 [INFO] ThirdParty:1030 - CMSIS Pack Vendor :STMicroelectronics X-CUBE-DISPLAY 3.0.0
2023-07-03 19:58:16,610 [INFO] ThirdParty:1030 - CMSIS Pack Vendor :STMicroelectronics FP-ATR-SIGFOX1 3.2.0
2023-07-03 19:58:16,610 [INFO] ThirdParty:1030 - CMSIS Pack Vendor :STMicroelectronics X-CUBE-AZRTOS-G4 1.0.0
2023-07-03 19:58:16,610 [INFO] ThirdParty:1030 - CMSIS Pack Vendor :STMicroelectronics X-CUBE-AZRTOS-L4 1.0.0
2023-07-03 19:58:16,610 [INFO] ThirdParty:1030 - CMSIS Pack Vendor :STMicroelectronics HAL Drivers 0.0.0
2023-07-03 19:58:16,610 [INFO] ThirdParty:1030 - CMSIS Pack Vendor :STMicroelectronics MBEDTLS 2.16.2
2023-07-03 19:58:16,610 [INFO] ThirdParty:1030 - CMSIS Pack Vendor :STMicroelectronics X-CUBE-TOUCHGFX 4.22.0
2023-07-03 19:58:16,610 [INFO] ThirdParty:1030 - CMSIS Pack Vendor :STMicroelectronics X-CUBE-NFC7 1.0.1
2023-07-03 19:58:16,610 [INFO] ThirdParty:1030 - CMSIS Pack Vendor :STMicroelectronics MBEDTLS 2.14.1
2023-07-03 19:58:16,610 [INFO] ThirdParty:1030 - CMSIS Pack Vendor :STMicroelectronics X-CUBE-NFC7 1.0.0
2023-07-03 19:58:16,610 [INFO] ThirdParty:1030 - CMSIS Pack Vendor :STMicroelectronics X-CUBE-AZRTOS-WL 1.0.0
2023-07-03 19:58:16,610 [INFO] ThirdParty:1030 - CMSIS Pack Vendor :STMicroelectronics X-CUBE-EEPRMA1 4.1.0
2023-07-03 19:58:16,610 [INFO] ThirdParty:1030 - CMSIS Pack Vendor :portGmbH I-Cube-SoM-uGOAL 1.1.0
2023-07-03 19:58:16,610 [INFO] ThirdParty:1030 - CMSIS Pack Vendor :STMicroelectronics X-CUBE-ALS 1.0.1
2023-07-03 19:58:16,610 [INFO] ThirdParty:1030 - CMSIS Pack Vendor :STMicroelectronics X-CUBE-MEMS1 9.5.0
2023-07-03 19:58:16,610 [INFO] ThirdParty:1030 - CMSIS Pack Vendor :STMicroelectronics ThreadX 1.0.0
2023-07-03 19:58:16,610 [INFO] ThirdParty:1030 - CMSIS Pack Vendor :STMicroelectronics X-CUBE-AZRTOS-WB 1.1.0
2023-07-03 19:58:16,610 [INFO] ThirdParty:1030 - CMSIS Pack Vendor :STMicroelectronics X-CUBE-AZRTOS-WL 2.0.0
2023-07-03 19:58:16,610 [INFO] ThirdParty:1030 - CMSIS Pack Vendor :SEGGER I-CUBE-embOS 1.3.1
2023-07-03 19:58:16,610 [INFO] ThirdParty:1030 - CMSIS Pack Vendor :STMicroelectronics USB_DEVICE 1.0.0
2023-07-03 19:58:16,610 [INFO] ThirdParty:1030 - CMSIS Pack Vendor :STMicroelectronics X-CUBE-AZRTOS-L4 2.0.0
2023-07-03 19:58:16,610 [INFO] ThirdParty:1030 - CMSIS Pack Vendor :STMicroelectronics ThreadX 0.0.2
2023-07-03 19:58:16,610 [INFO] ThirdParty:1030 - CMSIS Pack Vendor :WES I-CUBE-Cesium 1.3.0
2023-07-03 19:58:16,610 [INFO] ThirdParty:1030 - CMSIS Pack Vendor :STMicroelectronics FP-ATR-ASTRA1 2.0.0
2023-07-03 19:58:16,610 [INFO] ThirdParty:1030 - CMSIS Pack Vendor :STMicroelectronics lwIP 2.1.2
2023-07-03 19:58:16,610 [INFO] ThirdParty:1030 - CMSIS Pack Vendor :STMicroelectronics X-CUBE-SFXS2LP1 4.0.0
2023-07-03 19:58:16,610 [INFO] ThirdParty:1030 - CMSIS Pack Vendor :STMicroelectronics X-CUBE-BLE2 3.3.0
2023-07-03 19:58:16,610 [INFO] ThirdParty:1030 - CMSIS Pack Vendor :STMicroelectronics PDM2PCM 3.2.0
2023-07-03 19:58:16,610 [INFO] ThirdParty:841 - exiting critical section [change project]
2023-07-03 19:58:16,753 [INFO] PinOutPanel:1499 - setPackage(No Configuration,No Configuration)
2023-07-03 19:58:16,753 [INFO] PinOutPanel:1499 - setPackage(STM32F103R8Tx,LQFP64)
2023-07-03 19:58:16,979 [INFO] UtilMem:75 - Before build in PCC Used Memory: 657345248 Bytes (1033895936)
2023-07-03 19:58:17,198 [INFO] UtilMem:75 - After build in PCC Used Memory: 697713376 Bytes (1033895936)
2023-07-03 19:58:17,214 [INFO] IPUIPlugin:80 - create IPUIPlugin
2023-07-03 19:58:17,214 [INFO] IPUIPlugin:80 - create IPUIPlugin
2023-07-03 19:58:17,214 [INFO] IPUIPlugin:80 - create IPUIPlugin
2023-07-03 19:58:17,214 [INFO] IPUIPlugin:80 - create IPUIPlugin
2023-07-03 19:58:17,214 [INFO] IPUIPlugin:80 - create IPUIPlugin
2023-07-03 19:58:17,214 [INFO] IPUIPlugin:80 - create IPUIPlugin
2023-07-03 19:58:17,214 [INFO] IPUIPlugin:80 - create IPUIPlugin
2023-07-03 19:58:17,214 [INFO] IPUIPlugin:80 - create IPUIPlugin
2023-07-03 19:58:17,224 [INFO] IPUIPlugin:80 - create IPUIPlugin
2023-07-03 19:58:17,224 [INFO] IPUIPlugin:80 - create IPUIPlugin
2023-07-03 19:58:17,224 [INFO] IPUIPlugin:80 - create IPUIPlugin
2023-07-03 19:58:17,224 [INFO] IPUIPlugin:80 - create IPUIPlugin
2023-07-03 19:58:17,224 [INFO] IPUIPlugin:80 - create IPUIPlugin
2023-07-03 19:58:17,224 [INFO] IPUIPlugin:80 - create IPUIPlugin
2023-07-03 19:58:17,224 [INFO] IPUIPlugin:80 - create IPUIPlugin
2023-07-03 19:58:17,224 [INFO] IPUIPlugin:80 - create IPUIPlugin
2023-07-03 19:58:17,224 [INFO] IPUIPlugin:80 - create IPUIPlugin
2023-07-03 19:58:17,224 [INFO] IPUIPlugin:80 - create IPUIPlugin
2023-07-03 19:58:17,224 [INFO] IPUIPlugin:80 - create IPUIPlugin
2023-07-03 19:58:17,224 [INFO] IPUIPlugin:80 - create IPUIPlugin
2023-07-03 19:58:17,224 [INFO] IPUIPlugin:80 - create IPUIPlugin
2023-07-03 19:58:17,224 [INFO] IPUIPlugin:80 - create IPUIPlugin
2023-07-03 19:58:17,224 [INFO] IPUIPlugin:80 - create IPUIPlugin
2023-07-03 19:58:17,224 [INFO] IPUIPlugin:80 - create IPUIPlugin
2023-07-03 19:58:17,224 [INFO] IPUIPlugin:80 - create IPUIPlugin
2023-07-03 19:58:17,230 [INFO] IPUIPlugin:80 - create IPUIPlugin
2023-07-03 19:58:17,230 [INFO] IPUIPlugin:80 - create IPUIPlugin
2023-07-03 19:58:17,230 [INFO] Can:71 - Can Add PropertyChangeListener com.st.microxplorer.plugins.ip.can.Can@25e09dff
2023-07-03 19:58:17,389 [INFO] CADModel:165 - CPN selected for project levelSTM32F103R8T6
2023-07-03 19:58:17,389 [INFO] CADModel:114 - Register for checkConnection events
2023-07-03 19:58:17,452 [INFO] OpenFileManager:328 - Restore cursor
2023-07-03 19:59:07,777 [INFO] MainUpdater:2854 - connection check result : 10
2023-07-03 19:59:07,777 [INFO] MainUpdater:2854 - connection check result : 10
2023-07-03 19:59:07,830 [INFO] MicroXplorer:468 - Change Database Path : 
2023-07-03 19:59:07,830 [INFO] MicroXplorer:498 - Change Database Version : DB.6.0.80
2023-07-03 19:59:07,836 [WARN] ThirdParty:871 - waiting for thirdparty lock release [close project]
2023-07-03 19:59:07,836 [INFO] ThirdParty:873 - entering critical section [close project]
2023-07-03 19:59:07,836 [INFO] ThirdParty:883 - exiting critical section [close project]
2023-07-03 19:59:07,836 [INFO] PinOutPanel:1499 - setPackage(No Configuration,No Configuration)
2023-07-03 19:59:07,836 [INFO] UtilMem:75 - Begin LoadConfig() Used Memory: 592582680 Bytes (1033895936)
2023-07-03 19:59:07,836 [INFO] MicroXplorer:468 - Change Database Path : 
2023-07-03 19:59:07,836 [INFO] MicroXplorer:498 - Change Database Version : DB.6.0.80
2023-07-03 19:59:07,836 [INFO] OpenFileManager:308 - Change cursor
2023-07-03 19:59:07,852 [INFO] Mcu:1937 - Initializing MCU STM32L4P5R(G-E)Tx STM32L4P5RETx STM32L4P5RET6
2023-07-03 19:59:10,068 [INFO] Context:659 - Trying to add GPIOservice into a context  which must be forbidden
2023-07-03 19:59:10,381 [INFO] RtosManager:555 - Registered RTOS mode: class=CMSIS, group=RTOS, mode=CMSIS_V1, owner=FREERTOS
2023-07-03 19:59:10,381 [INFO] RtosManager:555 - Registered RTOS mode: class=CMSIS, group=RTOS2, mode=CMSIS_V2, owner=FREERTOS
2023-07-03 19:59:10,381 [INFO] RtosManager:555 - Registered RTOS mode: class=RTOS, group=Core, mode=CMSIS_V1, owner=FREERTOS
2023-07-03 19:59:10,381 [INFO] RtosManager:555 - Registered RTOS mode: class=RTOS, group=Core, mode=CMSIS_V2, owner=FREERTOS
2023-07-03 19:59:10,381 [WARN] ModelIntegratedComponent:184 - Missing modes for component STMicroelectronics:FreeRTOS:0.0.1:STMicroelectronics:RTOS:FreeRTOS:Core:::10.2.0:
2023-07-03 19:59:10,393 [WARN] ModelIntegratedComponent:63 - No mode defined for component null
2023-07-03 19:59:10,393 [WARN] ModelIntegratedComponent:63 - No mode defined for component null
2023-07-03 19:59:10,393 [WARN] ModelIntegratedComponent:63 - No mode defined for component null
2023-07-03 19:59:10,393 [WARN] ModelIntegratedComponent:63 - No mode defined for component null
2023-07-03 19:59:10,393 [WARN] ModelIntegratedComponent:63 - No mode defined for component null
2023-07-03 19:59:10,393 [WARN] ModelIntegratedComponent:63 - No mode defined for component null
2023-07-03 19:59:10,393 [WARN] ModelIntegratedComponent:63 - No mode defined for component null
2023-07-03 19:59:10,393 [WARN] ModelIntegratedComponent:63 - No mode defined for component null
2023-07-03 19:59:10,393 [WARN] ModelIntegratedComponent:63 - No mode defined for component null
2023-07-03 19:59:10,393 [WARN] ModelIntegratedComponent:63 - No mode defined for component null
2023-07-03 19:59:10,393 [WARN] ModelIntegratedComponent:63 - No mode defined for component null
2023-07-03 19:59:10,393 [WARN] ModelIntegratedComponent:63 - No mode defined for component null
2023-07-03 19:59:10,393 [WARN] ModelIntegratedComponent:63 - No mode defined for component null
2023-07-03 19:59:10,393 [WARN] ModelIntegratedComponent:63 - No mode defined for component null
2023-07-03 19:59:10,393 [WARN] ModelIntegratedComponent:63 - No mode defined for component null
2023-07-03 19:59:10,393 [WARN] ModelIntegratedComponent:63 - No mode defined for component null
2023-07-03 19:59:10,393 [WARN] ModelIntegratedComponent:63 - No mode defined for component null
2023-07-03 19:59:10,393 [WARN] ModelIntegratedComponent:63 - No mode defined for component null
2023-07-03 19:59:10,393 [WARN] ModelIntegratedComponent:63 - No mode defined for component null
2023-07-03 19:59:10,393 [WARN] ModelIntegratedComponent:63 - No mode defined for component null
2023-07-03 19:59:10,393 [WARN] ModelIntegratedComponent:63 - No mode defined for component null
2023-07-03 19:59:10,393 [WARN] ModelIntegratedComponent:63 - No mode defined for component null
2023-07-03 19:59:10,393 [WARN] ModelIntegratedComponent:63 - No mode defined for component null
2023-07-03 19:59:10,393 [WARN] ModelIntegratedComponent:63 - No mode defined for component null
2023-07-03 19:59:10,393 [WARN] ModelIntegratedComponent:63 - No mode defined for component null
2023-07-03 19:59:10,393 [WARN] ModelIntegratedComponent:63 - No mode defined for component null
2023-07-03 19:59:10,393 [WARN] ModelIntegratedComponent:63 - No mode defined for component null
2023-07-03 19:59:10,393 [WARN] ModelIntegratedComponent:63 - No mode defined for component null
2023-07-03 19:59:10,393 [WARN] ModelIntegratedComponent:63 - No mode defined for component null
2023-07-03 19:59:10,393 [WARN] ModelIntegratedComponent:63 - No mode defined for component null
2023-07-03 19:59:10,393 [WARN] ModelIntegratedComponent:63 - No mode defined for component null
2023-07-03 19:59:10,393 [WARN] ModelIntegratedComponent:63 - No mode defined for component null
2023-07-03 19:59:10,393 [WARN] ModelIntegratedComponent:63 - No mode defined for component null
2023-07-03 19:59:10,445 [INFO] ThirdPartyModel:298 - Start build external matchings
2023-07-03 19:59:10,872 [INFO] ThirdPartyModel:316 - End build external matchings
2023-07-03 19:59:10,872 [INFO] ImportTextPane:194 - (OptionalMessage_ERROR) IP (RCC) : Invalid parameter (FamilyName)
2023-07-03 19:59:10,872 [INFO] ImportTextPane:194 - (OptionalMessage_ERROR) IP (RCC) : Parameter (RNGFreq_Value) has invalid value (64000000)
2023-07-03 19:59:10,872 [INFO] ImportTextPane:194 - (OptionalMessage_ERROR) IP (RCC) : Parameter (USBFreq_Value) has invalid value (64000000)
2023-07-03 19:59:11,343 [INFO] UtilMem:75 - End LoadConfig() Used Memory: 560804904 Bytes (1033895936)
2023-07-03 19:59:11,388 [WARN] ThirdParty:833 - waiting for thirdparty lock release [change project]
2023-07-03 19:59:11,388 [INFO] ThirdParty:835 - entering critical section [change project]
2023-07-03 19:59:11,388 [INFO] ThirdParty:1030 - CMSIS Pack Vendor :STMicroelectronics X-CUBE-ISPU 1.1.0
2023-07-03 19:59:11,388 [INFO] ThirdParty:1030 - CMSIS Pack Vendor :STMicroelectronics X-CUBE-GNSS1 6.0.0
2023-07-03 19:59:11,388 [INFO] ThirdParty:1030 - CMSIS Pack Vendor :STMicroelectronics USB_HOST 2.0.0
2023-07-03 19:59:11,388 [INFO] ThirdParty:1030 - CMSIS Pack Vendor :STMicroelectronics X-CUBE-AZRTOS-F4 1.1.0
2023-07-03 19:59:11,388 [INFO] ThirdParty:1030 - CMSIS Pack Vendor :STMicroelectronics LIBJPEG 8.0.0
2023-07-03 19:59:11,388 [INFO] ThirdParty:1030 - CMSIS Pack Vendor :STMicroelectronics X-CUBE-SMBUS 2.1.0
2023-07-03 19:59:11,388 [INFO] ThirdParty:1030 - CMSIS Pack Vendor :wolfSSL I-CUBE-wolfSSL 5.6.0
2023-07-03 19:59:11,388 [INFO] ThirdParty:1030 - CMSIS Pack Vendor :STMicroelectronics USB_DEVICE 3.0.0
2023-07-03 19:59:11,388 [INFO] ThirdParty:1030 - CMSIS Pack Vendor :STMicroelectronics X-CUBE-AI 8.0.0
2023-07-03 19:59:11,388 [INFO] ThirdParty:1030 - CMSIS Pack Vendor :STMicroelectronics X-CUBE-FREERTOS 1.0.1
2023-07-03 19:59:11,388 [INFO] ThirdParty:1030 - CMSIS Pack Vendor :STMicroelectronics X-CUBE-TOUCHGFX 4.21.3
2023-07-03 19:59:11,388 [INFO] ThirdParty:1030 - CMSIS Pack Vendor :STMicroelectronics X-CUBE-AZRTOS-F7 1.1.0
2023-07-03 19:59:11,394 [INFO] ThirdParty:1030 - CMSIS Pack Vendor :STMicroelectronics X-CUBE-TOUCHGFX 4.21.4
2023-07-03 19:59:11,394 [INFO] ThirdParty:1030 - CMSIS Pack Vendor :STMicroelectronics USB_DEVICE 2.0.0
2023-07-03 19:59:11,394 [INFO] ThirdParty:1030 - CMSIS Pack Vendor :STMicroelectronics X-CUBE-MEMS1 9.6.0
2023-07-03 19:59:11,394 [INFO] ThirdParty:1030 - CMSIS Pack Vendor :STMicroelectronics FP-SNS-MOTENV1 4.3.0
2023-07-03 19:59:11,394 [INFO] ThirdParty:1030 - CMSIS Pack Vendor :STMicroelectronics FP-SNS-MOTENV1 4.3.2
2023-07-03 19:59:11,394 [INFO] ThirdParty:1030 - CMSIS Pack Vendor :STMicroelectronics FP-SNS-FLIGHT1 5.0.0
2023-07-03 19:59:11,394 [INFO] ThirdParty:1030 - CMSIS Pack Vendor :STMicroelectronics FP-SNS-MOTENV1 4.3.1
2023-07-03 19:59:11,394 [INFO] ThirdParty:1030 - CMSIS Pack Vendor :STMicroelectronics FP-SNS-FLIGHT1 5.0.1
2023-07-03 19:59:11,394 [INFO] ThirdParty:1030 - CMSIS Pack Vendor :STMicroelectronics X-CUBE-ALGOBUILD 1.3.0
2023-07-03 19:59:11,394 [INFO] ThirdParty:1030 - CMSIS Pack Vendor :STMicroelectronics X-CUBE-BLE1 6.2.4
2023-07-03 19:59:11,394 [INFO] ThirdParty:1030 - CMSIS Pack Vendor :STMicroelectronics X-CUBE-AZRTOS-L5 1.1.0
2023-07-03 19:59:11,394 [INFO] ThirdParty:1030 - CMSIS Pack Vendor :STMicroelectronics FreeRTOS 0.0.1
2023-07-03 19:59:11,394 [INFO] ThirdParty:1030 - CMSIS Pack Vendor :STMicroelectronics X-CUBE-AZRTOS-G0 1.1.0
2023-07-03 19:59:11,394 [INFO] ThirdParty:1030 - CMSIS Pack Vendor :emotas I-CUBE-CANOPEN 1.1.3
2023-07-03 19:59:11,394 [INFO] ThirdParty:1030 - CMSIS Pack Vendor :STMicroelectronics X-CUBE-BLEMGR 2.0.0
2023-07-03 19:59:11,394 [INFO] ThirdParty:1030 - CMSIS Pack Vendor :STMicroelectronics X-CUBE-AI 8.0.1
2023-07-03 19:59:11,394 [INFO] ThirdParty:1030 - CMSIS Pack Vendor :STMicroelectronics X-CUBE-NFC4 3.0.0
2023-07-03 19:59:11,394 [INFO] ThirdParty:1030 - CMSIS Pack Vendor :STMicroelectronics X-CUBE-SUBG2 5.0.0
2023-07-03 19:59:11,394 [INFO] ThirdParty:1030 - CMSIS Pack Vendor :STMicroelectronics STM32_WPAN 1.0.0
2023-07-03 19:59:11,394 [INFO] ThirdParty:1030 - CMSIS Pack Vendor :STMicroelectronics lwIP 2.0.3
2023-07-03 19:59:11,394 [INFO] ThirdParty:1030 - CMSIS Pack Vendor :STMicroelectronics USB_HOST 1.0.0
2023-07-03 19:59:11,394 [INFO] ThirdParty:1030 - CMSIS Pack Vendor :STMicroelectronics X-CUBE-AZRTOS-G4 2.0.0
2023-07-03 19:59:11,394 [INFO] ThirdParty:1030 - CMSIS Pack Vendor :STMicroelectronics PDM2PCM 3.1.0
2023-07-03 19:59:11,394 [INFO] ThirdParty:1030 - CMSIS Pack Vendor :STMicroelectronics X-CUBE-AZRTOS-H7 3.1.0
2023-07-03 19:59:11,394 [INFO] ThirdParty:1030 - CMSIS Pack Vendor :STMicroelectronics X-CUBE-TOF1 3.3.0
2023-07-03 19:59:11,394 [INFO] ThirdParty:1030 - CMSIS Pack Vendor :STMicroelectronics PDM2PCM 3.3.0
2023-07-03 19:59:11,394 [INFO] ThirdParty:1030 - CMSIS Pack Vendor :STMicroelectronics X-CUBE-DISPLAY 3.0.0
2023-07-03 19:59:11,394 [INFO] ThirdParty:1030 - CMSIS Pack Vendor :STMicroelectronics FP-ATR-SIGFOX1 3.2.0
2023-07-03 19:59:11,394 [INFO] ThirdParty:1030 - CMSIS Pack Vendor :STMicroelectronics X-CUBE-AZRTOS-G4 1.0.0
2023-07-03 19:59:11,394 [INFO] ThirdParty:1030 - CMSIS Pack Vendor :STMicroelectronics X-CUBE-AZRTOS-L4 1.0.0
2023-07-03 19:59:11,394 [INFO] ThirdParty:1030 - CMSIS Pack Vendor :STMicroelectronics HAL Drivers 0.0.0
2023-07-03 19:59:11,394 [INFO] ThirdParty:1030 - CMSIS Pack Vendor :STMicroelectronics MBEDTLS 2.16.2
2023-07-03 19:59:11,394 [INFO] ThirdParty:1030 - CMSIS Pack Vendor :STMicroelectronics X-CUBE-TOUCHGFX 4.22.0
2023-07-03 19:59:11,394 [INFO] ThirdParty:1030 - CMSIS Pack Vendor :STMicroelectronics X-CUBE-NFC7 1.0.1
2023-07-03 19:59:11,394 [INFO] ThirdParty:1030 - CMSIS Pack Vendor :STMicroelectronics MBEDTLS 2.14.1
2023-07-03 19:59:11,394 [INFO] ThirdParty:1030 - CMSIS Pack Vendor :STMicroelectronics X-CUBE-NFC7 1.0.0
2023-07-03 19:59:11,394 [INFO] ThirdParty:1030 - CMSIS Pack Vendor :STMicroelectronics X-CUBE-AZRTOS-WL 1.0.0
2023-07-03 19:59:11,394 [INFO] ThirdParty:1030 - CMSIS Pack Vendor :STMicroelectronics X-CUBE-EEPRMA1 4.1.0
2023-07-03 19:59:11,394 [INFO] ThirdParty:1030 - CMSIS Pack Vendor :portGmbH I-Cube-SoM-uGOAL 1.1.0
2023-07-03 19:59:11,394 [INFO] ThirdParty:1030 - CMSIS Pack Vendor :STMicroelectronics X-CUBE-ALS 1.0.1
2023-07-03 19:59:11,394 [INFO] ThirdParty:1030 - CMSIS Pack Vendor :STMicroelectronics X-CUBE-MEMS1 9.5.0
2023-07-03 19:59:11,394 [INFO] ThirdParty:1030 - CMSIS Pack Vendor :STMicroelectronics ThreadX 1.0.0
2023-07-03 19:59:11,394 [INFO] ThirdParty:1030 - CMSIS Pack Vendor :STMicroelectronics X-CUBE-AZRTOS-WB 1.1.0
2023-07-03 19:59:11,394 [INFO] ThirdParty:1030 - CMSIS Pack Vendor :STMicroelectronics X-CUBE-AZRTOS-WL 2.0.0
2023-07-03 19:59:11,394 [INFO] ThirdParty:1030 - CMSIS Pack Vendor :SEGGER I-CUBE-embOS 1.3.1
2023-07-03 19:59:11,394 [INFO] ThirdParty:1030 - CMSIS Pack Vendor :STMicroelectronics USB_DEVICE 1.0.0
2023-07-03 19:59:11,394 [INFO] ThirdParty:1030 - CMSIS Pack Vendor :STMicroelectronics X-CUBE-AZRTOS-L4 2.0.0
2023-07-03 19:59:11,394 [INFO] ThirdParty:1030 - CMSIS Pack Vendor :STMicroelectronics ThreadX 0.0.2
2023-07-03 19:59:11,394 [INFO] ThirdParty:1030 - CMSIS Pack Vendor :WES I-CUBE-Cesium 1.3.0
2023-07-03 19:59:11,394 [INFO] ThirdParty:1030 - CMSIS Pack Vendor :STMicroelectronics FP-ATR-ASTRA1 2.0.0
2023-07-03 19:59:11,394 [INFO] ThirdParty:1030 - CMSIS Pack Vendor :STMicroelectronics lwIP 2.1.2
2023-07-03 19:59:11,394 [INFO] ThirdParty:1030 - CMSIS Pack Vendor :STMicroelectronics X-CUBE-SFXS2LP1 4.0.0
2023-07-03 19:59:11,394 [INFO] ThirdParty:1030 - CMSIS Pack Vendor :STMicroelectronics X-CUBE-BLE2 3.3.0
2023-07-03 19:59:11,394 [INFO] ThirdParty:1030 - CMSIS Pack Vendor :STMicroelectronics PDM2PCM 3.2.0
2023-07-03 19:59:11,394 [INFO] ThirdParty:841 - exiting critical section [change project]
2023-07-03 19:59:11,667 [INFO] PinOutPanel:1499 - setPackage(No Configuration,No Configuration)
2023-07-03 19:59:11,667 [INFO] PinOutPanel:1499 - setPackage(STM32L4P5RETx,LQFP64)
2023-07-03 19:59:12,212 [INFO] UtilMem:75 - Before build in PCC Used Memory: 878941176 Bytes (1033895936)
2023-07-03 19:59:12,518 [INFO] UtilMem:75 - After build in PCC Used Memory: 609436160 Bytes (1033895936)
2023-07-03 19:59:12,545 [INFO] IPUIPlugin:80 - create IPUIPlugin
2023-07-03 19:59:12,545 [INFO] IPUIPlugin:80 - create IPUIPlugin
2023-07-03 19:59:12,545 [INFO] IPUIPlugin:80 - create IPUIPlugin
2023-07-03 19:59:12,545 [INFO] IPUIPlugin:80 - create IPUIPlugin
2023-07-03 19:59:12,545 [INFO] IPUIPlugin:80 - create IPUIPlugin
2023-07-03 19:59:12,545 [INFO] IPUIPlugin:80 - create IPUIPlugin
2023-07-03 19:59:12,545 [INFO] IPUIPlugin:80 - create IPUIPlugin
2023-07-03 19:59:12,545 [INFO] IPUIPlugin:80 - create IPUIPlugin
2023-07-03 19:59:12,545 [INFO] IPUIPlugin:80 - create IPUIPlugin
2023-07-03 19:59:12,545 [INFO] IPUIPlugin:80 - create IPUIPlugin
2023-07-03 19:59:12,545 [INFO] IPUIPlugin:80 - create IPUIPlugin
2023-07-03 19:59:12,545 [INFO] IPUIPlugin:80 - create IPUIPlugin
2023-07-03 19:59:12,545 [INFO] IPUIPlugin:80 - create IPUIPlugin
2023-07-03 19:59:12,545 [INFO] IPUIPlugin:80 - create IPUIPlugin
2023-07-03 19:59:12,545 [INFO] IPUIPlugin:80 - create IPUIPlugin
2023-07-03 19:59:12,545 [INFO] IPUIPlugin:80 - create IPUIPlugin
2023-07-03 19:59:12,545 [INFO] IPUIPlugin:80 - create IPUIPlugin
2023-07-03 19:59:12,545 [INFO] IPUIPlugin:80 - create IPUIPlugin
2023-07-03 19:59:12,545 [INFO] IPUIPlugin:80 - create IPUIPlugin
2023-07-03 19:59:12,545 [INFO] IPUIPlugin:80 - create IPUIPlugin
2023-07-03 19:59:12,545 [INFO] IPUIPlugin:80 - create IPUIPlugin
2023-07-03 19:59:12,545 [INFO] IPUIPlugin:80 - create IPUIPlugin
2023-07-03 19:59:12,545 [INFO] IPUIPlugin:80 - create IPUIPlugin
2023-07-03 19:59:12,545 [INFO] IPUIPlugin:80 - create IPUIPlugin
2023-07-03 19:59:12,545 [INFO] IPUIPlugin:80 - create IPUIPlugin
2023-07-03 19:59:12,545 [INFO] IPUIPlugin:80 - create IPUIPlugin
2023-07-03 19:59:12,545 [INFO] IPUIPlugin:80 - create IPUIPlugin
2023-07-03 19:59:12,545 [INFO] IPUIPlugin:80 - create IPUIPlugin
2023-07-03 19:59:12,545 [INFO] IPUIPlugin:80 - create IPUIPlugin
2023-07-03 19:59:12,545 [INFO] IPUIPlugin:80 - create IPUIPlugin
2023-07-03 19:59:12,545 [INFO] IPUIPlugin:80 - create IPUIPlugin
2023-07-03 19:59:12,545 [INFO] IPUIPlugin:80 - create IPUIPlugin
2023-07-03 19:59:12,545 [INFO] IPUIPlugin:80 - create IPUIPlugin
2023-07-03 19:59:12,545 [INFO] IPUIPlugin:80 - create IPUIPlugin
2023-07-03 19:59:12,545 [INFO] IPUIPlugin:80 - create IPUIPlugin
2023-07-03 19:59:12,545 [INFO] IPUIPlugin:80 - create IPUIPlugin
2023-07-03 19:59:12,545 [INFO] IPUIPlugin:80 - create IPUIPlugin
2023-07-03 19:59:12,545 [INFO] IPUIPlugin:80 - create IPUIPlugin
2023-07-03 19:59:12,545 [INFO] IPUIPlugin:80 - create IPUIPlugin
2023-07-03 19:59:12,545 [INFO] IPUIPlugin:80 - create IPUIPlugin
2023-07-03 19:59:12,545 [INFO] IPUIPlugin:80 - create IPUIPlugin
2023-07-03 19:59:12,545 [INFO] IPUIPlugin:80 - create IPUIPlugin
2023-07-03 19:59:12,545 [INFO] IPUIPlugin:80 - create IPUIPlugin
2023-07-03 19:59:12,545 [INFO] IPUIPlugin:80 - create IPUIPlugin
2023-07-03 19:59:12,545 [INFO] IPUIPlugin:80 - create IPUIPlugin
2023-07-03 19:59:12,545 [INFO] IPUIPlugin:80 - create IPUIPlugin
2023-07-03 19:59:12,545 [INFO] IPUIPlugin:80 - create IPUIPlugin
2023-07-03 19:59:12,545 [INFO] IPUIPlugin:80 - create IPUIPlugin
2023-07-03 19:59:12,545 [INFO] IPUIPlugin:80 - create IPUIPlugin
2023-07-03 19:59:12,545 [INFO] IPUIPlugin:80 - create IPUIPlugin
2023-07-03 19:59:12,545 [INFO] IPUIPlugin:80 - create IPUIPlugin
2023-07-03 19:59:12,545 [INFO] IPUIPlugin:80 - create IPUIPlugin
2023-07-03 19:59:12,545 [INFO] IPUIPlugin:80 - create IPUIPlugin
2023-07-03 19:59:12,545 [INFO] IPUIPlugin:80 - create IPUIPlugin
2023-07-03 19:59:12,545 [INFO] IPUIPlugin:80 - create IPUIPlugin
2023-07-03 19:59:12,545 [INFO] IPUIPlugin:80 - create IPUIPlugin
2023-07-03 19:59:12,545 [INFO] IPUIPlugin:80 - create IPUIPlugin
2023-07-03 19:59:12,545 [INFO] IPUIPlugin:80 - create IPUIPlugin
2023-07-03 19:59:12,545 [INFO] IPUIPlugin:80 - create IPUIPlugin
2023-07-03 19:59:12,545 [INFO] IPUIPlugin:80 - create IPUIPlugin
2023-07-03 19:59:12,561 [INFO] IPUIPlugin:80 - create IPUIPlugin
2023-07-03 19:59:12,561 [INFO] IPUIPlugin:80 - create IPUIPlugin
2023-07-03 19:59:12,561 [INFO] IPUIPlugin:80 - create IPUIPlugin
2023-07-03 19:59:12,561 [INFO] IPUIPlugin:80 - create IPUIPlugin
2023-07-03 19:59:12,561 [INFO] Can:71 - Can Add PropertyChangeListener com.st.microxplorer.plugins.ip.can.Can@1ffaee53
2023-07-03 19:59:12,609 [INFO] CADModel:165 - CPN selected for project levelSTM32L4P5RET6
2023-07-03 19:59:12,609 [INFO] CADModel:114 - Register for checkConnection events
2023-07-03 19:59:12,681 [INFO] OpenFileManager:328 - Restore cursor
2023-07-03 20:01:20,733 [INFO] ADCParametersView:116 -                Rank 1 : false
2023-07-03 20:01:20,764 [INFO] ADCParametersView:116 -                Rank 1 : false
2023-07-03 20:01:20,764 [INFO] ADCParametersView:116 -                Rank 1 : false
2023-07-03 20:01:20,764 [INFO] ADCParametersView:116 -                Rank 1 : false
2023-07-03 20:01:20,764 [INFO] ADCParametersView:116 -                Rank 1 : false
2023-07-03 20:01:20,764 [INFO] ADCParametersView:116 -                Rank 1 : false
2023-07-03 20:01:20,764 [INFO] ADCParametersView:116 -                Rank 1 : false
2023-07-03 20:01:20,764 [INFO] ADCParametersView:116 -                Rank 1 : false
2023-07-03 20:01:20,764 [INFO] ADCParametersView:116 -                Rank 1 : false
2023-07-03 20:01:20,764 [INFO] ADCParametersView:116 -                Rank 1 : false
2023-07-03 20:01:20,764 [INFO] ADCParametersView:116 -                Rank 1 : false
2023-07-03 20:01:20,764 [INFO] ADCParametersView:116 -                Rank 1 : false
2023-07-03 20:01:20,764 [INFO] ADCParametersView:116 -                Rank 1 : false
2023-07-03 20:01:20,769 [INFO] ADCParametersView:116 -                Rank 1 : false
2023-07-03 20:01:20,769 [INFO] ADCParametersView:116 -                Rank 1 : false
2023-07-03 20:01:20,769 [INFO] ADCParametersView:116 -                Rank 1 : false
2023-07-03 20:01:20,769 [INFO] ADCParametersView:116 -                Rank 1 : false
2023-07-03 20:01:20,769 [INFO] ADCParametersView:116 -                Rank 1 : false
2023-07-03 20:01:20,769 [INFO] ADCParametersView:116 -                Rank 1 : false
2023-07-03 20:01:20,769 [INFO] ADCParametersView:116 -                Rank 1 : false
2023-07-03 20:01:20,769 [INFO] ADCParametersView:116 -                Rank 1 : false
2023-07-03 20:01:20,780 [INFO] ADCParametersView:116 -                Rank 1 : false
2023-07-03 20:01:20,923 [INFO] NvicIntPanel:101 - NVIC parent = com.st.microxplorer.plugins.ip.nvic.MultiNvicIntPanel[,0,0,0x0,invalid,layout=javax.swing.BoxLayout,alignmentX=0.0,alignmentY=0.0,border=,flags=9,maximumSize=,minimumSize=,preferredSize=]
2023-07-03 20:01:21,098 [INFO] NvicIntPanel:101 - NVIC parent = com.st.microxplorer.plugins.ip.nvic.MultiNvicIntPanel[,0,0,0x0,invalid,layout=javax.swing.BoxLayout,alignmentX=0.0,alignmentY=0.0,border=,flags=9,maximumSize=,minimumSize=,preferredSize=]
2023-07-03 20:01:21,277 [INFO] NvicIntPanel:101 - NVIC parent = com.st.microxplorer.plugins.ip.nvic.MultiNvicIntPanel[,0,0,0x0,invalid,layout=javax.swing.BoxLayout,alignmentX=0.0,alignmentY=0.0,border=,flags=9,maximumSize=,minimumSize=,preferredSize=]
2023-07-03 20:01:21,458 [INFO] NvicIntPanel:101 - NVIC parent = com.st.microxplorer.plugins.ip.nvic.MultiNvicIntPanel[,0,0,0x0,invalid,layout=javax.swing.BoxLayout,alignmentX=0.0,alignmentY=0.0,border=,flags=9,maximumSize=,minimumSize=,preferredSize=]
2023-07-03 20:01:21,622 [INFO] ADCParametersView:116 -                Rank 1 : false
2023-07-03 20:01:21,622 [INFO] ADCParametersView:116 -                Rank 1 : false
2023-07-03 20:01:21,622 [INFO] ADCParametersView:116 -                Rank 1 : false
2023-07-03 20:01:21,622 [INFO] ADCParametersView:116 -                Rank 1 : false
2023-07-03 20:01:21,622 [INFO] ADCParametersView:116 -                Rank 1 : false
2023-07-03 20:01:21,622 [INFO] ADCParametersView:116 -                Rank 1 : false
2023-07-03 20:01:21,622 [INFO] ADCParametersView:116 -                Rank 1 : false
2023-07-03 20:01:21,622 [INFO] ADCParametersView:116 -                Rank 1 : false
2023-07-03 20:01:21,622 [INFO] ADCParametersView:116 -                Rank 1 : false
2023-07-03 20:01:21,622 [INFO] ADCParametersView:116 -                Rank 1 : false
2023-07-03 20:01:21,622 [INFO] ADCParametersView:116 -                Rank 1 : false
2023-07-03 20:01:21,622 [INFO] ADCParametersView:116 -                Rank 1 : false
2023-07-03 20:01:21,622 [INFO] ADCParametersView:116 -                Rank 1 : false
2023-07-03 20:01:21,622 [INFO] ADCParametersView:116 -                Rank 1 : false
2023-07-03 20:01:21,622 [INFO] ADCParametersView:116 -                Rank 1 : false
2023-07-03 20:01:21,622 [INFO] ADCParametersView:116 -                Rank 1 : false
2023-07-03 20:01:21,622 [INFO] ADCParametersView:116 -                Rank 1 : false
2023-07-03 20:01:21,622 [INFO] ADCParametersView:116 -                Rank 1 : false
2023-07-03 20:01:21,622 [INFO] ADCParametersView:116 -                Rank 1 : false
2023-07-03 20:01:21,622 [INFO] ADCParametersView:116 -                Rank 1 : false
2023-07-03 20:01:21,701 [INFO] ADCParametersView:116 -                Rank 1 : false
2023-07-03 20:01:21,812 [INFO] ADCParametersView:116 -                Rank 1 : false
2023-07-03 20:01:21,812 [INFO] ADCParametersView:116 -                Rank 1 : false
2023-07-03 20:01:21,812 [INFO] ADCParametersView:116 -                Rank 1 : false
2023-07-03 20:01:21,812 [INFO] ADCParametersView:116 -                Rank 1 : false
2023-07-03 20:01:21,812 [INFO] ADCParametersView:116 -                Rank 1 : false
2023-07-03 20:01:21,822 [INFO] ADCParametersView:116 -                Rank 1 : false
2023-07-03 20:01:21,822 [INFO] ADCParametersView:116 -                Rank 1 : false
2023-07-03 20:01:21,822 [INFO] ADCParametersView:116 -                Rank 1 : false
2023-07-03 20:01:21,822 [INFO] ADCParametersView:116 -                Rank 1 : false
2023-07-03 20:01:21,822 [INFO] ADCParametersView:116 -                Rank 1 : false
2023-07-03 20:01:21,822 [INFO] ADCParametersView:116 -                Rank 1 : false
2023-07-03 20:01:21,822 [INFO] ADCParametersView:116 -                Rank 1 : false
2023-07-03 20:01:21,822 [INFO] ADCParametersView:116 -                Rank 1 : false
2023-07-03 20:01:21,822 [INFO] ADCParametersView:116 -                Rank 1 : false
2023-07-03 20:01:21,822 [INFO] ADCParametersView:116 -                Rank 1 : false
2023-07-03 20:01:21,822 [INFO] ADCParametersView:116 -                Rank 1 : false
2023-07-03 20:01:21,822 [INFO] ADCParametersView:116 -                Rank 1 : false
2023-07-03 20:01:21,822 [INFO] ADCParametersView:116 -                Rank 1 : false
2023-07-03 20:01:21,822 [INFO] ADCParametersView:116 -                Rank 1 : false
2023-07-03 20:01:21,822 [INFO] ADCParametersView:116 -                Rank 1 : false
2023-07-03 20:01:21,875 [INFO] ADCParametersView:116 -                Rank 1 : false
2023-07-03 20:01:24,174 [INFO] ADCParametersView:116 -                Rank 1 : false
2023-07-03 20:01:24,174 [INFO] ADCParametersView:116 -                Rank 1 : false
2023-07-03 20:01:24,174 [INFO] ADCParametersView:116 -                Rank 1 : false
2023-07-03 20:01:24,174 [INFO] ADCParametersView:116 -                Rank 1 : false
2023-07-03 20:01:24,174 [INFO] ADCParametersView:116 -                Rank 1 : false
2023-07-03 20:01:24,174 [INFO] ADCParametersView:116 -                Rank 1 : false
2023-07-03 20:01:24,174 [INFO] ADCParametersView:116 -                Rank 1 : false
2023-07-03 20:01:24,174 [INFO] ADCParametersView:116 -                Rank 1 : false
2023-07-03 20:01:24,174 [INFO] ADCParametersView:116 -                Rank 1 : false
2023-07-03 20:01:24,174 [INFO] ADCParametersView:116 -                Rank 1 : false
2023-07-03 20:01:24,174 [INFO] ADCParametersView:116 -                Rank 1 : false
2023-07-03 20:01:24,174 [INFO] ADCParametersView:116 -                Rank 1 : false
2023-07-03 20:01:24,174 [INFO] ADCParametersView:116 -                Rank 1 : false
2023-07-03 20:01:24,174 [INFO] ADCParametersView:116 -                Rank 1 : false
2023-07-03 20:01:24,174 [INFO] ADCParametersView:116 -                Rank 1 : false
2023-07-03 20:01:24,174 [INFO] ADCParametersView:116 -                Rank 1 : false
2023-07-03 20:01:24,174 [INFO] ADCParametersView:116 -                Rank 1 : false
2023-07-03 20:01:24,174 [INFO] ADCParametersView:116 -                Rank 1 : false
2023-07-03 20:01:24,174 [INFO] ADCParametersView:116 -                Rank 1 : false
2023-07-03 20:01:24,174 [INFO] ADCParametersView:116 -                Rank 1 : false
2023-07-03 20:01:24,180 [INFO] ADCParametersView:116 -                Rank 1 : false
2023-07-03 20:01:24,196 [INFO] ADCParametersView:116 -                Rank 1 : false
2023-07-03 20:01:24,196 [INFO] ADCParametersView:116 -                Rank 1 : false
2023-07-03 20:01:24,196 [INFO] ADCParametersView:116 -                Rank 1 : false
2023-07-03 20:01:24,196 [INFO] ADCParametersView:116 -                Rank 1 : false
2023-07-03 20:01:24,196 [INFO] ADCParametersView:116 -                Rank 1 : false
2023-07-03 20:01:24,196 [INFO] ADCParametersView:116 -                Rank 1 : false
2023-07-03 20:01:24,196 [INFO] ADCParametersView:116 -                Rank 1 : false
2023-07-03 20:01:24,196 [INFO] ADCParametersView:116 -                Rank 1 : false
2023-07-03 20:01:24,196 [INFO] ADCParametersView:116 -                Rank 1 : false
2023-07-03 20:01:24,196 [INFO] ADCParametersView:116 -                Rank 1 : false
2023-07-03 20:01:24,196 [INFO] ADCParametersView:116 -                Rank 1 : false
2023-07-03 20:01:24,196 [INFO] ADCParametersView:116 -                Rank 1 : false
2023-07-03 20:01:24,196 [INFO] ADCParametersView:116 -                Rank 1 : false
2023-07-03 20:01:24,196 [INFO] ADCParametersView:116 -                Rank 1 : false
2023-07-03 20:01:24,196 [INFO] ADCParametersView:116 -                Rank 1 : false
2023-07-03 20:01:24,196 [INFO] ADCParametersView:116 -                Rank 1 : false
2023-07-03 20:01:24,196 [INFO] ADCParametersView:116 -                Rank 1 : false
2023-07-03 20:01:24,196 [INFO] ADCParametersView:116 -                Rank 1 : false
2023-07-03 20:01:24,196 [INFO] ADCParametersView:116 -                Rank 1 : false
2023-07-03 20:01:24,196 [INFO] ADCParametersView:116 -                Rank 1 : false
2023-07-03 20:01:24,212 [INFO] ADCParametersView:116 -                Rank 1 : false
2023-07-03 20:01:24,269 [INFO] ADCParametersView:116 -                Rank 1 : false
2023-07-03 20:01:24,269 [INFO] ADCParametersView:116 -                Rank 1 : false
2023-07-03 20:01:24,269 [INFO] ADCParametersView:116 -                Rank 1 : false
2023-07-03 20:01:24,269 [INFO] ADCParametersView:116 -                Rank 1 : false
2023-07-03 20:01:24,269 [INFO] ADCParametersView:116 -                Rank 1 : false
2023-07-03 20:01:24,269 [INFO] ADCParametersView:116 -                Rank 1 : false
2023-07-03 20:01:24,269 [INFO] ADCParametersView:116 -                Rank 1 : false
2023-07-03 20:01:24,269 [INFO] ADCParametersView:116 -                Rank 1 : false
2023-07-03 20:01:24,269 [INFO] ADCParametersView:116 -                Rank 1 : false
2023-07-03 20:01:24,269 [INFO] ADCParametersView:116 -                Rank 1 : false
2023-07-03 20:01:24,269 [INFO] ADCParametersView:116 -                Rank 1 : false
2023-07-03 20:01:24,269 [INFO] ADCParametersView:116 -                Rank 1 : false
2023-07-03 20:01:24,269 [INFO] ADCParametersView:116 -                Rank 1 : false
2023-07-03 20:01:24,269 [INFO] ADCParametersView:116 -                Rank 1 : false
2023-07-03 20:01:24,269 [INFO] ADCParametersView:116 -                Rank 1 : false
2023-07-03 20:01:24,269 [INFO] ADCParametersView:116 -                Rank 1 : false
2023-07-03 20:01:24,269 [INFO] ADCParametersView:116 -                Rank 1 : false
2023-07-03 20:01:24,269 [INFO] ADCParametersView:116 -                Rank 1 : false
2023-07-03 20:01:24,269 [INFO] ADCParametersView:116 -                Rank 1 : false
2023-07-03 20:01:24,269 [INFO] ADCParametersView:116 -                Rank 1 : false
2023-07-03 20:01:24,305 [INFO] ADCParametersView:116 -                Rank 1 : false
2023-07-03 20:01:24,363 [INFO] ADCParametersView:116 -                Rank 1 : false
2023-07-03 20:01:24,363 [INFO] ADCParametersView:116 -                Rank 1 : false
2023-07-03 20:01:24,363 [INFO] ADCParametersView:116 -                Rank 1 : false
2023-07-03 20:01:24,363 [INFO] ADCParametersView:116 -                Rank 1 : false
2023-07-03 20:01:24,363 [INFO] ADCParametersView:116 -                Rank 1 : false
2023-07-03 20:01:24,363 [INFO] ADCParametersView:116 -                Rank 1 : false
2023-07-03 20:01:24,363 [INFO] ADCParametersView:116 -                Rank 1 : false
2023-07-03 20:01:24,363 [INFO] ADCParametersView:116 -                Rank 1 : false
2023-07-03 20:01:24,363 [INFO] ADCParametersView:116 -                Rank 1 : false
2023-07-03 20:01:24,363 [INFO] ADCParametersView:116 -                Rank 1 : false
2023-07-03 20:01:24,363 [INFO] ADCParametersView:116 -                Rank 1 : false
2023-07-03 20:01:24,363 [INFO] ADCParametersView:116 -                Rank 1 : false
2023-07-03 20:01:24,363 [INFO] ADCParametersView:116 -                Rank 1 : false
2023-07-03 20:01:24,363 [INFO] ADCParametersView:116 -                Rank 1 : false
2023-07-03 20:01:24,363 [INFO] ADCParametersView:116 -                Rank 1 : false
2023-07-03 20:01:24,363 [INFO] ADCParametersView:116 -                Rank 1 : false
2023-07-03 20:01:24,363 [INFO] ADCParametersView:116 -                Rank 1 : false
2023-07-03 20:01:24,363 [INFO] ADCParametersView:116 -                Rank 1 : false
2023-07-03 20:01:24,363 [INFO] ADCParametersView:116 -                Rank 1 : false
2023-07-03 20:01:24,363 [INFO] ADCParametersView:116 -                Rank 1 : false
2023-07-03 20:01:24,400 [INFO] ADCParametersView:116 -                Rank 1 : false
2023-07-03 20:01:24,542 [INFO] ADCParametersView:116 -                Rank 1 : false
2023-07-03 20:01:24,542 [INFO] ADCParametersView:116 -                Rank 1 : false
2023-07-03 20:01:24,542 [INFO] ADCParametersView:116 -                Rank 1 : false
2023-07-03 20:01:24,542 [INFO] ADCParametersView:116 -                Rank 1 : false
2023-07-03 20:01:24,542 [INFO] ADCParametersView:116 -                Rank 1 : false
2023-07-03 20:01:24,542 [INFO] ADCParametersView:116 -                Rank 1 : false
2023-07-03 20:01:24,542 [INFO] ADCParametersView:116 -                Rank 1 : false
2023-07-03 20:01:24,542 [INFO] ADCParametersView:116 -                Rank 1 : false
2023-07-03 20:01:24,542 [INFO] ADCParametersView:116 -                Rank 1 : false
2023-07-03 20:01:24,542 [INFO] ADCParametersView:116 -                Rank 1 : false
2023-07-03 20:01:24,542 [INFO] ADCParametersView:116 -                Rank 1 : false
2023-07-03 20:01:24,542 [INFO] ADCParametersView:116 -                Rank 1 : false
2023-07-03 20:01:24,542 [INFO] ADCParametersView:116 -                Rank 1 : false
2023-07-03 20:01:24,542 [INFO] ADCParametersView:116 -                Rank 1 : false
2023-07-03 20:01:24,542 [INFO] ADCParametersView:116 -                Rank 1 : false
2023-07-03 20:01:24,542 [INFO] ADCParametersView:116 -                Rank 1 : false
2023-07-03 20:01:24,542 [INFO] ADCParametersView:116 -                Rank 1 : false
2023-07-03 20:01:24,542 [INFO] ADCParametersView:116 -                Rank 1 : false
2023-07-03 20:01:24,542 [INFO] ADCParametersView:116 -                Rank 1 : false
2023-07-03 20:01:24,542 [INFO] ADCParametersView:116 -                Rank 1 : false
2023-07-03 20:01:24,575 [INFO] ADCParametersView:116 -                Rank 1 : false
2023-07-03 20:01:24,622 [INFO] ADCParametersView:116 -                Rank 1 : false
2023-07-03 20:01:24,622 [INFO] ADCParametersView:116 -                Rank 1 : false
2023-07-03 20:01:24,622 [INFO] ADCParametersView:116 -                Rank 1 : false
2023-07-03 20:01:24,622 [INFO] ADCParametersView:116 -                Rank 1 : false
2023-07-03 20:01:24,622 [INFO] ADCParametersView:116 -                Rank 1 : false
2023-07-03 20:01:24,622 [INFO] ADCParametersView:116 -                Rank 1 : false
2023-07-03 20:01:24,622 [INFO] ADCParametersView:116 -                Rank 1 : false
2023-07-03 20:01:24,622 [INFO] ADCParametersView:116 -                Rank 1 : false
2023-07-03 20:01:24,622 [INFO] ADCParametersView:116 -                Rank 1 : false
2023-07-03 20:01:24,622 [INFO] ADCParametersView:116 -                Rank 1 : false
2023-07-03 20:01:24,622 [INFO] ADCParametersView:116 -                Rank 1 : false
2023-07-03 20:01:24,622 [INFO] ADCParametersView:116 -                Rank 1 : false
2023-07-03 20:01:24,622 [INFO] ADCParametersView:116 -                Rank 1 : false
2023-07-03 20:01:24,622 [INFO] ADCParametersView:116 -                Rank 1 : false
2023-07-03 20:01:24,622 [INFO] ADCParametersView:116 -                Rank 1 : false
2023-07-03 20:01:24,622 [INFO] ADCParametersView:116 -                Rank 1 : false
2023-07-03 20:01:24,622 [INFO] ADCParametersView:116 -                Rank 1 : false
2023-07-03 20:01:24,622 [INFO] ADCParametersView:116 -                Rank 1 : false
2023-07-03 20:01:24,622 [INFO] ADCParametersView:116 -                Rank 1 : false
2023-07-03 20:01:24,632 [INFO] ADCParametersView:116 -                Rank 1 : false
2023-07-03 20:01:24,669 [INFO] ADCParametersView:116 -                Rank 1 : false
2023-07-03 20:01:27,430 [INFO] ADCParametersView:116 -                Rank 1 : false
2023-07-03 20:01:27,430 [INFO] ADCParametersView:116 -                Rank 1 : false
2023-07-03 20:01:27,430 [INFO] ADCParametersView:116 -                Rank 1 : false
2023-07-03 20:01:27,430 [INFO] ADCParametersView:116 -                Rank 1 : false
2023-07-03 20:01:27,430 [INFO] ADCParametersView:116 -                Rank 1 : false
2023-07-03 20:01:27,430 [INFO] ADCParametersView:116 -                Rank 1 : false
2023-07-03 20:01:27,430 [INFO] ADCParametersView:116 -                Rank 1 : false
2023-07-03 20:01:27,430 [INFO] ADCParametersView:116 -                Rank 1 : false
2023-07-03 20:01:27,430 [INFO] ADCParametersView:116 -                Rank 1 : false
2023-07-03 20:01:27,430 [INFO] ADCParametersView:116 -                Rank 1 : false
2023-07-03 20:01:27,430 [INFO] ADCParametersView:116 -                Rank 1 : false
2023-07-03 20:01:27,430 [INFO] ADCParametersView:116 -                Rank 1 : false
2023-07-03 20:01:27,430 [INFO] ADCParametersView:116 -                Rank 1 : false
2023-07-03 20:01:27,430 [INFO] ADCParametersView:116 -                Rank 1 : false
2023-07-03 20:01:27,430 [INFO] ADCParametersView:116 -                Rank 1 : false
2023-07-03 20:01:27,430 [INFO] ADCParametersView:116 -                Rank 1 : false
2023-07-03 20:01:27,430 [INFO] ADCParametersView:116 -                Rank 1 : false
2023-07-03 20:01:27,430 [INFO] ADCParametersView:116 -                Rank 1 : false
2023-07-03 20:01:27,430 [INFO] ADCParametersView:116 -                Rank 1 : false
2023-07-03 20:01:27,430 [INFO] ADCParametersView:116 -                Rank 1 : false
2023-07-03 20:01:27,446 [INFO] ADCParametersView:116 -                Rank 1 : false
2023-07-03 20:01:27,466 [INFO] ADCParametersView:116 -                Rank 1 : false
2023-07-03 20:01:27,466 [INFO] ADCParametersView:116 -                Rank 1 : false
2023-07-03 20:01:27,466 [INFO] ADCParametersView:116 -                Rank 1 : false
2023-07-03 20:01:27,466 [INFO] ADCParametersView:116 -                Rank 1 : false
2023-07-03 20:01:27,466 [INFO] ADCParametersView:116 -                Rank 1 : false
2023-07-03 20:01:27,466 [INFO] ADCParametersView:116 -                Rank 1 : false
2023-07-03 20:01:27,466 [INFO] ADCParametersView:116 -                Rank 1 : false
2023-07-03 20:01:27,466 [INFO] ADCParametersView:116 -                Rank 1 : false
2023-07-03 20:01:27,466 [INFO] ADCParametersView:116 -                Rank 1 : false
2023-07-03 20:01:27,466 [INFO] ADCParametersView:116 -                Rank 1 : false
2023-07-03 20:01:27,466 [INFO] ADCParametersView:116 -                Rank 1 : false
2023-07-03 20:01:27,466 [INFO] ADCParametersView:116 -                Rank 1 : false
2023-07-03 20:01:27,466 [INFO] ADCParametersView:116 -                Rank 1 : false
2023-07-03 20:01:27,466 [INFO] ADCParametersView:116 -                Rank 1 : false
2023-07-03 20:01:27,466 [INFO] ADCParametersView:116 -                Rank 1 : false
2023-07-03 20:01:27,466 [INFO] ADCParametersView:116 -                Rank 1 : false
2023-07-03 20:01:27,466 [INFO] ADCParametersView:116 -                Rank 1 : false
2023-07-03 20:01:27,466 [INFO] ADCParametersView:116 -                Rank 1 : false
2023-07-03 20:01:27,466 [INFO] ADCParametersView:116 -                Rank 1 : false
2023-07-03 20:01:27,466 [INFO] ADCParametersView:116 -                Rank 1 : false
2023-07-03 20:01:27,466 [INFO] ADCParametersView:116 -                Rank 1 : false
2023-07-03 20:01:27,557 [INFO] ADCParametersView:116 -                Rank 1 : false
2023-07-03 20:01:27,557 [INFO] ADCParametersView:116 -                Rank 1 : false
2023-07-03 20:01:27,557 [INFO] ADCParametersView:116 -                Rank 1 : false
2023-07-03 20:01:27,557 [INFO] ADCParametersView:116 -                Rank 1 : false
2023-07-03 20:01:27,557 [INFO] ADCParametersView:116 -                Rank 1 : false
2023-07-03 20:01:27,557 [INFO] ADCParametersView:116 -                Rank 1 : false
2023-07-03 20:01:27,557 [INFO] ADCParametersView:116 -                Rank 1 : false
2023-07-03 20:01:27,557 [INFO] ADCParametersView:116 -                Rank 1 : false
2023-07-03 20:01:27,557 [INFO] ADCParametersView:116 -                Rank 1 : false
2023-07-03 20:01:27,557 [INFO] ADCParametersView:116 -                Rank 1 : false
2023-07-03 20:01:27,557 [INFO] ADCParametersView:116 -                Rank 1 : false
2023-07-03 20:01:27,557 [INFO] ADCParametersView:116 -                Rank 1 : false
2023-07-03 20:01:27,557 [INFO] ADCParametersView:116 -                Rank 1 : false
2023-07-03 20:01:27,557 [INFO] ADCParametersView:116 -                Rank 1 : false
2023-07-03 20:01:27,557 [INFO] ADCParametersView:116 -                Rank 1 : false
2023-07-03 20:01:27,557 [INFO] ADCParametersView:116 -                Rank 1 : false
2023-07-03 20:01:27,557 [INFO] ADCParametersView:116 -                Rank 1 : false
2023-07-03 20:01:27,557 [INFO] ADCParametersView:116 -                Rank 1 : false
2023-07-03 20:01:27,557 [INFO] ADCParametersView:116 -                Rank 1 : false
2023-07-03 20:01:27,557 [INFO] ADCParametersView:116 -                Rank 1 : false
2023-07-03 20:01:27,605 [INFO] ADCParametersView:116 -                Rank 1 : false
2023-07-03 20:01:27,685 [INFO] ADCParametersView:116 -                Rank 1 : false
2023-07-03 20:01:27,685 [INFO] ADCParametersView:116 -                Rank 1 : false
2023-07-03 20:01:27,685 [INFO] ADCParametersView:116 -                Rank 1 : false
2023-07-03 20:01:27,685 [INFO] ADCParametersView:116 -                Rank 1 : false
2023-07-03 20:01:27,685 [INFO] ADCParametersView:116 -                Rank 1 : false
2023-07-03 20:01:27,685 [INFO] ADCParametersView:116 -                Rank 1 : false
2023-07-03 20:01:27,685 [INFO] ADCParametersView:116 -                Rank 1 : false
2023-07-03 20:01:27,685 [INFO] ADCParametersView:116 -                Rank 1 : false
2023-07-03 20:01:27,685 [INFO] ADCParametersView:116 -                Rank 1 : false
2023-07-03 20:01:27,685 [INFO] ADCParametersView:116 -                Rank 1 : false
2023-07-03 20:01:27,685 [INFO] ADCParametersView:116 -                Rank 1 : false
2023-07-03 20:01:27,685 [INFO] ADCParametersView:116 -                Rank 1 : false
2023-07-03 20:01:27,685 [INFO] ADCParametersView:116 -                Rank 1 : false
2023-07-03 20:01:27,685 [INFO] ADCParametersView:116 -                Rank 1 : false
2023-07-03 20:01:27,685 [INFO] ADCParametersView:116 -                Rank 1 : false
2023-07-03 20:01:27,685 [INFO] ADCParametersView:116 -                Rank 1 : false
2023-07-03 20:01:27,685 [INFO] ADCParametersView:116 -                Rank 1 : false
2023-07-03 20:01:27,685 [INFO] ADCParametersView:116 -                Rank 1 : false
2023-07-03 20:01:27,685 [INFO] ADCParametersView:116 -                Rank 1 : false
2023-07-03 20:01:27,685 [INFO] ADCParametersView:116 -                Rank 1 : false
2023-07-03 20:01:27,731 [INFO] ADCParametersView:116 -                Rank 1 : false
2023-07-03 20:01:27,900 [INFO] ADCParametersView:116 -                Rank 1 : false
2023-07-03 20:01:27,900 [INFO] ADCParametersView:116 -                Rank 1 : false
2023-07-03 20:01:27,900 [INFO] ADCParametersView:116 -                Rank 1 : false
2023-07-03 20:01:27,900 [INFO] ADCParametersView:116 -                Rank 1 : false
2023-07-03 20:01:27,900 [INFO] ADCParametersView:116 -                Rank 1 : false
2023-07-03 20:01:27,900 [INFO] ADCParametersView:116 -                Rank 1 : false
2023-07-03 20:01:27,900 [INFO] ADCParametersView:116 -                Rank 1 : false
2023-07-03 20:01:27,900 [INFO] ADCParametersView:116 -                Rank 1 : false
2023-07-03 20:01:27,900 [INFO] ADCParametersView:116 -                Rank 1 : false
2023-07-03 20:01:27,900 [INFO] ADCParametersView:116 -                Rank 1 : false
2023-07-03 20:01:27,900 [INFO] ADCParametersView:116 -                Rank 1 : false
2023-07-03 20:01:27,900 [INFO] ADCParametersView:116 -                Rank 1 : false
2023-07-03 20:01:27,900 [INFO] ADCParametersView:116 -                Rank 1 : false
2023-07-03 20:01:27,900 [INFO] ADCParametersView:116 -                Rank 1 : false
2023-07-03 20:01:27,900 [INFO] ADCParametersView:116 -                Rank 1 : false
2023-07-03 20:01:27,900 [INFO] ADCParametersView:116 -                Rank 1 : false
2023-07-03 20:01:27,900 [INFO] ADCParametersView:116 -                Rank 1 : false
2023-07-03 20:01:27,900 [INFO] ADCParametersView:116 -                Rank 1 : false
2023-07-03 20:01:27,900 [INFO] ADCParametersView:116 -                Rank 1 : false
2023-07-03 20:01:27,900 [INFO] ADCParametersView:116 -                Rank 1 : false
2023-07-03 20:01:28,001 [INFO] ADCParametersView:116 -                Rank 1 : false
2023-07-03 20:01:28,069 [INFO] ADCParametersView:116 -                Rank 1 : false
2023-07-03 20:01:28,069 [INFO] ADCParametersView:116 -                Rank 1 : false
2023-07-03 20:01:28,069 [INFO] ADCParametersView:116 -                Rank 1 : false
2023-07-03 20:01:28,069 [INFO] ADCParametersView:116 -                Rank 1 : false
2023-07-03 20:01:28,069 [INFO] ADCParametersView:116 -                Rank 1 : false
2023-07-03 20:01:28,069 [INFO] ADCParametersView:116 -                Rank 1 : false
2023-07-03 20:01:28,069 [INFO] ADCParametersView:116 -                Rank 1 : false
2023-07-03 20:01:28,069 [INFO] ADCParametersView:116 -                Rank 1 : false
2023-07-03 20:01:28,069 [INFO] ADCParametersView:116 -                Rank 1 : false
2023-07-03 20:01:28,069 [INFO] ADCParametersView:116 -                Rank 1 : false
2023-07-03 20:01:28,069 [INFO] ADCParametersView:116 -                Rank 1 : false
2023-07-03 20:01:28,069 [INFO] ADCParametersView:116 -                Rank 1 : false
2023-07-03 20:01:28,069 [INFO] ADCParametersView:116 -                Rank 1 : false
2023-07-03 20:01:28,069 [INFO] ADCParametersView:116 -                Rank 1 : false
2023-07-03 20:01:28,069 [INFO] ADCParametersView:116 -                Rank 1 : false
2023-07-03 20:01:28,069 [INFO] ADCParametersView:116 -                Rank 1 : false
2023-07-03 20:01:28,069 [INFO] ADCParametersView:116 -                Rank 1 : false
2023-07-03 20:01:28,069 [INFO] ADCParametersView:116 -                Rank 1 : false
2023-07-03 20:01:28,069 [INFO] ADCParametersView:116 -                Rank 1 : false
2023-07-03 20:01:28,069 [INFO] ADCParametersView:116 -                Rank 1 : false
2023-07-03 20:01:28,144 [INFO] ADCParametersView:116 -                Rank 1 : false
2023-07-03 20:02:20,256 [INFO] ADCParametersView:116 -                Rank 1 : false
2023-07-03 20:02:20,256 [INFO] ADCParametersView:116 -                Rank 1 : false
2023-07-03 20:02:20,256 [INFO] ADCParametersView:116 -                Rank 1 : false
2023-07-03 20:02:20,256 [INFO] ADCParametersView:116 -                Rank 1 : false
2023-07-03 20:02:20,256 [INFO] ADCParametersView:116 -                Rank 1 : false
2023-07-03 20:02:20,256 [INFO] ADCParametersView:116 -                Rank 1 : false
2023-07-03 20:02:20,256 [INFO] ADCParametersView:116 -                Rank 1 : false
2023-07-03 20:02:20,256 [INFO] ADCParametersView:116 -                Rank 1 : false
2023-07-03 20:02:20,256 [INFO] ADCParametersView:116 -                Rank 1 : false
2023-07-03 20:02:20,256 [INFO] ADCParametersView:116 -                Rank 1 : false
2023-07-03 20:02:20,256 [INFO] ADCParametersView:116 -                Rank 1 : false
2023-07-03 20:02:20,256 [INFO] ADCParametersView:116 -                Rank 1 : false
2023-07-03 20:02:20,256 [INFO] ADCParametersView:116 -                Rank 1 : false
2023-07-03 20:02:20,256 [INFO] ADCParametersView:116 -                Rank 1 : false
2023-07-03 20:02:20,256 [INFO] ADCParametersView:116 -                Rank 1 : false
2023-07-03 20:02:20,256 [INFO] ADCParametersView:116 -                Rank 1 : false
2023-07-03 20:02:20,256 [INFO] ADCParametersView:116 -                Rank 1 : false
2023-07-03 20:02:20,256 [INFO] ADCParametersView:116 -                Rank 1 : false
2023-07-03 20:02:20,256 [INFO] ADCParametersView:116 -                Rank 1 : false
2023-07-03 20:02:20,256 [INFO] ADCParametersView:116 -                Rank 1 : false
2023-07-03 20:02:20,266 [INFO] ADCParametersView:116 -                Rank 1 : false
2023-07-03 20:02:20,287 [INFO] ADCParametersView:116 -                Rank 1 : false
2023-07-03 20:02:20,287 [INFO] ADCParametersView:116 -                Rank 1 : false
2023-07-03 20:02:20,287 [INFO] ADCParametersView:116 -                Rank 1 : false
2023-07-03 20:02:20,287 [INFO] ADCParametersView:116 -                Rank 1 : false
2023-07-03 20:02:20,287 [INFO] ADCParametersView:116 -                Rank 1 : false
2023-07-03 20:02:20,287 [INFO] ADCParametersView:116 -                Rank 1 : false
2023-07-03 20:02:20,287 [INFO] ADCParametersView:116 -                Rank 1 : false
2023-07-03 20:02:20,287 [INFO] ADCParametersView:116 -                Rank 1 : false
2023-07-03 20:02:20,287 [INFO] ADCParametersView:116 -                Rank 1 : false
2023-07-03 20:02:20,287 [INFO] ADCParametersView:116 -                Rank 1 : false
2023-07-03 20:02:20,287 [INFO] ADCParametersView:116 -                Rank 1 : false
2023-07-03 20:02:20,287 [INFO] ADCParametersView:116 -                Rank 1 : false
2023-07-03 20:02:20,287 [INFO] ADCParametersView:116 -                Rank 1 : false
2023-07-03 20:02:20,287 [INFO] ADCParametersView:116 -                Rank 1 : false
2023-07-03 20:02:20,287 [INFO] ADCParametersView:116 -                Rank 1 : false
2023-07-03 20:02:20,287 [INFO] ADCParametersView:116 -                Rank 1 : false
2023-07-03 20:02:20,287 [INFO] ADCParametersView:116 -                Rank 1 : false
2023-07-03 20:02:20,287 [INFO] ADCParametersView:116 -                Rank 1 : false
2023-07-03 20:02:20,287 [INFO] ADCParametersView:116 -                Rank 1 : false
2023-07-03 20:02:20,287 [INFO] ADCParametersView:116 -                Rank 1 : false
2023-07-03 20:02:20,295 [INFO] ADCParametersView:116 -                Rank 1 : false
2023-07-03 20:03:14,048 [INFO] NvicIntPanel:101 - NVIC parent = com.st.microxplorer.plugins.ip.nvic.MultiNvicIntPanel[,0,0,0x0,invalid,layout=javax.swing.BoxLayout,alignmentX=0.0,alignmentY=0.0,border=,flags=9,maximumSize=,minimumSize=,preferredSize=]
2023-07-03 21:07:41,163 [INFO] UtilMem:75 - End SaveConfig() Used Memory: 604750880 Bytes (1033895936)
2023-07-03 21:07:41,267 [INFO] UtilMem:75 - End SaveConfig() Used Memory: 623625248 Bytes (1033895936)
2023-07-03 21:07:42,003 [INFO] UtilMem:75 - End SaveConfig() Used Memory: 773178416 Bytes (1033895936)
2023-07-03 21:07:42,319 [INFO] BlockDiagram:2759 - set Specific Code input for plugin: TIM1_8L4
2023-07-03 21:07:42,319 [INFO] BlockDiagram:2759 - set Specific Code input for plugin: CAN
2023-07-03 21:07:42,319 [INFO] BlockDiagram:2759 - set Specific Code input for plugin: SYS
2023-07-03 21:07:42,319 [INFO] BlockDiagram:2759 - set Specific Code input for plugin: ADC
2023-07-03 21:07:42,319 [INFO] BlockDiagram:2759 - set Specific Code input for plugin: RCC
2023-07-03 21:07:42,319 [INFO] BlockDiagram:2759 - set Specific Code input for plugin: NVIC
2023-07-03 21:07:42,319 [INFO] BlockDiagram:2759 - set Specific Code input for plugin: DMA
2023-07-03 21:07:42,319 [INFO] BlockDiagram:2759 - set Specific Code input for plugin: GPIO
2023-07-03 21:07:42,323 [INFO] CodeGenerator:793 - code generatio: config db path: C:\ST\STM32CubeIDE_1.12.0\STM32CubeIDE\plugins\com.st.stm32cube.common.mx_6.8.0.202302231600\\db\
2023-07-03 21:07:42,734 [INFO] CodeEngine:255 - oldGeneratedFile, C:\Users\przem\OneDrive\Pulpit\PUTM\PUTM_DV_ASB_2023\software\EBS_Supervisor_L4\MXTmpFiles\license.tmp_save
2023-07-03 21:07:42,905 [INFO] CodeEngine:279 - Generated code: C:\Users\przem\OneDrive\Pulpit\PUTM\PUTM_DV_ASB_2023\software\EBS_Supervisor_L4\MXTmpFiles\license.tmp
2023-07-03 21:07:43,001 [INFO] CodeEngine:255 - oldGeneratedFile, C:\Users\przem\OneDrive\Pulpit\PUTM\PUTM_DV_ASB_2023\software\EBS_Supervisor_L4\MXTmpFiles\gpio.tmp_save
2023-07-03 21:07:43,175 [INFO] CodeEngine:279 - Generated code: C:\Users\przem\OneDrive\Pulpit\PUTM\PUTM_DV_ASB_2023\software\EBS_Supervisor_L4\MXTmpFiles\gpio.tmp
2023-07-03 21:07:43,899 [INFO] CodeEngine:255 - oldGeneratedFile, C:\Users\przem\OneDrive\Pulpit\PUTM\PUTM_DV_ASB_2023\software\EBS_Supervisor_L4\MXTmpFiles\dma.tmp_save
2023-07-03 21:07:44,062 [INFO] CodeEngine:279 - Generated code: C:\Users\przem\OneDrive\Pulpit\PUTM\PUTM_DV_ASB_2023\software\EBS_Supervisor_L4\MXTmpFiles\dma.tmp
2023-07-03 21:07:44,078 [INFO] CodeEngine:255 - oldGeneratedFile, C:\Users\przem\OneDrive\Pulpit\PUTM\PUTM_DV_ASB_2023\software\EBS_Supervisor_L4\MXTmpFiles\dma_GV.tmp_save
2023-07-03 21:07:44,157 [INFO] CodeEngine:279 - Generated code: C:\Users\przem\OneDrive\Pulpit\PUTM\PUTM_DV_ASB_2023\software\EBS_Supervisor_L4\MXTmpFiles\dma_GV.tmp
2023-07-03 21:07:44,190 [INFO] CodeEngine:255 - oldGeneratedFile, C:\Users\przem\OneDrive\Pulpit\PUTM\PUTM_DV_ASB_2023\software\EBS_Supervisor_L4\Core\Src\stm32l4xx_it.c_save
2023-07-03 21:07:44,622 [INFO] CodeEngine:279 - Generated code: C:\Users\przem\OneDrive\Pulpit\PUTM\PUTM_DV_ASB_2023\software\EBS_Supervisor_L4\Core\Src\stm32l4xx_it.c
2023-07-03 21:07:44,637 [INFO] CodeEngine:255 - oldGeneratedFile, C:\Users\przem\OneDrive\Pulpit\PUTM\PUTM_DV_ASB_2023\software\EBS_Supervisor_L4\Core\Inc\stm32l4xx_it.h_save
2023-07-03 21:07:44,817 [INFO] CodeEngine:279 - Generated code: C:\Users\przem\OneDrive\Pulpit\PUTM\PUTM_DV_ASB_2023\software\EBS_Supervisor_L4\Core\Inc\stm32l4xx_it.h
2023-07-03 21:07:44,858 [INFO] CodeEngine:255 - oldGeneratedFile, C:\Users\przem\OneDrive\Pulpit\PUTM\PUTM_DV_ASB_2023\software\EBS_Supervisor_L4\Core\Src\stm32l4xx_hal_msp.c_save
2023-07-03 21:07:45,106 [INFO] CodeEngine:279 - Generated code: C:\Users\przem\OneDrive\Pulpit\PUTM\PUTM_DV_ASB_2023\software\EBS_Supervisor_L4\Core\Src\stm32l4xx_hal_msp.c
2023-07-03 21:07:45,126 [INFO] CodeEngine:255 - oldGeneratedFile, C:\Users\przem\OneDrive\Pulpit\PUTM\PUTM_DV_ASB_2023\software\EBS_Supervisor_L4\MXTmpFiles\system.tmp_save
2023-07-03 21:07:45,211 [INFO] CodeEngine:279 - Generated code: C:\Users\przem\OneDrive\Pulpit\PUTM\PUTM_DV_ASB_2023\software\EBS_Supervisor_L4\MXTmpFiles\system.tmp
2023-07-03 21:07:45,243 [INFO] CodeEngine:311 - oldGeneratedFile, C:\Users\przem\OneDrive\Pulpit\PUTM\PUTM_DV_ASB_2023\software\EBS_Supervisor_L4\Core\Inc\stm32l4xx_hal_conf.h_save
2023-07-03 21:07:45,401 [INFO] CodeEngine:335 - Generated code: C:\Users\przem\OneDrive\Pulpit\PUTM\PUTM_DV_ASB_2023\software\EBS_Supervisor_L4\Core\Inc\stm32l4xx_hal_conf.h
2023-07-03 21:07:45,449 [WARN] IPConfigManager:3431 - IP not found : TIM
2023-07-03 21:07:45,449 [WARN] CodeGenerator:3754 - IP not found : null
2023-07-03 21:07:45,470 [INFO] CodeEngine:255 - oldGeneratedFile, C:\Users\przem\OneDrive\Pulpit\PUTM\PUTM_DV_ASB_2023\software\EBS_Supervisor_L4\Core\Inc\main.h_save
2023-07-03 21:07:45,582 [INFO] CodeEngine:279 - Generated code: C:\Users\przem\OneDrive\Pulpit\PUTM\PUTM_DV_ASB_2023\software\EBS_Supervisor_L4\Core\Inc\main.h
2023-07-03 21:07:45,597 [INFO] CodeEngine:255 - oldGeneratedFile, C:\Users\przem\OneDrive\Pulpit\PUTM\PUTM_DV_ASB_2023\software\EBS_Supervisor_L4\Core\Src\main.c_save
2023-07-03 21:07:45,782 [INFO] CodeEngine:279 - Generated code: C:\Users\przem\OneDrive\Pulpit\PUTM\PUTM_DV_ASB_2023\software\EBS_Supervisor_L4\Core\Src\main.c
2023-07-03 21:07:46,423 [INFO] ProjectBuilder:2996 - Time for Copy HAL[2] : 0mS.
2023-07-03 21:07:46,423 [INFO] ProjectBuilder:4304 - Project Generator version: 3.19.2
2023-07-03 21:07:47,026 [INFO] ConfigFileManager:1483 - The Die is : DIE471
2023-07-03 21:07:47,026 [INFO] ApiDbMcu:507 - Load IP Config File for FATFS
2023-07-03 21:07:47,042 [INFO] ApiDbMcu:507 - Load IP Config File for FREERTOS
2023-07-03 21:07:47,058 [INFO] ApiDbMcu:507 - Load IP Config File for TOUCHSENSING
2023-07-03 21:07:47,068 [INFO] ApiDbMcu:507 - Load IP Config File for USB_DEVICE
2023-07-03 21:07:47,074 [INFO] ApiDbMcu:507 - Load IP Config File for USB_HOST
2023-07-03 21:07:49,469 [INFO] ProjectBuilder:4505 - Time for Generating toolchain IDE Files: 3046mS.
2023-07-03 21:07:49,469 [INFO] ProjectBuilder:2867 - Time for Copy CMSIS : 0mS.
2023-07-03 21:07:49,482 [INFO] ProjectBuilder:2867 - Time for Copy CMSIS : 0mS.
