ISO-10303-21;
HEADER;
FILE_DESCRIPTION((''),'2;1');
FILE_NAME('C-2-1393779-0','2016-03-18T',('workeradm'),('Tyco Electronics Ltd.'),
'CREO PARAMETRIC BY PTC INC, 2015200','CREO PARAMETRIC BY PTC INC, 2015200','');
FILE_SCHEMA(('AUTOMOTIVE_DESIGN { 1 0 10303 214 1 1 1 1 }'));
ENDSEC;
DATA;
#2=DIRECTION('',(0.E0,-1.E0,0.E0));
#3=VECTOR('',#2,1.05E1);
#4=CARTESIAN_POINT('',(7.75E0,5.25E0,0.E0));
#5=LINE('',#4,#3);
#6=DIRECTION('',(1.E0,0.E0,0.E0));
#7=VECTOR('',#6,1.55E1);
#8=CARTESIAN_POINT('',(-7.75E0,5.25E0,0.E0));
#9=LINE('',#8,#7);
#10=DIRECTION('',(0.E0,1.E0,0.E0));
#11=VECTOR('',#10,1.05E1);
#12=CARTESIAN_POINT('',(-7.75E0,-5.25E0,0.E0));
#13=LINE('',#12,#11);
#14=DIRECTION('',(-1.E0,0.E0,0.E0));
#15=VECTOR('',#14,1.55E1);
#16=CARTESIAN_POINT('',(7.75E0,-5.25E0,0.E0));
#17=LINE('',#16,#15);
#18=DIRECTION('',(1.E0,0.E0,0.E0));
#19=VECTOR('',#18,3.999999761581E-1);
#20=CARTESIAN_POINT('',(5.8E0,4.6E0,0.E0));
#21=LINE('',#20,#19);
#22=DIRECTION('',(3.713906858957E-1,-9.284766870686E-1,0.E0));
#23=VECTOR('',#22,2.154065931708E0);
#24=CARTESIAN_POINT('',(6.199999976158E0,4.6E0,0.E0));
#25=LINE('',#24,#23);
#26=DIRECTION('',(-1.E0,0.E0,0.E0));
#27=VECTOR('',#26,3.E-1);
#28=CARTESIAN_POINT('',(7.E0,2.6E0,0.E0));
#29=LINE('',#28,#27);
#30=DIRECTION('',(-3.646918801558E-1,9.311282578402E-1,0.E0));
#31=VECTOR('',#30,5.484081191872E-1);
#32=CARTESIAN_POINT('',(6.7E0,2.6E0,0.E0));
#33=LINE('',#32,#31);
#34=DIRECTION('',(-1.E0,0.E0,0.E0));
#35=VECTOR('',#34,1.000000011921E0);
#36=CARTESIAN_POINT('',(6.500000011921E0,3.110638296604E0,0.E0));
#37=LINE('',#36,#35);
#38=DIRECTION('',(-3.646918236170E-1,-9.311282799845E-1,0.E0));
#39=VECTOR('',#38,5.484081061448E-1);
#40=CARTESIAN_POINT('',(5.5E0,3.110638296604E0,0.E0));
#41=LINE('',#40,#39);
#42=DIRECTION('',(-1.E0,0.E0,0.E0));
#43=VECTOR('',#42,3.E-1);
#44=CARTESIAN_POINT('',(5.300000047684E0,2.6E0,0.E0));
#45=LINE('',#44,#43);
#46=DIRECTION('',(3.713906572708E-1,9.284766985186E-1,0.E0));
#47=VECTOR('',#46,2.154065905145E0);
#48=CARTESIAN_POINT('',(5.000000047684E0,2.6E0,0.E0));
#49=LINE('',#48,#47);
#50=DIRECTION('',(-3.646919369563E-1,-9.311282355933E-1,0.E0));
#51=VECTOR('',#50,1.233918345662E0);
#52=CARTESIAN_POINT('',(6.000000023842E0,4.429787254333E0,0.E0));
#53=LINE('',#52,#51);
#54=DIRECTION('',(1.E0,0.E0,0.E0));
#55=VECTOR('',#54,9.000000357628E-1);
#56=CARTESIAN_POINT('',(5.549999952316E0,3.280851042271E0,0.E0));
#57=LINE('',#56,#55);
#58=DIRECTION('',(-3.646918615713E-1,9.311282651191E-1,0.E0));
#59=VECTOR('',#58,1.233918306535E0);
#60=CARTESIAN_POINT('',(6.449999988079E0,3.280851042271E0,0.E0));
#61=LINE('',#60,#59);
#62=DIRECTION('',(-1.E0,0.E0,0.E0));
#63=VECTOR('',#62,3.E-1);
#64=CARTESIAN_POINT('',(2.899999904633E0,2.6E0,0.E0));
#65=LINE('',#64,#63);
#66=DIRECTION('',(6.397118551575E-1,7.686148205512E-1,0.E0));
#67=VECTOR('',#66,1.328723524321E0);
#68=CARTESIAN_POINT('',(2.599999904633E0,2.6E0,0.E0));
#69=LINE('',#68,#67);
#70=DIRECTION('',(-6.557113611914E-1,7.550116626944E-1,0.E0));
#71=VECTOR('',#70,1.296302368759E0);
#72=CARTESIAN_POINT('',(3.450000095367E0,3.621276593208E0,0.E0));
#73=LINE('',#72,#71);
#74=DIRECTION('',(1.E0,0.E0,0.E0));
#75=VECTOR('',#74,3.E-1);
#76=CARTESIAN_POINT('',(2.599999904633E0,4.6E0,0.E0));
#77=LINE('',#76,#75);
#78=DIRECTION('',(6.545518320100E-1,-7.560171289147E-1,0.E0));
#79=VECTOR('',#78,1.069434315974E0);
#80=CARTESIAN_POINT('',(2.899999904633E0,4.6E0,0.E0));
#81=LINE('',#80,#79);
#82=DIRECTION('',(6.545516791018E-1,7.560172613009E-1,0.E0));
#83=VECTOR('',#82,1.069434128705E0);
#84=CARTESIAN_POINT('',(3.600000095367E0,3.791489338875E0,0.E0));
#85=LINE('',#84,#83);
#86=DIRECTION('',(1.E0,0.E0,0.E0));
#87=VECTOR('',#86,3.E-1);
#88=CARTESIAN_POINT('',(4.3E0,4.6E0,0.E0));
#89=LINE('',#88,#87);
#90=DIRECTION('',(-6.557112353793E-1,-7.550117719595E-1,0.E0));
#91=VECTOR('',#90,1.296302181159E0);
#92=CARTESIAN_POINT('',(4.6E0,4.6E0,0.E0));
#93=LINE('',#92,#91);
#94=DIRECTION('',(6.397117279524E-1,-7.686149264229E-1,0.E0));
#95=VECTOR('',#94,1.328723341298E0);
#96=CARTESIAN_POINT('',(3.750000095367E0,3.621276593208E0,0.E0));
#97=LINE('',#96,#95);
#98=DIRECTION('',(-1.E0,0.E0,0.E0));
#99=VECTOR('',#98,3.E-1);
#100=CARTESIAN_POINT('',(4.6E0,2.6E0,0.E0));
#101=LINE('',#100,#99);
#102=DIRECTION('',(-6.545516791018E-1,7.560172613009E-1,0.E0));
#103=VECTOR('',#102,1.069434128705E0);
#104=CARTESIAN_POINT('',(4.3E0,2.6E0,0.E0));
#105=LINE('',#104,#103);
#106=DIRECTION('',(-6.545518320100E-1,-7.560171289147E-1,0.E0));
#107=VECTOR('',#106,1.069434315974E0);
#108=CARTESIAN_POINT('',(3.600000095367E0,3.408510661125E0,0.E0));
#109=LINE('',#108,#107);
#110=DIRECTION('',(0.E0,1.E0,0.E0));
#111=VECTOR('',#110,2.E0);
#112=CARTESIAN_POINT('',(1.9E0,2.6E0,0.E0));
#113=LINE('',#112,#111);
#114=DIRECTION('',(1.E0,0.E0,0.E0));
#115=VECTOR('',#114,3.E-1);
#116=CARTESIAN_POINT('',(1.9E0,4.6E0,0.E0));
#117=LINE('',#116,#115);
#118=DIRECTION('',(0.E0,-1.E0,0.E0));
#119=VECTOR('',#118,2.E0);
#120=CARTESIAN_POINT('',(2.2E0,4.6E0,0.E0));
#121=LINE('',#120,#119);
#122=DIRECTION('',(-1.E0,0.E0,0.E0));
#123=VECTOR('',#122,3.E-1);
#124=CARTESIAN_POINT('',(2.2E0,2.6E0,0.E0));
#125=LINE('',#124,#123);
#126=DIRECTION('',(1.E0,0.E0,0.E0));
#127=VECTOR('',#126,3.E-1);
#128=CARTESIAN_POINT('',(-4.500001907349E-1,3.110638296604E0,0.E0));
#129=LINE('',#128,#127);
#130=DIRECTION('',(3.646943482274E-1,-9.311272911751E-1,0.E0));
#131=VECTOR('',#130,1.371021561282E-1);
#132=CARTESIAN_POINT('',(-1.500001907349E-1,3.110638296604E0,0.E0));
#133=LINE('',#132,#131);
#134=DIRECTION('',(8.697574253223E-1,-4.934795042317E-1,0.E0));
#135=VECTOR('',#134,1.724618791779E-1);
#136=CARTESIAN_POINT('',(-9.999980926514E-2,2.982978737354E0,0.E0));
#137=LINE('',#136,#135);
#138=DIRECTION('',(9.781058936364E-1,-2.081078106026E-1,0.E0));
#139=VECTOR('',#138,2.044766426277E-1);
#140=CARTESIAN_POINT('',(5.000019073486E-2,2.897872334719E0,0.E0));
#141=LINE('',#140,#139);
#142=DIRECTION('',(1.E0,0.E0,0.E0));
#143=VECTOR('',#142,4.5E-1);
#144=CARTESIAN_POINT('',(2.5E-1,2.855319148302E0,0.E0));
#145=LINE('',#144,#143);
#146=DIRECTION('',(9.781058936364E-1,2.081078106026E-1,0.E0));
#147=VECTOR('',#146,2.044766426277E-1);
#148=CARTESIAN_POINT('',(7.E-1,2.855319148302E0,0.E0));
#149=LINE('',#148,#147);
#150=DIRECTION('',(8.697574253223E-1,4.934795042317E-1,0.E0));
#151=VECTOR('',#150,1.724618791779E-1);
#152=CARTESIAN_POINT('',(8.999998092651E-1,2.897872334719E0,0.E0));
#153=LINE('',#152,#151);
#154=DIRECTION('',(6.166627497384E-1,7.872274468570E-1,0.E0));
#155=VECTOR('',#154,1.621635014881E-1);
#156=CARTESIAN_POINT('',(1.049999809265E0,2.982978737354E0,0.E0));
#157=LINE('',#156,#155);
#158=DIRECTION('',(2.818406906687E-1,9.594612160392E-1,0.E0));
#159=VECTOR('',#158,1.774045087191E-1);
#160=CARTESIAN_POINT('',(1.15E0,3.110638296604E0,0.E0));
#161=LINE('',#160,#159);
#162=DIRECTION('',(0.E0,1.E0,0.E0));
#163=VECTOR('',#162,6.382978558540E-1);
#164=CARTESIAN_POINT('',(1.199999809265E0,3.280851042271E0,0.E0));
#165=LINE('',#164,#163);
#166=DIRECTION('',(-2.818406906687E-1,9.594612160392E-1,0.E0));
#167=VECTOR('',#166,1.774045087191E-1);
#168=CARTESIAN_POINT('',(1.199999809265E0,3.919148898125E0,0.E0));
#169=LINE('',#168,#167);
#170=DIRECTION('',(-6.166623928728E-1,7.872277264022E-1,0.E0));
#171=VECTOR('',#170,1.621635953329E-1);
#172=CARTESIAN_POINT('',(1.15E0,4.089361643791E0,0.E0));
#173=LINE('',#172,#171);
#174=DIRECTION('',(-8.697574994916E-1,4.934793735083E-1,0.E0));
#175=VECTOR('',#174,1.724618644711E-1);
#176=CARTESIAN_POINT('',(1.049999809265E0,4.217021322250E0,0.E0));
#177=LINE('',#176,#175);
#178=DIRECTION('',(-9.781058936364E-1,2.081078106026E-1,0.E0));
#179=VECTOR('',#178,2.044766426277E-1);
#180=CARTESIAN_POINT('',(8.999998092651E-1,4.302127695084E0,0.E0));
#181=LINE('',#180,#179);
#182=DIRECTION('',(-1.E0,0.E0,0.E0));
#183=VECTOR('',#182,4.5E-1);
#184=CARTESIAN_POINT('',(7.E-1,4.344680881500E0,0.E0));
#185=LINE('',#184,#183);
#186=DIRECTION('',(-9.781058936364E-1,-2.081078106026E-1,0.E0));
#187=VECTOR('',#186,2.044766426277E-1);
#188=CARTESIAN_POINT('',(2.5E-1,4.344680881500E0,0.E0));
#189=LINE('',#188,#187);
#190=DIRECTION('',(-8.697574994916E-1,-4.934793735083E-1,0.E0));
#191=VECTOR('',#190,1.724618644711E-1);
#192=CARTESIAN_POINT('',(5.000019073486E-2,4.302127695084E0,0.E0));
#193=LINE('',#192,#191);
#194=DIRECTION('',(-3.646940529681E-1,-9.311274068191E-1,0.E0));
#195=VECTOR('',#194,1.371022671272E-1);
#196=CARTESIAN_POINT('',(-9.999980926514E-2,4.217021322250E0,0.E0));
#197=LINE('',#196,#195);
#198=DIRECTION('',(-1.E0,0.E0,0.E0));
#199=VECTOR('',#198,3.E-1);
#200=CARTESIAN_POINT('',(-1.500001907349E-1,4.089361643791E0,0.E0));
#201=LINE('',#200,#199);
#202=DIRECTION('',(2.287695852499E-1,9.734805991208E-1,0.E0));
#203=VECTOR('',#202,2.185621896159E-1);
#204=CARTESIAN_POINT('',(-4.500001907349E-1,4.089361643791E0,0.E0));
#205=LINE('',#204,#203);
#206=DIRECTION('',(7.615391227581E-1,6.481189431800E-1,0.E0));
#207=VECTOR('',#206,2.626257841367E-1);
#208=CARTESIAN_POINT('',(-3.999998092651E-1,4.302127695084E0,0.E0));
#209=LINE('',#208,#207);
#210=DIRECTION('',(9.201545179072E-1,3.915554407424E-1,0.E0));
#211=VECTOR('',#210,2.173545914006E-1);
#212=CARTESIAN_POINT('',(-2.E-1,4.472340440750E0,0.E0));
#213=LINE('',#212,#211);
#214=DIRECTION('',(9.858211942702E-1,1.677992041923E-1,0.E0));
#215=VECTOR('',#214,2.535958774146E-1);
#216=CARTESIAN_POINT('',(-1.907348643470E-7,4.557446813583E0,0.E0));
#217=LINE('',#216,#215);
#218=DIRECTION('',(1.E0,0.E0,0.E0));
#219=VECTOR('',#218,4.5E-1);
#220=CARTESIAN_POINT('',(2.5E-1,4.6E0,0.E0));
#221=LINE('',#220,#219);
#222=DIRECTION('',(9.858211942702E-1,-1.677992041923E-1,0.E0));
#223=VECTOR('',#222,2.535958774146E-1);
#224=CARTESIAN_POINT('',(7.E-1,4.6E0,0.E0));
#225=LINE('',#224,#223);
#226=DIRECTION('',(9.201545179072E-1,-3.915554407424E-1,0.E0));
#227=VECTOR('',#226,2.173545914006E-1);
#228=CARTESIAN_POINT('',(9.500001907349E-1,4.557446813583E0,0.E0));
#229=LINE('',#228,#227);
#230=DIRECTION('',(7.615391227581E-1,-6.481189431800E-1,0.E0));
#231=VECTOR('',#230,2.626257841367E-1);
#232=CARTESIAN_POINT('',(1.15E0,4.472340440750E0,0.E0));
#233=LINE('',#232,#231);
#234=DIRECTION('',(5.065498117766E-1,-8.622106982571E-1,0.E0));
#235=VECTOR('',#234,1.974143280878E-1);
#236=CARTESIAN_POINT('',(1.349999809265E0,4.302127695084E0,0.E0));
#237=LINE('',#236,#235);
#238=DIRECTION('',(2.287671042240E-1,-9.734811821627E-1,0.E0));
#239=VECTOR('',#238,2.185620587136E-1);
#240=CARTESIAN_POINT('',(1.45E0,4.131914949417E0,0.E0));
#241=LINE('',#240,#239);
#242=DIRECTION('',(0.E0,-1.E0,0.E0));
#243=VECTOR('',#242,6.382978558540E-1);
#244=CARTESIAN_POINT('',(1.499999809265E0,3.919148898125E0,0.E0));
#245=LINE('',#244,#243);
#246=DIRECTION('',(-2.287672256905E-1,-9.734811536182E-1,0.E0));
#247=VECTOR('',#246,2.185619426656E-1);
#248=CARTESIAN_POINT('',(1.499999809265E0,3.280851042271E0,0.E0));
#249=LINE('',#248,#247);
#250=DIRECTION('',(-5.065497458430E-1,-8.622107369932E-1,0.E0));
#251=VECTOR('',#250,1.974143537836E-1);
#252=CARTESIAN_POINT('',(1.45E0,3.068085110188E0,0.E0));
#253=LINE('',#252,#251);
#254=DIRECTION('',(-7.615390947535E-1,-6.481189760854E-1,0.E0));
#255=VECTOR('',#254,2.626257937944E-1);
#256=CARTESIAN_POINT('',(1.349999809265E0,2.897872334719E0,0.E0));
#257=LINE('',#256,#255);
#258=DIRECTION('',(-9.201544993818E-1,-3.915554842770E-1,0.E0));
#259=VECTOR('',#258,2.173545957766E-1);
#260=CARTESIAN_POINT('',(1.15E0,2.727659574151E0,0.E0));
#261=LINE('',#260,#259);
#262=DIRECTION('',(-9.858211918402E-1,-1.677992184686E-1,0.E0));
#263=VECTOR('',#262,2.535958780397E-1);
#264=CARTESIAN_POINT('',(9.500001907349E-1,2.642553190142E0,0.E0));
#265=LINE('',#264,#263);
#266=DIRECTION('',(-1.E0,0.E0,0.E0));
#267=VECTOR('',#266,4.5E-1);
#268=CARTESIAN_POINT('',(7.E-1,2.6E0,0.E0));
#269=LINE('',#268,#267);
#270=DIRECTION('',(-9.858211918402E-1,1.677992184686E-1,0.E0));
#271=VECTOR('',#270,2.535958780397E-1);
#272=CARTESIAN_POINT('',(2.5E-1,2.6E0,0.E0));
#273=LINE('',#272,#271);
#274=DIRECTION('',(-9.201544993818E-1,3.915554842770E-1,0.E0));
#275=VECTOR('',#274,2.173545957766E-1);
#276=CARTESIAN_POINT('',(-1.907348643095E-7,2.642553190142E0,0.E0));
#277=LINE('',#276,#275);
#278=DIRECTION('',(-7.615390947535E-1,6.481189760854E-1,0.E0));
#279=VECTOR('',#278,2.626257937944E-1);
#280=CARTESIAN_POINT('',(-2.E-1,2.727659574151E0,0.E0));
#281=LINE('',#280,#279);
#282=DIRECTION('',(-2.287696763506E-1,9.734805777120E-1,0.E0));
#283=VECTOR('',#282,2.185621025799E-1);
#284=CARTESIAN_POINT('',(-3.999998092651E-1,2.897872334719E0,0.E0));
#285=LINE('',#284,#283);
#286=DIRECTION('',(9.858211942702E-1,-1.677992041923E-1,0.E0));
#287=VECTOR('',#286,2.535958774146E-1);
#288=CARTESIAN_POINT('',(-1.650000190735E0,4.6E0,0.E0));
#289=LINE('',#288,#287);
#290=DIRECTION('',(9.201545179072E-1,-3.915554407424E-1,0.E0));
#291=VECTOR('',#290,2.173545914006E-1);
#292=CARTESIAN_POINT('',(-1.4E0,4.557446813583E0,0.E0));
#293=LINE('',#292,#291);
#294=DIRECTION('',(7.615400379714E-1,-6.481178678037E-1,0.E0));
#295=VECTOR('',#294,2.626262198932E-1);
#296=CARTESIAN_POINT('',(-1.200000190735E0,4.472340440750E0,0.E0));
#297=LINE('',#296,#295);
#298=DIRECTION('',(5.065476570090E-1,-8.622119641820E-1,0.E0));
#299=VECTOR('',#298,1.974140382382E-1);
#300=CARTESIAN_POINT('',(-9.999998092651E-1,4.302127695084E0,0.E0));
#301=LINE('',#300,#299);
#302=DIRECTION('',(2.287695852499E-1,-9.734805991208E-1,0.E0));
#303=VECTOR('',#302,2.185621896159E-1);
#304=CARTESIAN_POINT('',(-9.000001907349E-1,4.131914949417E0,0.E0));
#305=LINE('',#304,#303);
#306=DIRECTION('',(0.E0,-1.E0,0.E0));
#307=VECTOR('',#306,6.382978558540E-1);
#308=CARTESIAN_POINT('',(-8.499998092651E-1,3.919148898125E0,0.E0));
#309=LINE('',#308,#307);
#310=DIRECTION('',(-2.287697067176E-1,-9.734805705757E-1,0.E0));
#311=VECTOR('',#310,2.185620735679E-1);
#312=CARTESIAN_POINT('',(-8.499998092651E-1,3.280851042271E0,0.E0));
#313=LINE('',#312,#311);
#314=DIRECTION('',(-5.065475910755E-1,-8.622120029179E-1,0.E0));
#315=VECTOR('',#314,1.974140639342E-1);
#316=CARTESIAN_POINT('',(-9.000001907349E-1,3.068085110188E0,0.E0));
#317=LINE('',#316,#315);
#318=DIRECTION('',(-7.615400099669E-1,-6.481179007092E-1,0.E0));
#319=VECTOR('',#318,2.626262295509E-1);
#320=CARTESIAN_POINT('',(-9.999998092651E-1,2.897872334719E0,0.E0));
#321=LINE('',#320,#319);
#322=DIRECTION('',(-9.201544993818E-1,-3.915554842770E-1,0.E0));
#323=VECTOR('',#322,2.173545957766E-1);
#324=CARTESIAN_POINT('',(-1.200000190735E0,2.727659574151E0,0.E0));
#325=LINE('',#324,#323);
#326=DIRECTION('',(-9.858211918402E-1,-1.677992184686E-1,0.E0));
#327=VECTOR('',#326,2.535958780397E-1);
#328=CARTESIAN_POINT('',(-1.4E0,2.642553190142E0,0.E0));
#329=LINE('',#328,#327);
#330=DIRECTION('',(-1.E0,0.E0,0.E0));
#331=VECTOR('',#330,3.999996185303E-1);
#332=CARTESIAN_POINT('',(-1.650000190735E0,2.6E0,0.E0));
#333=LINE('',#332,#331);
#334=DIRECTION('',(-9.858211918402E-1,1.677992184686E-1,0.E0));
#335=VECTOR('',#334,2.535958780397E-1);
#336=CARTESIAN_POINT('',(-2.049999809265E0,2.6E0,0.E0));
#337=LINE('',#336,#335);
#338=DIRECTION('',(-9.201544993818E-1,3.915554842770E-1,0.E0));
#339=VECTOR('',#338,2.173545957766E-1);
#340=CARTESIAN_POINT('',(-2.3E0,2.642553190142E0,0.E0));
#341=LINE('',#340,#339);
#342=DIRECTION('',(-7.615390947535E-1,6.481189760854E-1,0.E0));
#343=VECTOR('',#342,2.626257937944E-1);
#344=CARTESIAN_POINT('',(-2.499999809265E0,2.727659574151E0,0.E0));
#345=LINE('',#344,#343);
#346=DIRECTION('',(-5.065519006010E-1,8.622094710669E-1,0.E0));
#347=VECTOR('',#346,1.974146436343E-1);
#348=CARTESIAN_POINT('',(-2.699999618530E0,2.897872334719E0,0.E0));
#349=LINE('',#348,#347);
#350=DIRECTION('',(-2.287647446590E-1,9.734817366551E-1,0.E0));
#351=VECTOR('',#350,2.185618117646E-1);
#352=CARTESIAN_POINT('',(-2.800000381470E0,3.068085110188E0,0.E0));
#353=LINE('',#352,#351);
#354=DIRECTION('',(0.E0,1.E0,0.E0));
#355=VECTOR('',#354,6.382978558540E-1);
#356=CARTESIAN_POINT('',(-2.849999618530E0,3.280851042271E0,0.E0));
#357=LINE('',#356,#355);
#358=DIRECTION('',(2.287646231936E-1,9.734817651991E-1,0.E0));
#359=VECTOR('',#358,2.185619278127E-1);
#360=CARTESIAN_POINT('',(-2.849999618530E0,3.919148898125E0,0.E0));
#361=LINE('',#360,#359);
#362=DIRECTION('',(5.065519665348E-1,8.622094323306E-1,0.E0));
#363=VECTOR('',#362,1.974146179385E-1);
#364=CARTESIAN_POINT('',(-2.800000381470E0,4.131914949417E0,0.E0));
#365=LINE('',#364,#363);
#366=DIRECTION('',(7.615391227581E-1,6.481189431800E-1,0.E0));
#367=VECTOR('',#366,2.626257841367E-1);
#368=CARTESIAN_POINT('',(-2.699999618530E0,4.302127695084E0,0.E0));
#369=LINE('',#368,#367);
#370=DIRECTION('',(9.201545179072E-1,3.915554407424E-1,0.E0));
#371=VECTOR('',#370,2.173545914006E-1);
#372=CARTESIAN_POINT('',(-2.499999809265E0,4.472340440750E0,0.E0));
#373=LINE('',#372,#371);
#374=DIRECTION('',(9.858211942702E-1,1.677992041923E-1,0.E0));
#375=VECTOR('',#374,2.535958774146E-1);
#376=CARTESIAN_POINT('',(-2.3E0,4.557446813583E0,0.E0));
#377=LINE('',#376,#375);
#378=DIRECTION('',(1.E0,0.E0,0.E0));
#379=VECTOR('',#378,3.999996185303E-1);
#380=CARTESIAN_POINT('',(-2.049999809265E0,4.6E0,0.E0));
#381=LINE('',#380,#379);
#382=DIRECTION('',(-1.E0,0.E0,0.E0));
#383=VECTOR('',#382,3.999996185303E-1);
#384=CARTESIAN_POINT('',(-1.650000190735E0,4.344680881500E0,0.E0));
#385=LINE('',#384,#383);
#386=DIRECTION('',(-9.781060148308E-1,-2.081072409885E-1,0.E0));
#387=VECTOR('',#386,2.044772023044E-1);
#388=CARTESIAN_POINT('',(-2.049999809265E0,4.344680881500E0,0.E0));
#389=LINE('',#388,#387);
#390=DIRECTION('',(-8.697574994916E-1,-4.934793735083E-1,0.E0));
#391=VECTOR('',#390,1.724618644711E-1);
#392=CARTESIAN_POINT('',(-2.250000190735E0,4.302127695084E0,0.E0));
#393=LINE('',#392,#391);
#394=DIRECTION('',(-6.166602061176E-1,-7.872294393574E-1,0.E0));
#395=VECTOR('',#394,1.621632424765E-1);
#396=CARTESIAN_POINT('',(-2.400000190735E0,4.217021322250E0,0.E0));
#397=LINE('',#396,#395);
#398=DIRECTION('',(-2.818436598788E-1,-9.594603438319E-1,0.E0));
#399=VECTOR('',#398,1.774046699905E-1);
#400=CARTESIAN_POINT('',(-2.499999809265E0,4.089361643791E0,0.E0));
#401=LINE('',#400,#399);
#402=DIRECTION('',(0.E0,-1.E0,0.E0));
#403=VECTOR('',#402,6.382978558540E-1);
#404=CARTESIAN_POINT('',(-2.550000190735E0,3.919148898125E0,0.E0));
#405=LINE('',#404,#403);
#406=DIRECTION('',(2.818436598788E-1,-9.594603438319E-1,0.E0));
#407=VECTOR('',#406,1.774046699905E-1);
#408=CARTESIAN_POINT('',(-2.550000190735E0,3.280851042271E0,0.E0));
#409=LINE('',#408,#407);
#410=DIRECTION('',(6.166605629836E-1,-7.872291598136E-1,0.E0));
#411=VECTOR('',#410,1.621631486315E-1);
#412=CARTESIAN_POINT('',(-2.499999809265E0,3.110638296604E0,0.E0));
#413=LINE('',#412,#411);
#414=DIRECTION('',(8.697574253223E-1,-4.934795042317E-1,0.E0));
#415=VECTOR('',#414,1.724618791779E-1);
#416=CARTESIAN_POINT('',(-2.400000190735E0,2.982978737354E0,0.E0));
#417=LINE('',#416,#415);
#418=DIRECTION('',(9.781060148308E-1,-2.081072409885E-1,0.E0));
#419=VECTOR('',#418,2.044772023044E-1);
#420=CARTESIAN_POINT('',(-2.250000190735E0,2.897872334719E0,0.E0));
#421=LINE('',#420,#419);
#422=DIRECTION('',(1.E0,0.E0,0.E0));
#423=VECTOR('',#422,3.999996185303E-1);
#424=CARTESIAN_POINT('',(-2.049999809265E0,2.855319148302E0,0.E0));
#425=LINE('',#424,#423);
#426=DIRECTION('',(9.781060148308E-1,2.081072409885E-1,0.E0));
#427=VECTOR('',#426,2.044772023044E-1);
#428=CARTESIAN_POINT('',(-1.650000190735E0,2.855319148302E0,0.E0));
#429=LINE('',#428,#427);
#430=DIRECTION('',(8.697574253223E-1,4.934795042317E-1,0.E0));
#431=VECTOR('',#430,1.724618791779E-1);
#432=CARTESIAN_POINT('',(-1.449999809265E0,2.897872334719E0,0.E0));
#433=LINE('',#432,#431);
#434=DIRECTION('',(6.166605629836E-1,7.872291598136E-1,0.E0));
#435=VECTOR('',#434,1.621631486315E-1);
#436=CARTESIAN_POINT('',(-1.299999809265E0,2.982978737354E0,0.E0));
#437=LINE('',#436,#435);
#438=DIRECTION('',(2.818436598788E-1,9.594603438319E-1,0.E0));
#439=VECTOR('',#438,1.774046699905E-1);
#440=CARTESIAN_POINT('',(-1.200000190735E0,3.110638296604E0,0.E0));
#441=LINE('',#440,#439);
#442=DIRECTION('',(0.E0,1.E0,0.E0));
#443=VECTOR('',#442,6.382978558540E-1);
#444=CARTESIAN_POINT('',(-1.149999809265E0,3.280851042271E0,0.E0));
#445=LINE('',#444,#443);
#446=DIRECTION('',(-2.818436598788E-1,9.594603438319E-1,0.E0));
#447=VECTOR('',#446,1.774046699905E-1);
#448=CARTESIAN_POINT('',(-1.149999809265E0,3.919148898125E0,0.E0));
#449=LINE('',#448,#447);
#450=DIRECTION('',(-6.166602061176E-1,7.872294393574E-1,0.E0));
#451=VECTOR('',#450,1.621632424765E-1);
#452=CARTESIAN_POINT('',(-1.200000190735E0,4.089361643791E0,0.E0));
#453=LINE('',#452,#451);
#454=DIRECTION('',(-8.697574994916E-1,4.934793735083E-1,0.E0));
#455=VECTOR('',#454,1.724618644711E-1);
#456=CARTESIAN_POINT('',(-1.299999809265E0,4.217021322250E0,0.E0));
#457=LINE('',#456,#455);
#458=DIRECTION('',(-9.781060148308E-1,2.081072409885E-1,0.E0));
#459=VECTOR('',#458,2.044772023044E-1);
#460=CARTESIAN_POINT('',(-1.449999809265E0,4.302127695084E0,0.E0));
#461=LINE('',#460,#459);
#462=DIRECTION('',(0.E0,-1.E0,0.E0));
#463=VECTOR('',#462,1.574468135834E0);
#464=CARTESIAN_POINT('',(-5.350000381470E0,4.174468135834E0,0.E0));
#465=LINE('',#464,#463);
#466=DIRECTION('',(-1.E0,0.E0,0.E0));
#467=VECTOR('',#466,3.E-1);
#468=CARTESIAN_POINT('',(-5.350000381470E0,2.6E0,0.E0));
#469=LINE('',#468,#467);
#470=DIRECTION('',(0.E0,1.E0,0.E0));
#471=VECTOR('',#470,2.E0);
#472=CARTESIAN_POINT('',(-5.650000381470E0,2.6E0,0.E0));
#473=LINE('',#472,#471);
#474=DIRECTION('',(1.E0,0.E0,0.E0));
#475=VECTOR('',#474,4.5E-1);
#476=CARTESIAN_POINT('',(-5.650000381470E0,4.6E0,0.E0));
#477=LINE('',#476,#475);
#478=DIRECTION('',(3.869525274219E-1,-9.220996375239E-1,0.E0));
#479=VECTOR('',#478,1.938222254282E0);
#480=CARTESIAN_POINT('',(-5.200000381470E0,4.6E0,0.E0));
#481=LINE('',#480,#479);
#482=DIRECTION('',(3.869525274219E-1,9.220996375239E-1,0.E0));
#483=VECTOR('',#482,1.938222254282E0);
#484=CARTESIAN_POINT('',(-4.450000381470E0,2.812765961885E0,0.E0));
#485=LINE('',#484,#483);
#486=DIRECTION('',(1.E0,0.E0,0.E0));
#487=VECTOR('',#486,4.5E-1);
#488=CARTESIAN_POINT('',(-3.700000381470E0,4.6E0,0.E0));
#489=LINE('',#488,#487);
#490=DIRECTION('',(0.E0,-1.E0,0.E0));
#491=VECTOR('',#490,2.E0);
#492=CARTESIAN_POINT('',(-3.250000381470E0,4.6E0,0.E0));
#493=LINE('',#492,#491);
#494=DIRECTION('',(-1.E0,0.E0,0.E0));
#495=VECTOR('',#494,3.E-1);
#496=CARTESIAN_POINT('',(-3.250000381470E0,2.6E0,0.E0));
#497=LINE('',#496,#495);
#498=DIRECTION('',(0.E0,1.E0,0.E0));
#499=VECTOR('',#498,1.574468135834E0);
#500=CARTESIAN_POINT('',(-3.550000381470E0,2.6E0,0.E0));
#501=LINE('',#500,#499);
#502=DIRECTION('',(-4.062528372340E-1,-9.137607084129E-1,0.E0));
#503=VECTOR('',#502,1.723063950264E0);
#504=CARTESIAN_POINT('',(-3.550000381470E0,4.174468135834E0,0.E0));
#505=LINE('',#504,#503);
#506=DIRECTION('',(-1.E0,0.E0,0.E0));
#507=VECTOR('',#506,3.999996185303E-1);
#508=CARTESIAN_POINT('',(-4.25E0,2.6E0,0.E0));
#509=LINE('',#508,#507);
#510=DIRECTION('',(-4.062533917891E-1,9.137604618607E-1,0.E0));
#511=VECTOR('',#510,1.723064415183E0);
#512=CARTESIAN_POINT('',(-4.649999618530E0,2.6E0,0.E0));
#513=LINE('',#512,#511);
#514=DIRECTION('',(-2.018953073368E-1,9.794071088548E-1,0.E0));
#515=VECTOR('',#514,1.320816487960E0);
#516=CARTESIAN_POINT('',(6.266666650772E0,4.E-1,0.E0));
#517=LINE('',#516,#515);
#518=DIRECTION('',(-2.018953419669E-1,-9.794071017162E-1,0.E0));
#519=VECTOR('',#518,1.320816497587E0);
#520=CARTESIAN_POINT('',(6.E0,1.693617057800E0,0.E0));
#521=LINE('',#520,#519);
#522=DIRECTION('',(-1.E0,0.E0,0.E0));
#523=VECTOR('',#522,2.666666030884E-1);
#524=CARTESIAN_POINT('',(5.733333301544E0,4.E-1,0.E0));
#525=LINE('',#524,#523);
#526=DIRECTION('',(-1.643990063736E-1,9.863939206541E-1,0.E0));
#527=VECTOR('',#526,1.622070013306E0);
#528=CARTESIAN_POINT('',(5.466666698456E0,4.E-1,0.E0));
#529=LINE('',#528,#527);
#530=DIRECTION('',(1.E0,0.E0,0.E0));
#531=VECTOR('',#530,2.E-1);
#532=CARTESIAN_POINT('',(5.2E0,2.E0,0.E0));
#533=LINE('',#532,#531);
#534=DIRECTION('',(1.610637781958E-1,-9.869440001101E-1,0.E0));
#535=VECTOR('',#534,1.241744122983E0);
#536=CARTESIAN_POINT('',(5.4E0,2.E0,0.E0));
#537=LINE('',#536,#535);
#538=DIRECTION('',(2.126174752879E-1,9.771355121999E-1,0.E0));
#539=VECTOR('',#538,1.254208752572E0);
#540=CARTESIAN_POINT('',(5.6E0,7.744680881500E-1,0.E0));
#541=LINE('',#540,#539);
#542=DIRECTION('',(1.E0,0.E0,0.E0));
#543=VECTOR('',#542,2.666666507721E-1);
#544=CARTESIAN_POINT('',(5.866666698456E0,2.E0,0.E0));
#545=LINE('',#544,#543);
#546=DIRECTION('',(2.126174389876E-1,-9.771355200986E-1,0.E0));
#547=VECTOR('',#546,1.254208742434E0);
#548=CARTESIAN_POINT('',(6.133333349228E0,2.E0,0.E0));
#549=LINE('',#548,#547);
#550=DIRECTION('',(1.610637781958E-1,9.869440001101E-1,0.E0));
#551=VECTOR('',#550,1.241744122983E0);
#552=CARTESIAN_POINT('',(6.4E0,7.744680881500E-1,0.E0));
#553=LINE('',#552,#551);
#554=DIRECTION('',(1.E0,0.E0,0.E0));
#555=VECTOR('',#554,2.E-1);
#556=CARTESIAN_POINT('',(6.6E0,2.E0,0.E0));
#557=LINE('',#556,#555);
#558=DIRECTION('',(-1.643989920724E-1,-9.863939230376E-1,0.E0));
#559=VECTOR('',#558,1.622070009386E0);
#560=CARTESIAN_POINT('',(6.8E0,2.E0,0.E0));
#561=LINE('',#560,#559);
#562=DIRECTION('',(-1.E0,0.E0,0.E0));
#563=VECTOR('',#562,2.666666746140E-1);
#564=CARTESIAN_POINT('',(6.533333325386E0,4.E-1,0.E0));
#565=LINE('',#564,#563);
#566=DIRECTION('',(0.E0,1.E0,0.E0));
#567=VECTOR('',#566,1.6E0);
#568=CARTESIAN_POINT('',(4.533333396912E0,4.E-1,0.E0));
#569=LINE('',#568,#567);
#570=DIRECTION('',(1.E0,0.E0,0.E0));
#571=VECTOR('',#570,2.E-1);
#572=CARTESIAN_POINT('',(4.533333396912E0,2.E0,0.E0));
#573=LINE('',#572,#571);
#574=DIRECTION('',(6.428712937139E-1,-7.659742160926E-1,0.E0));
#575=VECTOR('',#574,3.111042629460E-1);
#576=CARTESIAN_POINT('',(4.733333396912E0,2.E0,0.E0));
#577=LINE('',#576,#575);
#578=DIRECTION('',(0.E0,-1.E0,0.E0));
#579=VECTOR('',#578,2.723404884338E-1);
#580=CARTESIAN_POINT('',(4.933333396912E0,1.761702156067E0,0.E0));
#581=LINE('',#580,#579);
#582=DIRECTION('',(-6.428711427642E-1,7.659743427825E-1,0.E0));
#583=VECTOR('',#582,3.111043359950E-1);
#584=CARTESIAN_POINT('',(4.933333396912E0,1.489361667633E0,0.E0));
#585=LINE('',#584,#583);
#586=DIRECTION('',(0.E0,-1.E0,0.E0));
#587=VECTOR('',#586,1.327659606934E0);
#588=CARTESIAN_POINT('',(4.733333396912E0,1.727659606934E0,0.E0));
#589=LINE('',#588,#587);
#590=DIRECTION('',(-1.E0,0.E0,0.E0));
#591=VECTOR('',#590,2.E-1);
#592=CARTESIAN_POINT('',(4.733333396912E0,4.E-1,0.E0));
#593=LINE('',#592,#591);
#594=DIRECTION('',(0.E0,1.E0,0.E0));
#595=VECTOR('',#594,1.6E0);
#596=CARTESIAN_POINT('',(3.866666603088E0,4.E-1,0.E0));
#597=LINE('',#596,#595);
#598=DIRECTION('',(1.E0,0.E0,0.E0));
#599=VECTOR('',#598,2.E-1);
#600=CARTESIAN_POINT('',(3.866666603088E0,2.E0,0.E0));
#601=LINE('',#600,#599);
#602=DIRECTION('',(6.428712937139E-1,-7.659742160926E-1,0.E0));
#603=VECTOR('',#602,3.111042629460E-1);
#604=CARTESIAN_POINT('',(4.066666603088E0,2.E0,0.E0));
#605=LINE('',#604,#603);
#606=DIRECTION('',(0.E0,-1.E0,0.E0));
#607=VECTOR('',#606,2.723404884338E-1);
#608=CARTESIAN_POINT('',(4.266666603088E0,1.761702156067E0,0.E0));
#609=LINE('',#608,#607);
#610=DIRECTION('',(-6.428711427642E-1,7.659743427825E-1,0.E0));
#611=VECTOR('',#610,3.111043359950E-1);
#612=CARTESIAN_POINT('',(4.266666603088E0,1.489361667633E0,0.E0));
#613=LINE('',#612,#611);
#614=DIRECTION('',(0.E0,-1.E0,0.E0));
#615=VECTOR('',#614,1.327659606934E0);
#616=CARTESIAN_POINT('',(4.066666603088E0,1.727659606934E0,0.E0));
#617=LINE('',#616,#615);
#618=DIRECTION('',(-1.E0,0.E0,0.E0));
#619=VECTOR('',#618,2.E-1);
#620=CARTESIAN_POINT('',(4.066666603088E0,4.E-1,0.E0));
#621=LINE('',#620,#619);
#622=DIRECTION('',(1.E0,0.E0,0.E0));
#623=VECTOR('',#622,7.E-1);
#624=CARTESIAN_POINT('',(6.1E0,-2.8E0,0.E0));
#625=LINE('',#624,#623);
#626=DIRECTION('',(0.E0,-1.E0,0.E0));
#627=VECTOR('',#626,1.4E0);
#628=CARTESIAN_POINT('',(6.8E0,-2.8E0,0.E0));
#629=LINE('',#628,#627);
#630=DIRECTION('',(-1.E0,0.E0,0.E0));
#631=VECTOR('',#630,7.E-1);
#632=CARTESIAN_POINT('',(6.8E0,-4.2E0,0.E0));
#633=LINE('',#632,#631);
#634=DIRECTION('',(-9.797707133274E-1,2.001233352361E-1,0.E0));
#635=VECTOR('',#634,1.488443767150E-1);
#636=CARTESIAN_POINT('',(6.1E0,-4.2E0,0.E0));
#637=LINE('',#636,#635);
#638=DIRECTION('',(-8.906052187617E-1,4.547772469181E-1,0.E0));
#639=VECTOR('',#638,1.309970303266E-1);
#640=CARTESIAN_POINT('',(5.954166638851E0,-4.170212766901E0,0.E0));
#641=LINE('',#640,#639);
#642=DIRECTION('',(-6.996247187608E-1,7.145104988025E-1,0.E0));
#643=VECTOR('',#642,1.667560275140E-1);
#644=CARTESIAN_POINT('',(5.8375E0,-4.110638298094E0,0.E0));
#645=LINE('',#644,#643);
#646=DIRECTION('',(-4.397136028534E-1,8.981380447713E-1,0.E0));
#647=VECTOR('',#646,1.326621709456E-1);
#648=CARTESIAN_POINT('',(5.720833361149E0,-3.991489365697E0,0.E0));
#649=LINE('',#648,#647);
#650=DIRECTION('',(-1.921826769043E-1,9.813591690599E-1,0.E0));
#651=VECTOR('',#650,1.517651815501E-1);
#652=CARTESIAN_POINT('',(5.6625E0,-3.872340422869E0,0.E0));
#653=LINE('',#652,#651);
#654=DIRECTION('',(0.E0,1.E0,0.E0));
#655=VECTOR('',#654,4.468084990978E-1);
#656=CARTESIAN_POINT('',(5.633333361149E0,-3.723404270411E0,0.E0));
#657=LINE('',#656,#655);
#658=DIRECTION('',(1.921825732045E-1,9.813591893677E-1,0.E0));
#659=VECTOR('',#658,1.517652634411E-1);
#660=CARTESIAN_POINT('',(5.633333361149E0,-3.276595771313E0,0.E0));
#661=LINE('',#660,#659);
#662=DIRECTION('',(4.397136649566E-1,8.981380143666E-1,0.E0));
#663=VECTOR('',#662,1.326621522090E-1);
#664=CARTESIAN_POINT('',(5.6625E0,-3.127659535408E0,0.E0));
#665=LINE('',#664,#663);
#666=DIRECTION('',(6.996247500295E-1,7.145104681851E-1,0.E0));
#667=VECTOR('',#666,1.667560200611E-1);
#668=CARTESIAN_POINT('',(5.720833361149E0,-3.008510613441E0,0.E0));
#669=LINE('',#668,#667);
#670=DIRECTION('',(8.906052429498E-1,4.547771995497E-1,0.E0));
#671=VECTOR('',#670,1.309970267688E-1);
#672=CARTESIAN_POINT('',(5.8375E0,-2.889361691475E0,0.E0));
#673=LINE('',#672,#671);
#674=DIRECTION('',(9.797707167625E-1,2.001233184180E-1,0.E0));
#675=VECTOR('',#674,1.488443761932E-1);
#676=CARTESIAN_POINT('',(5.954166638851E0,-2.829787230492E0,0.E0));
#677=LINE('',#676,#675);
#678=DIRECTION('',(-1.E0,0.E0,0.E0));
#679=VECTOR('',#678,5.25E-1);
#680=CARTESIAN_POINT('',(6.625E0,-2.978723382950E0,0.E0));
#681=LINE('',#680,#679);
#682=DIRECTION('',(-9.689177035558E-1,-2.473832729514E-1,0.E0));
#683=VECTOR('',#682,1.204092343684E-1);
#684=CARTESIAN_POINT('',(6.1E0,-2.978723382950E0,0.E0));
#685=LINE('',#684,#683);
#686=DIRECTION('',(-8.265992787996E-1,-5.627909312418E-1,0.E0));
#687=VECTOR('',#686,1.058554032700E-1);
#688=CARTESIAN_POINT('',(5.983333361149E0,-3.008510613441E0,0.E0));
#689=LINE('',#688,#687);
#690=DIRECTION('',(-5.466223714738E-1,-8.373792348777E-1,0.E0));
#691=VECTOR('',#690,1.067160149182E-1);
#692=CARTESIAN_POINT('',(5.895833361149E0,-3.068085074425E0,0.E0));
#693=LINE('',#692,#691);
#694=DIRECTION('',(-2.377711385310E-1,-9.713212062349E-1,0.E0));
#695=VECTOR('',#694,1.226668595329E-1);
#696=CARTESIAN_POINT('',(5.8375E0,-3.157446849346E0,0.E0));
#697=LINE('',#696,#695);
#698=DIRECTION('',(0.E0,-1.E0,0.E0));
#699=VECTOR('',#698,4.468084990978E-1);
#700=CARTESIAN_POINT('',(5.808333361149E0,-3.276595771313E0,0.E0));
#701=LINE('',#700,#699);
#702=DIRECTION('',(2.377711385310E-1,-9.713212062349E-1,0.E0));
#703=VECTOR('',#702,1.226668595329E-1);
#704=CARTESIAN_POINT('',(5.808333361149E0,-3.723404270411E0,0.E0));
#705=LINE('',#704,#703);
#706=DIRECTION('',(5.466227293958E-1,-8.373790012342E-1,0.E0));
#707=VECTOR('',#706,1.067159450419E-1);
#708=CARTESIAN_POINT('',(5.8375E0,-3.842553192377E0,0.E0));
#709=LINE('',#708,#707);
#710=DIRECTION('',(8.265991871191E-1,-5.627910658975E-1,0.E0));
#711=VECTOR('',#710,1.058554150107E-1);
#712=CARTESIAN_POINT('',(5.895833361149E0,-3.931914883852E0,0.E0));
#713=LINE('',#712,#711);
#714=DIRECTION('',(9.689177035558E-1,-2.473832729514E-1,0.E0));
#715=VECTOR('',#714,1.204092343684E-1);
#716=CARTESIAN_POINT('',(5.983333361149E0,-3.991489365697E0,0.E0));
#717=LINE('',#716,#715);
#718=DIRECTION('',(1.E0,0.E0,0.E0));
#719=VECTOR('',#718,5.25E-1);
#720=CARTESIAN_POINT('',(6.1E0,-4.021276596189E0,0.E0));
#721=LINE('',#720,#719);
#722=DIRECTION('',(0.E0,1.E0,0.E0));
#723=VECTOR('',#722,1.042553213239E0);
#724=CARTESIAN_POINT('',(6.625E0,-4.021276596189E0,0.E0));
#725=LINE('',#724,#723);
#726=DIRECTION('',(1.E0,0.E0,0.E0));
#727=VECTOR('',#726,1.75E-1);
#728=CARTESIAN_POINT('',(5.225E0,-3.246808540821E0,0.E0));
#729=LINE('',#728,#727);
#730=DIRECTION('',(-6.506284585472E-1,-7.593962134015E-1,0.E0));
#731=VECTOR('',#730,6.275982434185E-1);
#732=CARTESIAN_POINT('',(5.4E0,-3.246808540821E0,0.E0));
#733=LINE('',#732,#731);
#734=DIRECTION('',(6.506284585472E-1,-7.593962134015E-1,0.E0));
#735=VECTOR('',#734,6.275982434185E-1);
#736=CARTESIAN_POINT('',(4.991666722298E0,-3.723404270411E0,0.E0));
#737=LINE('',#736,#735);
#738=DIRECTION('',(-1.E0,0.E0,0.E0));
#739=VECTOR('',#738,1.75E-1);
#740=CARTESIAN_POINT('',(5.4E0,-4.2E0,0.E0));
#741=LINE('',#740,#739);
#742=DIRECTION('',(-6.379968975030E-1,7.700389332862E-1,0.E0));
#743=VECTOR('',#742,5.028759214316E-1);
#744=CARTESIAN_POINT('',(5.225E0,-4.2E0,0.E0));
#745=LINE('',#744,#743);
#746=DIRECTION('',(-6.379970942927E-1,-7.700387702408E-1,0.E0));
#747=VECTOR('',#746,5.028760279089E-1);
#748=CARTESIAN_POINT('',(4.904166722298E0,-3.812765961885E0,0.E0));
#749=LINE('',#748,#747);
#750=DIRECTION('',(-1.E0,0.E0,0.E0));
#751=VECTOR('',#750,1.75E-1);
#752=CARTESIAN_POINT('',(4.583333277702E0,-4.2E0,0.E0));
#753=LINE('',#752,#751);
#754=DIRECTION('',(6.506286119005E-1,7.593960820128E-1,0.E0));
#755=VECTOR('',#754,6.275983520039E-1);
#756=CARTESIAN_POINT('',(4.408333277702E0,-4.2E0,0.E0));
#757=LINE('',#756,#755);
#758=DIRECTION('',(-6.506286119005E-1,7.593960820128E-1,0.E0));
#759=VECTOR('',#758,6.275983520039E-1);
#760=CARTESIAN_POINT('',(4.816666722298E0,-3.723404270411E0,0.E0));
#761=LINE('',#760,#759);
#762=DIRECTION('',(1.E0,0.E0,0.E0));
#763=VECTOR('',#762,1.75E-1);
#764=CARTESIAN_POINT('',(4.408333277702E0,-3.246808540821E0,0.E0));
#765=LINE('',#764,#763);
#766=DIRECTION('',(6.379971350541E-1,-7.700387364690E-1,0.E0));
#767=VECTOR('',#766,5.028759957804E-1);
#768=CARTESIAN_POINT('',(4.583333277702E0,-3.246808540821E0,0.E0));
#769=LINE('',#768,#767);
#770=DIRECTION('',(6.379969382643E-1,7.700388995144E-1,0.E0));
#771=VECTOR('',#770,5.028758893031E-1);
#772=CARTESIAN_POINT('',(4.904166722298E0,-3.634042537212E0,0.E0));
#773=LINE('',#772,#771);
#774=DIRECTION('',(1.E0,0.E0,0.E0));
#775=VECTOR('',#774,1.75E-1);
#776=CARTESIAN_POINT('',(4.E0,-3.246808540821E0,0.E0));
#777=LINE('',#776,#775);
#778=DIRECTION('',(-6.506286119005E-1,-7.593960820128E-1,0.E0));
#779=VECTOR('',#778,6.275983520039E-1);
#780=CARTESIAN_POINT('',(4.175E0,-3.246808540821E0,0.E0));
#781=LINE('',#780,#779);
#782=DIRECTION('',(6.506286119005E-1,-7.593960820128E-1,0.E0));
#783=VECTOR('',#782,6.275983520039E-1);
#784=CARTESIAN_POINT('',(3.766666555405E0,-3.723404270411E0,0.E0));
#785=LINE('',#784,#783);
#786=DIRECTION('',(-1.E0,0.E0,0.E0));
#787=VECTOR('',#786,1.75E-1);
#788=CARTESIAN_POINT('',(4.175E0,-4.2E0,0.E0));
#789=LINE('',#788,#787);
#790=DIRECTION('',(-6.379970942927E-1,7.700387702408E-1,0.E0));
#791=VECTOR('',#790,5.028760279089E-1);
#792=CARTESIAN_POINT('',(4.E0,-4.2E0,0.E0));
#793=LINE('',#792,#791);
#794=DIRECTION('',(-6.379967007131E-1,-7.700390963316E-1,0.E0));
#795=VECTOR('',#794,5.028758149544E-1);
#796=CARTESIAN_POINT('',(3.679166555405E0,-3.812765961885E0,0.E0));
#797=LINE('',#796,#795);
#798=DIRECTION('',(-1.E0,0.E0,0.E0));
#799=VECTOR('',#798,1.75E-1);
#800=CARTESIAN_POINT('',(3.358333444595E0,-4.2E0,0.E0));
#801=LINE('',#800,#799);
#802=DIRECTION('',(6.506283051938E-1,7.593963447902E-1,0.E0));
#803=VECTOR('',#802,6.275981348332E-1);
#804=CARTESIAN_POINT('',(3.183333444595E0,-4.2E0,0.E0));
#805=LINE('',#804,#803);
#806=DIRECTION('',(-6.506283051938E-1,7.593963447902E-1,0.E0));
#807=VECTOR('',#806,6.275981348332E-1);
#808=CARTESIAN_POINT('',(3.591666555405E0,-3.723404270411E0,0.E0));
#809=LINE('',#808,#807);
#810=DIRECTION('',(1.E0,0.E0,0.E0));
#811=VECTOR('',#810,1.75E-1);
#812=CARTESIAN_POINT('',(3.183333444595E0,-3.246808540821E0,0.E0));
#813=LINE('',#812,#811);
#814=DIRECTION('',(6.379967414744E-1,-7.700390625598E-1,0.E0));
#815=VECTOR('',#814,5.028757828259E-1);
#816=CARTESIAN_POINT('',(3.358333444595E0,-3.246808540821E0,0.E0));
#817=LINE('',#816,#815);
#818=DIRECTION('',(6.379971350541E-1,7.700387364690E-1,0.E0));
#819=VECTOR('',#818,5.028759957804E-1);
#820=CARTESIAN_POINT('',(3.679166555405E0,-3.634042537212E0,0.E0));
#821=LINE('',#820,#819);
#822=DIRECTION('',(1.E0,0.E0,0.E0));
#823=VECTOR('',#822,1.75E-1);
#824=CARTESIAN_POINT('',(2.775E0,-3.246808540821E0,0.E0));
#825=LINE('',#824,#823);
#826=DIRECTION('',(-6.506286119005E-1,-7.593960820128E-1,0.E0));
#827=VECTOR('',#826,6.275983520039E-1);
#828=CARTESIAN_POINT('',(2.95E0,-3.246808540821E0,0.E0));
#829=LINE('',#828,#827);
#830=DIRECTION('',(6.506286119005E-1,-7.593960820128E-1,0.E0));
#831=VECTOR('',#830,6.275983520039E-1);
#832=CARTESIAN_POINT('',(2.541666555405E0,-3.723404270411E0,0.E0));
#833=LINE('',#832,#831);
#834=DIRECTION('',(-1.E0,0.E0,0.E0));
#835=VECTOR('',#834,1.75E-1);
#836=CARTESIAN_POINT('',(2.95E0,-4.2E0,0.E0));
#837=LINE('',#836,#835);
#838=DIRECTION('',(-6.379970942927E-1,7.700387702408E-1,0.E0));
#839=VECTOR('',#838,5.028760279089E-1);
#840=CARTESIAN_POINT('',(2.775E0,-4.2E0,0.E0));
#841=LINE('',#840,#839);
#842=DIRECTION('',(-6.379967007131E-1,-7.700390963316E-1,0.E0));
#843=VECTOR('',#842,5.028758149544E-1);
#844=CARTESIAN_POINT('',(2.454166555405E0,-3.812765961885E0,0.E0));
#845=LINE('',#844,#843);
#846=DIRECTION('',(-1.E0,0.E0,0.E0));
#847=VECTOR('',#846,1.75E-1);
#848=CARTESIAN_POINT('',(2.133333444595E0,-4.2E0,0.E0));
#849=LINE('',#848,#847);
#850=DIRECTION('',(6.506283051938E-1,7.593963447902E-1,0.E0));
#851=VECTOR('',#850,6.275981348332E-1);
#852=CARTESIAN_POINT('',(1.958333444595E0,-4.2E0,0.E0));
#853=LINE('',#852,#851);
#854=DIRECTION('',(-6.506283051938E-1,7.593963447902E-1,0.E0));
#855=VECTOR('',#854,6.275981348332E-1);
#856=CARTESIAN_POINT('',(2.366666555405E0,-3.723404270411E0,0.E0));
#857=LINE('',#856,#855);
#858=DIRECTION('',(1.E0,0.E0,0.E0));
#859=VECTOR('',#858,1.75E-1);
#860=CARTESIAN_POINT('',(1.958333444595E0,-3.246808540821E0,0.E0));
#861=LINE('',#860,#859);
#862=DIRECTION('',(6.379967414744E-1,-7.700390625598E-1,0.E0));
#863=VECTOR('',#862,5.028757828259E-1);
#864=CARTESIAN_POINT('',(2.133333444595E0,-3.246808540821E0,0.E0));
#865=LINE('',#864,#863);
#866=DIRECTION('',(6.379971350541E-1,7.700387364690E-1,0.E0));
#867=VECTOR('',#866,5.028759957804E-1);
#868=CARTESIAN_POINT('',(2.454166555405E0,-3.634042537212E0,0.E0));
#869=LINE('',#868,#867);
#870=DIRECTION('',(1.E0,0.E0,0.E0));
#871=VECTOR('',#870,1.75E-1);
#872=CARTESIAN_POINT('',(1.55E0,-3.246808540821E0,0.E0));
#873=LINE('',#872,#871);
#874=DIRECTION('',(-6.506286119005E-1,-7.593960820128E-1,0.E0));
#875=VECTOR('',#874,6.275983520039E-1);
#876=CARTESIAN_POINT('',(1.725E0,-3.246808540821E0,0.E0));
#877=LINE('',#876,#875);
#878=DIRECTION('',(6.506286119005E-1,-7.593960820128E-1,0.E0));
#879=VECTOR('',#878,6.275983520039E-1);
#880=CARTESIAN_POINT('',(1.316666555405E0,-3.723404270411E0,0.E0));
#881=LINE('',#880,#879);
#882=DIRECTION('',(-1.E0,0.E0,0.E0));
#883=VECTOR('',#882,1.75E-1);
#884=CARTESIAN_POINT('',(1.725E0,-4.2E0,0.E0));
#885=LINE('',#884,#883);
#886=DIRECTION('',(-6.379970942927E-1,7.700387702408E-1,0.E0));
#887=VECTOR('',#886,5.028760279089E-1);
#888=CARTESIAN_POINT('',(1.55E0,-4.2E0,0.E0));
#889=LINE('',#888,#887);
#890=DIRECTION('',(-6.379970942927E-1,-7.700387702408E-1,0.E0));
#891=VECTOR('',#890,5.028760279089E-1);
#892=CARTESIAN_POINT('',(1.229166555405E0,-3.812765961885E0,0.E0));
#893=LINE('',#892,#891);
#894=DIRECTION('',(-1.E0,0.E0,0.E0));
#895=VECTOR('',#894,1.75E-1);
#896=CARTESIAN_POINT('',(9.083331108093E-1,-4.2E0,0.E0));
#897=LINE('',#896,#895);
#898=DIRECTION('',(6.506289186069E-1,7.593958192356E-1,0.E0));
#899=VECTOR('',#898,6.275985691747E-1);
#900=CARTESIAN_POINT('',(7.333331108093E-1,-4.2E0,0.E0));
#901=LINE('',#900,#899);
#902=DIRECTION('',(-6.506289186069E-1,7.593958192356E-1,0.E0));
#903=VECTOR('',#902,6.275985691747E-1);
#904=CARTESIAN_POINT('',(1.141666889191E0,-3.723404270411E0,0.E0));
#905=LINE('',#904,#903);
#906=DIRECTION('',(1.E0,0.E0,0.E0));
#907=VECTOR('',#906,1.75E-1);
#908=CARTESIAN_POINT('',(7.333331108093E-1,-3.246808540821E0,0.E0));
#909=LINE('',#908,#907);
#910=DIRECTION('',(6.379971350541E-1,-7.700387364690E-1,0.E0));
#911=VECTOR('',#910,5.028759957804E-1);
#912=CARTESIAN_POINT('',(9.083331108093E-1,-3.246808540821E0,0.E0));
#913=LINE('',#912,#911);
#914=DIRECTION('',(6.379971350541E-1,7.700387364690E-1,0.E0));
#915=VECTOR('',#914,5.028759957804E-1);
#916=CARTESIAN_POINT('',(1.229166555405E0,-3.634042537212E0,0.E0));
#917=LINE('',#916,#915);
#918=DIRECTION('',(0.E0,1.E0,0.E0));
#919=VECTOR('',#918,1.489361941814E-1);
#920=CARTESIAN_POINT('',(9.166688919068E-2,-3.693617039919E0,0.E0));
#921=LINE('',#920,#919);
#922=DIRECTION('',(1.E0,0.E0,0.E0));
#923=VECTOR('',#922,4.083331108093E-1);
#924=CARTESIAN_POINT('',(9.166688919068E-2,-3.544680845737E0,0.E0));
#925=LINE('',#924,#923);
#926=DIRECTION('',(0.E0,-1.E0,0.E0));
#927=VECTOR('',#926,1.489361941814E-1);
#928=CARTESIAN_POINT('',(5.E-1,-3.544680845737E0,0.E0));
#929=LINE('',#928,#927);
#930=DIRECTION('',(-1.E0,0.E0,0.E0));
#931=VECTOR('',#930,4.083331108093E-1);
#932=CARTESIAN_POINT('',(5.E-1,-3.693617039919E0,0.E0));
#933=LINE('',#932,#931);
#934=DIRECTION('',(1.E0,0.E0,0.E0));
#935=VECTOR('',#934,1.75E-1);
#936=CARTESIAN_POINT('',(-3.166668891907E-1,-3.246808540821E0,0.E0));
#937=LINE('',#936,#935);
#938=DIRECTION('',(-6.506283051938E-1,-7.593963447902E-1,0.E0));
#939=VECTOR('',#938,6.275981348332E-1);
#940=CARTESIAN_POINT('',(-1.416668891907E-1,-3.246808540821E0,0.E0));
#941=LINE('',#940,#939);
#942=DIRECTION('',(6.506283051938E-1,-7.593963447902E-1,0.E0));
#943=VECTOR('',#942,6.275981348332E-1);
#944=CARTESIAN_POINT('',(-5.5E-1,-3.723404270411E0,0.E0));
#945=LINE('',#944,#943);
#946=DIRECTION('',(-1.E0,0.E0,0.E0));
#947=VECTOR('',#946,1.75E-1);
#948=CARTESIAN_POINT('',(-1.416668891907E-1,-4.2E0,0.E0));
#949=LINE('',#948,#947);
#950=DIRECTION('',(-6.379967007131E-1,7.700390963316E-1,0.E0));
#951=VECTOR('',#950,5.028758149544E-1);
#952=CARTESIAN_POINT('',(-3.166668891907E-1,-4.2E0,0.E0));
#953=LINE('',#952,#951);
#954=DIRECTION('',(-6.379967007131E-1,-7.700390963316E-1,0.E0));
#955=VECTOR('',#954,5.028758149544E-1);
#956=CARTESIAN_POINT('',(-6.375E-1,-3.812765961885E0,0.E0));
#957=LINE('',#956,#955);
#958=DIRECTION('',(-1.E0,0.E0,0.E0));
#959=VECTOR('',#958,1.75E-1);
#960=CARTESIAN_POINT('',(-9.583331108093E-1,-4.2E0,0.E0));
#961=LINE('',#960,#959);
#962=DIRECTION('',(6.506283051938E-1,7.593963447902E-1,0.E0));
#963=VECTOR('',#962,6.275981348332E-1);
#964=CARTESIAN_POINT('',(-1.133333110809E0,-4.2E0,0.E0));
#965=LINE('',#964,#963);
#966=DIRECTION('',(-6.506283051938E-1,7.593963447902E-1,0.E0));
#967=VECTOR('',#966,6.275981348332E-1);
#968=CARTESIAN_POINT('',(-7.25E-1,-3.723404270411E0,0.E0));
#969=LINE('',#968,#967);
#970=DIRECTION('',(1.E0,0.E0,0.E0));
#971=VECTOR('',#970,1.75E-1);
#972=CARTESIAN_POINT('',(-1.133333110809E0,-3.246808540821E0,0.E0));
#973=LINE('',#972,#971);
#974=DIRECTION('',(6.379967414744E-1,-7.700390625598E-1,0.E0));
#975=VECTOR('',#974,5.028757828259E-1);
#976=CARTESIAN_POINT('',(-9.583331108093E-1,-3.246808540821E0,0.E0));
#977=LINE('',#976,#975);
#978=DIRECTION('',(6.379967414744E-1,7.700390625598E-1,0.E0));
#979=VECTOR('',#978,5.028757828259E-1);
#980=CARTESIAN_POINT('',(-6.375E-1,-3.634042537212E0,0.E0));
#981=LINE('',#980,#979);
#982=DIRECTION('',(1.E0,0.E0,0.E0));
#983=VECTOR('',#982,1.75E-1);
#984=CARTESIAN_POINT('',(-1.541666889191E0,-3.246808540821E0,0.E0));
#985=LINE('',#984,#983);
#986=DIRECTION('',(-6.506283051938E-1,-7.593963447902E-1,0.E0));
#987=VECTOR('',#986,6.275981348332E-1);
#988=CARTESIAN_POINT('',(-1.366666889191E0,-3.246808540821E0,0.E0));
#989=LINE('',#988,#987);
#990=DIRECTION('',(6.506283051938E-1,-7.593963447902E-1,0.E0));
#991=VECTOR('',#990,6.275981348332E-1);
#992=CARTESIAN_POINT('',(-1.775E0,-3.723404270411E0,0.E0));
#993=LINE('',#992,#991);
#994=DIRECTION('',(-1.E0,0.E0,0.E0));
#995=VECTOR('',#994,1.75E-1);
#996=CARTESIAN_POINT('',(-1.366666889191E0,-4.2E0,0.E0));
#997=LINE('',#996,#995);
#998=DIRECTION('',(-6.379967007131E-1,7.700390963316E-1,0.E0));
#999=VECTOR('',#998,5.028758149544E-1);
#1000=CARTESIAN_POINT('',(-1.541666889191E0,-4.2E0,0.E0));
#1001=LINE('',#1000,#999);
#1002=DIRECTION('',(-6.379967007131E-1,-7.700390963316E-1,0.E0));
#1003=VECTOR('',#1002,5.028758149544E-1);
#1004=CARTESIAN_POINT('',(-1.8625E0,-3.812765961885E0,0.E0));
#1005=LINE('',#1004,#1003);
#1006=DIRECTION('',(-1.E0,0.E0,0.E0));
#1007=VECTOR('',#1006,1.75E-1);
#1008=CARTESIAN_POINT('',(-2.183333110809E0,-4.2E0,0.E0));
#1009=LINE('',#1008,#1007);
#1010=DIRECTION('',(6.506283051938E-1,7.593963447902E-1,0.E0));
#1011=VECTOR('',#1010,6.275981348332E-1);
#1012=CARTESIAN_POINT('',(-2.358333110809E0,-4.2E0,0.E0));
#1013=LINE('',#1012,#1011);
#1014=DIRECTION('',(-6.506283051938E-1,7.593963447902E-1,0.E0));
#1015=VECTOR('',#1014,6.275981348332E-1);
#1016=CARTESIAN_POINT('',(-1.95E0,-3.723404270411E0,0.E0));
#1017=LINE('',#1016,#1015);
#1018=DIRECTION('',(1.E0,0.E0,0.E0));
#1019=VECTOR('',#1018,1.75E-1);
#1020=CARTESIAN_POINT('',(-2.358333110809E0,-3.246808540821E0,0.E0));
#1021=LINE('',#1020,#1019);
#1022=DIRECTION('',(6.379967414744E-1,-7.700390625598E-1,0.E0));
#1023=VECTOR('',#1022,5.028757828259E-1);
#1024=CARTESIAN_POINT('',(-2.183333110809E0,-3.246808540821E0,0.E0));
#1025=LINE('',#1024,#1023);
#1026=DIRECTION('',(6.379967414744E-1,7.700390625598E-1,0.E0));
#1027=VECTOR('',#1026,5.028757828259E-1);
#1028=CARTESIAN_POINT('',(-1.8625E0,-3.634042537212E0,0.E0));
#1029=LINE('',#1028,#1027);
#1030=DIRECTION('',(1.E0,0.E0,0.E0));
#1031=VECTOR('',#1030,1.75E-1);
#1032=CARTESIAN_POINT('',(-2.766666889191E0,-3.246808540821E0,0.E0));
#1033=LINE('',#1032,#1031);
#1034=DIRECTION('',(-6.506283051938E-1,-7.593963447901E-1,0.E0));
#1035=VECTOR('',#1034,6.275981348332E-1);
#1036=CARTESIAN_POINT('',(-2.591666889191E0,-3.246808540821E0,0.E0));
#1037=LINE('',#1036,#1035);
#1038=DIRECTION('',(6.506283051938E-1,-7.593963447902E-1,0.E0));
#1039=VECTOR('',#1038,6.275981348332E-1);
#1040=CARTESIAN_POINT('',(-3.E0,-3.723404270411E0,0.E0));
#1041=LINE('',#1040,#1039);
#1042=DIRECTION('',(-1.E0,0.E0,0.E0));
#1043=VECTOR('',#1042,1.75E-1);
#1044=CARTESIAN_POINT('',(-2.591666889191E0,-4.2E0,0.E0));
#1045=LINE('',#1044,#1043);
#1046=DIRECTION('',(-6.379967007131E-1,7.700390963316E-1,0.E0));
#1047=VECTOR('',#1046,5.028758149544E-1);
#1048=CARTESIAN_POINT('',(-2.766666889191E0,-4.2E0,0.E0));
#1049=LINE('',#1048,#1047);
#1050=DIRECTION('',(-6.379967007131E-1,-7.700390963316E-1,0.E0));
#1051=VECTOR('',#1050,5.028758149544E-1);
#1052=CARTESIAN_POINT('',(-3.0875E0,-3.812765961885E0,0.E0));
#1053=LINE('',#1052,#1051);
#1054=DIRECTION('',(-1.E0,0.E0,0.E0));
#1055=VECTOR('',#1054,1.75E-1);
#1056=CARTESIAN_POINT('',(-3.408333110809E0,-4.2E0,0.E0));
#1057=LINE('',#1056,#1055);
#1058=DIRECTION('',(6.506283051938E-1,7.593963447902E-1,0.E0));
#1059=VECTOR('',#1058,6.275981348332E-1);
#1060=CARTESIAN_POINT('',(-3.583333110809E0,-4.2E0,0.E0));
#1061=LINE('',#1060,#1059);
#1062=DIRECTION('',(-6.506283051938E-1,7.593963447902E-1,0.E0));
#1063=VECTOR('',#1062,6.275981348332E-1);
#1064=CARTESIAN_POINT('',(-3.175E0,-3.723404270411E0,0.E0));
#1065=LINE('',#1064,#1063);
#1066=DIRECTION('',(1.E0,0.E0,0.E0));
#1067=VECTOR('',#1066,1.75E-1);
#1068=CARTESIAN_POINT('',(-3.583333110809E0,-3.246808540821E0,0.E0));
#1069=LINE('',#1068,#1067);
#1070=DIRECTION('',(6.379967414744E-1,-7.700390625598E-1,0.E0));
#1071=VECTOR('',#1070,5.028757828259E-1);
#1072=CARTESIAN_POINT('',(-3.408333110809E0,-3.246808540821E0,0.E0));
#1073=LINE('',#1072,#1071);
#1074=DIRECTION('',(6.379967414744E-1,7.700390625598E-1,0.E0));
#1075=VECTOR('',#1074,5.028757828259E-1);
#1076=CARTESIAN_POINT('',(-3.0875E0,-3.634042537212E0,0.E0));
#1077=LINE('',#1076,#1075);
#1078=DIRECTION('',(1.E0,0.E0,0.E0));
#1079=VECTOR('',#1078,1.75E-1);
#1080=CARTESIAN_POINT('',(-3.991666889191E0,-3.246808540821E0,0.E0));
#1081=LINE('',#1080,#1079);
#1082=DIRECTION('',(-6.506283051938E-1,-7.593963447902E-1,0.E0));
#1083=VECTOR('',#1082,6.275981348332E-1);
#1084=CARTESIAN_POINT('',(-3.816666889191E0,-3.246808540821E0,0.E0));
#1085=LINE('',#1084,#1083);
#1086=DIRECTION('',(6.506283051938E-1,-7.593963447902E-1,0.E0));
#1087=VECTOR('',#1086,6.275981348332E-1);
#1088=CARTESIAN_POINT('',(-4.225E0,-3.723404270411E0,0.E0));
#1089=LINE('',#1088,#1087);
#1090=DIRECTION('',(-1.E0,0.E0,0.E0));
#1091=VECTOR('',#1090,1.75E-1);
#1092=CARTESIAN_POINT('',(-3.816666889191E0,-4.2E0,0.E0));
#1093=LINE('',#1092,#1091);
#1094=DIRECTION('',(-6.379967007131E-1,7.700390963316E-1,0.E0));
#1095=VECTOR('',#1094,5.028758149544E-1);
#1096=CARTESIAN_POINT('',(-3.991666889191E0,-4.2E0,0.E0));
#1097=LINE('',#1096,#1095);
#1098=DIRECTION('',(-6.379974878719E-1,-7.700384441501E-1,0.E0));
#1099=VECTOR('',#1098,5.028762408634E-1);
#1100=CARTESIAN_POINT('',(-4.3125E0,-3.812765961885E0,0.E0));
#1101=LINE('',#1100,#1099);
#1102=DIRECTION('',(-1.E0,0.E0,0.E0));
#1103=VECTOR('',#1102,1.75E-1);
#1104=CARTESIAN_POINT('',(-4.633333778381E0,-4.2E0,0.E0));
#1105=LINE('',#1104,#1103);
#1106=DIRECTION('',(6.506289186069E-1,7.593958192356E-1,0.E0));
#1107=VECTOR('',#1106,6.275985691747E-1);
#1108=CARTESIAN_POINT('',(-4.808333778381E0,-4.2E0,0.E0));
#1109=LINE('',#1108,#1107);
#1110=DIRECTION('',(-6.506289186069E-1,7.593958192356E-1,0.E0));
#1111=VECTOR('',#1110,6.275985691747E-1);
#1112=CARTESIAN_POINT('',(-4.4E0,-3.723404270411E0,0.E0));
#1113=LINE('',#1112,#1111);
#1114=DIRECTION('',(1.E0,0.E0,0.E0));
#1115=VECTOR('',#1114,1.75E-1);
#1116=CARTESIAN_POINT('',(-4.808333778381E0,-3.246808540821E0,0.E0));
#1117=LINE('',#1116,#1115);
#1118=DIRECTION('',(6.379975286332E-1,-7.700384103783E-1,0.E0));
#1119=VECTOR('',#1118,5.028762087349E-1);
#1120=CARTESIAN_POINT('',(-4.633333778381E0,-3.246808540821E0,0.E0));
#1121=LINE('',#1120,#1119);
#1122=DIRECTION('',(6.379967414744E-1,7.700390625598E-1,0.E0));
#1123=VECTOR('',#1122,5.028757828259E-1);
#1124=CARTESIAN_POINT('',(-4.3125E0,-3.634042537212E0,0.E0));
#1125=LINE('',#1124,#1123);
#1126=DIRECTION('',(-3.162277490531E-1,9.486833037051E-1,0.E0));
#1127=VECTOR('',#1126,1.475729565949E0);
#1128=CARTESIAN_POINT('',(6.1E0,-2.E0,0.E0));
#1129=LINE('',#1128,#1127);
#1130=DIRECTION('',(1.E0,0.E0,0.E0));
#1131=VECTOR('',#1130,1.75E-1);
#1132=CARTESIAN_POINT('',(5.633333361149E0,-6.E-1,0.E0));
#1133=LINE('',#1132,#1131);
#1134=DIRECTION('',(3.170950573229E-1,-9.483937603239E-1,0.E0));
#1135=VECTOR('',#1134,1.287731580785E0);
#1136=CARTESIAN_POINT('',(5.808333361149E0,-6.E-1,0.E0));
#1137=LINE('',#1136,#1135);
#1138=DIRECTION('',(3.170950573229E-1,9.483937603239E-1,0.E0));
#1139=VECTOR('',#1138,1.287731580785E0);
#1140=CARTESIAN_POINT('',(6.216666680574E0,-1.821276596189E0,0.E0));
#1141=LINE('',#1140,#1139);
#1142=DIRECTION('',(1.E0,0.E0,0.E0));
#1143=VECTOR('',#1142,1.75E-1);
#1144=CARTESIAN_POINT('',(6.625E0,-6.E-1,0.E0));
#1145=LINE('',#1144,#1143);
#1146=DIRECTION('',(-3.162277744987E-1,-9.486832952232E-1,0.E0));
#1147=VECTOR('',#1146,1.475729579143E0);
#1148=CARTESIAN_POINT('',(6.8E0,-6.E-1,0.E0));
#1149=LINE('',#1148,#1147);
#1150=DIRECTION('',(-1.E0,0.E0,0.E0));
#1151=VECTOR('',#1150,2.333333194256E-1);
#1152=CARTESIAN_POINT('',(6.333333319426E0,-2.E0,0.E0));
#1153=LINE('',#1152,#1151);
#1154=DIRECTION('',(0.E0,-1.E0,0.E0));
#1155=VECTOR('',#1154,1.489361733198E-1);
#1156=CARTESIAN_POINT('',(5.4E0,-1.851063826680E0,0.E0));
#1157=LINE('',#1156,#1155);
#1158=DIRECTION('',(-1.E0,0.E0,0.E0));
#1159=VECTOR('',#1158,1.05E0);
#1160=CARTESIAN_POINT('',(5.4E0,-2.E0,0.E0));
#1161=LINE('',#1160,#1159);
#1162=DIRECTION('',(0.E0,1.E0,0.E0));
#1163=VECTOR('',#1162,1.489361733198E-1);
#1164=CARTESIAN_POINT('',(4.35E0,-2.E0,0.E0));
#1165=LINE('',#1164,#1163);
#1166=DIRECTION('',(1.E0,0.E0,0.E0));
#1167=VECTOR('',#1166,8.166667222977E-1);
#1168=CARTESIAN_POINT('',(4.35E0,-1.851063826680E0,0.E0));
#1169=LINE('',#1168,#1167);
#1170=DIRECTION('',(-7.437661157801E-1,6.684399486995E-1,0.E0));
#1171=VECTOR('',#1170,9.803709887117E-1);
#1172=CARTESIAN_POINT('',(5.166666722298E0,-1.851063826680E0,0.E0));
#1173=LINE('',#1172,#1171);
#1174=DIRECTION('',(-5.466221810895E-1,8.373793591563E-1,0.E0));
#1175=VECTOR('',#1174,1.067158994281E-1);
#1176=CARTESIAN_POINT('',(4.4375E0,-1.195744693279E0,0.E0));
#1177=LINE('',#1176,#1175);
#1178=DIRECTION('',(-2.377717803411E-1,9.713210491251E-1,0.E0));
#1179=VECTOR('',#1178,1.226668793741E-1);
#1180=CARTESIAN_POINT('',(4.379166722298E0,-1.106383001804E0,0.E0));
#1181=LINE('',#1180,#1179);
#1182=DIRECTION('',(0.E0,1.E0,0.E0));
#1183=VECTOR('',#1182,5.957454442978E-2);
#1184=CARTESIAN_POINT('',(4.35E0,-9.872340798378E-1,0.E0));
#1185=LINE('',#1184,#1183);
#1186=DIRECTION('',(2.377717803411E-1,9.713210491251E-1,0.E0));
#1187=VECTOR('',#1186,1.226668793741E-1);
#1188=CARTESIAN_POINT('',(4.35E0,-9.276595354080E-1,0.E0));
#1189=LINE('',#1188,#1187);
#1190=DIRECTION('',(6.996244945571E-1,7.145107183351E-1,0.E0));
#1191=VECTOR('',#1190,1.667559616799E-1);
#1192=CARTESIAN_POINT('',(4.379166722298E0,-8.085106134415E-1,0.E0));
#1193=LINE('',#1192,#1191);
#1194=DIRECTION('',(8.906053746977E-1,4.547769415434E-1,0.E0));
#1195=VECTOR('',#1194,1.309971010867E-1);
#1196=CARTESIAN_POINT('',(4.495833277702E0,-6.893616914749E-1,0.E0));
#1197=LINE('',#1196,#1195);
#1198=DIRECTION('',(9.858211730931E-1,1.677993286083E-1,0.E0));
#1199=VECTOR('',#1198,1.775169825689E-1);
#1200=CARTESIAN_POINT('',(4.6125E0,-6.297872304916E-1,0.E0));
#1201=LINE('',#1200,#1199);
#1202=DIRECTION('',(1.E0,0.E0,0.E0));
#1203=VECTOR('',#1202,1.166667222977E-1);
#1204=CARTESIAN_POINT('',(4.7875E0,-6.E-1,0.E0));
#1205=LINE('',#1204,#1203);
#1206=DIRECTION('',(9.895240227806E-1,-1.443683079492E-1,0.E0));
#1207=VECTOR('',#1206,2.063280432859E-1);
#1208=CARTESIAN_POINT('',(4.904166722298E0,-6.E-1,0.E0));
#1209=LINE('',#1208,#1207);
#1210=DIRECTION('',(8.906053746977E-1,-4.547769415434E-1,0.E0));
#1211=VECTOR('',#1210,1.309971010867E-1);
#1212=CARTESIAN_POINT('',(5.108333277702E0,-6.297872304916E-1,0.E0));
#1213=LINE('',#1212,#1211);
#1214=DIRECTION('',(6.996250055017E-1,-7.145102180353E-1,0.E0));
#1215=VECTOR('',#1214,1.667560784424E-1);
#1216=CARTESIAN_POINT('',(5.225E0,-6.893616914749E-1,0.E0));
#1217=LINE('',#1216,#1215);
#1218=DIRECTION('',(2.377704967207E-1,-9.713213633444E-1,0.E0));
#1219=VECTOR('',#1218,1.226668396918E-1);
#1220=CARTESIAN_POINT('',(5.341666722298E0,-8.085106134415E-1,0.E0));
#1221=LINE('',#1220,#1219);
#1222=DIRECTION('',(-1.E0,0.E0,0.E0));
#1223=VECTOR('',#1222,1.458332777023E-1);
#1224=CARTESIAN_POINT('',(5.370833277702E0,-9.276595354080E-1,0.E0));
#1225=LINE('',#1224,#1223);
#1226=DIRECTION('',(-5.466221810895E-1,8.373793591563E-1,0.E0));
#1227=VECTOR('',#1226,1.067158994281E-1);
#1228=CARTESIAN_POINT('',(5.225E0,-9.276595354080E-1,0.E0));
#1229=LINE('',#1228,#1227);
#1230=DIRECTION('',(-8.265992787996E-1,5.627909312417E-1,0.E0));
#1231=VECTOR('',#1230,1.058554032700E-1);
#1232=CARTESIAN_POINT('',(5.166666722298E0,-8.382978439331E-1,0.E0));
#1233=LINE('',#1232,#1231);
#1234=DIRECTION('',(-9.797707392153E-1,2.001232084928E-1,0.E0));
#1235=VECTOR('',#1234,1.488444579516E-1);
#1236=CARTESIAN_POINT('',(5.079166722298E0,-7.787233829498E-1,0.E0));
#1237=LINE('',#1236,#1235);
#1238=DIRECTION('',(-1.E0,0.E0,0.E0));
#1239=VECTOR('',#1238,1.166665554047E-1);
#1240=CARTESIAN_POINT('',(4.933333277702E0,-7.489361524582E-1,0.E0));
#1241=LINE('',#1240,#1239);
#1242=DIRECTION('',(-9.797707392153E-1,-2.001232084928E-1,0.E0));
#1243=VECTOR('',#1242,1.488444579516E-1);
#1244=CARTESIAN_POINT('',(4.816666722298E0,-7.489361524582E-1,0.E0));
#1245=LINE('',#1244,#1243);
#1246=DIRECTION('',(-8.265992787996E-1,-5.627909312417E-1,0.E0));
#1247=VECTOR('',#1246,1.058554032700E-1);
#1248=CARTESIAN_POINT('',(4.670833277702E0,-7.787233829498E-1,0.E0));
#1249=LINE('',#1248,#1247);
#1250=DIRECTION('',(-5.466221810895E-1,-8.373793591563E-1,0.E0));
#1251=VECTOR('',#1250,1.067158994281E-1);
#1252=CARTESIAN_POINT('',(4.583333277702E0,-8.382978439331E-1,0.E0));
#1253=LINE('',#1252,#1251);
#1254=DIRECTION('',(0.E0,-1.E0,0.E0));
#1255=VECTOR('',#1254,5.957454442978E-2);
#1256=CARTESIAN_POINT('',(4.525E0,-9.276595354080E-1,0.E0));
#1257=LINE('',#1256,#1255);
#1258=DIRECTION('',(4.397131575602E-1,-8.981382627794E-1,0.E0));
#1259=VECTOR('',#1258,1.326621155164E-1);
#1260=CARTESIAN_POINT('',(4.525E0,-9.872340798378E-1,0.E0));
#1261=LINE('',#1260,#1259);
#1262=DIRECTION('',(7.389229891797E-1,-6.737898901451E-1,0.E0));
#1263=VECTOR('',#1262,1.105212226790E0);
#1264=CARTESIAN_POINT('',(4.583333277702E0,-1.106383001804E0,0.E0));
#1265=LINE('',#1264,#1263);
#1266=DIRECTION('',(-5.466210844748E-1,8.373800750004E-1,0.E0));
#1267=VECTOR('',#1266,1.067158082008E-1);
#1268=CARTESIAN_POINT('',(3.154166555405E0,-1.851063826680E0,0.E0));
#1269=LINE('',#1268,#1267);
#1270=DIRECTION('',(-3.102821388495E-1,9.506445152164E-1,0.E0));
#1271=VECTOR('',#1270,9.400118646474E-2);
#1272=CARTESIAN_POINT('',(3.095833444595E0,-1.761702135205E0,0.E0));
#1273=LINE('',#1272,#1271);
#1274=DIRECTION('',(0.E0,1.E0,0.E0));
#1275=VECTOR('',#1274,1.191489219666E-1);
#1276=CARTESIAN_POINT('',(3.066666555405E0,-1.672340422869E0,0.E0));
#1277=LINE('',#1276,#1275);
#1278=DIRECTION('',(2.377729854050E-1,9.713207541341E-1,0.E0));
#1279=VECTOR('',#1278,1.226669595833E-1);
#1280=CARTESIAN_POINT('',(3.066666555405E0,-1.553191500902E0,0.E0));
#1281=LINE('',#1280,#1279);
#1282=DIRECTION('',(5.466210844748E-1,8.373800750004E-1,0.E0));
#1283=VECTOR('',#1282,1.067158082008E-1);
#1284=CARTESIAN_POINT('',(3.095833444595E0,-1.434042537212E0,0.E0));
#1285=LINE('',#1284,#1283);
#1286=DIRECTION('',(9.257352082546E-1,3.781723472146E-1,0.E0));
#1287=VECTOR('',#1286,1.575325679470E-1);
#1288=CARTESIAN_POINT('',(3.154166555405E0,-1.344680845737E0,0.E0));
#1289=LINE('',#1288,#1287);
#1290=DIRECTION('',(-7.938779010506E-1,6.080771975856E-1,0.E0));
#1291=VECTOR('',#1290,1.469578070510E-1);
#1292=CARTESIAN_POINT('',(3.3E0,-1.285106384754E0,0.E0));
#1293=LINE('',#1292,#1291);
#1294=DIRECTION('',(-5.466232777014E-1,8.373786433120E-1,0.E0));
#1295=VECTOR('',#1294,1.067159906556E-1);
#1296=CARTESIAN_POINT('',(3.183333444595E0,-1.195744693279E0,0.E0));
#1297=LINE('',#1296,#1295);
#1298=DIRECTION('',(-2.377704967206E-1,9.713213633444E-1,0.E0));
#1299=VECTOR('',#1298,1.226668396918E-1);
#1300=CARTESIAN_POINT('',(3.125E0,-1.106383001804E0,0.E0));
#1301=LINE('',#1300,#1299);
#1302=DIRECTION('',(0.E0,1.E0,0.E0));
#1303=VECTOR('',#1302,5.957454442978E-2);
#1304=CARTESIAN_POINT('',(3.095833444595E0,-9.872340798378E-1,0.E0));
#1305=LINE('',#1304,#1303);
#1306=DIRECTION('',(2.377704967206E-1,9.713213633444E-1,0.E0));
#1307=VECTOR('',#1306,1.226668396918E-1);
#1308=CARTESIAN_POINT('',(3.095833444595E0,-9.276595354080E-1,0.E0));
#1309=LINE('',#1308,#1307);
#1310=DIRECTION('',(6.996244945571E-1,7.145107183351E-1,0.E0));
#1311=VECTOR('',#1310,1.667559616799E-1);
#1312=CARTESIAN_POINT('',(3.125E0,-8.085106134415E-1,0.E0));
#1313=LINE('',#1312,#1311);
#1314=DIRECTION('',(8.906056381928E-1,4.547764255314E-1,0.E0));
#1315=VECTOR('',#1314,1.309972497226E-1);
#1316=CARTESIAN_POINT('',(3.241666555405E0,-6.893616914749E-1,0.E0));
#1317=LINE('',#1316,#1315);
#1318=DIRECTION('',(9.895240227806E-1,1.443683079492E-1,0.E0));
#1319=VECTOR('',#1318,2.063280432858E-1);
#1320=CARTESIAN_POINT('',(3.358333444595E0,-6.297872304916E-1,0.E0));
#1321=LINE('',#1320,#1319);
#1322=DIRECTION('',(1.E0,0.E0,0.E0));
#1323=VECTOR('',#1322,5.833344459534E-2);
#1324=CARTESIAN_POINT('',(3.5625E0,-6.E-1,0.E0));
#1325=LINE('',#1324,#1323);
#1326=DIRECTION('',(9.895240227806E-1,-1.443683079492E-1,0.E0));
#1327=VECTOR('',#1326,2.063280432858E-1);
#1328=CARTESIAN_POINT('',(3.620833444595E0,-6.E-1,0.E0));
#1329=LINE('',#1328,#1327);
#1330=DIRECTION('',(8.906051112017E-1,-4.547774575564E-1,0.E0));
#1331=VECTOR('',#1330,1.309969524510E-1);
#1332=CARTESIAN_POINT('',(3.825E0,-6.297872304916E-1,0.E0));
#1333=LINE('',#1332,#1331);
#1334=DIRECTION('',(6.996250055017E-1,-7.145102180353E-1,0.E0));
#1335=VECTOR('',#1334,1.667560784424E-1);
#1336=CARTESIAN_POINT('',(3.941666555405E0,-6.893616914749E-1,0.E0));
#1337=LINE('',#1336,#1335);
#1338=DIRECTION('',(2.377717803411E-1,-9.713210491251E-1,0.E0));
#1339=VECTOR('',#1338,1.226668793741E-1);
#1340=CARTESIAN_POINT('',(4.058333277702E0,-8.085106134415E-1,0.E0));
#1341=LINE('',#1340,#1339);
#1342=DIRECTION('',(-1.E0,0.E0,0.E0));
#1343=VECTOR('',#1342,1.458334445953E-1);
#1344=CARTESIAN_POINT('',(4.0875E0,-9.276595354080E-1,0.E0));
#1345=LINE('',#1344,#1343);
#1346=DIRECTION('',(-5.466210844748E-1,8.373800750004E-1,0.E0));
#1347=VECTOR('',#1346,1.067158082008E-1);
#1348=CARTESIAN_POINT('',(3.941666555405E0,-9.276595354080E-1,0.E0));
#1349=LINE('',#1348,#1347);
#1350=DIRECTION('',(-8.265992787996E-1,5.627909312417E-1,0.E0));
#1351=VECTOR('',#1350,1.058554032700E-1);
#1352=CARTESIAN_POINT('',(3.883333444595E0,-8.382978439331E-1,0.E0));
#1353=LINE('',#1352,#1351);
#1354=DIRECTION('',(-9.797707392153E-1,2.001232084928E-1,0.E0));
#1355=VECTOR('',#1354,1.488444579516E-1);
#1356=CARTESIAN_POINT('',(3.795833444595E0,-7.787233829498E-1,0.E0));
#1357=LINE('',#1356,#1355);
#1358=DIRECTION('',(-1.E0,0.E0,0.E0));
#1359=VECTOR('',#1358,1.166665554047E-1);
#1360=CARTESIAN_POINT('',(3.65E0,-7.489361524582E-1,0.E0));
#1361=LINE('',#1360,#1359);
#1362=DIRECTION('',(-9.797707392153E-1,-2.001232084928E-1,0.E0));
#1363=VECTOR('',#1362,1.488444579516E-1);
#1364=CARTESIAN_POINT('',(3.533333444595E0,-7.489361524582E-1,0.E0));
#1365=LINE('',#1364,#1363);
#1366=DIRECTION('',(-8.265992787996E-1,-5.627909312417E-1,0.E0));
#1367=VECTOR('',#1366,1.058554032700E-1);
#1368=CARTESIAN_POINT('',(3.3875E0,-7.787233829498E-1,0.E0));
#1369=LINE('',#1368,#1367);
#1370=DIRECTION('',(-5.466232777014E-1,-8.373786433120E-1,0.E0));
#1371=VECTOR('',#1370,1.067159906556E-1);
#1372=CARTESIAN_POINT('',(3.3E0,-8.382978439331E-1,0.E0));
#1373=LINE('',#1372,#1371);
#1374=DIRECTION('',(0.E0,-1.E0,0.E0));
#1375=VECTOR('',#1374,5.957454442978E-2);
#1376=CARTESIAN_POINT('',(3.241666555405E0,-9.276595354080E-1,0.E0));
#1377=LINE('',#1376,#1375);
#1378=DIRECTION('',(4.397141723527E-1,-8.981377659536E-1,0.E0));
#1379=VECTOR('',#1378,1.326621889015E-1);
#1380=CARTESIAN_POINT('',(3.241666555405E0,-9.872340798378E-1,0.E0));
#1381=LINE('',#1380,#1379);
#1382=DIRECTION('',(6.996255164452E-1,-7.145097177357E-1,0.E0));
#1383=VECTOR('',#1382,8.337809760246E-2);
#1384=CARTESIAN_POINT('',(3.3E0,-1.106383001804E0,0.E0));
#1385=LINE('',#1384,#1383);
#1386=DIRECTION('',(9.466499177700E-1,-3.222637633772E-1,0.E0));
#1387=VECTOR('',#1386,1.848624256074E-1);
#1388=CARTESIAN_POINT('',(3.358333444595E0,-1.165957462788E0,0.E0));
#1389=LINE('',#1388,#1387);
#1390=DIRECTION('',(1.E0,0.E0,0.E0));
#1391=VECTOR('',#1390,1.166665554047E-1);
#1392=CARTESIAN_POINT('',(3.533333444595E0,-1.225531923771E0,0.E0));
#1393=LINE('',#1392,#1391);
#1394=DIRECTION('',(0.E0,-1.E0,0.E0));
#1395=VECTOR('',#1394,1.191489219666E-1);
#1396=CARTESIAN_POINT('',(3.65E0,-1.225531923771E0,0.E0));
#1397=LINE('',#1396,#1395);
#1398=DIRECTION('',(-1.E0,0.E0,0.E0));
#1399=VECTOR('',#1398,1.166665554047E-1);
#1400=CARTESIAN_POINT('',(3.65E0,-1.344680845737E0,0.E0));
#1401=LINE('',#1400,#1399);
#1402=DIRECTION('',(-9.858211730931E-1,-1.677993286083E-1,0.E0));
#1403=VECTOR('',#1402,1.775169825689E-1);
#1404=CARTESIAN_POINT('',(3.533333444595E0,-1.344680845737E0,0.E0));
#1405=LINE('',#1404,#1403);
#1406=DIRECTION('',(-8.265992787996E-1,-5.627909312417E-1,0.E0));
#1407=VECTOR('',#1406,1.058554032700E-1);
#1408=CARTESIAN_POINT('',(3.358333444595E0,-1.374468076229E0,0.E0));
#1409=LINE('',#1408,#1407);
#1410=DIRECTION('',(-4.397140481462E-1,-8.981378267632E-1,0.E0));
#1411=VECTOR('',#1410,1.326622263748E-1);
#1412=CARTESIAN_POINT('',(3.270833444595E0,-1.434042537212E0,0.E0));
#1413=LINE('',#1412,#1411);
#1414=DIRECTION('',(0.E0,-1.E0,0.E0));
#1415=VECTOR('',#1414,1.191489219666E-1);
#1416=CARTESIAN_POINT('',(3.2125E0,-1.553191500902E0,0.E0));
#1417=LINE('',#1416,#1415);
#1418=DIRECTION('',(4.397121427660E-1,-8.981387596046E-1,0.E0));
#1419=VECTOR('',#1418,6.633102106572E-2);
#1420=CARTESIAN_POINT('',(3.2125E0,-1.672340422869E0,0.E0));
#1421=LINE('',#1420,#1419);
#1422=DIRECTION('',(6.996253913704E-1,-7.145098402051E-1,0.E0));
#1423=VECTOR('',#1422,8.337811250829E-2);
#1424=CARTESIAN_POINT('',(3.241666555405E0,-1.731914883852E0,0.E0));
#1425=LINE('',#1424,#1423);
#1426=DIRECTION('',(8.906056381928E-1,-4.547764255314E-1,0.E0));
#1427=VECTOR('',#1426,6.549862486128E-2);
#1428=CARTESIAN_POINT('',(3.3E0,-1.791489365697E0,0.E0));
#1429=LINE('',#1428,#1427);
#1430=DIRECTION('',(9.797706494039E-1,-2.001236481946E-1,0.E0));
#1431=VECTOR('',#1430,1.488441309178E-1);
#1432=CARTESIAN_POINT('',(3.358333444595E0,-1.821276596189E0,0.E0));
#1433=LINE('',#1432,#1431);
#1434=DIRECTION('',(1.E0,0.E0,0.E0));
#1435=VECTOR('',#1434,1.75E-1);
#1436=CARTESIAN_POINT('',(3.504166555405E0,-1.851063826680E0,0.E0));
#1437=LINE('',#1436,#1435);
#1438=DIRECTION('',(9.797707392153E-1,2.001232084928E-1,0.E0));
#1439=VECTOR('',#1438,1.488444579516E-1);
#1440=CARTESIAN_POINT('',(3.679166555405E0,-1.851063826680E0,0.E0));
#1441=LINE('',#1440,#1439);
#1442=DIRECTION('',(8.906056381928E-1,4.547764255314E-1,0.E0));
#1443=VECTOR('',#1442,6.549862486128E-2);
#1444=CARTESIAN_POINT('',(3.825E0,-1.821276596189E0,0.E0));
#1445=LINE('',#1444,#1443);
#1446=DIRECTION('',(6.996233475895E-1,7.145118414048E-1,0.E0));
#1447=VECTOR('',#1446,8.337787898347E-2);
#1448=CARTESIAN_POINT('',(3.883333444595E0,-1.791489365697E0,0.E0));
#1449=LINE('',#1448,#1447);
#1450=DIRECTION('',(4.397162019326E-1,8.981367723003E-1,0.E0));
#1451=VECTOR('',#1450,6.633116783616E-2);
#1452=CARTESIAN_POINT('',(3.941666555405E0,-1.731914883852E0,0.E0));
#1453=LINE('',#1452,#1451);
#1454=DIRECTION('',(1.E0,0.E0,0.E0));
#1455=VECTOR('',#1454,1.458332777023E-1);
#1456=CARTESIAN_POINT('',(3.970833444595E0,-1.672340422869E0,0.E0));
#1457=LINE('',#1456,#1455);
#1458=DIRECTION('',(-3.102805343431E-1,-9.506450389119E-1,0.E0));
#1459=VECTOR('',#1458,9.400113468096E-2);
#1460=CARTESIAN_POINT('',(4.116666722298E0,-1.672340422869E0,0.E0));
#1461=LINE('',#1460,#1459);
#1462=DIRECTION('',(-5.466221810895E-1,-8.373793591563E-1,0.E0));
#1463=VECTOR('',#1462,1.067158994281E-1);
#1464=CARTESIAN_POINT('',(4.0875E0,-1.761702135205E0,0.E0));
#1465=LINE('',#1464,#1463);
#1466=DIRECTION('',(-8.265997323248E-1,-5.627902651260E-1,0.E0));
#1467=VECTOR('',#1466,1.058555470940E-1);
#1468=CARTESIAN_POINT('',(4.029166722298E0,-1.851063826680E0,0.E0));
#1469=LINE('',#1468,#1467);
#1470=DIRECTION('',(-8.906050870136E-1,-4.547775049247E-1,0.E0));
#1471=VECTOR('',#1470,1.309969560087E-1);
#1472=CARTESIAN_POINT('',(3.941666555405E0,-1.910638298094E0,0.E0));
#1473=LINE('',#1472,#1471);
#1474=DIRECTION('',(-9.689176559527E-1,-2.473834593969E-1,0.E0));
#1475=VECTOR('',#1474,1.204091541607E-1);
#1476=CARTESIAN_POINT('',(3.825E0,-1.970212766901E0,0.E0));
#1477=LINE('',#1476,#1475);
#1478=DIRECTION('',(-1.E0,0.E0,0.E0));
#1479=VECTOR('',#1478,2.333334445953E-1);
#1480=CARTESIAN_POINT('',(3.708333444595E0,-2.E0,0.E0));
#1481=LINE('',#1480,#1479);
#1482=DIRECTION('',(-9.689176559527E-1,2.473834593969E-1,0.E0));
#1483=VECTOR('',#1482,1.204091541607E-1);
#1484=CARTESIAN_POINT('',(3.475E0,-2.E0,0.E0));
#1485=LINE('',#1484,#1483);
#1486=DIRECTION('',(-8.906056140048E-1,4.547764728998E-1,0.E0));
#1487=VECTOR('',#1486,1.309972532803E-1);
#1488=CARTESIAN_POINT('',(3.358333444595E0,-1.970212766901E0,0.E0));
#1489=LINE('',#1488,#1487);
#1490=DIRECTION('',(-8.265992329593E-1,5.627909985697E-1,0.E0));
#1491=VECTOR('',#1490,1.058554091403E-1);
#1492=CARTESIAN_POINT('',(3.241666555405E0,-1.910638298094E0,0.E0));
#1493=LINE('',#1492,#1491);
#1494=DIRECTION('',(0.E0,1.E0,0.E0));
#1495=VECTOR('',#1494,1.4E0);
#1496=CARTESIAN_POINT('',(2.483333444595E0,-2.E0,0.E0));
#1497=LINE('',#1496,#1495);
#1498=DIRECTION('',(1.E0,0.E0,0.E0));
#1499=VECTOR('',#1498,1.75E-1);
#1500=CARTESIAN_POINT('',(2.483333444595E0,-6.E-1,0.E0));
#1501=LINE('',#1500,#1499);
#1502=DIRECTION('',(6.428712937139E-1,-7.659742160926E-1,0.E0));
#1503=VECTOR('',#1502,2.722162300777E-1);
#1504=CARTESIAN_POINT('',(2.658333444595E0,-6.E-1,0.E0));
#1505=LINE('',#1504,#1503);
#1506=DIRECTION('',(0.E0,-1.E0,0.E0));
#1507=VECTOR('',#1506,2.382979273796E-1);
#1508=CARTESIAN_POINT('',(2.833333444595E0,-8.085106134415E-1,0.E0));
#1509=LINE('',#1508,#1507);
#1510=DIRECTION('',(-6.428711427642E-1,7.659743427825E-1,0.E0));
#1511=VECTOR('',#1510,2.722162939956E-1);
#1512=CARTESIAN_POINT('',(2.833333444595E0,-1.046808540821E0,0.E0));
#1513=LINE('',#1512,#1511);
#1514=DIRECTION('',(0.E0,-1.E0,0.E0));
#1515=VECTOR('',#1514,1.161702156067E0);
#1516=CARTESIAN_POINT('',(2.658333444595E0,-8.382978439331E-1,0.E0));
#1517=LINE('',#1516,#1515);
#1518=DIRECTION('',(-1.E0,0.E0,0.E0));
#1519=VECTOR('',#1518,1.75E-1);
#1520=CARTESIAN_POINT('',(2.658333444595E0,-2.E0,0.E0));
#1521=LINE('',#1520,#1519);
#1522=DIRECTION('',(0.E0,-1.E0,0.E0));
#1523=VECTOR('',#1522,2.680850744247E-1);
#1524=CARTESIAN_POINT('',(2.25E0,-1.165957462788E0,0.E0));
#1525=LINE('',#1524,#1523);
#1526=DIRECTION('',(-1.921820955228E-1,-9.813592829135E-1,0.E0));
#1527=VECTOR('',#1526,1.517652064586E-1);
#1528=CARTESIAN_POINT('',(2.25E0,-1.434042537212E0,0.E0));
#1529=LINE('',#1528,#1527);
#1530=DIRECTION('',(-3.102822043116E-1,-9.506444938501E-1,0.E0));
#1531=VECTOR('',#1530,9.400116663275E-2);
#1532=CARTESIAN_POINT('',(2.220833444595E0,-1.582978731394E0,0.E0));
#1533=LINE('',#1532,#1531);
#1534=DIRECTION('',(-4.397120806629E-1,-8.981387900092E-1,0.E0));
#1535=VECTOR('',#1534,1.326620608681E-1);
#1536=CARTESIAN_POINT('',(2.191666555405E0,-1.672340422869E0,0.E0));
#1537=LINE('',#1536,#1535);
#1538=DIRECTION('',(-6.996247934953E-1,-7.145104256249E-1,0.E0));
#1539=VECTOR('',#1538,1.250670370941E-1);
#1540=CARTESIAN_POINT('',(2.133333444595E0,-1.791489365697E0,0.E0));
#1541=LINE('',#1540,#1539);
#1542=DIRECTION('',(-8.526535798146E-1,-5.224766720432E-1,0.E0));
#1543=VECTOR('',#1542,1.710348118483E-1);
#1544=CARTESIAN_POINT('',(2.045833444595E0,-1.880851067603E0,0.E0));
#1545=LINE('',#1544,#1543);
#1546=DIRECTION('',(-9.858211706631E-1,-1.677993428846E-1,0.E0));
#1547=VECTOR('',#1546,1.775169830065E-1);
#1548=CARTESIAN_POINT('',(1.9E0,-1.970212766901E0,0.E0));
#1549=LINE('',#1548,#1547);
#1550=DIRECTION('',(-9.858211706631E-1,1.677993428846E-1,0.E0));
#1551=VECTOR('',#1550,1.775169830065E-1);
#1552=CARTESIAN_POINT('',(1.725E0,-2.E0,0.E0));
#1553=LINE('',#1552,#1551);
#1554=DIRECTION('',(-8.526535798146E-1,5.224766720432E-1,0.E0));
#1555=VECTOR('',#1554,1.710348118483E-1);
#1556=CARTESIAN_POINT('',(1.55E0,-1.970212766901E0,0.E0));
#1557=LINE('',#1556,#1555);
#1558=DIRECTION('',(-6.996247934953E-1,7.145104256249E-1,0.E0));
#1559=VECTOR('',#1558,1.250670370941E-1);
#1560=CARTESIAN_POINT('',(1.404166555405E0,-1.880851067603E0,0.E0));
#1561=LINE('',#1560,#1559);
#1562=DIRECTION('',(-4.397120806629E-1,8.981387900092E-1,0.E0));
#1563=VECTOR('',#1562,1.326620608681E-1);
#1564=CARTESIAN_POINT('',(1.316666555405E0,-1.791489365697E0,0.E0));
#1565=LINE('',#1564,#1563);
#1566=DIRECTION('',(-3.102822043116E-1,9.506444938501E-1,0.E0));
#1567=VECTOR('',#1566,9.400116663275E-2);
#1568=CARTESIAN_POINT('',(1.258333444595E0,-1.672340422869E0,0.E0));
#1569=LINE('',#1568,#1567);
#1570=DIRECTION('',(-1.921820955228E-1,9.813592829135E-1,0.E0));
#1571=VECTOR('',#1570,1.517652064586E-1);
#1572=CARTESIAN_POINT('',(1.229166555405E0,-1.582978731394E0,0.E0));
#1573=LINE('',#1572,#1571);
#1574=DIRECTION('',(0.E0,1.E0,0.E0));
#1575=VECTOR('',#1574,2.680850744247E-1);
#1576=CARTESIAN_POINT('',(1.2E0,-1.434042537212E0,0.E0));
#1577=LINE('',#1576,#1575);
#1578=DIRECTION('',(1.921821473726E-1,9.813592727596E-1,0.E0));
#1579=VECTOR('',#1578,1.517651655131E-1);
#1580=CARTESIAN_POINT('',(1.2E0,-1.165957462788E0,0.E0));
#1581=LINE('',#1580,#1579);
#1582=DIRECTION('',(3.102819424634E-1,9.506445793151E-1,0.E0));
#1583=VECTOR('',#1582,9.400124596072E-2);
#1584=CARTESIAN_POINT('',(1.229166555405E0,-1.017021310329E0,0.E0));
#1585=LINE('',#1584,#1583);
#1586=DIRECTION('',(4.397121427660E-1,8.981387596046E-1,0.E0));
#1587=VECTOR('',#1586,1.326620421314E-1);
#1588=CARTESIAN_POINT('',(1.258333444595E0,-9.276595354080E-1,0.E0));
#1589=LINE('',#1588,#1587);
#1590=DIRECTION('',(6.996248351869E-1,7.145103848018E-1,0.E0));
#1591=VECTOR('',#1590,1.250670296411E-1);
#1592=CARTESIAN_POINT('',(1.316666555405E0,-8.085106134415E-1,0.E0));
#1593=LINE('',#1592,#1591);
#1594=DIRECTION('',(8.526536001913E-1,5.224766387895E-1,0.E0));
#1595=VECTOR('',#1594,1.710348077609E-1);
#1596=CARTESIAN_POINT('',(1.404166555405E0,-7.191489219666E-1,0.E0));
#1597=LINE('',#1596,#1595);
#1598=DIRECTION('',(9.858211730931E-1,1.677993286083E-1,0.E0));
#1599=VECTOR('',#1598,1.775169825689E-1);
#1600=CARTESIAN_POINT('',(1.55E0,-6.297872304916E-1,0.E0));
#1601=LINE('',#1600,#1599);
#1602=DIRECTION('',(9.858211730931E-1,-1.677993286083E-1,0.E0));
#1603=VECTOR('',#1602,1.775169825689E-1);
#1604=CARTESIAN_POINT('',(1.725E0,-6.E-1,0.E0));
#1605=LINE('',#1604,#1603);
#1606=DIRECTION('',(8.526536001913E-1,-5.224766387895E-1,0.E0));
#1607=VECTOR('',#1606,1.710348077609E-1);
#1608=CARTESIAN_POINT('',(1.9E0,-6.297872304916E-1,0.E0));
#1609=LINE('',#1608,#1607);
#1610=DIRECTION('',(6.996248351869E-1,-7.145103848018E-1,0.E0));
#1611=VECTOR('',#1610,1.250670296411E-1);
#1612=CARTESIAN_POINT('',(2.045833444595E0,-7.191489219666E-1,0.E0));
#1613=LINE('',#1612,#1611);
#1614=DIRECTION('',(4.397121427660E-1,-8.981387596046E-1,0.E0));
#1615=VECTOR('',#1614,1.326620421314E-1);
#1616=CARTESIAN_POINT('',(2.133333444595E0,-8.085106134415E-1,0.E0));
#1617=LINE('',#1616,#1615);
#1618=DIRECTION('',(3.102819424634E-1,-9.506445793151E-1,0.E0));
#1619=VECTOR('',#1618,9.400124596072E-2);
#1620=CARTESIAN_POINT('',(2.191666555405E0,-9.276595354080E-1,0.E0));
#1621=LINE('',#1620,#1619);
#1622=DIRECTION('',(1.921821473726E-1,-9.813592727596E-1,0.E0));
#1623=VECTOR('',#1622,1.517651655131E-1);
#1624=CARTESIAN_POINT('',(2.220833444595E0,-1.017021310329E0,0.E0));
#1625=LINE('',#1624,#1623);
#1626=DIRECTION('',(-1.610631980374E-1,9.869440947885E-1,0.E0));
#1627=VECTOR('',#1626,1.810876460922E-1);
#1628=CARTESIAN_POINT('',(2.104166555405E0,-1.195744693279E0,0.E0));
#1629=LINE('',#1628,#1627);
#1630=DIRECTION('',(-5.466220021285E-1,8.373794759779E-1,0.E0));
#1631=VECTOR('',#1630,2.134318687326E-1);
#1632=CARTESIAN_POINT('',(2.075E0,-1.017021310329E0,0.E0));
#1633=LINE('',#1632,#1631);
#1634=DIRECTION('',(-8.265992787996E-1,5.627909312417E-1,0.E0));
#1635=VECTOR('',#1634,1.058554032700E-1);
#1636=CARTESIAN_POINT('',(1.958333444595E0,-8.382978439331E-1,0.E0));
#1637=LINE('',#1636,#1635);
#1638=DIRECTION('',(-9.797707392153E-1,2.001232084928E-1,0.E0));
#1639=VECTOR('',#1638,1.488444579516E-1);
#1640=CARTESIAN_POINT('',(1.870833444595E0,-7.787233829498E-1,0.E0));
#1641=LINE('',#1640,#1639);
#1642=DIRECTION('',(-9.797707392153E-1,-2.001232084928E-1,0.E0));
#1643=VECTOR('',#1642,1.488444579516E-1);
#1644=CARTESIAN_POINT('',(1.725E0,-7.489361524582E-1,0.E0));
#1645=LINE('',#1644,#1643);
#1646=DIRECTION('',(-8.265992787996E-1,-5.627909312417E-1,0.E0));
#1647=VECTOR('',#1646,1.058554032700E-1);
#1648=CARTESIAN_POINT('',(1.579166555405E0,-7.787233829498E-1,0.E0));
#1649=LINE('',#1648,#1647);
#1650=DIRECTION('',(-5.466220021285E-1,-8.373794759779E-1,0.E0));
#1651=VECTOR('',#1650,2.134318687326E-1);
#1652=CARTESIAN_POINT('',(1.491666555405E0,-8.382978439331E-1,0.E0));
#1653=LINE('',#1652,#1651);
#1654=DIRECTION('',(-1.610631980374E-1,-9.869440947885E-1,0.E0));
#1655=VECTOR('',#1654,1.810876460922E-1);
#1656=CARTESIAN_POINT('',(1.375E0,-1.017021310329E0,0.E0));
#1657=LINE('',#1656,#1655);
#1658=DIRECTION('',(0.E0,-1.E0,0.E0));
#1659=VECTOR('',#1658,2.085106134415E-1);
#1660=CARTESIAN_POINT('',(1.345833444595E0,-1.195744693279E0,0.E0));
#1661=LINE('',#1660,#1659);
#1662=DIRECTION('',(1.610631614123E-1,-9.869441007655E-1,0.E0));
#1663=VECTOR('',#1662,1.810876872707E-1);
#1664=CARTESIAN_POINT('',(1.345833444595E0,-1.404255306721E0,0.E0));
#1665=LINE('',#1664,#1663);
#1666=DIRECTION('',(5.466221363492E-1,-8.373793883617E-1,0.E0));
#1667=VECTOR('',#1666,2.134318163254E-1);
#1668=CARTESIAN_POINT('',(1.375E0,-1.582978731394E0,0.E0));
#1669=LINE('',#1668,#1667);
#1670=DIRECTION('',(8.265992787996E-1,-5.627909312417E-1,0.E0));
#1671=VECTOR('',#1670,1.058554032700E-1);
#1672=CARTESIAN_POINT('',(1.491666555405E0,-1.761702135205E0,0.E0));
#1673=LINE('',#1672,#1671);
#1674=DIRECTION('',(9.797707392153E-1,-2.001232084928E-1,0.E0));
#1675=VECTOR('',#1674,1.488444579516E-1);
#1676=CARTESIAN_POINT('',(1.579166555405E0,-1.821276596189E0,0.E0));
#1677=LINE('',#1676,#1675);
#1678=DIRECTION('',(9.797707392153E-1,2.001232084928E-1,0.E0));
#1679=VECTOR('',#1678,1.488444579516E-1);
#1680=CARTESIAN_POINT('',(1.725E0,-1.851063826680E0,0.E0));
#1681=LINE('',#1680,#1679);
#1682=DIRECTION('',(8.265992787996E-1,5.627909312417E-1,0.E0));
#1683=VECTOR('',#1682,1.058554032700E-1);
#1684=CARTESIAN_POINT('',(1.870833444595E0,-1.821276596189E0,0.E0));
#1685=LINE('',#1684,#1683);
#1686=DIRECTION('',(5.466221363492E-1,8.373793883617E-1,0.E0));
#1687=VECTOR('',#1686,2.134318163254E-1);
#1688=CARTESIAN_POINT('',(1.958333444595E0,-1.761702135205E0,0.E0));
#1689=LINE('',#1688,#1687);
#1690=DIRECTION('',(1.610631614123E-1,9.869441007655E-1,0.E0));
#1691=VECTOR('',#1690,1.810876872707E-1);
#1692=CARTESIAN_POINT('',(2.075E0,-1.582978731394E0,0.E0));
#1693=LINE('',#1692,#1691);
#1694=DIRECTION('',(0.E0,1.E0,0.E0));
#1695=VECTOR('',#1694,2.085106134415E-1);
#1696=CARTESIAN_POINT('',(2.104166555405E0,-1.404255306721E0,0.E0));
#1697=LINE('',#1696,#1695);
#1698=DIRECTION('',(0.E0,1.E0,0.E0));
#1699=VECTOR('',#1698,1.4E0);
#1700=CARTESIAN_POINT('',(6.166668891907E-1,-2.E0,0.E0));
#1701=LINE('',#1700,#1699);
#1702=DIRECTION('',(1.E0,0.E0,0.E0));
#1703=VECTOR('',#1702,1.75E-1);
#1704=CARTESIAN_POINT('',(6.166668891907E-1,-6.E-1,0.E0));
#1705=LINE('',#1704,#1703);
#1706=DIRECTION('',(6.428712937139E-1,-7.659742160926E-1,0.E0));
#1707=VECTOR('',#1706,2.722162300777E-1);
#1708=CARTESIAN_POINT('',(7.916668891907E-1,-6.E-1,0.E0));
#1709=LINE('',#1708,#1707);
#1710=DIRECTION('',(0.E0,-1.E0,0.E0));
#1711=VECTOR('',#1710,2.382979273796E-1);
#1712=CARTESIAN_POINT('',(9.666668891907E-1,-8.085106134415E-1,0.E0));
#1713=LINE('',#1712,#1711);
#1714=DIRECTION('',(-6.428711427642E-1,7.659743427825E-1,0.E0));
#1715=VECTOR('',#1714,2.722162939956E-1);
#1716=CARTESIAN_POINT('',(9.666668891907E-1,-1.046808540821E0,0.E0));
#1717=LINE('',#1716,#1715);
#1718=DIRECTION('',(0.E0,-1.E0,0.E0));
#1719=VECTOR('',#1718,1.161702156067E0);
#1720=CARTESIAN_POINT('',(7.916668891907E-1,-8.382978439331E-1,0.E0));
#1721=LINE('',#1720,#1719);
#1722=DIRECTION('',(-1.E0,0.E0,0.E0));
#1723=VECTOR('',#1722,1.75E-1);
#1724=CARTESIAN_POINT('',(7.916668891907E-1,-2.E0,0.E0));
#1725=LINE('',#1724,#1723);
#1726=DIRECTION('',(0.E0,1.E0,0.E0));
#1727=VECTOR('',#1726,1.489361941814E-1);
#1728=CARTESIAN_POINT('',(-2.5E-2,-1.493617039919E0,0.E0));
#1729=LINE('',#1728,#1727);
#1730=DIRECTION('',(1.E0,0.E0,0.E0));
#1731=VECTOR('',#1730,4.083331108093E-1);
#1732=CARTESIAN_POINT('',(-2.5E-2,-1.344680845737E0,0.E0));
#1733=LINE('',#1732,#1731);
#1734=DIRECTION('',(0.E0,-1.E0,0.E0));
#1735=VECTOR('',#1734,1.489361941814E-1);
#1736=CARTESIAN_POINT('',(3.833331108093E-1,-1.344680845737E0,0.E0));
#1737=LINE('',#1736,#1735);
#1738=DIRECTION('',(-1.E0,0.E0,0.E0));
#1739=VECTOR('',#1738,4.083331108093E-1);
#1740=CARTESIAN_POINT('',(3.833331108093E-1,-1.493617039919E0,0.E0));
#1741=LINE('',#1740,#1739);
#1742=DIRECTION('',(1.E0,0.E0,0.E0));
#1743=VECTOR('',#1742,1.35E-1);
#1744=CARTESIAN_POINT('',(-3.455000021458E0,1.6E0,0.E0));
#1745=LINE('',#1744,#1743);
#1746=DIRECTION('',(5.163587434942E-1,-8.563723769582E-1,0.E0));
#1747=VECTOR('',#1746,5.664666560103E-1);
#1748=CARTESIAN_POINT('',(-3.320000021458E0,1.6E0,0.E0));
#1749=LINE('',#1748,#1747);
#1750=DIRECTION('',(5.163587434942E-1,8.563723769582E-1,0.E0));
#1751=VECTOR('',#1750,5.664666560103E-1);
#1752=CARTESIAN_POINT('',(-3.027500010729E0,1.114893603325E0,0.E0));
#1753=LINE('',#1752,#1751);
#1754=DIRECTION('',(1.E0,0.E0,0.E0));
#1755=VECTOR('',#1754,1.35E-1);
#1756=CARTESIAN_POINT('',(-2.735E0,1.6E0,0.E0));
#1757=LINE('',#1756,#1755);
#1758=DIRECTION('',(-5.226489858532E-1,-8.525479679095E-1,0.E0));
#1759=VECTOR('',#1758,6.887988314780E-1);
#1760=CARTESIAN_POINT('',(-2.6E0,1.6E0,0.E0));
#1761=LINE('',#1760,#1759);
#1762=DIRECTION('',(0.E0,-1.E0,0.E0));
#1763=VECTOR('',#1762,6.127659559250E-1);
#1764=CARTESIAN_POINT('',(-2.960000010729E0,1.012765955925E0,0.E0));
#1765=LINE('',#1764,#1763);
#1766=DIRECTION('',(-1.E0,0.E0,0.E0));
#1767=VECTOR('',#1766,1.35E-1);
#1768=CARTESIAN_POINT('',(-2.960000010729E0,4.E-1,0.E0));
#1769=LINE('',#1768,#1767);
#1770=DIRECTION('',(0.E0,1.E0,0.E0));
#1771=VECTOR('',#1770,6.127659559250E-1);
#1772=CARTESIAN_POINT('',(-3.095000010729E0,4.E-1,0.E0));
#1773=LINE('',#1772,#1771);
#1774=DIRECTION('',(-5.226489858532E-1,8.525479679095E-1,0.E0));
#1775=VECTOR('',#1774,6.887988314780E-1);
#1776=CARTESIAN_POINT('',(-3.095000010729E0,1.012765955925E0,0.E0));
#1777=LINE('',#1776,#1775);
#1778=DIRECTION('',(1.E0,0.E0,0.E0));
#1779=VECTOR('',#1778,1.35E-1);
#1780=CARTESIAN_POINT('',(-4.49E0,1.6E0,0.E0));
#1781=LINE('',#1780,#1779);
#1782=DIRECTION('',(5.163587851643E-1,-8.563723518328E-1,0.E0));
#1783=VECTOR('',#1782,5.664666726301E-1);
#1784=CARTESIAN_POINT('',(-4.355E0,1.6E0,0.E0));
#1785=LINE('',#1784,#1783);
#1786=DIRECTION('',(5.163586184838E-1,8.563724523346E-1,0.E0));
#1787=VECTOR('',#1786,5.664666061509E-1);
#1788=CARTESIAN_POINT('',(-4.062499957085E0,1.114893603325E0,0.E0));
#1789=LINE('',#1788,#1787);
#1790=DIRECTION('',(1.E0,0.E0,0.E0));
#1791=VECTOR('',#1790,1.350000643730E-1);
#1792=CARTESIAN_POINT('',(-3.770000042915E0,1.6E0,0.E0));
#1793=LINE('',#1792,#1791);
#1794=DIRECTION('',(-5.226489518892E-1,-8.525479887309E-1,0.E0));
#1795=VECTOR('',#1794,6.887988146558E-1);
#1796=CARTESIAN_POINT('',(-3.634999978542E0,1.6E0,0.E0));
#1797=LINE('',#1796,#1795);
#1798=DIRECTION('',(0.E0,-1.E0,0.E0));
#1799=VECTOR('',#1798,6.127659559250E-1);
#1800=CARTESIAN_POINT('',(-3.994999957085E0,1.012765955925E0,0.E0));
#1801=LINE('',#1800,#1799);
#1802=DIRECTION('',(-1.E0,0.E0,0.E0));
#1803=VECTOR('',#1802,1.35E-1);
#1804=CARTESIAN_POINT('',(-3.994999957085E0,4.E-1,0.E0));
#1805=LINE('',#1804,#1803);
#1806=DIRECTION('',(0.E0,1.E0,0.E0));
#1807=VECTOR('',#1806,6.127659559250E-1);
#1808=CARTESIAN_POINT('',(-4.129999957085E0,4.E-1,0.E0));
#1809=LINE('',#1808,#1807);
#1810=DIRECTION('',(-5.226490198172E-1,8.525479470881E-1,0.E0));
#1811=VECTOR('',#1810,6.887988483002E-1);
#1812=CARTESIAN_POINT('',(-4.129999957085E0,1.012765955925E0,0.E0));
#1813=LINE('',#1812,#1811);
#1814=DIRECTION('',(-1.824136155440E-1,9.832218838412E-1,0.E0));
#1815=VECTOR('',#1814,9.867689168592E-1);
#1816=CARTESIAN_POINT('',(-5.03E0,4.E-1,0.E0));
#1817=LINE('',#1816,#1815);
#1818=DIRECTION('',(-1.824133632822E-1,-9.832219306424E-1,0.E0));
#1819=VECTOR('',#1818,9.867688698892E-1);
#1820=CARTESIAN_POINT('',(-5.210000085831E0,1.370212793350E0,0.E0));
#1821=LINE('',#1820,#1819);
#1822=DIRECTION('',(-1.E0,0.E0,0.E0));
#1823=VECTOR('',#1822,1.800000858307E-1);
#1824=CARTESIAN_POINT('',(-5.389999914169E0,4.E-1,0.E0));
#1825=LINE('',#1824,#1823);
#1826=DIRECTION('',(-1.483405221080E-1,9.889363424916E-1,0.E0));
#1827=VECTOR('',#1826,1.213424917702E0);
#1828=CARTESIAN_POINT('',(-5.57E0,4.E-1,0.E0));
#1829=LINE('',#1828,#1827);
#1830=DIRECTION('',(1.E0,0.E0,0.E0));
#1831=VECTOR('',#1830,1.35E-1);
#1832=CARTESIAN_POINT('',(-5.750000085831E0,1.6E0,0.E0));
#1833=LINE('',#1832,#1831);
#1834=DIRECTION('',(1.453159661591E-1,-9.893852990515E-1,0.E0));
#1835=VECTOR('',#1834,9.290100982586E-1);
#1836=CARTESIAN_POINT('',(-5.615000085831E0,1.6E0,0.E0));
#1837=LINE('',#1836,#1835);
#1838=DIRECTION('',(1.921829200660E-1,9.813591214407E-1,0.E0));
#1839=VECTOR('',#1838,9.366081323401E-1);
#1840=CARTESIAN_POINT('',(-5.480000085831E0,6.808510661125E-1,0.E0));
#1841=LINE('',#1840,#1839);
#1842=DIRECTION('',(1.E0,0.E0,0.E0));
#1843=VECTOR('',#1842,1.800000858307E-1);
#1844=CARTESIAN_POINT('',(-5.3E0,1.6E0,0.E0));
#1845=LINE('',#1844,#1843);
#1846=DIRECTION('',(1.921826553002E-1,-9.813591732907E-1,0.E0));
#1847=VECTOR('',#1846,9.366080828545E-1);
#1848=CARTESIAN_POINT('',(-5.119999914169E0,1.6E0,0.E0));
#1849=LINE('',#1848,#1847);
#1850=DIRECTION('',(1.453159661591E-1,9.893852990515E-1,0.E0));
#1851=VECTOR('',#1850,9.290100982586E-1);
#1852=CARTESIAN_POINT('',(-4.940000085831E0,6.808510661125E-1,0.E0));
#1853=LINE('',#1852,#1851);
#1854=DIRECTION('',(1.E0,0.E0,0.E0));
#1855=VECTOR('',#1854,1.350001287460E-1);
#1856=CARTESIAN_POINT('',(-4.805000085831E0,1.6E0,0.E0));
#1857=LINE('',#1856,#1855);
#1858=DIRECTION('',(-1.483404183414E-1,-9.889363580566E-1,0.E0));
#1859=VECTOR('',#1858,1.213424898603E0);
#1860=CARTESIAN_POINT('',(-4.669999957085E0,1.6E0,0.E0));
#1861=LINE('',#1860,#1859);
#1862=DIRECTION('',(-1.E0,0.E0,0.E0));
#1863=VECTOR('',#1862,1.800000858307E-1);
#1864=CARTESIAN_POINT('',(-4.849999914169E0,4.E-1,0.E0));
#1865=LINE('',#1864,#1863);
#1866=DIRECTION('',(-1.824133632822E-1,9.832219306424E-1,0.E0));
#1867=VECTOR('',#1866,9.867688698892E-1);
#1868=CARTESIAN_POINT('',(-6.290000085831E0,4.E-1,0.E0));
#1869=LINE('',#1868,#1867);
#1870=DIRECTION('',(-1.824136155440E-1,-9.832218838412E-1,0.E0));
#1871=VECTOR('',#1870,9.867689168592E-1);
#1872=CARTESIAN_POINT('',(-6.469999914169E0,1.370212793350E0,0.E0));
#1873=LINE('',#1872,#1871);
#1874=DIRECTION('',(-1.E0,0.E0,0.E0));
#1875=VECTOR('',#1874,1.800000858307E-1);
#1876=CARTESIAN_POINT('',(-6.65E0,4.E-1,0.E0));
#1877=LINE('',#1876,#1875);
#1878=DIRECTION('',(-1.483405221080E-1,9.889363424916E-1,0.E0));
#1879=VECTOR('',#1878,1.213424917702E0);
#1880=CARTESIAN_POINT('',(-6.830000085831E0,4.E-1,0.E0));
#1881=LINE('',#1880,#1879);
#1882=DIRECTION('',(1.E0,0.E0,0.E0));
#1883=VECTOR('',#1882,1.350002574921E-1);
#1884=CARTESIAN_POINT('',(-7.010000171661E0,1.6E0,0.E0));
#1885=LINE('',#1884,#1883);
#1886=DIRECTION('',(1.453159661591E-1,-9.893852990515E-1,0.E0));
#1887=VECTOR('',#1886,9.290100982586E-1);
#1888=CARTESIAN_POINT('',(-6.874999914169E0,1.6E0,0.E0));
#1889=LINE('',#1888,#1887);
#1890=DIRECTION('',(1.921826553002E-1,9.813591732907E-1,0.E0));
#1891=VECTOR('',#1890,9.366080828545E-1);
#1892=CARTESIAN_POINT('',(-6.739999914169E0,6.808510661125E-1,0.E0));
#1893=LINE('',#1892,#1891);
#1894=DIRECTION('',(1.E0,0.E0,0.E0));
#1895=VECTOR('',#1894,1.800000858307E-1);
#1896=CARTESIAN_POINT('',(-6.560000085831E0,1.6E0,0.E0));
#1897=LINE('',#1896,#1895);
#1898=DIRECTION('',(1.921829200660E-1,-9.813591214407E-1,0.E0));
#1899=VECTOR('',#1898,9.366081323401E-1);
#1900=CARTESIAN_POINT('',(-6.38E0,1.6E0,0.E0));
#1901=LINE('',#1900,#1899);
#1902=DIRECTION('',(1.453159661591E-1,9.893852990515E-1,0.E0));
#1903=VECTOR('',#1902,9.290100982586E-1);
#1904=CARTESIAN_POINT('',(-6.199999914169E0,6.808510661125E-1,0.E0));
#1905=LINE('',#1904,#1903);
#1906=DIRECTION('',(1.E0,0.E0,0.E0));
#1907=VECTOR('',#1906,1.35E-1);
#1908=CARTESIAN_POINT('',(-6.064999914169E0,1.6E0,0.E0));
#1909=LINE('',#1908,#1907);
#1910=DIRECTION('',(-1.483405221080E-1,-9.889363424916E-1,0.E0));
#1911=VECTOR('',#1910,1.213424917702E0);
#1912=CARTESIAN_POINT('',(-5.929999914169E0,1.6E0,0.E0));
#1913=LINE('',#1912,#1911);
#1914=DIRECTION('',(-1.E0,0.E0,0.E0));
#1915=VECTOR('',#1914,1.800000858307E-1);
#1916=CARTESIAN_POINT('',(-6.11E0,4.E-1,0.E0));
#1917=LINE('',#1916,#1915);
#1918=DIRECTION('',(0.E0,0.E0,1.E0));
#1919=VECTOR('',#1918,3.E-1);
#1920=CARTESIAN_POINT('',(7.75E0,4.25E0,1.12E1));
#1921=LINE('',#1920,#1919);
#1922=DIRECTION('',(0.E0,0.E0,1.E0));
#1923=VECTOR('',#1922,3.E-1);
#1924=CARTESIAN_POINT('',(6.75E0,-5.25E0,1.12E1));
#1925=LINE('',#1924,#1923);
#1926=DIRECTION('',(0.E0,0.E0,-1.E0));
#1927=VECTOR('',#1926,1.15E1);
#1928=CARTESIAN_POINT('',(7.75E0,-5.25E0,1.15E1));
#1929=LINE('',#1928,#1927);
#1930=DIRECTION('',(0.E0,0.E0,1.E0));
#1931=VECTOR('',#1930,1.15E1);
#1932=CARTESIAN_POINT('',(-7.75E0,-5.25E0,0.E0));
#1933=LINE('',#1932,#1931);
#1934=DIRECTION('',(-1.E0,0.E0,0.E0));
#1935=VECTOR('',#1934,3.E-1);
#1936=CARTESIAN_POINT('',(7.75E0,4.25E0,1.12E1));
#1937=LINE('',#1936,#1935);
#1938=DIRECTION('',(0.E0,-1.E0,0.E0));
#1939=VECTOR('',#1938,8.5E0);
#1940=CARTESIAN_POINT('',(7.75E0,4.25E0,1.12E1));
#1941=LINE('',#1940,#1939);
#1942=DIRECTION('',(-1.E0,0.E0,0.E0));
#1943=VECTOR('',#1942,3.E-1);
#1944=CARTESIAN_POINT('',(7.75E0,-4.25E0,1.12E1));
#1945=LINE('',#1944,#1943);
#1946=DIRECTION('',(0.E0,1.E0,0.E0));
#1947=VECTOR('',#1946,8.5E0);
#1948=CARTESIAN_POINT('',(7.45E0,-4.25E0,1.12E1));
#1949=LINE('',#1948,#1947);
#1950=DIRECTION('',(0.E0,-1.E0,0.E0));
#1951=VECTOR('',#1950,3.E-1);
#1952=CARTESIAN_POINT('',(6.75E0,5.25E0,1.12E1));
#1953=LINE('',#1952,#1951);
#1954=DIRECTION('',(-1.E0,0.E0,0.E0));
#1955=VECTOR('',#1954,1.35E1);
#1956=CARTESIAN_POINT('',(6.75E0,4.95E0,1.12E1));
#1957=LINE('',#1956,#1955);
#1958=DIRECTION('',(0.E0,-1.E0,0.E0));
#1959=VECTOR('',#1958,3.E-1);
#1960=CARTESIAN_POINT('',(-6.75E0,5.25E0,1.12E1));
#1961=LINE('',#1960,#1959);
#1962=DIRECTION('',(-1.E0,0.E0,0.E0));
#1963=VECTOR('',#1962,1.35E1);
#1964=CARTESIAN_POINT('',(6.75E0,5.25E0,1.12E1));
#1965=LINE('',#1964,#1963);
#1966=DIRECTION('',(1.E0,0.E0,0.E0));
#1967=VECTOR('',#1966,3.E-1);
#1968=CARTESIAN_POINT('',(-7.75E0,4.25E0,1.12E1));
#1969=LINE('',#1968,#1967);
#1970=DIRECTION('',(0.E0,-1.E0,0.E0));
#1971=VECTOR('',#1970,8.5E0);
#1972=CARTESIAN_POINT('',(-7.45E0,4.25E0,1.12E1));
#1973=LINE('',#1972,#1971);
#1974=DIRECTION('',(1.E0,0.E0,0.E0));
#1975=VECTOR('',#1974,3.E-1);
#1976=CARTESIAN_POINT('',(-7.75E0,-4.25E0,1.12E1));
#1977=LINE('',#1976,#1975);
#1978=DIRECTION('',(0.E0,1.E0,0.E0));
#1979=VECTOR('',#1978,8.5E0);
#1980=CARTESIAN_POINT('',(-7.75E0,-4.25E0,1.12E1));
#1981=LINE('',#1980,#1979);
#1982=DIRECTION('',(0.E0,1.E0,0.E0));
#1983=VECTOR('',#1982,3.E-1);
#1984=CARTESIAN_POINT('',(-6.75E0,-5.25E0,1.12E1));
#1985=LINE('',#1984,#1983);
#1986=DIRECTION('',(1.E0,0.E0,0.E0));
#1987=VECTOR('',#1986,1.35E1);
#1988=CARTESIAN_POINT('',(-6.75E0,-4.95E0,1.12E1));
#1989=LINE('',#1988,#1987);
#1990=DIRECTION('',(0.E0,1.E0,0.E0));
#1991=VECTOR('',#1990,3.E-1);
#1992=CARTESIAN_POINT('',(6.75E0,-5.25E0,1.12E1));
#1993=LINE('',#1992,#1991);
#1994=DIRECTION('',(-1.E0,0.E0,0.E0));
#1995=VECTOR('',#1994,1.35E1);
#1996=CARTESIAN_POINT('',(6.75E0,-5.25E0,1.12E1));
#1997=LINE('',#1996,#1995);
#1998=DIRECTION('',(0.E0,0.E0,1.E0));
#1999=VECTOR('',#1998,3.E-1);
#2000=CARTESIAN_POINT('',(7.45E0,4.25E0,1.12E1));
#2001=LINE('',#2000,#1999);
#2002=DIRECTION('',(0.E0,0.E0,1.E0));
#2003=VECTOR('',#2002,3.E-1);
#2004=CARTESIAN_POINT('',(7.45E0,-4.25E0,1.12E1));
#2005=LINE('',#2004,#2003);
#2006=DIRECTION('',(0.E0,0.E0,1.E0));
#2007=VECTOR('',#2006,3.E-1);
#2008=CARTESIAN_POINT('',(7.75E0,-4.25E0,1.12E1));
#2009=LINE('',#2008,#2007);
#2010=DIRECTION('',(0.E0,-1.E0,0.E0));
#2011=VECTOR('',#2010,7.E-1);
#2012=CARTESIAN_POINT('',(7.45E0,4.95E0,1.15E1));
#2013=LINE('',#2012,#2011);
#2014=DIRECTION('',(1.E0,0.E0,0.E0));
#2015=VECTOR('',#2014,7.E-1);
#2016=CARTESIAN_POINT('',(6.75E0,4.95E0,1.15E1));
#2017=LINE('',#2016,#2015);
#2018=DIRECTION('',(0.E0,-1.E0,0.E0));
#2019=VECTOR('',#2018,3.E-1);
#2020=CARTESIAN_POINT('',(6.75E0,5.25E0,1.15E1));
#2021=LINE('',#2020,#2019);
#2022=DIRECTION('',(-1.E0,0.E0,0.E0));
#2023=VECTOR('',#2022,1.E0);
#2024=CARTESIAN_POINT('',(7.75E0,5.25E0,1.15E1));
#2025=LINE('',#2024,#2023);
#2026=DIRECTION('',(0.E0,1.E0,0.E0));
#2027=VECTOR('',#2026,1.E0);
#2028=CARTESIAN_POINT('',(7.75E0,4.25E0,1.15E1));
#2029=LINE('',#2028,#2027);
#2030=DIRECTION('',(1.E0,0.E0,0.E0));
#2031=VECTOR('',#2030,3.E-1);
#2032=CARTESIAN_POINT('',(7.45E0,4.25E0,1.15E1));
#2033=LINE('',#2032,#2031);
#2034=DIRECTION('',(0.E0,1.E0,0.E0));
#2035=VECTOR('',#2034,3.E-1);
#2036=CARTESIAN_POINT('',(-6.75E0,4.95E0,1.15E1));
#2037=LINE('',#2036,#2035);
#2038=DIRECTION('',(1.E0,0.E0,0.E0));
#2039=VECTOR('',#2038,7.E-1);
#2040=CARTESIAN_POINT('',(-7.45E0,4.95E0,1.15E1));
#2041=LINE('',#2040,#2039);
#2042=DIRECTION('',(0.E0,1.E0,0.E0));
#2043=VECTOR('',#2042,7.E-1);
#2044=CARTESIAN_POINT('',(-7.45E0,4.25E0,1.15E1));
#2045=LINE('',#2044,#2043);
#2046=DIRECTION('',(1.E0,0.E0,0.E0));
#2047=VECTOR('',#2046,3.E-1);
#2048=CARTESIAN_POINT('',(-7.75E0,4.25E0,1.15E1));
#2049=LINE('',#2048,#2047);
#2050=DIRECTION('',(0.E0,-1.E0,0.E0));
#2051=VECTOR('',#2050,1.E0);
#2052=CARTESIAN_POINT('',(-7.75E0,5.25E0,1.15E1));
#2053=LINE('',#2052,#2051);
#2054=DIRECTION('',(-1.E0,0.E0,0.E0));
#2055=VECTOR('',#2054,1.E0);
#2056=CARTESIAN_POINT('',(-6.75E0,5.25E0,1.15E1));
#2057=LINE('',#2056,#2055);
#2058=DIRECTION('',(-1.E0,0.E0,0.E0));
#2059=VECTOR('',#2058,3.E-1);
#2060=CARTESIAN_POINT('',(-7.45E0,-4.25E0,1.15E1));
#2061=LINE('',#2060,#2059);
#2062=DIRECTION('',(0.E0,1.E0,0.E0));
#2063=VECTOR('',#2062,7.E-1);
#2064=CARTESIAN_POINT('',(-7.45E0,-4.95E0,1.15E1));
#2065=LINE('',#2064,#2063);
#2066=DIRECTION('',(-1.E0,0.E0,0.E0));
#2067=VECTOR('',#2066,7.E-1);
#2068=CARTESIAN_POINT('',(-6.75E0,-4.95E0,1.15E1));
#2069=LINE('',#2068,#2067);
#2070=DIRECTION('',(0.E0,1.E0,0.E0));
#2071=VECTOR('',#2070,3.E-1);
#2072=CARTESIAN_POINT('',(-6.75E0,-5.25E0,1.15E1));
#2073=LINE('',#2072,#2071);
#2074=DIRECTION('',(1.E0,0.E0,0.E0));
#2075=VECTOR('',#2074,1.E0);
#2076=CARTESIAN_POINT('',(-7.75E0,-5.25E0,1.15E1));
#2077=LINE('',#2076,#2075);
#2078=DIRECTION('',(0.E0,-1.E0,0.E0));
#2079=VECTOR('',#2078,1.E0);
#2080=CARTESIAN_POINT('',(-7.75E0,-4.25E0,1.15E1));
#2081=LINE('',#2080,#2079);
#2082=DIRECTION('',(0.E0,-1.E0,0.E0));
#2083=VECTOR('',#2082,3.E-1);
#2084=CARTESIAN_POINT('',(6.75E0,-4.95E0,1.15E1));
#2085=LINE('',#2084,#2083);
#2086=DIRECTION('',(-1.E0,0.E0,0.E0));
#2087=VECTOR('',#2086,7.E-1);
#2088=CARTESIAN_POINT('',(7.45E0,-4.95E0,1.15E1));
#2089=LINE('',#2088,#2087);
#2090=DIRECTION('',(0.E0,-1.E0,0.E0));
#2091=VECTOR('',#2090,7.E-1);
#2092=CARTESIAN_POINT('',(7.45E0,-4.25E0,1.15E1));
#2093=LINE('',#2092,#2091);
#2094=DIRECTION('',(-1.E0,0.E0,0.E0));
#2095=VECTOR('',#2094,3.E-1);
#2096=CARTESIAN_POINT('',(7.75E0,-4.25E0,1.15E1));
#2097=LINE('',#2096,#2095);
#2098=DIRECTION('',(0.E0,1.E0,0.E0));
#2099=VECTOR('',#2098,1.E0);
#2100=CARTESIAN_POINT('',(7.75E0,-5.25E0,1.15E1));
#2101=LINE('',#2100,#2099);
#2102=DIRECTION('',(1.E0,0.E0,0.E0));
#2103=VECTOR('',#2102,1.E0);
#2104=CARTESIAN_POINT('',(6.75E0,-5.25E0,1.15E1));
#2105=LINE('',#2104,#2103);
#2106=DIRECTION('',(0.E0,0.E0,1.E0));
#2107=VECTOR('',#2106,3.E-1);
#2108=CARTESIAN_POINT('',(6.75E0,4.95E0,1.12E1));
#2109=LINE('',#2108,#2107);
#2110=DIRECTION('',(0.E0,0.E0,-1.E0));
#2111=VECTOR('',#2110,5.E-1);
#2112=CARTESIAN_POINT('',(7.45E0,4.95E0,1.15E1));
#2113=LINE('',#2112,#2111);
#2114=DIRECTION('',(0.E0,0.E0,1.E0));
#2115=VECTOR('',#2114,3.E-1);
#2116=CARTESIAN_POINT('',(-7.45E0,4.25E0,1.12E1));
#2117=LINE('',#2116,#2115);
#2118=DIRECTION('',(0.E0,0.E0,-1.E0));
#2119=VECTOR('',#2118,5.E-1);
#2120=CARTESIAN_POINT('',(-7.45E0,4.95E0,1.15E1));
#2121=LINE('',#2120,#2119);
#2122=DIRECTION('',(0.E0,0.E0,1.E0));
#2123=VECTOR('',#2122,5.E-1);
#2124=CARTESIAN_POINT('',(7.45E0,-4.95E0,1.1E1));
#2125=LINE('',#2124,#2123);
#2126=DIRECTION('',(0.E0,0.E0,1.E0));
#2127=VECTOR('',#2126,3.E-1);
#2128=CARTESIAN_POINT('',(-6.75E0,-4.95E0,1.12E1));
#2129=LINE('',#2128,#2127);
#2130=DIRECTION('',(0.E0,0.E0,-1.E0));
#2131=VECTOR('',#2130,5.E-1);
#2132=CARTESIAN_POINT('',(-7.45E0,-4.95E0,1.15E1));
#2133=LINE('',#2132,#2131);
#2134=DIRECTION('',(0.E0,0.E0,1.E0));
#2135=VECTOR('',#2134,3.E-1);
#2136=CARTESIAN_POINT('',(6.75E0,-4.95E0,1.12E1));
#2137=LINE('',#2136,#2135);
#2138=DIRECTION('',(0.E0,0.E0,1.E0));
#2139=VECTOR('',#2138,3.E-1);
#2140=CARTESIAN_POINT('',(-6.75E0,-5.25E0,1.12E1));
#2141=LINE('',#2140,#2139);
#2142=DIRECTION('',(1.E0,0.E0,0.E0));
#2143=VECTOR('',#2142,1.49E1);
#2144=CARTESIAN_POINT('',(-7.45E0,-4.95E0,1.1E1));
#2145=LINE('',#2144,#2143);
#2146=DIRECTION('',(0.E0,-1.E0,0.E0));
#2147=VECTOR('',#2146,9.9E0);
#2148=CARTESIAN_POINT('',(-7.45E0,4.95E0,1.1E1));
#2149=LINE('',#2148,#2147);
#2150=DIRECTION('',(-1.E0,0.E0,0.E0));
#2151=VECTOR('',#2150,1.49E1);
#2152=CARTESIAN_POINT('',(7.45E0,4.95E0,1.1E1));
#2153=LINE('',#2152,#2151);
#2154=DIRECTION('',(0.E0,1.E0,0.E0));
#2155=VECTOR('',#2154,9.9E0);
#2156=CARTESIAN_POINT('',(7.45E0,-4.95E0,1.1E1));
#2157=LINE('',#2156,#2155);
#2158=DIRECTION('',(0.E0,-1.E0,0.E0));
#2159=VECTOR('',#2158,2.E-1);
#2160=CARTESIAN_POINT('',(6.05E0,3.91E0,1.1E1));
#2161=LINE('',#2160,#2159);
#2162=DIRECTION('',(1.E0,0.E0,0.E0));
#2163=VECTOR('',#2162,4.E-1);
#2164=CARTESIAN_POINT('',(6.05E0,3.71E0,1.1E1));
#2165=LINE('',#2164,#2163);
#2166=DIRECTION('',(0.E0,1.E0,0.E0));
#2167=VECTOR('',#2166,2.E-1);
#2168=CARTESIAN_POINT('',(6.45E0,3.71E0,1.1E1));
#2169=LINE('',#2168,#2167);
#2170=DIRECTION('',(-1.E0,0.E0,0.E0));
#2171=VECTOR('',#2170,4.E-1);
#2172=CARTESIAN_POINT('',(6.45E0,3.91E0,1.1E1));
#2173=LINE('',#2172,#2171);
#2174=DIRECTION('',(1.E0,0.E0,0.E0));
#2175=VECTOR('',#2174,4.E-1);
#2176=CARTESIAN_POINT('',(6.05E0,-3.91E0,1.1E1));
#2177=LINE('',#2176,#2175);
#2178=DIRECTION('',(0.E0,1.E0,0.E0));
#2179=VECTOR('',#2178,2.E-1);
#2180=CARTESIAN_POINT('',(6.45E0,-3.91E0,1.1E1));
#2181=LINE('',#2180,#2179);
#2182=DIRECTION('',(-1.E0,0.E0,0.E0));
#2183=VECTOR('',#2182,4.E-1);
#2184=CARTESIAN_POINT('',(6.45E0,-3.71E0,1.1E1));
#2185=LINE('',#2184,#2183);
#2186=DIRECTION('',(0.E0,-1.E0,0.E0));
#2187=VECTOR('',#2186,2.E-1);
#2188=CARTESIAN_POINT('',(6.05E0,-3.71E0,1.1E1));
#2189=LINE('',#2188,#2187);
#2190=DIRECTION('',(0.E0,-1.E0,0.E0));
#2191=VECTOR('',#2190,2.E-1);
#2192=CARTESIAN_POINT('',(-6.65E0,3.91E0,1.1E1));
#2193=LINE('',#2192,#2191);
#2194=DIRECTION('',(1.E0,0.E0,0.E0));
#2195=VECTOR('',#2194,4.E-1);
#2196=CARTESIAN_POINT('',(-6.65E0,3.71E0,1.1E1));
#2197=LINE('',#2196,#2195);
#2198=DIRECTION('',(0.E0,1.E0,0.E0));
#2199=VECTOR('',#2198,2.E-1);
#2200=CARTESIAN_POINT('',(-6.25E0,3.71E0,1.1E1));
#2201=LINE('',#2200,#2199);
#2202=DIRECTION('',(-1.E0,0.E0,0.E0));
#2203=VECTOR('',#2202,4.E-1);
#2204=CARTESIAN_POINT('',(-6.25E0,3.91E0,1.1E1));
#2205=LINE('',#2204,#2203);
#2206=DIRECTION('',(0.E0,-1.E0,0.E0));
#2207=VECTOR('',#2206,2.E-1);
#2208=CARTESIAN_POINT('',(-4.11E0,3.91E0,1.1E1));
#2209=LINE('',#2208,#2207);
#2210=DIRECTION('',(1.E0,0.E0,0.E0));
#2211=VECTOR('',#2210,4.E-1);
#2212=CARTESIAN_POINT('',(-4.11E0,3.71E0,1.1E1));
#2213=LINE('',#2212,#2211);
#2214=DIRECTION('',(0.E0,1.E0,0.E0));
#2215=VECTOR('',#2214,2.E-1);
#2216=CARTESIAN_POINT('',(-3.71E0,3.71E0,1.1E1));
#2217=LINE('',#2216,#2215);
#2218=DIRECTION('',(-1.E0,0.E0,0.E0));
#2219=VECTOR('',#2218,4.E-1);
#2220=CARTESIAN_POINT('',(-3.71E0,3.91E0,1.1E1));
#2221=LINE('',#2220,#2219);
#2222=DIRECTION('',(1.E0,0.E0,0.E0));
#2223=VECTOR('',#2222,4.E-1);
#2224=CARTESIAN_POINT('',(-6.65E0,-3.91E0,1.1E1));
#2225=LINE('',#2224,#2223);
#2226=DIRECTION('',(0.E0,1.E0,0.E0));
#2227=VECTOR('',#2226,2.E-1);
#2228=CARTESIAN_POINT('',(-6.25E0,-3.91E0,1.1E1));
#2229=LINE('',#2228,#2227);
#2230=DIRECTION('',(-1.E0,0.E0,0.E0));
#2231=VECTOR('',#2230,4.E-1);
#2232=CARTESIAN_POINT('',(-6.25E0,-3.71E0,1.1E1));
#2233=LINE('',#2232,#2231);
#2234=DIRECTION('',(0.E0,-1.E0,0.E0));
#2235=VECTOR('',#2234,2.E-1);
#2236=CARTESIAN_POINT('',(-6.65E0,-3.71E0,1.1E1));
#2237=LINE('',#2236,#2235);
#2238=DIRECTION('',(1.E0,0.E0,0.E0));
#2239=VECTOR('',#2238,4.E-1);
#2240=CARTESIAN_POINT('',(-4.11E0,-3.91E0,1.1E1));
#2241=LINE('',#2240,#2239);
#2242=DIRECTION('',(0.E0,1.E0,0.E0));
#2243=VECTOR('',#2242,2.E-1);
#2244=CARTESIAN_POINT('',(-3.71E0,-3.91E0,1.1E1));
#2245=LINE('',#2244,#2243);
#2246=DIRECTION('',(-1.E0,0.E0,0.E0));
#2247=VECTOR('',#2246,4.E-1);
#2248=CARTESIAN_POINT('',(-3.71E0,-3.71E0,1.1E1));
#2249=LINE('',#2248,#2247);
#2250=DIRECTION('',(0.E0,-1.E0,0.E0));
#2251=VECTOR('',#2250,2.E-1);
#2252=CARTESIAN_POINT('',(-4.11E0,-3.71E0,1.1E1));
#2253=LINE('',#2252,#2251);
#2254=DIRECTION('',(0.E0,0.E0,1.E0));
#2255=VECTOR('',#2254,3.9E0);
#2256=CARTESIAN_POINT('',(6.05E0,3.91E0,1.1E1));
#2257=LINE('',#2256,#2255);
#2258=DIRECTION('',(0.E0,0.E0,1.E0));
#2259=VECTOR('',#2258,3.9E0);
#2260=CARTESIAN_POINT('',(6.45E0,3.91E0,1.1E1));
#2261=LINE('',#2260,#2259);
#2262=DIRECTION('',(0.E0,0.E0,1.E0));
#2263=VECTOR('',#2262,3.9E0);
#2264=CARTESIAN_POINT('',(6.45E0,3.71E0,1.1E1));
#2265=LINE('',#2264,#2263);
#2266=DIRECTION('',(0.E0,0.E0,1.E0));
#2267=VECTOR('',#2266,3.9E0);
#2268=CARTESIAN_POINT('',(6.05E0,3.71E0,1.1E1));
#2269=LINE('',#2268,#2267);
#2270=DIRECTION('',(0.E0,-1.E0,0.E0));
#2271=VECTOR('',#2270,2.E-1);
#2272=CARTESIAN_POINT('',(6.05E0,3.91E0,1.49E1));
#2273=LINE('',#2272,#2271);
#2274=DIRECTION('',(-1.E0,0.E0,0.E0));
#2275=VECTOR('',#2274,4.E-1);
#2276=CARTESIAN_POINT('',(6.45E0,3.91E0,1.49E1));
#2277=LINE('',#2276,#2275);
#2278=DIRECTION('',(0.E0,1.E0,0.E0));
#2279=VECTOR('',#2278,2.E-1);
#2280=CARTESIAN_POINT('',(6.45E0,3.71E0,1.49E1));
#2281=LINE('',#2280,#2279);
#2282=DIRECTION('',(1.E0,0.E0,0.E0));
#2283=VECTOR('',#2282,4.E-1);
#2284=CARTESIAN_POINT('',(6.05E0,3.71E0,1.49E1));
#2285=LINE('',#2284,#2283);
#2286=DIRECTION('',(1.E0,0.E0,0.E0));
#2287=VECTOR('',#2286,4.E-1);
#2288=CARTESIAN_POINT('',(6.05E0,-3.91E0,1.49E1));
#2289=LINE('',#2288,#2287);
#2290=DIRECTION('',(0.E0,-1.E0,0.E0));
#2291=VECTOR('',#2290,2.E-1);
#2292=CARTESIAN_POINT('',(6.05E0,-3.71E0,1.49E1));
#2293=LINE('',#2292,#2291);
#2294=DIRECTION('',(-1.E0,0.E0,0.E0));
#2295=VECTOR('',#2294,4.E-1);
#2296=CARTESIAN_POINT('',(6.45E0,-3.71E0,1.49E1));
#2297=LINE('',#2296,#2295);
#2298=DIRECTION('',(0.E0,1.E0,0.E0));
#2299=VECTOR('',#2298,2.E-1);
#2300=CARTESIAN_POINT('',(6.45E0,-3.91E0,1.49E1));
#2301=LINE('',#2300,#2299);
#2302=DIRECTION('',(0.E0,-1.E0,0.E0));
#2303=VECTOR('',#2302,2.E-1);
#2304=CARTESIAN_POINT('',(-6.65E0,3.91E0,1.49E1));
#2305=LINE('',#2304,#2303);
#2306=DIRECTION('',(-1.E0,0.E0,0.E0));
#2307=VECTOR('',#2306,4.E-1);
#2308=CARTESIAN_POINT('',(-6.25E0,3.91E0,1.49E1));
#2309=LINE('',#2308,#2307);
#2310=DIRECTION('',(0.E0,1.E0,0.E0));
#2311=VECTOR('',#2310,2.E-1);
#2312=CARTESIAN_POINT('',(-6.25E0,3.71E0,1.49E1));
#2313=LINE('',#2312,#2311);
#2314=DIRECTION('',(1.E0,0.E0,0.E0));
#2315=VECTOR('',#2314,4.E-1);
#2316=CARTESIAN_POINT('',(-6.65E0,3.71E0,1.49E1));
#2317=LINE('',#2316,#2315);
#2318=DIRECTION('',(0.E0,-1.E0,0.E0));
#2319=VECTOR('',#2318,2.E-1);
#2320=CARTESIAN_POINT('',(-4.11E0,3.91E0,1.49E1));
#2321=LINE('',#2320,#2319);
#2322=DIRECTION('',(-1.E0,0.E0,0.E0));
#2323=VECTOR('',#2322,4.E-1);
#2324=CARTESIAN_POINT('',(-3.71E0,3.91E0,1.49E1));
#2325=LINE('',#2324,#2323);
#2326=DIRECTION('',(0.E0,1.E0,0.E0));
#2327=VECTOR('',#2326,2.E-1);
#2328=CARTESIAN_POINT('',(-3.71E0,3.71E0,1.49E1));
#2329=LINE('',#2328,#2327);
#2330=DIRECTION('',(1.E0,0.E0,0.E0));
#2331=VECTOR('',#2330,4.E-1);
#2332=CARTESIAN_POINT('',(-4.11E0,3.71E0,1.49E1));
#2333=LINE('',#2332,#2331);
#2334=DIRECTION('',(1.E0,0.E0,0.E0));
#2335=VECTOR('',#2334,4.E-1);
#2336=CARTESIAN_POINT('',(-6.65E0,-3.91E0,1.49E1));
#2337=LINE('',#2336,#2335);
#2338=DIRECTION('',(0.E0,-1.E0,0.E0));
#2339=VECTOR('',#2338,2.E-1);
#2340=CARTESIAN_POINT('',(-6.65E0,-3.71E0,1.49E1));
#2341=LINE('',#2340,#2339);
#2342=DIRECTION('',(-1.E0,0.E0,0.E0));
#2343=VECTOR('',#2342,4.E-1);
#2344=CARTESIAN_POINT('',(-6.25E0,-3.71E0,1.49E1));
#2345=LINE('',#2344,#2343);
#2346=DIRECTION('',(0.E0,1.E0,0.E0));
#2347=VECTOR('',#2346,2.E-1);
#2348=CARTESIAN_POINT('',(-6.25E0,-3.91E0,1.49E1));
#2349=LINE('',#2348,#2347);
#2350=DIRECTION('',(1.E0,0.E0,0.E0));
#2351=VECTOR('',#2350,4.E-1);
#2352=CARTESIAN_POINT('',(-4.11E0,-3.91E0,1.49E1));
#2353=LINE('',#2352,#2351);
#2354=DIRECTION('',(0.E0,-1.E0,0.E0));
#2355=VECTOR('',#2354,2.E-1);
#2356=CARTESIAN_POINT('',(-4.11E0,-3.71E0,1.49E1));
#2357=LINE('',#2356,#2355);
#2358=DIRECTION('',(-1.E0,0.E0,0.E0));
#2359=VECTOR('',#2358,4.E-1);
#2360=CARTESIAN_POINT('',(-3.71E0,-3.71E0,1.49E1));
#2361=LINE('',#2360,#2359);
#2362=DIRECTION('',(0.E0,1.E0,0.E0));
#2363=VECTOR('',#2362,2.E-1);
#2364=CARTESIAN_POINT('',(-3.71E0,-3.91E0,1.49E1));
#2365=LINE('',#2364,#2363);
#2366=DIRECTION('',(0.E0,0.E0,1.E0));
#2367=VECTOR('',#2366,3.9E0);
#2368=CARTESIAN_POINT('',(6.05E0,-3.91E0,1.1E1));
#2369=LINE('',#2368,#2367);
#2370=DIRECTION('',(0.E0,0.E0,1.E0));
#2371=VECTOR('',#2370,3.9E0);
#2372=CARTESIAN_POINT('',(6.05E0,-3.71E0,1.1E1));
#2373=LINE('',#2372,#2371);
#2374=DIRECTION('',(0.E0,0.E0,1.E0));
#2375=VECTOR('',#2374,3.9E0);
#2376=CARTESIAN_POINT('',(6.45E0,-3.71E0,1.1E1));
#2377=LINE('',#2376,#2375);
#2378=DIRECTION('',(0.E0,0.E0,1.E0));
#2379=VECTOR('',#2378,3.9E0);
#2380=CARTESIAN_POINT('',(6.45E0,-3.91E0,1.1E1));
#2381=LINE('',#2380,#2379);
#2382=DIRECTION('',(0.E0,0.E0,1.E0));
#2383=VECTOR('',#2382,3.9E0);
#2384=CARTESIAN_POINT('',(-6.65E0,3.91E0,1.1E1));
#2385=LINE('',#2384,#2383);
#2386=DIRECTION('',(0.E0,0.E0,1.E0));
#2387=VECTOR('',#2386,3.9E0);
#2388=CARTESIAN_POINT('',(-6.25E0,3.91E0,1.1E1));
#2389=LINE('',#2388,#2387);
#2390=DIRECTION('',(0.E0,0.E0,1.E0));
#2391=VECTOR('',#2390,3.9E0);
#2392=CARTESIAN_POINT('',(-6.25E0,3.71E0,1.1E1));
#2393=LINE('',#2392,#2391);
#2394=DIRECTION('',(0.E0,0.E0,1.E0));
#2395=VECTOR('',#2394,3.9E0);
#2396=CARTESIAN_POINT('',(-6.65E0,3.71E0,1.1E1));
#2397=LINE('',#2396,#2395);
#2398=DIRECTION('',(0.E0,0.E0,1.E0));
#2399=VECTOR('',#2398,3.9E0);
#2400=CARTESIAN_POINT('',(-4.11E0,3.91E0,1.1E1));
#2401=LINE('',#2400,#2399);
#2402=DIRECTION('',(0.E0,0.E0,1.E0));
#2403=VECTOR('',#2402,3.9E0);
#2404=CARTESIAN_POINT('',(-3.71E0,3.91E0,1.1E1));
#2405=LINE('',#2404,#2403);
#2406=DIRECTION('',(0.E0,0.E0,1.E0));
#2407=VECTOR('',#2406,3.9E0);
#2408=CARTESIAN_POINT('',(-3.71E0,3.71E0,1.1E1));
#2409=LINE('',#2408,#2407);
#2410=DIRECTION('',(0.E0,0.E0,1.E0));
#2411=VECTOR('',#2410,3.9E0);
#2412=CARTESIAN_POINT('',(-4.11E0,3.71E0,1.1E1));
#2413=LINE('',#2412,#2411);
#2414=DIRECTION('',(0.E0,0.E0,1.E0));
#2415=VECTOR('',#2414,3.9E0);
#2416=CARTESIAN_POINT('',(-6.65E0,-3.91E0,1.1E1));
#2417=LINE('',#2416,#2415);
#2418=DIRECTION('',(0.E0,0.E0,1.E0));
#2419=VECTOR('',#2418,3.9E0);
#2420=CARTESIAN_POINT('',(-6.65E0,-3.71E0,1.1E1));
#2421=LINE('',#2420,#2419);
#2422=DIRECTION('',(0.E0,0.E0,1.E0));
#2423=VECTOR('',#2422,3.9E0);
#2424=CARTESIAN_POINT('',(-6.25E0,-3.71E0,1.1E1));
#2425=LINE('',#2424,#2423);
#2426=DIRECTION('',(0.E0,0.E0,1.E0));
#2427=VECTOR('',#2426,3.9E0);
#2428=CARTESIAN_POINT('',(-6.25E0,-3.91E0,1.1E1));
#2429=LINE('',#2428,#2427);
#2430=DIRECTION('',(0.E0,0.E0,1.E0));
#2431=VECTOR('',#2430,3.9E0);
#2432=CARTESIAN_POINT('',(-4.11E0,-3.91E0,1.1E1));
#2433=LINE('',#2432,#2431);
#2434=DIRECTION('',(0.E0,0.E0,1.E0));
#2435=VECTOR('',#2434,3.9E0);
#2436=CARTESIAN_POINT('',(-4.11E0,-3.71E0,1.1E1));
#2437=LINE('',#2436,#2435);
#2438=DIRECTION('',(0.E0,0.E0,1.E0));
#2439=VECTOR('',#2438,3.9E0);
#2440=CARTESIAN_POINT('',(-3.71E0,-3.71E0,1.1E1));
#2441=LINE('',#2440,#2439);
#2442=DIRECTION('',(0.E0,0.E0,1.E0));
#2443=VECTOR('',#2442,3.9E0);
#2444=CARTESIAN_POINT('',(-3.71E0,-3.91E0,1.1E1));
#2445=LINE('',#2444,#2443);
#2446=DIRECTION('',(0.E0,0.E0,1.E0));
#2447=VECTOR('',#2446,3.E-1);
#2448=CARTESIAN_POINT('',(-7.45E0,-4.25E0,1.12E1));
#2449=LINE('',#2448,#2447);
#2450=DIRECTION('',(0.E0,0.E0,1.E0));
#2451=VECTOR('',#2450,3.E-1);
#2452=CARTESIAN_POINT('',(-7.75E0,-4.25E0,1.12E1));
#2453=LINE('',#2452,#2451);
#2454=DIRECTION('',(0.E0,0.E0,1.E0));
#2455=VECTOR('',#2454,1.15E1);
#2456=CARTESIAN_POINT('',(-7.75E0,5.25E0,0.E0));
#2457=LINE('',#2456,#2455);
#2458=DIRECTION('',(0.E0,0.E0,1.E0));
#2459=VECTOR('',#2458,3.E-1);
#2460=CARTESIAN_POINT('',(-6.75E0,5.25E0,1.12E1));
#2461=LINE('',#2460,#2459);
#2462=DIRECTION('',(0.E0,0.E0,1.E0));
#2463=VECTOR('',#2462,1.15E1);
#2464=CARTESIAN_POINT('',(7.75E0,5.25E0,0.E0));
#2465=LINE('',#2464,#2463);
#2466=DIRECTION('',(0.E0,0.E0,1.E0));
#2467=VECTOR('',#2466,3.E-1);
#2468=CARTESIAN_POINT('',(-6.75E0,4.95E0,1.12E1));
#2469=LINE('',#2468,#2467);
#2470=DIRECTION('',(0.E0,0.E0,1.E0));
#2471=VECTOR('',#2470,3.E-1);
#2472=CARTESIAN_POINT('',(6.75E0,5.25E0,1.12E1));
#2473=LINE('',#2472,#2471);
#2474=DIRECTION('',(0.E0,0.E0,1.E0));
#2475=VECTOR('',#2474,3.E-1);
#2476=CARTESIAN_POINT('',(-7.75E0,4.25E0,1.12E1));
#2477=LINE('',#2476,#2475);
#2478=DIRECTION('',(0.E0,0.E0,1.E0));
#2479=VECTOR('',#2478,1.E-2);
#2480=CARTESIAN_POINT('',(5.8E0,4.6E0,0.E0));
#2481=LINE('',#2480,#2479);
#2482=DIRECTION('',(0.E0,0.E0,1.E0));
#2483=VECTOR('',#2482,1.E-2);
#2484=CARTESIAN_POINT('',(5.000000047684E0,2.6E0,0.E0));
#2485=LINE('',#2484,#2483);
#2486=DIRECTION('',(0.E0,0.E0,1.E0));
#2487=VECTOR('',#2486,1.E-2);
#2488=CARTESIAN_POINT('',(5.300000047684E0,2.6E0,0.E0));
#2489=LINE('',#2488,#2487);
#2490=DIRECTION('',(0.E0,0.E0,1.E0));
#2491=VECTOR('',#2490,1.E-2);
#2492=CARTESIAN_POINT('',(5.5E0,3.110638296604E0,0.E0));
#2493=LINE('',#2492,#2491);
#2494=DIRECTION('',(0.E0,0.E0,1.E0));
#2495=VECTOR('',#2494,1.E-2);
#2496=CARTESIAN_POINT('',(6.500000011921E0,3.110638296604E0,0.E0));
#2497=LINE('',#2496,#2495);
#2498=DIRECTION('',(0.E0,0.E0,1.E0));
#2499=VECTOR('',#2498,1.E-2);
#2500=CARTESIAN_POINT('',(6.7E0,2.6E0,0.E0));
#2501=LINE('',#2500,#2499);
#2502=DIRECTION('',(0.E0,0.E0,1.E0));
#2503=VECTOR('',#2502,1.E-2);
#2504=CARTESIAN_POINT('',(7.E0,2.6E0,0.E0));
#2505=LINE('',#2504,#2503);
#2506=DIRECTION('',(-8.881784197001E-14,0.E0,1.E0));
#2507=VECTOR('',#2506,1.E-2);
#2508=CARTESIAN_POINT('',(6.199999976158E0,4.6E0,0.E0));
#2509=LINE('',#2508,#2507);
#2510=DIRECTION('',(1.E0,0.E0,0.E0));
#2511=VECTOR('',#2510,3.999999761581E-1);
#2512=CARTESIAN_POINT('',(5.8E0,4.6E0,1.E-2));
#2513=LINE('',#2512,#2511);
#2514=DIRECTION('',(3.713906572708E-1,9.284766985186E-1,0.E0));
#2515=VECTOR('',#2514,2.154065905145E0);
#2516=CARTESIAN_POINT('',(5.000000047684E0,2.6E0,1.E-2));
#2517=LINE('',#2516,#2515);
#2518=DIRECTION('',(-1.E0,0.E0,0.E0));
#2519=VECTOR('',#2518,3.E-1);
#2520=CARTESIAN_POINT('',(5.300000047684E0,2.6E0,1.E-2));
#2521=LINE('',#2520,#2519);
#2522=DIRECTION('',(-3.646918236170E-1,-9.311282799845E-1,0.E0));
#2523=VECTOR('',#2522,5.484081061448E-1);
#2524=CARTESIAN_POINT('',(5.5E0,3.110638296604E0,1.E-2));
#2525=LINE('',#2524,#2523);
#2526=DIRECTION('',(-1.E0,0.E0,0.E0));
#2527=VECTOR('',#2526,1.000000011921E0);
#2528=CARTESIAN_POINT('',(6.500000011921E0,3.110638296604E0,1.E-2));
#2529=LINE('',#2528,#2527);
#2530=DIRECTION('',(-3.646918801558E-1,9.311282578402E-1,0.E0));
#2531=VECTOR('',#2530,5.484081191872E-1);
#2532=CARTESIAN_POINT('',(6.7E0,2.6E0,1.E-2));
#2533=LINE('',#2532,#2531);
#2534=DIRECTION('',(-1.E0,0.E0,0.E0));
#2535=VECTOR('',#2534,3.E-1);
#2536=CARTESIAN_POINT('',(7.E0,2.6E0,1.E-2));
#2537=LINE('',#2536,#2535);
#2538=DIRECTION('',(3.713906858957E-1,-9.284766870686E-1,0.E0));
#2539=VECTOR('',#2538,2.154065931708E0);
#2540=CARTESIAN_POINT('',(6.199999976158E0,4.6E0,1.E-2));
#2541=LINE('',#2540,#2539);
#2542=DIRECTION('',(-3.646919369563E-1,-9.311282355933E-1,0.E0));
#2543=VECTOR('',#2542,1.233918345662E0);
#2544=CARTESIAN_POINT('',(6.000000023842E0,4.429787254333E0,1.E-2));
#2545=LINE('',#2544,#2543);
#2546=DIRECTION('',(-3.646918615713E-1,9.311282651191E-1,0.E0));
#2547=VECTOR('',#2546,1.233918306535E0);
#2548=CARTESIAN_POINT('',(6.449999988079E0,3.280851042271E0,1.E-2));
#2549=LINE('',#2548,#2547);
#2550=DIRECTION('',(1.E0,0.E0,0.E0));
#2551=VECTOR('',#2550,9.000000357628E-1);
#2552=CARTESIAN_POINT('',(5.549999952316E0,3.280851042271E0,1.E-2));
#2553=LINE('',#2552,#2551);
#2554=DIRECTION('',(-1.E0,0.E0,0.E0));
#2555=VECTOR('',#2554,3.E-1);
#2556=CARTESIAN_POINT('',(2.899999904633E0,2.6E0,1.E-2));
#2557=LINE('',#2556,#2555);
#2558=DIRECTION('',(-6.545518320100E-1,-7.560171289147E-1,0.E0));
#2559=VECTOR('',#2558,1.069434315974E0);
#2560=CARTESIAN_POINT('',(3.600000095367E0,3.408510661125E0,1.E-2));
#2561=LINE('',#2560,#2559);
#2562=DIRECTION('',(-6.545516791018E-1,7.560172613009E-1,0.E0));
#2563=VECTOR('',#2562,1.069434128705E0);
#2564=CARTESIAN_POINT('',(4.3E0,2.6E0,1.E-2));
#2565=LINE('',#2564,#2563);
#2566=DIRECTION('',(-1.E0,0.E0,0.E0));
#2567=VECTOR('',#2566,3.E-1);
#2568=CARTESIAN_POINT('',(4.6E0,2.6E0,1.E-2));
#2569=LINE('',#2568,#2567);
#2570=DIRECTION('',(6.397117279524E-1,-7.686149264229E-1,0.E0));
#2571=VECTOR('',#2570,1.328723341298E0);
#2572=CARTESIAN_POINT('',(3.750000095367E0,3.621276593208E0,1.E-2));
#2573=LINE('',#2572,#2571);
#2574=DIRECTION('',(-6.557112353793E-1,-7.550117719595E-1,0.E0));
#2575=VECTOR('',#2574,1.296302181159E0);
#2576=CARTESIAN_POINT('',(4.6E0,4.6E0,1.E-2));
#2577=LINE('',#2576,#2575);
#2578=DIRECTION('',(1.E0,0.E0,0.E0));
#2579=VECTOR('',#2578,3.E-1);
#2580=CARTESIAN_POINT('',(4.3E0,4.6E0,1.E-2));
#2581=LINE('',#2580,#2579);
#2582=DIRECTION('',(6.545516791018E-1,7.560172613009E-1,0.E0));
#2583=VECTOR('',#2582,1.069434128705E0);
#2584=CARTESIAN_POINT('',(3.600000095367E0,3.791489338875E0,1.E-2));
#2585=LINE('',#2584,#2583);
#2586=DIRECTION('',(6.545518320100E-1,-7.560171289147E-1,0.E0));
#2587=VECTOR('',#2586,1.069434315974E0);
#2588=CARTESIAN_POINT('',(2.899999904633E0,4.6E0,1.E-2));
#2589=LINE('',#2588,#2587);
#2590=DIRECTION('',(1.E0,0.E0,0.E0));
#2591=VECTOR('',#2590,3.E-1);
#2592=CARTESIAN_POINT('',(2.599999904633E0,4.6E0,1.E-2));
#2593=LINE('',#2592,#2591);
#2594=DIRECTION('',(-6.557113611914E-1,7.550116626944E-1,0.E0));
#2595=VECTOR('',#2594,1.296302368759E0);
#2596=CARTESIAN_POINT('',(3.450000095367E0,3.621276593208E0,1.E-2));
#2597=LINE('',#2596,#2595);
#2598=DIRECTION('',(6.397118551575E-1,7.686148205512E-1,0.E0));
#2599=VECTOR('',#2598,1.328723524321E0);
#2600=CARTESIAN_POINT('',(2.599999904633E0,2.6E0,1.E-2));
#2601=LINE('',#2600,#2599);
#2602=DIRECTION('',(0.E0,1.E0,0.E0));
#2603=VECTOR('',#2602,2.E0);
#2604=CARTESIAN_POINT('',(1.9E0,2.6E0,1.E-2));
#2605=LINE('',#2604,#2603);
#2606=DIRECTION('',(-1.E0,0.E0,0.E0));
#2607=VECTOR('',#2606,3.E-1);
#2608=CARTESIAN_POINT('',(2.2E0,2.6E0,1.E-2));
#2609=LINE('',#2608,#2607);
#2610=DIRECTION('',(0.E0,-1.E0,0.E0));
#2611=VECTOR('',#2610,2.E0);
#2612=CARTESIAN_POINT('',(2.2E0,4.6E0,1.E-2));
#2613=LINE('',#2612,#2611);
#2614=DIRECTION('',(1.E0,0.E0,0.E0));
#2615=VECTOR('',#2614,3.E-1);
#2616=CARTESIAN_POINT('',(1.9E0,4.6E0,1.E-2));
#2617=LINE('',#2616,#2615);
#2618=DIRECTION('',(1.E0,0.E0,0.E0));
#2619=VECTOR('',#2618,3.E-1);
#2620=CARTESIAN_POINT('',(-4.500001907349E-1,3.110638296604E0,1.E-2));
#2621=LINE('',#2620,#2619);
#2622=DIRECTION('',(-2.287696763506E-1,9.734805777120E-1,0.E0));
#2623=VECTOR('',#2622,2.185621025799E-1);
#2624=CARTESIAN_POINT('',(-3.999998092651E-1,2.897872334719E0,1.E-2));
#2625=LINE('',#2624,#2623);
#2626=DIRECTION('',(-7.615390947535E-1,6.481189760854E-1,0.E0));
#2627=VECTOR('',#2626,2.626257937944E-1);
#2628=CARTESIAN_POINT('',(-2.E-1,2.727659574151E0,1.E-2));
#2629=LINE('',#2628,#2627);
#2630=DIRECTION('',(-9.201544993818E-1,3.915554842770E-1,0.E0));
#2631=VECTOR('',#2630,2.173545957766E-1);
#2632=CARTESIAN_POINT('',(-1.907348643471E-7,2.642553190142E0,1.E-2));
#2633=LINE('',#2632,#2631);
#2634=DIRECTION('',(-9.858211918402E-1,1.677992184686E-1,0.E0));
#2635=VECTOR('',#2634,2.535958780397E-1);
#2636=CARTESIAN_POINT('',(2.5E-1,2.6E0,1.E-2));
#2637=LINE('',#2636,#2635);
#2638=DIRECTION('',(-1.E0,0.E0,0.E0));
#2639=VECTOR('',#2638,4.5E-1);
#2640=CARTESIAN_POINT('',(7.E-1,2.6E0,1.E-2));
#2641=LINE('',#2640,#2639);
#2642=DIRECTION('',(-9.858211918402E-1,-1.677992184686E-1,0.E0));
#2643=VECTOR('',#2642,2.535958780397E-1);
#2644=CARTESIAN_POINT('',(9.500001907349E-1,2.642553190142E0,1.E-2));
#2645=LINE('',#2644,#2643);
#2646=DIRECTION('',(-9.201544993818E-1,-3.915554842770E-1,0.E0));
#2647=VECTOR('',#2646,2.173545957766E-1);
#2648=CARTESIAN_POINT('',(1.15E0,2.727659574151E0,1.E-2));
#2649=LINE('',#2648,#2647);
#2650=DIRECTION('',(-7.615390947535E-1,-6.481189760854E-1,0.E0));
#2651=VECTOR('',#2650,2.626257937944E-1);
#2652=CARTESIAN_POINT('',(1.349999809265E0,2.897872334719E0,1.E-2));
#2653=LINE('',#2652,#2651);
#2654=DIRECTION('',(-5.065497458430E-1,-8.622107369932E-1,0.E0));
#2655=VECTOR('',#2654,1.974143537836E-1);
#2656=CARTESIAN_POINT('',(1.45E0,3.068085110188E0,1.E-2));
#2657=LINE('',#2656,#2655);
#2658=DIRECTION('',(-2.287672256905E-1,-9.734811536182E-1,0.E0));
#2659=VECTOR('',#2658,2.185619426656E-1);
#2660=CARTESIAN_POINT('',(1.499999809265E0,3.280851042271E0,1.E-2));
#2661=LINE('',#2660,#2659);
#2662=DIRECTION('',(0.E0,-1.E0,0.E0));
#2663=VECTOR('',#2662,6.382978558540E-1);
#2664=CARTESIAN_POINT('',(1.499999809265E0,3.919148898125E0,1.E-2));
#2665=LINE('',#2664,#2663);
#2666=DIRECTION('',(2.287671042240E-1,-9.734811821627E-1,0.E0));
#2667=VECTOR('',#2666,2.185620587136E-1);
#2668=CARTESIAN_POINT('',(1.45E0,4.131914949417E0,1.E-2));
#2669=LINE('',#2668,#2667);
#2670=DIRECTION('',(5.065498117766E-1,-8.622106982571E-1,0.E0));
#2671=VECTOR('',#2670,1.974143280878E-1);
#2672=CARTESIAN_POINT('',(1.349999809265E0,4.302127695084E0,1.E-2));
#2673=LINE('',#2672,#2671);
#2674=DIRECTION('',(7.615391227581E-1,-6.481189431800E-1,0.E0));
#2675=VECTOR('',#2674,2.626257841367E-1);
#2676=CARTESIAN_POINT('',(1.15E0,4.472340440750E0,1.E-2));
#2677=LINE('',#2676,#2675);
#2678=DIRECTION('',(9.201545179072E-1,-3.915554407424E-1,0.E0));
#2679=VECTOR('',#2678,2.173545914006E-1);
#2680=CARTESIAN_POINT('',(9.500001907349E-1,4.557446813583E0,1.E-2));
#2681=LINE('',#2680,#2679);
#2682=DIRECTION('',(9.858211942702E-1,-1.677992041923E-1,0.E0));
#2683=VECTOR('',#2682,2.535958774146E-1);
#2684=CARTESIAN_POINT('',(7.E-1,4.6E0,1.E-2));
#2685=LINE('',#2684,#2683);
#2686=DIRECTION('',(1.E0,0.E0,0.E0));
#2687=VECTOR('',#2686,4.5E-1);
#2688=CARTESIAN_POINT('',(2.5E-1,4.6E0,1.E-2));
#2689=LINE('',#2688,#2687);
#2690=DIRECTION('',(9.858211942702E-1,1.677992041923E-1,0.E0));
#2691=VECTOR('',#2690,2.535958774146E-1);
#2692=CARTESIAN_POINT('',(-1.907348643471E-7,4.557446813583E0,1.E-2));
#2693=LINE('',#2692,#2691);
#2694=DIRECTION('',(9.201545179072E-1,3.915554407424E-1,0.E0));
#2695=VECTOR('',#2694,2.173545914006E-1);
#2696=CARTESIAN_POINT('',(-2.E-1,4.472340440750E0,1.E-2));
#2697=LINE('',#2696,#2695);
#2698=DIRECTION('',(7.615391227581E-1,6.481189431800E-1,0.E0));
#2699=VECTOR('',#2698,2.626257841367E-1);
#2700=CARTESIAN_POINT('',(-3.999998092651E-1,4.302127695084E0,1.E-2));
#2701=LINE('',#2700,#2699);
#2702=DIRECTION('',(2.287695852499E-1,9.734805991208E-1,0.E0));
#2703=VECTOR('',#2702,2.185621896159E-1);
#2704=CARTESIAN_POINT('',(-4.500001907349E-1,4.089361643791E0,1.E-2));
#2705=LINE('',#2704,#2703);
#2706=DIRECTION('',(-1.E0,0.E0,0.E0));
#2707=VECTOR('',#2706,3.E-1);
#2708=CARTESIAN_POINT('',(-1.500001907349E-1,4.089361643791E0,1.E-2));
#2709=LINE('',#2708,#2707);
#2710=DIRECTION('',(-3.646940529681E-1,-9.311274068191E-1,0.E0));
#2711=VECTOR('',#2710,1.371022671272E-1);
#2712=CARTESIAN_POINT('',(-9.999980926514E-2,4.217021322250E0,1.E-2));
#2713=LINE('',#2712,#2711);
#2714=DIRECTION('',(-8.697574994916E-1,-4.934793735083E-1,0.E0));
#2715=VECTOR('',#2714,1.724618644711E-1);
#2716=CARTESIAN_POINT('',(5.000019073486E-2,4.302127695084E0,1.E-2));
#2717=LINE('',#2716,#2715);
#2718=DIRECTION('',(-9.781058936364E-1,-2.081078106026E-1,0.E0));
#2719=VECTOR('',#2718,2.044766426277E-1);
#2720=CARTESIAN_POINT('',(2.5E-1,4.344680881500E0,1.E-2));
#2721=LINE('',#2720,#2719);
#2722=DIRECTION('',(-1.E0,0.E0,0.E0));
#2723=VECTOR('',#2722,4.5E-1);
#2724=CARTESIAN_POINT('',(7.E-1,4.344680881500E0,1.E-2));
#2725=LINE('',#2724,#2723);
#2726=DIRECTION('',(-9.781058936364E-1,2.081078106026E-1,0.E0));
#2727=VECTOR('',#2726,2.044766426277E-1);
#2728=CARTESIAN_POINT('',(8.999998092651E-1,4.302127695084E0,1.E-2));
#2729=LINE('',#2728,#2727);
#2730=DIRECTION('',(-8.697574994916E-1,4.934793735083E-1,0.E0));
#2731=VECTOR('',#2730,1.724618644711E-1);
#2732=CARTESIAN_POINT('',(1.049999809265E0,4.217021322250E0,1.E-2));
#2733=LINE('',#2732,#2731);
#2734=DIRECTION('',(-6.166623928728E-1,7.872277264022E-1,0.E0));
#2735=VECTOR('',#2734,1.621635953329E-1);
#2736=CARTESIAN_POINT('',(1.15E0,4.089361643791E0,1.E-2));
#2737=LINE('',#2736,#2735);
#2738=DIRECTION('',(-2.818406906687E-1,9.594612160392E-1,0.E0));
#2739=VECTOR('',#2738,1.774045087191E-1);
#2740=CARTESIAN_POINT('',(1.199999809265E0,3.919148898125E0,1.E-2));
#2741=LINE('',#2740,#2739);
#2742=DIRECTION('',(0.E0,1.E0,0.E0));
#2743=VECTOR('',#2742,6.382978558540E-1);
#2744=CARTESIAN_POINT('',(1.199999809265E0,3.280851042271E0,1.E-2));
#2745=LINE('',#2744,#2743);
#2746=DIRECTION('',(2.818406906687E-1,9.594612160392E-1,0.E0));
#2747=VECTOR('',#2746,1.774045087191E-1);
#2748=CARTESIAN_POINT('',(1.15E0,3.110638296604E0,1.E-2));
#2749=LINE('',#2748,#2747);
#2750=DIRECTION('',(6.166627497384E-1,7.872274468570E-1,0.E0));
#2751=VECTOR('',#2750,1.621635014881E-1);
#2752=CARTESIAN_POINT('',(1.049999809265E0,2.982978737354E0,1.E-2));
#2753=LINE('',#2752,#2751);
#2754=DIRECTION('',(8.697574253223E-1,4.934795042317E-1,0.E0));
#2755=VECTOR('',#2754,1.724618791779E-1);
#2756=CARTESIAN_POINT('',(8.999998092651E-1,2.897872334719E0,1.E-2));
#2757=LINE('',#2756,#2755);
#2758=DIRECTION('',(9.781058936364E-1,2.081078106026E-1,0.E0));
#2759=VECTOR('',#2758,2.044766426277E-1);
#2760=CARTESIAN_POINT('',(7.E-1,2.855319148302E0,1.E-2));
#2761=LINE('',#2760,#2759);
#2762=DIRECTION('',(1.E0,0.E0,0.E0));
#2763=VECTOR('',#2762,4.5E-1);
#2764=CARTESIAN_POINT('',(2.5E-1,2.855319148302E0,1.E-2));
#2765=LINE('',#2764,#2763);
#2766=DIRECTION('',(9.781058936364E-1,-2.081078106026E-1,0.E0));
#2767=VECTOR('',#2766,2.044766426277E-1);
#2768=CARTESIAN_POINT('',(5.000019073486E-2,2.897872334719E0,1.E-2));
#2769=LINE('',#2768,#2767);
#2770=DIRECTION('',(8.697574253223E-1,-4.934795042317E-1,0.E0));
#2771=VECTOR('',#2770,1.724618791779E-1);
#2772=CARTESIAN_POINT('',(-9.999980926514E-2,2.982978737354E0,1.E-2));
#2773=LINE('',#2772,#2771);
#2774=DIRECTION('',(3.646943482274E-1,-9.311272911751E-1,0.E0));
#2775=VECTOR('',#2774,1.371021561282E-1);
#2776=CARTESIAN_POINT('',(-1.500001907349E-1,3.110638296604E0,1.E-2));
#2777=LINE('',#2776,#2775);
#2778=DIRECTION('',(9.858211942702E-1,-1.677992041923E-1,0.E0));
#2779=VECTOR('',#2778,2.535958774146E-1);
#2780=CARTESIAN_POINT('',(-1.650000190735E0,4.6E0,1.E-2));
#2781=LINE('',#2780,#2779);
#2782=DIRECTION('',(1.E0,0.E0,0.E0));
#2783=VECTOR('',#2782,3.999996185303E-1);
#2784=CARTESIAN_POINT('',(-2.049999809265E0,4.6E0,1.E-2));
#2785=LINE('',#2784,#2783);
#2786=DIRECTION('',(9.858211942702E-1,1.677992041923E-1,0.E0));
#2787=VECTOR('',#2786,2.535958774146E-1);
#2788=CARTESIAN_POINT('',(-2.3E0,4.557446813583E0,1.E-2));
#2789=LINE('',#2788,#2787);
#2790=DIRECTION('',(9.201545179072E-1,3.915554407424E-1,0.E0));
#2791=VECTOR('',#2790,2.173545914006E-1);
#2792=CARTESIAN_POINT('',(-2.499999809265E0,4.472340440750E0,1.E-2));
#2793=LINE('',#2792,#2791);
#2794=DIRECTION('',(7.615391227581E-1,6.481189431800E-1,0.E0));
#2795=VECTOR('',#2794,2.626257841367E-1);
#2796=CARTESIAN_POINT('',(-2.699999618530E0,4.302127695084E0,1.E-2));
#2797=LINE('',#2796,#2795);
#2798=DIRECTION('',(5.065519665348E-1,8.622094323306E-1,0.E0));
#2799=VECTOR('',#2798,1.974146179385E-1);
#2800=CARTESIAN_POINT('',(-2.800000381470E0,4.131914949417E0,1.E-2));
#2801=LINE('',#2800,#2799);
#2802=DIRECTION('',(2.287646231936E-1,9.734817651991E-1,0.E0));
#2803=VECTOR('',#2802,2.185619278127E-1);
#2804=CARTESIAN_POINT('',(-2.849999618530E0,3.919148898125E0,1.E-2));
#2805=LINE('',#2804,#2803);
#2806=DIRECTION('',(0.E0,1.E0,0.E0));
#2807=VECTOR('',#2806,6.382978558540E-1);
#2808=CARTESIAN_POINT('',(-2.849999618530E0,3.280851042271E0,1.E-2));
#2809=LINE('',#2808,#2807);
#2810=DIRECTION('',(-2.287647446590E-1,9.734817366551E-1,0.E0));
#2811=VECTOR('',#2810,2.185618117646E-1);
#2812=CARTESIAN_POINT('',(-2.800000381470E0,3.068085110188E0,1.E-2));
#2813=LINE('',#2812,#2811);
#2814=DIRECTION('',(-5.065519006010E-1,8.622094710669E-1,0.E0));
#2815=VECTOR('',#2814,1.974146436343E-1);
#2816=CARTESIAN_POINT('',(-2.699999618530E0,2.897872334719E0,1.E-2));
#2817=LINE('',#2816,#2815);
#2818=DIRECTION('',(-7.615390947535E-1,6.481189760854E-1,0.E0));
#2819=VECTOR('',#2818,2.626257937944E-1);
#2820=CARTESIAN_POINT('',(-2.499999809265E0,2.727659574151E0,1.E-2));
#2821=LINE('',#2820,#2819);
#2822=DIRECTION('',(-9.201544993818E-1,3.915554842770E-1,0.E0));
#2823=VECTOR('',#2822,2.173545957766E-1);
#2824=CARTESIAN_POINT('',(-2.3E0,2.642553190142E0,1.E-2));
#2825=LINE('',#2824,#2823);
#2826=DIRECTION('',(-9.858211918402E-1,1.677992184686E-1,0.E0));
#2827=VECTOR('',#2826,2.535958780397E-1);
#2828=CARTESIAN_POINT('',(-2.049999809265E0,2.6E0,1.E-2));
#2829=LINE('',#2828,#2827);
#2830=DIRECTION('',(-1.E0,0.E0,0.E0));
#2831=VECTOR('',#2830,3.999996185303E-1);
#2832=CARTESIAN_POINT('',(-1.650000190735E0,2.6E0,1.E-2));
#2833=LINE('',#2832,#2831);
#2834=DIRECTION('',(-9.858211918402E-1,-1.677992184686E-1,0.E0));
#2835=VECTOR('',#2834,2.535958780397E-1);
#2836=CARTESIAN_POINT('',(-1.4E0,2.642553190142E0,1.E-2));
#2837=LINE('',#2836,#2835);
#2838=DIRECTION('',(-9.201544993818E-1,-3.915554842770E-1,0.E0));
#2839=VECTOR('',#2838,2.173545957766E-1);
#2840=CARTESIAN_POINT('',(-1.200000190735E0,2.727659574151E0,1.E-2));
#2841=LINE('',#2840,#2839);
#2842=DIRECTION('',(-7.615400099669E-1,-6.481179007092E-1,0.E0));
#2843=VECTOR('',#2842,2.626262295509E-1);
#2844=CARTESIAN_POINT('',(-9.999998092651E-1,2.897872334719E0,1.E-2));
#2845=LINE('',#2844,#2843);
#2846=DIRECTION('',(-5.065475910755E-1,-8.622120029179E-1,0.E0));
#2847=VECTOR('',#2846,1.974140639342E-1);
#2848=CARTESIAN_POINT('',(-9.000001907349E-1,3.068085110188E0,1.E-2));
#2849=LINE('',#2848,#2847);
#2850=DIRECTION('',(-2.287697067176E-1,-9.734805705757E-1,0.E0));
#2851=VECTOR('',#2850,2.185620735679E-1);
#2852=CARTESIAN_POINT('',(-8.499998092651E-1,3.280851042271E0,1.E-2));
#2853=LINE('',#2852,#2851);
#2854=DIRECTION('',(0.E0,-1.E0,0.E0));
#2855=VECTOR('',#2854,6.382978558540E-1);
#2856=CARTESIAN_POINT('',(-8.499998092651E-1,3.919148898125E0,1.E-2));
#2857=LINE('',#2856,#2855);
#2858=DIRECTION('',(2.287695852499E-1,-9.734805991208E-1,0.E0));
#2859=VECTOR('',#2858,2.185621896159E-1);
#2860=CARTESIAN_POINT('',(-9.000001907349E-1,4.131914949417E0,1.E-2));
#2861=LINE('',#2860,#2859);
#2862=DIRECTION('',(5.065476570090E-1,-8.622119641820E-1,0.E0));
#2863=VECTOR('',#2862,1.974140382382E-1);
#2864=CARTESIAN_POINT('',(-9.999998092651E-1,4.302127695084E0,1.E-2));
#2865=LINE('',#2864,#2863);
#2866=DIRECTION('',(7.615400379714E-1,-6.481178678037E-1,0.E0));
#2867=VECTOR('',#2866,2.626262198932E-1);
#2868=CARTESIAN_POINT('',(-1.200000190735E0,4.472340440750E0,1.E-2));
#2869=LINE('',#2868,#2867);
#2870=DIRECTION('',(9.201545179072E-1,-3.915554407424E-1,0.E0));
#2871=VECTOR('',#2870,2.173545914006E-1);
#2872=CARTESIAN_POINT('',(-1.4E0,4.557446813583E0,1.E-2));
#2873=LINE('',#2872,#2871);
#2874=DIRECTION('',(-1.E0,0.E0,0.E0));
#2875=VECTOR('',#2874,3.999996185303E-1);
#2876=CARTESIAN_POINT('',(-1.650000190735E0,4.344680881500E0,1.E-2));
#2877=LINE('',#2876,#2875);
#2878=DIRECTION('',(-9.781060148308E-1,2.081072409885E-1,0.E0));
#2879=VECTOR('',#2878,2.044772023044E-1);
#2880=CARTESIAN_POINT('',(-1.449999809265E0,4.302127695084E0,1.E-2));
#2881=LINE('',#2880,#2879);
#2882=DIRECTION('',(-8.697574994916E-1,4.934793735083E-1,0.E0));
#2883=VECTOR('',#2882,1.724618644711E-1);
#2884=CARTESIAN_POINT('',(-1.299999809265E0,4.217021322250E0,1.E-2));
#2885=LINE('',#2884,#2883);
#2886=DIRECTION('',(-6.166602061176E-1,7.872294393574E-1,0.E0));
#2887=VECTOR('',#2886,1.621632424765E-1);
#2888=CARTESIAN_POINT('',(-1.200000190735E0,4.089361643791E0,1.E-2));
#2889=LINE('',#2888,#2887);
#2890=DIRECTION('',(-2.818436598788E-1,9.594603438319E-1,0.E0));
#2891=VECTOR('',#2890,1.774046699905E-1);
#2892=CARTESIAN_POINT('',(-1.149999809265E0,3.919148898125E0,1.E-2));
#2893=LINE('',#2892,#2891);
#2894=DIRECTION('',(0.E0,1.E0,0.E0));
#2895=VECTOR('',#2894,6.382978558540E-1);
#2896=CARTESIAN_POINT('',(-1.149999809265E0,3.280851042271E0,1.E-2));
#2897=LINE('',#2896,#2895);
#2898=DIRECTION('',(2.818436598788E-1,9.594603438319E-1,0.E0));
#2899=VECTOR('',#2898,1.774046699905E-1);
#2900=CARTESIAN_POINT('',(-1.200000190735E0,3.110638296604E0,1.E-2));
#2901=LINE('',#2900,#2899);
#2902=DIRECTION('',(6.166605629836E-1,7.872291598136E-1,0.E0));
#2903=VECTOR('',#2902,1.621631486315E-1);
#2904=CARTESIAN_POINT('',(-1.299999809265E0,2.982978737354E0,1.E-2));
#2905=LINE('',#2904,#2903);
#2906=DIRECTION('',(8.697574253223E-1,4.934795042317E-1,0.E0));
#2907=VECTOR('',#2906,1.724618791779E-1);
#2908=CARTESIAN_POINT('',(-1.449999809265E0,2.897872334719E0,1.E-2));
#2909=LINE('',#2908,#2907);
#2910=DIRECTION('',(9.781060148308E-1,2.081072409885E-1,0.E0));
#2911=VECTOR('',#2910,2.044772023044E-1);
#2912=CARTESIAN_POINT('',(-1.650000190735E0,2.855319148302E0,1.E-2));
#2913=LINE('',#2912,#2911);
#2914=DIRECTION('',(1.E0,0.E0,0.E0));
#2915=VECTOR('',#2914,3.999996185303E-1);
#2916=CARTESIAN_POINT('',(-2.049999809265E0,2.855319148302E0,1.E-2));
#2917=LINE('',#2916,#2915);
#2918=DIRECTION('',(9.781060148308E-1,-2.081072409885E-1,0.E0));
#2919=VECTOR('',#2918,2.044772023044E-1);
#2920=CARTESIAN_POINT('',(-2.250000190735E0,2.897872334719E0,1.E-2));
#2921=LINE('',#2920,#2919);
#2922=DIRECTION('',(8.697574253223E-1,-4.934795042317E-1,0.E0));
#2923=VECTOR('',#2922,1.724618791779E-1);
#2924=CARTESIAN_POINT('',(-2.400000190735E0,2.982978737354E0,1.E-2));
#2925=LINE('',#2924,#2923);
#2926=DIRECTION('',(6.166605629836E-1,-7.872291598136E-1,0.E0));
#2927=VECTOR('',#2926,1.621631486315E-1);
#2928=CARTESIAN_POINT('',(-2.499999809265E0,3.110638296604E0,1.E-2));
#2929=LINE('',#2928,#2927);
#2930=DIRECTION('',(2.818436598788E-1,-9.594603438319E-1,0.E0));
#2931=VECTOR('',#2930,1.774046699905E-1);
#2932=CARTESIAN_POINT('',(-2.550000190735E0,3.280851042271E0,1.E-2));
#2933=LINE('',#2932,#2931);
#2934=DIRECTION('',(0.E0,-1.E0,0.E0));
#2935=VECTOR('',#2934,6.382978558540E-1);
#2936=CARTESIAN_POINT('',(-2.550000190735E0,3.919148898125E0,1.E-2));
#2937=LINE('',#2936,#2935);
#2938=DIRECTION('',(-2.818436598788E-1,-9.594603438319E-1,0.E0));
#2939=VECTOR('',#2938,1.774046699905E-1);
#2940=CARTESIAN_POINT('',(-2.499999809265E0,4.089361643791E0,1.E-2));
#2941=LINE('',#2940,#2939);
#2942=DIRECTION('',(-6.166602061176E-1,-7.872294393574E-1,0.E0));
#2943=VECTOR('',#2942,1.621632424765E-1);
#2944=CARTESIAN_POINT('',(-2.400000190735E0,4.217021322250E0,1.E-2));
#2945=LINE('',#2944,#2943);
#2946=DIRECTION('',(-8.697574994916E-1,-4.934793735083E-1,0.E0));
#2947=VECTOR('',#2946,1.724618644711E-1);
#2948=CARTESIAN_POINT('',(-2.250000190735E0,4.302127695084E0,1.E-2));
#2949=LINE('',#2948,#2947);
#2950=DIRECTION('',(-9.781060148308E-1,-2.081072409885E-1,0.E0));
#2951=VECTOR('',#2950,2.044772023044E-1);
#2952=CARTESIAN_POINT('',(-2.049999809265E0,4.344680881500E0,1.E-2));
#2953=LINE('',#2952,#2951);
#2954=DIRECTION('',(0.E0,-1.E0,0.E0));
#2955=VECTOR('',#2954,1.574468135834E0);
#2956=CARTESIAN_POINT('',(-5.350000381470E0,4.174468135834E0,1.E-2));
#2957=LINE('',#2956,#2955);
#2958=DIRECTION('',(-4.062533917891E-1,9.137604618607E-1,0.E0));
#2959=VECTOR('',#2958,1.723064415183E0);
#2960=CARTESIAN_POINT('',(-4.649999618530E0,2.6E0,1.E-2));
#2961=LINE('',#2960,#2959);
#2962=DIRECTION('',(-1.E0,0.E0,0.E0));
#2963=VECTOR('',#2962,3.999996185303E-1);
#2964=CARTESIAN_POINT('',(-4.25E0,2.6E0,1.E-2));
#2965=LINE('',#2964,#2963);
#2966=DIRECTION('',(-4.062528372340E-1,-9.137607084129E-1,0.E0));
#2967=VECTOR('',#2966,1.723063950264E0);
#2968=CARTESIAN_POINT('',(-3.550000381470E0,4.174468135834E0,1.E-2));
#2969=LINE('',#2968,#2967);
#2970=DIRECTION('',(0.E0,1.E0,0.E0));
#2971=VECTOR('',#2970,1.574468135834E0);
#2972=CARTESIAN_POINT('',(-3.550000381470E0,2.6E0,1.E-2));
#2973=LINE('',#2972,#2971);
#2974=DIRECTION('',(-1.E0,0.E0,0.E0));
#2975=VECTOR('',#2974,3.E-1);
#2976=CARTESIAN_POINT('',(-3.250000381470E0,2.6E0,1.E-2));
#2977=LINE('',#2976,#2975);
#2978=DIRECTION('',(0.E0,-1.E0,0.E0));
#2979=VECTOR('',#2978,2.E0);
#2980=CARTESIAN_POINT('',(-3.250000381470E0,4.6E0,1.E-2));
#2981=LINE('',#2980,#2979);
#2982=DIRECTION('',(1.E0,0.E0,0.E0));
#2983=VECTOR('',#2982,4.5E-1);
#2984=CARTESIAN_POINT('',(-3.700000381470E0,4.6E0,1.E-2));
#2985=LINE('',#2984,#2983);
#2986=DIRECTION('',(3.869525274219E-1,9.220996375239E-1,0.E0));
#2987=VECTOR('',#2986,1.938222254282E0);
#2988=CARTESIAN_POINT('',(-4.450000381470E0,2.812765961885E0,1.E-2));
#2989=LINE('',#2988,#2987);
#2990=DIRECTION('',(3.869525274219E-1,-9.220996375239E-1,0.E0));
#2991=VECTOR('',#2990,1.938222254282E0);
#2992=CARTESIAN_POINT('',(-5.200000381470E0,4.6E0,1.E-2));
#2993=LINE('',#2992,#2991);
#2994=DIRECTION('',(1.E0,0.E0,0.E0));
#2995=VECTOR('',#2994,4.5E-1);
#2996=CARTESIAN_POINT('',(-5.650000381470E0,4.6E0,1.E-2));
#2997=LINE('',#2996,#2995);
#2998=DIRECTION('',(0.E0,1.E0,0.E0));
#2999=VECTOR('',#2998,2.E0);
#3000=CARTESIAN_POINT('',(-5.650000381470E0,2.6E0,1.E-2));
#3001=LINE('',#3000,#2999);
#3002=DIRECTION('',(-1.E0,0.E0,0.E0));
#3003=VECTOR('',#3002,3.E-1);
#3004=CARTESIAN_POINT('',(-5.350000381470E0,2.6E0,1.E-2));
#3005=LINE('',#3004,#3003);
#3006=DIRECTION('',(-2.018953073368E-1,9.794071088548E-1,0.E0));
#3007=VECTOR('',#3006,1.320816487960E0);
#3008=CARTESIAN_POINT('',(6.266666650772E0,4.E-1,1.E-2));
#3009=LINE('',#3008,#3007);
#3010=DIRECTION('',(-1.E0,0.E0,0.E0));
#3011=VECTOR('',#3010,2.666666746140E-1);
#3012=CARTESIAN_POINT('',(6.533333325386E0,4.E-1,1.E-2));
#3013=LINE('',#3012,#3011);
#3014=DIRECTION('',(-1.643989920724E-1,-9.863939230376E-1,0.E0));
#3015=VECTOR('',#3014,1.622070009386E0);
#3016=CARTESIAN_POINT('',(6.8E0,2.E0,1.E-2));
#3017=LINE('',#3016,#3015);
#3018=DIRECTION('',(1.E0,0.E0,0.E0));
#3019=VECTOR('',#3018,2.E-1);
#3020=CARTESIAN_POINT('',(6.6E0,2.E0,1.E-2));
#3021=LINE('',#3020,#3019);
#3022=DIRECTION('',(1.610637781958E-1,9.869440001101E-1,0.E0));
#3023=VECTOR('',#3022,1.241744122983E0);
#3024=CARTESIAN_POINT('',(6.4E0,7.744680881500E-1,1.E-2));
#3025=LINE('',#3024,#3023);
#3026=DIRECTION('',(2.126174389876E-1,-9.771355200986E-1,0.E0));
#3027=VECTOR('',#3026,1.254208742434E0);
#3028=CARTESIAN_POINT('',(6.133333349228E0,2.E0,1.E-2));
#3029=LINE('',#3028,#3027);
#3030=DIRECTION('',(1.E0,0.E0,0.E0));
#3031=VECTOR('',#3030,2.666666507721E-1);
#3032=CARTESIAN_POINT('',(5.866666698456E0,2.E0,1.E-2));
#3033=LINE('',#3032,#3031);
#3034=DIRECTION('',(2.126174752879E-1,9.771355121999E-1,0.E0));
#3035=VECTOR('',#3034,1.254208752572E0);
#3036=CARTESIAN_POINT('',(5.6E0,7.744680881500E-1,1.E-2));
#3037=LINE('',#3036,#3035);
#3038=DIRECTION('',(1.610637781958E-1,-9.869440001101E-1,0.E0));
#3039=VECTOR('',#3038,1.241744122983E0);
#3040=CARTESIAN_POINT('',(5.4E0,2.E0,1.E-2));
#3041=LINE('',#3040,#3039);
#3042=DIRECTION('',(1.E0,0.E0,0.E0));
#3043=VECTOR('',#3042,2.E-1);
#3044=CARTESIAN_POINT('',(5.2E0,2.E0,1.E-2));
#3045=LINE('',#3044,#3043);
#3046=DIRECTION('',(-1.643990063736E-1,9.863939206541E-1,0.E0));
#3047=VECTOR('',#3046,1.622070013306E0);
#3048=CARTESIAN_POINT('',(5.466666698456E0,4.E-1,1.E-2));
#3049=LINE('',#3048,#3047);
#3050=DIRECTION('',(-1.E0,0.E0,0.E0));
#3051=VECTOR('',#3050,2.666666030884E-1);
#3052=CARTESIAN_POINT('',(5.733333301544E0,4.E-1,1.E-2));
#3053=LINE('',#3052,#3051);
#3054=DIRECTION('',(-2.018953419669E-1,-9.794071017162E-1,0.E0));
#3055=VECTOR('',#3054,1.320816497587E0);
#3056=CARTESIAN_POINT('',(6.E0,1.693617057800E0,1.E-2));
#3057=LINE('',#3056,#3055);
#3058=DIRECTION('',(0.E0,1.E0,0.E0));
#3059=VECTOR('',#3058,1.6E0);
#3060=CARTESIAN_POINT('',(4.533333396912E0,4.E-1,1.E-2));
#3061=LINE('',#3060,#3059);
#3062=DIRECTION('',(-1.E0,0.E0,0.E0));
#3063=VECTOR('',#3062,2.E-1);
#3064=CARTESIAN_POINT('',(4.733333396912E0,4.E-1,1.E-2));
#3065=LINE('',#3064,#3063);
#3066=DIRECTION('',(0.E0,-1.E0,0.E0));
#3067=VECTOR('',#3066,1.327659606934E0);
#3068=CARTESIAN_POINT('',(4.733333396912E0,1.727659606934E0,1.E-2));
#3069=LINE('',#3068,#3067);
#3070=DIRECTION('',(-6.428711427642E-1,7.659743427825E-1,0.E0));
#3071=VECTOR('',#3070,3.111043359950E-1);
#3072=CARTESIAN_POINT('',(4.933333396912E0,1.489361667633E0,1.E-2));
#3073=LINE('',#3072,#3071);
#3074=DIRECTION('',(0.E0,-1.E0,0.E0));
#3075=VECTOR('',#3074,2.723404884338E-1);
#3076=CARTESIAN_POINT('',(4.933333396912E0,1.761702156067E0,1.E-2));
#3077=LINE('',#3076,#3075);
#3078=DIRECTION('',(6.428712937139E-1,-7.659742160926E-1,0.E0));
#3079=VECTOR('',#3078,3.111042629460E-1);
#3080=CARTESIAN_POINT('',(4.733333396912E0,2.E0,1.E-2));
#3081=LINE('',#3080,#3079);
#3082=DIRECTION('',(1.E0,0.E0,0.E0));
#3083=VECTOR('',#3082,2.E-1);
#3084=CARTESIAN_POINT('',(4.533333396912E0,2.E0,1.E-2));
#3085=LINE('',#3084,#3083);
#3086=DIRECTION('',(0.E0,1.E0,0.E0));
#3087=VECTOR('',#3086,1.6E0);
#3088=CARTESIAN_POINT('',(3.866666603088E0,4.E-1,1.E-2));
#3089=LINE('',#3088,#3087);
#3090=DIRECTION('',(-1.E0,0.E0,0.E0));
#3091=VECTOR('',#3090,2.E-1);
#3092=CARTESIAN_POINT('',(4.066666603088E0,4.E-1,1.E-2));
#3093=LINE('',#3092,#3091);
#3094=DIRECTION('',(0.E0,-1.E0,0.E0));
#3095=VECTOR('',#3094,1.327659606934E0);
#3096=CARTESIAN_POINT('',(4.066666603088E0,1.727659606934E0,1.E-2));
#3097=LINE('',#3096,#3095);
#3098=DIRECTION('',(-6.428711427642E-1,7.659743427825E-1,0.E0));
#3099=VECTOR('',#3098,3.111043359950E-1);
#3100=CARTESIAN_POINT('',(4.266666603088E0,1.489361667633E0,1.E-2));
#3101=LINE('',#3100,#3099);
#3102=DIRECTION('',(0.E0,-1.E0,0.E0));
#3103=VECTOR('',#3102,2.723404884338E-1);
#3104=CARTESIAN_POINT('',(4.266666603088E0,1.761702156067E0,1.E-2));
#3105=LINE('',#3104,#3103);
#3106=DIRECTION('',(6.428712937139E-1,-7.659742160926E-1,0.E0));
#3107=VECTOR('',#3106,3.111042629460E-1);
#3108=CARTESIAN_POINT('',(4.066666603088E0,2.E0,1.E-2));
#3109=LINE('',#3108,#3107);
#3110=DIRECTION('',(1.E0,0.E0,0.E0));
#3111=VECTOR('',#3110,2.E-1);
#3112=CARTESIAN_POINT('',(3.866666603088E0,2.E0,1.E-2));
#3113=LINE('',#3112,#3111);
#3114=DIRECTION('',(1.E0,0.E0,0.E0));
#3115=VECTOR('',#3114,7.E-1);
#3116=CARTESIAN_POINT('',(6.1E0,-2.8E0,1.E-2));
#3117=LINE('',#3116,#3115);
#3118=DIRECTION('',(9.797707167625E-1,2.001233184180E-1,0.E0));
#3119=VECTOR('',#3118,1.488443761932E-1);
#3120=CARTESIAN_POINT('',(5.954166638851E0,-2.829787230492E0,1.E-2));
#3121=LINE('',#3120,#3119);
#3122=DIRECTION('',(8.906052429498E-1,4.547771995497E-1,0.E0));
#3123=VECTOR('',#3122,1.309970267688E-1);
#3124=CARTESIAN_POINT('',(5.8375E0,-2.889361691475E0,1.E-2));
#3125=LINE('',#3124,#3123);
#3126=DIRECTION('',(6.996247500295E-1,7.145104681851E-1,0.E0));
#3127=VECTOR('',#3126,1.667560200611E-1);
#3128=CARTESIAN_POINT('',(5.720833361149E0,-3.008510613441E0,1.E-2));
#3129=LINE('',#3128,#3127);
#3130=DIRECTION('',(4.397136649566E-1,8.981380143666E-1,0.E0));
#3131=VECTOR('',#3130,1.326621522090E-1);
#3132=CARTESIAN_POINT('',(5.6625E0,-3.127659535408E0,1.E-2));
#3133=LINE('',#3132,#3131);
#3134=DIRECTION('',(1.921825732045E-1,9.813591893677E-1,0.E0));
#3135=VECTOR('',#3134,1.517652634411E-1);
#3136=CARTESIAN_POINT('',(5.633333361149E0,-3.276595771313E0,1.E-2));
#3137=LINE('',#3136,#3135);
#3138=DIRECTION('',(0.E0,1.E0,0.E0));
#3139=VECTOR('',#3138,4.468084990978E-1);
#3140=CARTESIAN_POINT('',(5.633333361149E0,-3.723404270411E0,1.E-2));
#3141=LINE('',#3140,#3139);
#3142=DIRECTION('',(-1.921826769043E-1,9.813591690599E-1,0.E0));
#3143=VECTOR('',#3142,1.517651815501E-1);
#3144=CARTESIAN_POINT('',(5.6625E0,-3.872340422869E0,1.E-2));
#3145=LINE('',#3144,#3143);
#3146=DIRECTION('',(-4.397136028534E-1,8.981380447713E-1,0.E0));
#3147=VECTOR('',#3146,1.326621709456E-1);
#3148=CARTESIAN_POINT('',(5.720833361149E0,-3.991489365697E0,1.E-2));
#3149=LINE('',#3148,#3147);
#3150=DIRECTION('',(-6.996247187608E-1,7.145104988025E-1,0.E0));
#3151=VECTOR('',#3150,1.667560275140E-1);
#3152=CARTESIAN_POINT('',(5.8375E0,-4.110638298094E0,1.E-2));
#3153=LINE('',#3152,#3151);
#3154=DIRECTION('',(-8.906052187617E-1,4.547772469181E-1,0.E0));
#3155=VECTOR('',#3154,1.309970303266E-1);
#3156=CARTESIAN_POINT('',(5.954166638851E0,-4.170212766901E0,1.E-2));
#3157=LINE('',#3156,#3155);
#3158=DIRECTION('',(-9.797707133274E-1,2.001233352361E-1,0.E0));
#3159=VECTOR('',#3158,1.488443767150E-1);
#3160=CARTESIAN_POINT('',(6.1E0,-4.2E0,1.E-2));
#3161=LINE('',#3160,#3159);
#3162=DIRECTION('',(-1.E0,0.E0,0.E0));
#3163=VECTOR('',#3162,7.E-1);
#3164=CARTESIAN_POINT('',(6.8E0,-4.2E0,1.E-2));
#3165=LINE('',#3164,#3163);
#3166=DIRECTION('',(0.E0,-1.E0,0.E0));
#3167=VECTOR('',#3166,1.4E0);
#3168=CARTESIAN_POINT('',(6.8E0,-2.8E0,1.E-2));
#3169=LINE('',#3168,#3167);
#3170=DIRECTION('',(-1.E0,0.E0,0.E0));
#3171=VECTOR('',#3170,5.25E-1);
#3172=CARTESIAN_POINT('',(6.625E0,-2.978723382950E0,1.E-2));
#3173=LINE('',#3172,#3171);
#3174=DIRECTION('',(0.E0,1.E0,0.E0));
#3175=VECTOR('',#3174,1.042553213239E0);
#3176=CARTESIAN_POINT('',(6.625E0,-4.021276596189E0,1.E-2));
#3177=LINE('',#3176,#3175);
#3178=DIRECTION('',(1.E0,0.E0,0.E0));
#3179=VECTOR('',#3178,5.25E-1);
#3180=CARTESIAN_POINT('',(6.1E0,-4.021276596189E0,1.E-2));
#3181=LINE('',#3180,#3179);
#3182=DIRECTION('',(9.689177035558E-1,-2.473832729514E-1,0.E0));
#3183=VECTOR('',#3182,1.204092343684E-1);
#3184=CARTESIAN_POINT('',(5.983333361149E0,-3.991489365697E0,1.E-2));
#3185=LINE('',#3184,#3183);
#3186=DIRECTION('',(8.265991871191E-1,-5.627910658975E-1,0.E0));
#3187=VECTOR('',#3186,1.058554150107E-1);
#3188=CARTESIAN_POINT('',(5.895833361149E0,-3.931914883852E0,1.E-2));
#3189=LINE('',#3188,#3187);
#3190=DIRECTION('',(5.466227293958E-1,-8.373790012342E-1,0.E0));
#3191=VECTOR('',#3190,1.067159450419E-1);
#3192=CARTESIAN_POINT('',(5.8375E0,-3.842553192377E0,1.E-2));
#3193=LINE('',#3192,#3191);
#3194=DIRECTION('',(2.377711385310E-1,-9.713212062349E-1,0.E0));
#3195=VECTOR('',#3194,1.226668595329E-1);
#3196=CARTESIAN_POINT('',(5.808333361149E0,-3.723404270411E0,1.E-2));
#3197=LINE('',#3196,#3195);
#3198=DIRECTION('',(0.E0,-1.E0,0.E0));
#3199=VECTOR('',#3198,4.468084990978E-1);
#3200=CARTESIAN_POINT('',(5.808333361149E0,-3.276595771313E0,1.E-2));
#3201=LINE('',#3200,#3199);
#3202=DIRECTION('',(-2.377711385310E-1,-9.713212062349E-1,0.E0));
#3203=VECTOR('',#3202,1.226668595329E-1);
#3204=CARTESIAN_POINT('',(5.8375E0,-3.157446849346E0,1.E-2));
#3205=LINE('',#3204,#3203);
#3206=DIRECTION('',(-5.466223714738E-1,-8.373792348777E-1,0.E0));
#3207=VECTOR('',#3206,1.067160149182E-1);
#3208=CARTESIAN_POINT('',(5.895833361149E0,-3.068085074425E0,1.E-2));
#3209=LINE('',#3208,#3207);
#3210=DIRECTION('',(-8.265992787996E-1,-5.627909312417E-1,0.E0));
#3211=VECTOR('',#3210,1.058554032700E-1);
#3212=CARTESIAN_POINT('',(5.983333361149E0,-3.008510613441E0,1.E-2));
#3213=LINE('',#3212,#3211);
#3214=DIRECTION('',(-9.689177035558E-1,-2.473832729514E-1,0.E0));
#3215=VECTOR('',#3214,1.204092343684E-1);
#3216=CARTESIAN_POINT('',(6.1E0,-2.978723382950E0,1.E-2));
#3217=LINE('',#3216,#3215);
#3218=DIRECTION('',(1.E0,0.E0,0.E0));
#3219=VECTOR('',#3218,1.75E-1);
#3220=CARTESIAN_POINT('',(5.225E0,-3.246808540821E0,1.E-2));
#3221=LINE('',#3220,#3219);
#3222=DIRECTION('',(6.379969382643E-1,7.700388995144E-1,0.E0));
#3223=VECTOR('',#3222,5.028758893031E-1);
#3224=CARTESIAN_POINT('',(4.904166722298E0,-3.634042537212E0,1.E-2));
#3225=LINE('',#3224,#3223);
#3226=DIRECTION('',(6.379971350541E-1,-7.700387364690E-1,0.E0));
#3227=VECTOR('',#3226,5.028759957804E-1);
#3228=CARTESIAN_POINT('',(4.583333277702E0,-3.246808540821E0,1.E-2));
#3229=LINE('',#3228,#3227);
#3230=DIRECTION('',(1.E0,0.E0,0.E0));
#3231=VECTOR('',#3230,1.75E-1);
#3232=CARTESIAN_POINT('',(4.408333277702E0,-3.246808540821E0,1.E-2));
#3233=LINE('',#3232,#3231);
#3234=DIRECTION('',(-6.506286119005E-1,7.593960820128E-1,0.E0));
#3235=VECTOR('',#3234,6.275983520039E-1);
#3236=CARTESIAN_POINT('',(4.816666722298E0,-3.723404270411E0,1.E-2));
#3237=LINE('',#3236,#3235);
#3238=DIRECTION('',(6.506286119005E-1,7.593960820128E-1,0.E0));
#3239=VECTOR('',#3238,6.275983520039E-1);
#3240=CARTESIAN_POINT('',(4.408333277702E0,-4.2E0,1.E-2));
#3241=LINE('',#3240,#3239);
#3242=DIRECTION('',(-1.E0,0.E0,0.E0));
#3243=VECTOR('',#3242,1.75E-1);
#3244=CARTESIAN_POINT('',(4.583333277702E0,-4.2E0,1.E-2));
#3245=LINE('',#3244,#3243);
#3246=DIRECTION('',(-6.379970942927E-1,-7.700387702408E-1,0.E0));
#3247=VECTOR('',#3246,5.028760279089E-1);
#3248=CARTESIAN_POINT('',(4.904166722298E0,-3.812765961885E0,1.E-2));
#3249=LINE('',#3248,#3247);
#3250=DIRECTION('',(-6.379968975030E-1,7.700389332862E-1,0.E0));
#3251=VECTOR('',#3250,5.028759214316E-1);
#3252=CARTESIAN_POINT('',(5.225E0,-4.2E0,1.E-2));
#3253=LINE('',#3252,#3251);
#3254=DIRECTION('',(-1.E0,0.E0,0.E0));
#3255=VECTOR('',#3254,1.75E-1);
#3256=CARTESIAN_POINT('',(5.4E0,-4.2E0,1.E-2));
#3257=LINE('',#3256,#3255);
#3258=DIRECTION('',(6.506284585472E-1,-7.593962134015E-1,0.E0));
#3259=VECTOR('',#3258,6.275982434185E-1);
#3260=CARTESIAN_POINT('',(4.991666722298E0,-3.723404270411E0,1.E-2));
#3261=LINE('',#3260,#3259);
#3262=DIRECTION('',(-6.506284585472E-1,-7.593962134015E-1,0.E0));
#3263=VECTOR('',#3262,6.275982434185E-1);
#3264=CARTESIAN_POINT('',(5.4E0,-3.246808540821E0,1.E-2));
#3265=LINE('',#3264,#3263);
#3266=DIRECTION('',(1.E0,0.E0,0.E0));
#3267=VECTOR('',#3266,1.75E-1);
#3268=CARTESIAN_POINT('',(4.E0,-3.246808540821E0,1.E-2));
#3269=LINE('',#3268,#3267);
#3270=DIRECTION('',(6.379971350541E-1,7.700387364690E-1,0.E0));
#3271=VECTOR('',#3270,5.028759957804E-1);
#3272=CARTESIAN_POINT('',(3.679166555405E0,-3.634042537212E0,1.E-2));
#3273=LINE('',#3272,#3271);
#3274=DIRECTION('',(6.379967414744E-1,-7.700390625598E-1,0.E0));
#3275=VECTOR('',#3274,5.028757828259E-1);
#3276=CARTESIAN_POINT('',(3.358333444595E0,-3.246808540821E0,1.E-2));
#3277=LINE('',#3276,#3275);
#3278=DIRECTION('',(1.E0,0.E0,0.E0));
#3279=VECTOR('',#3278,1.75E-1);
#3280=CARTESIAN_POINT('',(3.183333444595E0,-3.246808540821E0,1.E-2));
#3281=LINE('',#3280,#3279);
#3282=DIRECTION('',(-6.506283051938E-1,7.593963447902E-1,0.E0));
#3283=VECTOR('',#3282,6.275981348332E-1);
#3284=CARTESIAN_POINT('',(3.591666555405E0,-3.723404270411E0,1.E-2));
#3285=LINE('',#3284,#3283);
#3286=DIRECTION('',(6.506283051938E-1,7.593963447902E-1,0.E0));
#3287=VECTOR('',#3286,6.275981348332E-1);
#3288=CARTESIAN_POINT('',(3.183333444595E0,-4.2E0,1.E-2));
#3289=LINE('',#3288,#3287);
#3290=DIRECTION('',(-1.E0,0.E0,0.E0));
#3291=VECTOR('',#3290,1.75E-1);
#3292=CARTESIAN_POINT('',(3.358333444595E0,-4.2E0,1.E-2));
#3293=LINE('',#3292,#3291);
#3294=DIRECTION('',(-6.379967007131E-1,-7.700390963316E-1,0.E0));
#3295=VECTOR('',#3294,5.028758149544E-1);
#3296=CARTESIAN_POINT('',(3.679166555405E0,-3.812765961885E0,1.E-2));
#3297=LINE('',#3296,#3295);
#3298=DIRECTION('',(-6.379970942927E-1,7.700387702408E-1,0.E0));
#3299=VECTOR('',#3298,5.028760279089E-1);
#3300=CARTESIAN_POINT('',(4.E0,-4.2E0,1.E-2));
#3301=LINE('',#3300,#3299);
#3302=DIRECTION('',(-1.E0,0.E0,0.E0));
#3303=VECTOR('',#3302,1.75E-1);
#3304=CARTESIAN_POINT('',(4.175E0,-4.2E0,1.E-2));
#3305=LINE('',#3304,#3303);
#3306=DIRECTION('',(6.506286119005E-1,-7.593960820128E-1,0.E0));
#3307=VECTOR('',#3306,6.275983520039E-1);
#3308=CARTESIAN_POINT('',(3.766666555405E0,-3.723404270411E0,1.E-2));
#3309=LINE('',#3308,#3307);
#3310=DIRECTION('',(-6.506286119005E-1,-7.593960820128E-1,0.E0));
#3311=VECTOR('',#3310,6.275983520039E-1);
#3312=CARTESIAN_POINT('',(4.175E0,-3.246808540821E0,1.E-2));
#3313=LINE('',#3312,#3311);
#3314=DIRECTION('',(1.E0,0.E0,0.E0));
#3315=VECTOR('',#3314,1.75E-1);
#3316=CARTESIAN_POINT('',(2.775E0,-3.246808540821E0,1.E-2));
#3317=LINE('',#3316,#3315);
#3318=DIRECTION('',(6.379971350541E-1,7.700387364690E-1,0.E0));
#3319=VECTOR('',#3318,5.028759957804E-1);
#3320=CARTESIAN_POINT('',(2.454166555405E0,-3.634042537212E0,1.E-2));
#3321=LINE('',#3320,#3319);
#3322=DIRECTION('',(6.379967414744E-1,-7.700390625598E-1,0.E0));
#3323=VECTOR('',#3322,5.028757828259E-1);
#3324=CARTESIAN_POINT('',(2.133333444595E0,-3.246808540821E0,1.E-2));
#3325=LINE('',#3324,#3323);
#3326=DIRECTION('',(1.E0,0.E0,0.E0));
#3327=VECTOR('',#3326,1.75E-1);
#3328=CARTESIAN_POINT('',(1.958333444595E0,-3.246808540821E0,1.E-2));
#3329=LINE('',#3328,#3327);
#3330=DIRECTION('',(-6.506283051938E-1,7.593963447902E-1,0.E0));
#3331=VECTOR('',#3330,6.275981348332E-1);
#3332=CARTESIAN_POINT('',(2.366666555405E0,-3.723404270411E0,1.E-2));
#3333=LINE('',#3332,#3331);
#3334=DIRECTION('',(6.506283051938E-1,7.593963447902E-1,0.E0));
#3335=VECTOR('',#3334,6.275981348332E-1);
#3336=CARTESIAN_POINT('',(1.958333444595E0,-4.2E0,1.E-2));
#3337=LINE('',#3336,#3335);
#3338=DIRECTION('',(-1.E0,0.E0,0.E0));
#3339=VECTOR('',#3338,1.75E-1);
#3340=CARTESIAN_POINT('',(2.133333444595E0,-4.2E0,1.E-2));
#3341=LINE('',#3340,#3339);
#3342=DIRECTION('',(-6.379967007131E-1,-7.700390963316E-1,0.E0));
#3343=VECTOR('',#3342,5.028758149544E-1);
#3344=CARTESIAN_POINT('',(2.454166555405E0,-3.812765961885E0,1.E-2));
#3345=LINE('',#3344,#3343);
#3346=DIRECTION('',(-6.379970942927E-1,7.700387702408E-1,0.E0));
#3347=VECTOR('',#3346,5.028760279089E-1);
#3348=CARTESIAN_POINT('',(2.775E0,-4.2E0,1.E-2));
#3349=LINE('',#3348,#3347);
#3350=DIRECTION('',(-1.E0,0.E0,0.E0));
#3351=VECTOR('',#3350,1.75E-1);
#3352=CARTESIAN_POINT('',(2.95E0,-4.2E0,1.E-2));
#3353=LINE('',#3352,#3351);
#3354=DIRECTION('',(6.506286119005E-1,-7.593960820128E-1,0.E0));
#3355=VECTOR('',#3354,6.275983520039E-1);
#3356=CARTESIAN_POINT('',(2.541666555405E0,-3.723404270411E0,1.E-2));
#3357=LINE('',#3356,#3355);
#3358=DIRECTION('',(-6.506286119005E-1,-7.593960820128E-1,0.E0));
#3359=VECTOR('',#3358,6.275983520039E-1);
#3360=CARTESIAN_POINT('',(2.95E0,-3.246808540821E0,1.E-2));
#3361=LINE('',#3360,#3359);
#3362=DIRECTION('',(1.E0,0.E0,0.E0));
#3363=VECTOR('',#3362,1.75E-1);
#3364=CARTESIAN_POINT('',(1.55E0,-3.246808540821E0,1.E-2));
#3365=LINE('',#3364,#3363);
#3366=DIRECTION('',(6.379971350541E-1,7.700387364690E-1,0.E0));
#3367=VECTOR('',#3366,5.028759957804E-1);
#3368=CARTESIAN_POINT('',(1.229166555405E0,-3.634042537212E0,1.E-2));
#3369=LINE('',#3368,#3367);
#3370=DIRECTION('',(6.379971350541E-1,-7.700387364690E-1,0.E0));
#3371=VECTOR('',#3370,5.028759957804E-1);
#3372=CARTESIAN_POINT('',(9.083331108093E-1,-3.246808540821E0,1.E-2));
#3373=LINE('',#3372,#3371);
#3374=DIRECTION('',(1.E0,0.E0,0.E0));
#3375=VECTOR('',#3374,1.75E-1);
#3376=CARTESIAN_POINT('',(7.333331108093E-1,-3.246808540821E0,1.E-2));
#3377=LINE('',#3376,#3375);
#3378=DIRECTION('',(-6.506289186069E-1,7.593958192356E-1,0.E0));
#3379=VECTOR('',#3378,6.275985691747E-1);
#3380=CARTESIAN_POINT('',(1.141666889191E0,-3.723404270411E0,1.E-2));
#3381=LINE('',#3380,#3379);
#3382=DIRECTION('',(6.506289186069E-1,7.593958192356E-1,0.E0));
#3383=VECTOR('',#3382,6.275985691747E-1);
#3384=CARTESIAN_POINT('',(7.333331108093E-1,-4.2E0,1.E-2));
#3385=LINE('',#3384,#3383);
#3386=DIRECTION('',(-1.E0,0.E0,0.E0));
#3387=VECTOR('',#3386,1.75E-1);
#3388=CARTESIAN_POINT('',(9.083331108093E-1,-4.2E0,1.E-2));
#3389=LINE('',#3388,#3387);
#3390=DIRECTION('',(-6.379970942927E-1,-7.700387702408E-1,0.E0));
#3391=VECTOR('',#3390,5.028760279089E-1);
#3392=CARTESIAN_POINT('',(1.229166555405E0,-3.812765961885E0,1.E-2));
#3393=LINE('',#3392,#3391);
#3394=DIRECTION('',(-6.379970942927E-1,7.700387702408E-1,0.E0));
#3395=VECTOR('',#3394,5.028760279089E-1);
#3396=CARTESIAN_POINT('',(1.55E0,-4.2E0,1.E-2));
#3397=LINE('',#3396,#3395);
#3398=DIRECTION('',(-1.E0,0.E0,0.E0));
#3399=VECTOR('',#3398,1.75E-1);
#3400=CARTESIAN_POINT('',(1.725E0,-4.2E0,1.E-2));
#3401=LINE('',#3400,#3399);
#3402=DIRECTION('',(6.506286119005E-1,-7.593960820128E-1,0.E0));
#3403=VECTOR('',#3402,6.275983520039E-1);
#3404=CARTESIAN_POINT('',(1.316666555405E0,-3.723404270411E0,1.E-2));
#3405=LINE('',#3404,#3403);
#3406=DIRECTION('',(-6.506286119005E-1,-7.593960820128E-1,0.E0));
#3407=VECTOR('',#3406,6.275983520039E-1);
#3408=CARTESIAN_POINT('',(1.725E0,-3.246808540821E0,1.E-2));
#3409=LINE('',#3408,#3407);
#3410=DIRECTION('',(0.E0,1.E0,0.E0));
#3411=VECTOR('',#3410,1.489361941814E-1);
#3412=CARTESIAN_POINT('',(9.166688919068E-2,-3.693617039919E0,1.E-2));
#3413=LINE('',#3412,#3411);
#3414=DIRECTION('',(-1.E0,0.E0,0.E0));
#3415=VECTOR('',#3414,4.083331108093E-1);
#3416=CARTESIAN_POINT('',(5.E-1,-3.693617039919E0,1.E-2));
#3417=LINE('',#3416,#3415);
#3418=DIRECTION('',(0.E0,-1.E0,0.E0));
#3419=VECTOR('',#3418,1.489361941814E-1);
#3420=CARTESIAN_POINT('',(5.E-1,-3.544680845737E0,1.E-2));
#3421=LINE('',#3420,#3419);
#3422=DIRECTION('',(1.E0,0.E0,0.E0));
#3423=VECTOR('',#3422,4.083331108093E-1);
#3424=CARTESIAN_POINT('',(9.166688919068E-2,-3.544680845737E0,1.E-2));
#3425=LINE('',#3424,#3423);
#3426=DIRECTION('',(1.E0,0.E0,0.E0));
#3427=VECTOR('',#3426,1.75E-1);
#3428=CARTESIAN_POINT('',(-3.166668891907E-1,-3.246808540821E0,1.E-2));
#3429=LINE('',#3428,#3427);
#3430=DIRECTION('',(6.379967414744E-1,7.700390625598E-1,0.E0));
#3431=VECTOR('',#3430,5.028757828259E-1);
#3432=CARTESIAN_POINT('',(-6.375E-1,-3.634042537212E0,1.E-2));
#3433=LINE('',#3432,#3431);
#3434=DIRECTION('',(6.379967414744E-1,-7.700390625598E-1,0.E0));
#3435=VECTOR('',#3434,5.028757828259E-1);
#3436=CARTESIAN_POINT('',(-9.583331108093E-1,-3.246808540821E0,1.E-2));
#3437=LINE('',#3436,#3435);
#3438=DIRECTION('',(1.E0,0.E0,0.E0));
#3439=VECTOR('',#3438,1.75E-1);
#3440=CARTESIAN_POINT('',(-1.133333110809E0,-3.246808540821E0,1.E-2));
#3441=LINE('',#3440,#3439);
#3442=DIRECTION('',(-6.506283051938E-1,7.593963447902E-1,0.E0));
#3443=VECTOR('',#3442,6.275981348332E-1);
#3444=CARTESIAN_POINT('',(-7.25E-1,-3.723404270411E0,1.E-2));
#3445=LINE('',#3444,#3443);
#3446=DIRECTION('',(6.506283051938E-1,7.593963447902E-1,0.E0));
#3447=VECTOR('',#3446,6.275981348332E-1);
#3448=CARTESIAN_POINT('',(-1.133333110809E0,-4.2E0,1.E-2));
#3449=LINE('',#3448,#3447);
#3450=DIRECTION('',(-1.E0,0.E0,0.E0));
#3451=VECTOR('',#3450,1.75E-1);
#3452=CARTESIAN_POINT('',(-9.583331108093E-1,-4.2E0,1.E-2));
#3453=LINE('',#3452,#3451);
#3454=DIRECTION('',(-6.379967007131E-1,-7.700390963316E-1,0.E0));
#3455=VECTOR('',#3454,5.028758149544E-1);
#3456=CARTESIAN_POINT('',(-6.375E-1,-3.812765961885E0,1.E-2));
#3457=LINE('',#3456,#3455);
#3458=DIRECTION('',(-6.379967007131E-1,7.700390963316E-1,0.E0));
#3459=VECTOR('',#3458,5.028758149544E-1);
#3460=CARTESIAN_POINT('',(-3.166668891907E-1,-4.2E0,1.E-2));
#3461=LINE('',#3460,#3459);
#3462=DIRECTION('',(-1.E0,0.E0,0.E0));
#3463=VECTOR('',#3462,1.75E-1);
#3464=CARTESIAN_POINT('',(-1.416668891907E-1,-4.2E0,1.E-2));
#3465=LINE('',#3464,#3463);
#3466=DIRECTION('',(6.506283051938E-1,-7.593963447902E-1,0.E0));
#3467=VECTOR('',#3466,6.275981348332E-1);
#3468=CARTESIAN_POINT('',(-5.5E-1,-3.723404270411E0,1.E-2));
#3469=LINE('',#3468,#3467);
#3470=DIRECTION('',(-6.506283051938E-1,-7.593963447902E-1,0.E0));
#3471=VECTOR('',#3470,6.275981348332E-1);
#3472=CARTESIAN_POINT('',(-1.416668891907E-1,-3.246808540821E0,1.E-2));
#3473=LINE('',#3472,#3471);
#3474=DIRECTION('',(1.E0,0.E0,0.E0));
#3475=VECTOR('',#3474,1.75E-1);
#3476=CARTESIAN_POINT('',(-1.541666889191E0,-3.246808540821E0,1.E-2));
#3477=LINE('',#3476,#3475);
#3478=DIRECTION('',(6.379967414744E-1,7.700390625598E-1,0.E0));
#3479=VECTOR('',#3478,5.028757828259E-1);
#3480=CARTESIAN_POINT('',(-1.8625E0,-3.634042537212E0,1.E-2));
#3481=LINE('',#3480,#3479);
#3482=DIRECTION('',(6.379967414744E-1,-7.700390625598E-1,0.E0));
#3483=VECTOR('',#3482,5.028757828259E-1);
#3484=CARTESIAN_POINT('',(-2.183333110809E0,-3.246808540821E0,1.E-2));
#3485=LINE('',#3484,#3483);
#3486=DIRECTION('',(1.E0,0.E0,0.E0));
#3487=VECTOR('',#3486,1.75E-1);
#3488=CARTESIAN_POINT('',(-2.358333110809E0,-3.246808540821E0,1.E-2));
#3489=LINE('',#3488,#3487);
#3490=DIRECTION('',(-6.506283051938E-1,7.593963447902E-1,0.E0));
#3491=VECTOR('',#3490,6.275981348332E-1);
#3492=CARTESIAN_POINT('',(-1.95E0,-3.723404270411E0,1.E-2));
#3493=LINE('',#3492,#3491);
#3494=DIRECTION('',(6.506283051938E-1,7.593963447902E-1,0.E0));
#3495=VECTOR('',#3494,6.275981348332E-1);
#3496=CARTESIAN_POINT('',(-2.358333110809E0,-4.2E0,1.E-2));
#3497=LINE('',#3496,#3495);
#3498=DIRECTION('',(-1.E0,0.E0,0.E0));
#3499=VECTOR('',#3498,1.75E-1);
#3500=CARTESIAN_POINT('',(-2.183333110809E0,-4.2E0,1.E-2));
#3501=LINE('',#3500,#3499);
#3502=DIRECTION('',(-6.379967007131E-1,-7.700390963316E-1,0.E0));
#3503=VECTOR('',#3502,5.028758149544E-1);
#3504=CARTESIAN_POINT('',(-1.8625E0,-3.812765961885E0,1.E-2));
#3505=LINE('',#3504,#3503);
#3506=DIRECTION('',(-6.379967007131E-1,7.700390963316E-1,0.E0));
#3507=VECTOR('',#3506,5.028758149544E-1);
#3508=CARTESIAN_POINT('',(-1.541666889191E0,-4.2E0,1.E-2));
#3509=LINE('',#3508,#3507);
#3510=DIRECTION('',(-1.E0,0.E0,0.E0));
#3511=VECTOR('',#3510,1.75E-1);
#3512=CARTESIAN_POINT('',(-1.366666889191E0,-4.2E0,1.E-2));
#3513=LINE('',#3512,#3511);
#3514=DIRECTION('',(6.506283051938E-1,-7.593963447902E-1,0.E0));
#3515=VECTOR('',#3514,6.275981348332E-1);
#3516=CARTESIAN_POINT('',(-1.775E0,-3.723404270411E0,1.E-2));
#3517=LINE('',#3516,#3515);
#3518=DIRECTION('',(-6.506283051938E-1,-7.593963447902E-1,0.E0));
#3519=VECTOR('',#3518,6.275981348332E-1);
#3520=CARTESIAN_POINT('',(-1.366666889191E0,-3.246808540821E0,1.E-2));
#3521=LINE('',#3520,#3519);
#3522=DIRECTION('',(1.E0,0.E0,0.E0));
#3523=VECTOR('',#3522,1.75E-1);
#3524=CARTESIAN_POINT('',(-2.766666889191E0,-3.246808540821E0,1.E-2));
#3525=LINE('',#3524,#3523);
#3526=DIRECTION('',(6.379967414744E-1,7.700390625598E-1,0.E0));
#3527=VECTOR('',#3526,5.028757828259E-1);
#3528=CARTESIAN_POINT('',(-3.0875E0,-3.634042537212E0,1.E-2));
#3529=LINE('',#3528,#3527);
#3530=DIRECTION('',(6.379967414744E-1,-7.700390625598E-1,0.E0));
#3531=VECTOR('',#3530,5.028757828259E-1);
#3532=CARTESIAN_POINT('',(-3.408333110809E0,-3.246808540821E0,1.E-2));
#3533=LINE('',#3532,#3531);
#3534=DIRECTION('',(1.E0,0.E0,0.E0));
#3535=VECTOR('',#3534,1.75E-1);
#3536=CARTESIAN_POINT('',(-3.583333110809E0,-3.246808540821E0,1.E-2));
#3537=LINE('',#3536,#3535);
#3538=DIRECTION('',(-6.506283051938E-1,7.593963447902E-1,0.E0));
#3539=VECTOR('',#3538,6.275981348332E-1);
#3540=CARTESIAN_POINT('',(-3.175E0,-3.723404270411E0,1.E-2));
#3541=LINE('',#3540,#3539);
#3542=DIRECTION('',(6.506283051938E-1,7.593963447902E-1,0.E0));
#3543=VECTOR('',#3542,6.275981348332E-1);
#3544=CARTESIAN_POINT('',(-3.583333110809E0,-4.2E0,1.E-2));
#3545=LINE('',#3544,#3543);
#3546=DIRECTION('',(-1.E0,0.E0,0.E0));
#3547=VECTOR('',#3546,1.75E-1);
#3548=CARTESIAN_POINT('',(-3.408333110809E0,-4.2E0,1.E-2));
#3549=LINE('',#3548,#3547);
#3550=DIRECTION('',(-6.379967007131E-1,-7.700390963316E-1,0.E0));
#3551=VECTOR('',#3550,5.028758149544E-1);
#3552=CARTESIAN_POINT('',(-3.0875E0,-3.812765961885E0,1.E-2));
#3553=LINE('',#3552,#3551);
#3554=DIRECTION('',(-6.379967007131E-1,7.700390963316E-1,0.E0));
#3555=VECTOR('',#3554,5.028758149544E-1);
#3556=CARTESIAN_POINT('',(-2.766666889191E0,-4.2E0,1.E-2));
#3557=LINE('',#3556,#3555);
#3558=DIRECTION('',(-1.E0,0.E0,0.E0));
#3559=VECTOR('',#3558,1.75E-1);
#3560=CARTESIAN_POINT('',(-2.591666889191E0,-4.2E0,1.E-2));
#3561=LINE('',#3560,#3559);
#3562=DIRECTION('',(6.506283051938E-1,-7.593963447902E-1,0.E0));
#3563=VECTOR('',#3562,6.275981348332E-1);
#3564=CARTESIAN_POINT('',(-3.E0,-3.723404270411E0,1.E-2));
#3565=LINE('',#3564,#3563);
#3566=DIRECTION('',(-6.506283051938E-1,-7.593963447901E-1,0.E0));
#3567=VECTOR('',#3566,6.275981348332E-1);
#3568=CARTESIAN_POINT('',(-2.591666889191E0,-3.246808540821E0,1.E-2));
#3569=LINE('',#3568,#3567);
#3570=DIRECTION('',(1.E0,0.E0,0.E0));
#3571=VECTOR('',#3570,1.75E-1);
#3572=CARTESIAN_POINT('',(-3.991666889191E0,-3.246808540821E0,1.E-2));
#3573=LINE('',#3572,#3571);
#3574=DIRECTION('',(6.379967414744E-1,7.700390625598E-1,0.E0));
#3575=VECTOR('',#3574,5.028757828259E-1);
#3576=CARTESIAN_POINT('',(-4.3125E0,-3.634042537212E0,1.E-2));
#3577=LINE('',#3576,#3575);
#3578=DIRECTION('',(6.379975286332E-1,-7.700384103783E-1,0.E0));
#3579=VECTOR('',#3578,5.028762087349E-1);
#3580=CARTESIAN_POINT('',(-4.633333778381E0,-3.246808540821E0,1.E-2));
#3581=LINE('',#3580,#3579);
#3582=DIRECTION('',(1.E0,0.E0,0.E0));
#3583=VECTOR('',#3582,1.75E-1);
#3584=CARTESIAN_POINT('',(-4.808333778381E0,-3.246808540821E0,1.E-2));
#3585=LINE('',#3584,#3583);
#3586=DIRECTION('',(-6.506289186069E-1,7.593958192356E-1,0.E0));
#3587=VECTOR('',#3586,6.275985691747E-1);
#3588=CARTESIAN_POINT('',(-4.4E0,-3.723404270411E0,1.E-2));
#3589=LINE('',#3588,#3587);
#3590=DIRECTION('',(6.506289186069E-1,7.593958192356E-1,0.E0));
#3591=VECTOR('',#3590,6.275985691747E-1);
#3592=CARTESIAN_POINT('',(-4.808333778381E0,-4.2E0,1.E-2));
#3593=LINE('',#3592,#3591);
#3594=DIRECTION('',(-1.E0,0.E0,0.E0));
#3595=VECTOR('',#3594,1.75E-1);
#3596=CARTESIAN_POINT('',(-4.633333778381E0,-4.2E0,1.E-2));
#3597=LINE('',#3596,#3595);
#3598=DIRECTION('',(-6.379974878719E-1,-7.700384441501E-1,0.E0));
#3599=VECTOR('',#3598,5.028762408634E-1);
#3600=CARTESIAN_POINT('',(-4.3125E0,-3.812765961885E0,1.E-2));
#3601=LINE('',#3600,#3599);
#3602=DIRECTION('',(-6.379967007131E-1,7.700390963316E-1,0.E0));
#3603=VECTOR('',#3602,5.028758149544E-1);
#3604=CARTESIAN_POINT('',(-3.991666889191E0,-4.2E0,1.E-2));
#3605=LINE('',#3604,#3603);
#3606=DIRECTION('',(-1.E0,0.E0,0.E0));
#3607=VECTOR('',#3606,1.75E-1);
#3608=CARTESIAN_POINT('',(-3.816666889191E0,-4.2E0,1.E-2));
#3609=LINE('',#3608,#3607);
#3610=DIRECTION('',(6.506283051938E-1,-7.593963447902E-1,0.E0));
#3611=VECTOR('',#3610,6.275981348332E-1);
#3612=CARTESIAN_POINT('',(-4.225E0,-3.723404270411E0,1.E-2));
#3613=LINE('',#3612,#3611);
#3614=DIRECTION('',(-6.506283051938E-1,-7.593963447902E-1,0.E0));
#3615=VECTOR('',#3614,6.275981348332E-1);
#3616=CARTESIAN_POINT('',(-3.816666889191E0,-3.246808540821E0,1.E-2));
#3617=LINE('',#3616,#3615);
#3618=DIRECTION('',(-3.162277490531E-1,9.486833037051E-1,0.E0));
#3619=VECTOR('',#3618,1.475729565949E0);
#3620=CARTESIAN_POINT('',(6.1E0,-2.E0,1.E-2));
#3621=LINE('',#3620,#3619);
#3622=DIRECTION('',(-1.E0,0.E0,0.E0));
#3623=VECTOR('',#3622,2.333333194256E-1);
#3624=CARTESIAN_POINT('',(6.333333319426E0,-2.E0,1.E-2));
#3625=LINE('',#3624,#3623);
#3626=DIRECTION('',(-3.162277744987E-1,-9.486832952232E-1,0.E0));
#3627=VECTOR('',#3626,1.475729579143E0);
#3628=CARTESIAN_POINT('',(6.8E0,-6.E-1,1.E-2));
#3629=LINE('',#3628,#3627);
#3630=DIRECTION('',(1.E0,0.E0,0.E0));
#3631=VECTOR('',#3630,1.75E-1);
#3632=CARTESIAN_POINT('',(6.625E0,-6.E-1,1.E-2));
#3633=LINE('',#3632,#3631);
#3634=DIRECTION('',(3.170950573229E-1,9.483937603239E-1,0.E0));
#3635=VECTOR('',#3634,1.287731580785E0);
#3636=CARTESIAN_POINT('',(6.216666680574E0,-1.821276596189E0,1.E-2));
#3637=LINE('',#3636,#3635);
#3638=DIRECTION('',(3.170950573229E-1,-9.483937603239E-1,0.E0));
#3639=VECTOR('',#3638,1.287731580785E0);
#3640=CARTESIAN_POINT('',(5.808333361149E0,-6.E-1,1.E-2));
#3641=LINE('',#3640,#3639);
#3642=DIRECTION('',(1.E0,0.E0,0.E0));
#3643=VECTOR('',#3642,1.75E-1);
#3644=CARTESIAN_POINT('',(5.633333361149E0,-6.E-1,1.E-2));
#3645=LINE('',#3644,#3643);
#3646=DIRECTION('',(0.E0,-1.E0,0.E0));
#3647=VECTOR('',#3646,1.489361733198E-1);
#3648=CARTESIAN_POINT('',(5.4E0,-1.851063826680E0,1.E-2));
#3649=LINE('',#3648,#3647);
#3650=DIRECTION('',(7.389229891797E-1,-6.737898901451E-1,0.E0));
#3651=VECTOR('',#3650,1.105212226790E0);
#3652=CARTESIAN_POINT('',(4.583333277702E0,-1.106383001804E0,1.E-2));
#3653=LINE('',#3652,#3651);
#3654=DIRECTION('',(4.397131575602E-1,-8.981382627794E-1,0.E0));
#3655=VECTOR('',#3654,1.326621155164E-1);
#3656=CARTESIAN_POINT('',(4.525E0,-9.872340798378E-1,1.E-2));
#3657=LINE('',#3656,#3655);
#3658=DIRECTION('',(0.E0,-1.E0,0.E0));
#3659=VECTOR('',#3658,5.957454442978E-2);
#3660=CARTESIAN_POINT('',(4.525E0,-9.276595354080E-1,1.E-2));
#3661=LINE('',#3660,#3659);
#3662=DIRECTION('',(-5.466221810895E-1,-8.373793591563E-1,0.E0));
#3663=VECTOR('',#3662,1.067158994281E-1);
#3664=CARTESIAN_POINT('',(4.583333277702E0,-8.382978439331E-1,1.E-2));
#3665=LINE('',#3664,#3663);
#3666=DIRECTION('',(-8.265992787996E-1,-5.627909312417E-1,0.E0));
#3667=VECTOR('',#3666,1.058554032700E-1);
#3668=CARTESIAN_POINT('',(4.670833277702E0,-7.787233829498E-1,1.E-2));
#3669=LINE('',#3668,#3667);
#3670=DIRECTION('',(-9.797707392153E-1,-2.001232084928E-1,0.E0));
#3671=VECTOR('',#3670,1.488444579516E-1);
#3672=CARTESIAN_POINT('',(4.816666722298E0,-7.489361524582E-1,1.E-2));
#3673=LINE('',#3672,#3671);
#3674=DIRECTION('',(-1.E0,0.E0,0.E0));
#3675=VECTOR('',#3674,1.166665554047E-1);
#3676=CARTESIAN_POINT('',(4.933333277702E0,-7.489361524582E-1,1.E-2));
#3677=LINE('',#3676,#3675);
#3678=DIRECTION('',(-9.797707392153E-1,2.001232084928E-1,0.E0));
#3679=VECTOR('',#3678,1.488444579516E-1);
#3680=CARTESIAN_POINT('',(5.079166722298E0,-7.787233829498E-1,1.E-2));
#3681=LINE('',#3680,#3679);
#3682=DIRECTION('',(-8.265992787996E-1,5.627909312417E-1,0.E0));
#3683=VECTOR('',#3682,1.058554032700E-1);
#3684=CARTESIAN_POINT('',(5.166666722298E0,-8.382978439331E-1,1.E-2));
#3685=LINE('',#3684,#3683);
#3686=DIRECTION('',(-5.466221810895E-1,8.373793591563E-1,0.E0));
#3687=VECTOR('',#3686,1.067158994281E-1);
#3688=CARTESIAN_POINT('',(5.225E0,-9.276595354080E-1,1.E-2));
#3689=LINE('',#3688,#3687);
#3690=DIRECTION('',(-1.E0,0.E0,0.E0));
#3691=VECTOR('',#3690,1.458332777023E-1);
#3692=CARTESIAN_POINT('',(5.370833277702E0,-9.276595354080E-1,1.E-2));
#3693=LINE('',#3692,#3691);
#3694=DIRECTION('',(2.377704967207E-1,-9.713213633444E-1,0.E0));
#3695=VECTOR('',#3694,1.226668396918E-1);
#3696=CARTESIAN_POINT('',(5.341666722298E0,-8.085106134415E-1,1.E-2));
#3697=LINE('',#3696,#3695);
#3698=DIRECTION('',(6.996250055017E-1,-7.145102180353E-1,0.E0));
#3699=VECTOR('',#3698,1.667560784424E-1);
#3700=CARTESIAN_POINT('',(5.225E0,-6.893616914749E-1,1.E-2));
#3701=LINE('',#3700,#3699);
#3702=DIRECTION('',(8.906053746977E-1,-4.547769415434E-1,0.E0));
#3703=VECTOR('',#3702,1.309971010867E-1);
#3704=CARTESIAN_POINT('',(5.108333277702E0,-6.297872304916E-1,1.E-2));
#3705=LINE('',#3704,#3703);
#3706=DIRECTION('',(9.895240227806E-1,-1.443683079492E-1,0.E0));
#3707=VECTOR('',#3706,2.063280432859E-1);
#3708=CARTESIAN_POINT('',(4.904166722298E0,-6.E-1,1.E-2));
#3709=LINE('',#3708,#3707);
#3710=DIRECTION('',(1.E0,0.E0,0.E0));
#3711=VECTOR('',#3710,1.166667222977E-1);
#3712=CARTESIAN_POINT('',(4.7875E0,-6.E-1,1.E-2));
#3713=LINE('',#3712,#3711);
#3714=DIRECTION('',(9.858211730931E-1,1.677993286083E-1,0.E0));
#3715=VECTOR('',#3714,1.775169825689E-1);
#3716=CARTESIAN_POINT('',(4.6125E0,-6.297872304916E-1,1.E-2));
#3717=LINE('',#3716,#3715);
#3718=DIRECTION('',(8.906053746977E-1,4.547769415434E-1,0.E0));
#3719=VECTOR('',#3718,1.309971010867E-1);
#3720=CARTESIAN_POINT('',(4.495833277702E0,-6.893616914749E-1,1.E-2));
#3721=LINE('',#3720,#3719);
#3722=DIRECTION('',(6.996244945571E-1,7.145107183351E-1,0.E0));
#3723=VECTOR('',#3722,1.667559616799E-1);
#3724=CARTESIAN_POINT('',(4.379166722298E0,-8.085106134415E-1,1.E-2));
#3725=LINE('',#3724,#3723);
#3726=DIRECTION('',(2.377717803411E-1,9.713210491251E-1,0.E0));
#3727=VECTOR('',#3726,1.226668793741E-1);
#3728=CARTESIAN_POINT('',(4.35E0,-9.276595354080E-1,1.E-2));
#3729=LINE('',#3728,#3727);
#3730=DIRECTION('',(0.E0,1.E0,0.E0));
#3731=VECTOR('',#3730,5.957454442978E-2);
#3732=CARTESIAN_POINT('',(4.35E0,-9.872340798378E-1,1.E-2));
#3733=LINE('',#3732,#3731);
#3734=DIRECTION('',(-2.377717803411E-1,9.713210491251E-1,0.E0));
#3735=VECTOR('',#3734,1.226668793741E-1);
#3736=CARTESIAN_POINT('',(4.379166722298E0,-1.106383001804E0,1.E-2));
#3737=LINE('',#3736,#3735);
#3738=DIRECTION('',(-5.466221810895E-1,8.373793591563E-1,0.E0));
#3739=VECTOR('',#3738,1.067158994281E-1);
#3740=CARTESIAN_POINT('',(4.4375E0,-1.195744693279E0,1.E-2));
#3741=LINE('',#3740,#3739);
#3742=DIRECTION('',(-7.437661157801E-1,6.684399486995E-1,0.E0));
#3743=VECTOR('',#3742,9.803709887117E-1);
#3744=CARTESIAN_POINT('',(5.166666722298E0,-1.851063826680E0,1.E-2));
#3745=LINE('',#3744,#3743);
#3746=DIRECTION('',(1.E0,0.E0,0.E0));
#3747=VECTOR('',#3746,8.166667222977E-1);
#3748=CARTESIAN_POINT('',(4.35E0,-1.851063826680E0,1.E-2));
#3749=LINE('',#3748,#3747);
#3750=DIRECTION('',(0.E0,1.E0,0.E0));
#3751=VECTOR('',#3750,1.489361733198E-1);
#3752=CARTESIAN_POINT('',(4.35E0,-2.E0,1.E-2));
#3753=LINE('',#3752,#3751);
#3754=DIRECTION('',(-1.E0,0.E0,0.E0));
#3755=VECTOR('',#3754,1.05E0);
#3756=CARTESIAN_POINT('',(5.4E0,-2.E0,1.E-2));
#3757=LINE('',#3756,#3755);
#3758=DIRECTION('',(-5.466210844748E-1,8.373800750004E-1,0.E0));
#3759=VECTOR('',#3758,1.067158082008E-1);
#3760=CARTESIAN_POINT('',(3.154166555405E0,-1.851063826680E0,1.E-2));
#3761=LINE('',#3760,#3759);
#3762=DIRECTION('',(-8.265992329593E-1,5.627909985697E-1,0.E0));
#3763=VECTOR('',#3762,1.058554091403E-1);
#3764=CARTESIAN_POINT('',(3.241666555405E0,-1.910638298094E0,1.E-2));
#3765=LINE('',#3764,#3763);
#3766=DIRECTION('',(-8.906056140048E-1,4.547764728998E-1,0.E0));
#3767=VECTOR('',#3766,1.309972532803E-1);
#3768=CARTESIAN_POINT('',(3.358333444595E0,-1.970212766901E0,1.E-2));
#3769=LINE('',#3768,#3767);
#3770=DIRECTION('',(-9.689176559527E-1,2.473834593969E-1,0.E0));
#3771=VECTOR('',#3770,1.204091541607E-1);
#3772=CARTESIAN_POINT('',(3.475E0,-2.E0,1.E-2));
#3773=LINE('',#3772,#3771);
#3774=DIRECTION('',(-1.E0,0.E0,0.E0));
#3775=VECTOR('',#3774,2.333334445953E-1);
#3776=CARTESIAN_POINT('',(3.708333444595E0,-2.E0,1.E-2));
#3777=LINE('',#3776,#3775);
#3778=DIRECTION('',(-9.689176559527E-1,-2.473834593969E-1,0.E0));
#3779=VECTOR('',#3778,1.204091541607E-1);
#3780=CARTESIAN_POINT('',(3.825E0,-1.970212766901E0,1.E-2));
#3781=LINE('',#3780,#3779);
#3782=DIRECTION('',(-8.906050870136E-1,-4.547775049247E-1,0.E0));
#3783=VECTOR('',#3782,1.309969560087E-1);
#3784=CARTESIAN_POINT('',(3.941666555405E0,-1.910638298094E0,1.E-2));
#3785=LINE('',#3784,#3783);
#3786=DIRECTION('',(-8.265997323248E-1,-5.627902651260E-1,0.E0));
#3787=VECTOR('',#3786,1.058555470940E-1);
#3788=CARTESIAN_POINT('',(4.029166722298E0,-1.851063826680E0,1.E-2));
#3789=LINE('',#3788,#3787);
#3790=DIRECTION('',(-5.466221810895E-1,-8.373793591563E-1,0.E0));
#3791=VECTOR('',#3790,1.067158994281E-1);
#3792=CARTESIAN_POINT('',(4.0875E0,-1.761702135205E0,1.E-2));
#3793=LINE('',#3792,#3791);
#3794=DIRECTION('',(-3.102805343431E-1,-9.506450389119E-1,0.E0));
#3795=VECTOR('',#3794,9.400113468096E-2);
#3796=CARTESIAN_POINT('',(4.116666722298E0,-1.672340422869E0,1.E-2));
#3797=LINE('',#3796,#3795);
#3798=DIRECTION('',(1.E0,0.E0,0.E0));
#3799=VECTOR('',#3798,1.458332777023E-1);
#3800=CARTESIAN_POINT('',(3.970833444595E0,-1.672340422869E0,1.E-2));
#3801=LINE('',#3800,#3799);
#3802=DIRECTION('',(4.397162019326E-1,8.981367723003E-1,0.E0));
#3803=VECTOR('',#3802,6.633116783616E-2);
#3804=CARTESIAN_POINT('',(3.941666555405E0,-1.731914883852E0,1.E-2));
#3805=LINE('',#3804,#3803);
#3806=DIRECTION('',(6.996233475895E-1,7.145118414048E-1,0.E0));
#3807=VECTOR('',#3806,8.337787898347E-2);
#3808=CARTESIAN_POINT('',(3.883333444595E0,-1.791489365697E0,1.E-2));
#3809=LINE('',#3808,#3807);
#3810=DIRECTION('',(8.906056381928E-1,4.547764255314E-1,0.E0));
#3811=VECTOR('',#3810,6.549862486128E-2);
#3812=CARTESIAN_POINT('',(3.825E0,-1.821276596189E0,1.E-2));
#3813=LINE('',#3812,#3811);
#3814=DIRECTION('',(9.797707392153E-1,2.001232084928E-1,0.E0));
#3815=VECTOR('',#3814,1.488444579516E-1);
#3816=CARTESIAN_POINT('',(3.679166555405E0,-1.851063826680E0,1.E-2));
#3817=LINE('',#3816,#3815);
#3818=DIRECTION('',(1.E0,0.E0,0.E0));
#3819=VECTOR('',#3818,1.75E-1);
#3820=CARTESIAN_POINT('',(3.504166555405E0,-1.851063826680E0,1.E-2));
#3821=LINE('',#3820,#3819);
#3822=DIRECTION('',(9.797706494039E-1,-2.001236481946E-1,0.E0));
#3823=VECTOR('',#3822,1.488441309178E-1);
#3824=CARTESIAN_POINT('',(3.358333444595E0,-1.821276596189E0,1.E-2));
#3825=LINE('',#3824,#3823);
#3826=DIRECTION('',(8.906056381928E-1,-4.547764255314E-1,0.E0));
#3827=VECTOR('',#3826,6.549862486128E-2);
#3828=CARTESIAN_POINT('',(3.3E0,-1.791489365697E0,1.E-2));
#3829=LINE('',#3828,#3827);
#3830=DIRECTION('',(6.996253913704E-1,-7.145098402051E-1,0.E0));
#3831=VECTOR('',#3830,8.337811250829E-2);
#3832=CARTESIAN_POINT('',(3.241666555405E0,-1.731914883852E0,1.E-2));
#3833=LINE('',#3832,#3831);
#3834=DIRECTION('',(4.397121427660E-1,-8.981387596046E-1,0.E0));
#3835=VECTOR('',#3834,6.633102106572E-2);
#3836=CARTESIAN_POINT('',(3.2125E0,-1.672340422869E0,1.E-2));
#3837=LINE('',#3836,#3835);
#3838=DIRECTION('',(0.E0,-1.E0,0.E0));
#3839=VECTOR('',#3838,1.191489219666E-1);
#3840=CARTESIAN_POINT('',(3.2125E0,-1.553191500902E0,1.E-2));
#3841=LINE('',#3840,#3839);
#3842=DIRECTION('',(-4.397140481462E-1,-8.981378267632E-1,0.E0));
#3843=VECTOR('',#3842,1.326622263748E-1);
#3844=CARTESIAN_POINT('',(3.270833444595E0,-1.434042537212E0,1.E-2));
#3845=LINE('',#3844,#3843);
#3846=DIRECTION('',(-8.265992787996E-1,-5.627909312417E-1,0.E0));
#3847=VECTOR('',#3846,1.058554032700E-1);
#3848=CARTESIAN_POINT('',(3.358333444595E0,-1.374468076229E0,1.E-2));
#3849=LINE('',#3848,#3847);
#3850=DIRECTION('',(-9.858211730931E-1,-1.677993286083E-1,0.E0));
#3851=VECTOR('',#3850,1.775169825689E-1);
#3852=CARTESIAN_POINT('',(3.533333444595E0,-1.344680845737E0,1.E-2));
#3853=LINE('',#3852,#3851);
#3854=DIRECTION('',(-1.E0,0.E0,0.E0));
#3855=VECTOR('',#3854,1.166665554047E-1);
#3856=CARTESIAN_POINT('',(3.65E0,-1.344680845737E0,1.E-2));
#3857=LINE('',#3856,#3855);
#3858=DIRECTION('',(0.E0,-1.E0,0.E0));
#3859=VECTOR('',#3858,1.191489219666E-1);
#3860=CARTESIAN_POINT('',(3.65E0,-1.225531923771E0,1.E-2));
#3861=LINE('',#3860,#3859);
#3862=DIRECTION('',(1.E0,0.E0,0.E0));
#3863=VECTOR('',#3862,1.166665554047E-1);
#3864=CARTESIAN_POINT('',(3.533333444595E0,-1.225531923771E0,1.E-2));
#3865=LINE('',#3864,#3863);
#3866=DIRECTION('',(9.466499177700E-1,-3.222637633772E-1,0.E0));
#3867=VECTOR('',#3866,1.848624256074E-1);
#3868=CARTESIAN_POINT('',(3.358333444595E0,-1.165957462788E0,1.E-2));
#3869=LINE('',#3868,#3867);
#3870=DIRECTION('',(6.996255164452E-1,-7.145097177357E-1,0.E0));
#3871=VECTOR('',#3870,8.337809760246E-2);
#3872=CARTESIAN_POINT('',(3.3E0,-1.106383001804E0,1.E-2));
#3873=LINE('',#3872,#3871);
#3874=DIRECTION('',(4.397141723527E-1,-8.981377659536E-1,0.E0));
#3875=VECTOR('',#3874,1.326621889015E-1);
#3876=CARTESIAN_POINT('',(3.241666555405E0,-9.872340798378E-1,1.E-2));
#3877=LINE('',#3876,#3875);
#3878=DIRECTION('',(0.E0,-1.E0,0.E0));
#3879=VECTOR('',#3878,5.957454442978E-2);
#3880=CARTESIAN_POINT('',(3.241666555405E0,-9.276595354080E-1,1.E-2));
#3881=LINE('',#3880,#3879);
#3882=DIRECTION('',(-5.466232777014E-1,-8.373786433120E-1,0.E0));
#3883=VECTOR('',#3882,1.067159906556E-1);
#3884=CARTESIAN_POINT('',(3.3E0,-8.382978439331E-1,1.E-2));
#3885=LINE('',#3884,#3883);
#3886=DIRECTION('',(-8.265992787996E-1,-5.627909312417E-1,0.E0));
#3887=VECTOR('',#3886,1.058554032700E-1);
#3888=CARTESIAN_POINT('',(3.3875E0,-7.787233829498E-1,1.E-2));
#3889=LINE('',#3888,#3887);
#3890=DIRECTION('',(-9.797707392153E-1,-2.001232084928E-1,0.E0));
#3891=VECTOR('',#3890,1.488444579516E-1);
#3892=CARTESIAN_POINT('',(3.533333444595E0,-7.489361524582E-1,1.E-2));
#3893=LINE('',#3892,#3891);
#3894=DIRECTION('',(-1.E0,0.E0,0.E0));
#3895=VECTOR('',#3894,1.166665554047E-1);
#3896=CARTESIAN_POINT('',(3.65E0,-7.489361524582E-1,1.E-2));
#3897=LINE('',#3896,#3895);
#3898=DIRECTION('',(-9.797707392153E-1,2.001232084928E-1,0.E0));
#3899=VECTOR('',#3898,1.488444579516E-1);
#3900=CARTESIAN_POINT('',(3.795833444595E0,-7.787233829498E-1,1.E-2));
#3901=LINE('',#3900,#3899);
#3902=DIRECTION('',(-8.265992787996E-1,5.627909312417E-1,0.E0));
#3903=VECTOR('',#3902,1.058554032700E-1);
#3904=CARTESIAN_POINT('',(3.883333444595E0,-8.382978439331E-1,1.E-2));
#3905=LINE('',#3904,#3903);
#3906=DIRECTION('',(-5.466210844748E-1,8.373800750004E-1,0.E0));
#3907=VECTOR('',#3906,1.067158082008E-1);
#3908=CARTESIAN_POINT('',(3.941666555405E0,-9.276595354080E-1,1.E-2));
#3909=LINE('',#3908,#3907);
#3910=DIRECTION('',(-1.E0,0.E0,0.E0));
#3911=VECTOR('',#3910,1.458334445953E-1);
#3912=CARTESIAN_POINT('',(4.0875E0,-9.276595354080E-1,1.E-2));
#3913=LINE('',#3912,#3911);
#3914=DIRECTION('',(2.377717803411E-1,-9.713210491251E-1,0.E0));
#3915=VECTOR('',#3914,1.226668793741E-1);
#3916=CARTESIAN_POINT('',(4.058333277702E0,-8.085106134415E-1,1.E-2));
#3917=LINE('',#3916,#3915);
#3918=DIRECTION('',(6.996250055017E-1,-7.145102180353E-1,0.E0));
#3919=VECTOR('',#3918,1.667560784424E-1);
#3920=CARTESIAN_POINT('',(3.941666555405E0,-6.893616914749E-1,1.E-2));
#3921=LINE('',#3920,#3919);
#3922=DIRECTION('',(8.906051112017E-1,-4.547774575564E-1,0.E0));
#3923=VECTOR('',#3922,1.309969524510E-1);
#3924=CARTESIAN_POINT('',(3.825E0,-6.297872304916E-1,1.E-2));
#3925=LINE('',#3924,#3923);
#3926=DIRECTION('',(9.895240227806E-1,-1.443683079492E-1,0.E0));
#3927=VECTOR('',#3926,2.063280432858E-1);
#3928=CARTESIAN_POINT('',(3.620833444595E0,-6.E-1,1.E-2));
#3929=LINE('',#3928,#3927);
#3930=DIRECTION('',(1.E0,0.E0,0.E0));
#3931=VECTOR('',#3930,5.833344459534E-2);
#3932=CARTESIAN_POINT('',(3.5625E0,-6.E-1,1.E-2));
#3933=LINE('',#3932,#3931);
#3934=DIRECTION('',(9.895240227806E-1,1.443683079492E-1,0.E0));
#3935=VECTOR('',#3934,2.063280432858E-1);
#3936=CARTESIAN_POINT('',(3.358333444595E0,-6.297872304916E-1,1.E-2));
#3937=LINE('',#3936,#3935);
#3938=DIRECTION('',(8.906056381928E-1,4.547764255314E-1,0.E0));
#3939=VECTOR('',#3938,1.309972497226E-1);
#3940=CARTESIAN_POINT('',(3.241666555405E0,-6.893616914749E-1,1.E-2));
#3941=LINE('',#3940,#3939);
#3942=DIRECTION('',(6.996244945571E-1,7.145107183351E-1,0.E0));
#3943=VECTOR('',#3942,1.667559616799E-1);
#3944=CARTESIAN_POINT('',(3.125E0,-8.085106134415E-1,1.E-2));
#3945=LINE('',#3944,#3943);
#3946=DIRECTION('',(2.377704967206E-1,9.713213633444E-1,0.E0));
#3947=VECTOR('',#3946,1.226668396918E-1);
#3948=CARTESIAN_POINT('',(3.095833444595E0,-9.276595354080E-1,1.E-2));
#3949=LINE('',#3948,#3947);
#3950=DIRECTION('',(0.E0,1.E0,0.E0));
#3951=VECTOR('',#3950,5.957454442978E-2);
#3952=CARTESIAN_POINT('',(3.095833444595E0,-9.872340798378E-1,1.E-2));
#3953=LINE('',#3952,#3951);
#3954=DIRECTION('',(-2.377704967206E-1,9.713213633444E-1,0.E0));
#3955=VECTOR('',#3954,1.226668396918E-1);
#3956=CARTESIAN_POINT('',(3.125E0,-1.106383001804E0,1.E-2));
#3957=LINE('',#3956,#3955);
#3958=DIRECTION('',(-5.466232777014E-1,8.373786433120E-1,0.E0));
#3959=VECTOR('',#3958,1.067159906556E-1);
#3960=CARTESIAN_POINT('',(3.183333444595E0,-1.195744693279E0,1.E-2));
#3961=LINE('',#3960,#3959);
#3962=DIRECTION('',(-7.938779010506E-1,6.080771975856E-1,0.E0));
#3963=VECTOR('',#3962,1.469578070510E-1);
#3964=CARTESIAN_POINT('',(3.3E0,-1.285106384754E0,1.E-2));
#3965=LINE('',#3964,#3963);
#3966=DIRECTION('',(9.257352082546E-1,3.781723472146E-1,0.E0));
#3967=VECTOR('',#3966,1.575325679470E-1);
#3968=CARTESIAN_POINT('',(3.154166555405E0,-1.344680845737E0,1.E-2));
#3969=LINE('',#3968,#3967);
#3970=DIRECTION('',(5.466210844748E-1,8.373800750004E-1,0.E0));
#3971=VECTOR('',#3970,1.067158082008E-1);
#3972=CARTESIAN_POINT('',(3.095833444595E0,-1.434042537212E0,1.E-2));
#3973=LINE('',#3972,#3971);
#3974=DIRECTION('',(2.377729854050E-1,9.713207541341E-1,0.E0));
#3975=VECTOR('',#3974,1.226669595833E-1);
#3976=CARTESIAN_POINT('',(3.066666555405E0,-1.553191500902E0,1.E-2));
#3977=LINE('',#3976,#3975);
#3978=DIRECTION('',(0.E0,1.E0,0.E0));
#3979=VECTOR('',#3978,1.191489219666E-1);
#3980=CARTESIAN_POINT('',(3.066666555405E0,-1.672340422869E0,1.E-2));
#3981=LINE('',#3980,#3979);
#3982=DIRECTION('',(-3.102821388495E-1,9.506445152164E-1,0.E0));
#3983=VECTOR('',#3982,9.400118646474E-2);
#3984=CARTESIAN_POINT('',(3.095833444595E0,-1.761702135205E0,1.E-2));
#3985=LINE('',#3984,#3983);
#3986=DIRECTION('',(0.E0,1.E0,0.E0));
#3987=VECTOR('',#3986,1.4E0);
#3988=CARTESIAN_POINT('',(2.483333444595E0,-2.E0,1.E-2));
#3989=LINE('',#3988,#3987);
#3990=DIRECTION('',(-1.E0,0.E0,0.E0));
#3991=VECTOR('',#3990,1.75E-1);
#3992=CARTESIAN_POINT('',(2.658333444595E0,-2.E0,1.E-2));
#3993=LINE('',#3992,#3991);
#3994=DIRECTION('',(0.E0,-1.E0,0.E0));
#3995=VECTOR('',#3994,1.161702156067E0);
#3996=CARTESIAN_POINT('',(2.658333444595E0,-8.382978439331E-1,1.E-2));
#3997=LINE('',#3996,#3995);
#3998=DIRECTION('',(-6.428711427642E-1,7.659743427825E-1,0.E0));
#3999=VECTOR('',#3998,2.722162939956E-1);
#4000=CARTESIAN_POINT('',(2.833333444595E0,-1.046808540821E0,1.E-2));
#4001=LINE('',#4000,#3999);
#4002=DIRECTION('',(0.E0,-1.E0,0.E0));
#4003=VECTOR('',#4002,2.382979273796E-1);
#4004=CARTESIAN_POINT('',(2.833333444595E0,-8.085106134415E-1,1.E-2));
#4005=LINE('',#4004,#4003);
#4006=DIRECTION('',(6.428712937139E-1,-7.659742160926E-1,0.E0));
#4007=VECTOR('',#4006,2.722162300777E-1);
#4008=CARTESIAN_POINT('',(2.658333444595E0,-6.E-1,1.E-2));
#4009=LINE('',#4008,#4007);
#4010=DIRECTION('',(1.E0,0.E0,0.E0));
#4011=VECTOR('',#4010,1.75E-1);
#4012=CARTESIAN_POINT('',(2.483333444595E0,-6.E-1,1.E-2));
#4013=LINE('',#4012,#4011);
#4014=DIRECTION('',(0.E0,-1.E0,0.E0));
#4015=VECTOR('',#4014,2.680850744247E-1);
#4016=CARTESIAN_POINT('',(2.25E0,-1.165957462788E0,1.E-2));
#4017=LINE('',#4016,#4015);
#4018=DIRECTION('',(1.921821473726E-1,-9.813592727596E-1,0.E0));
#4019=VECTOR('',#4018,1.517651655131E-1);
#4020=CARTESIAN_POINT('',(2.220833444595E0,-1.017021310329E0,1.E-2));
#4021=LINE('',#4020,#4019);
#4022=DIRECTION('',(3.102819424634E-1,-9.506445793151E-1,0.E0));
#4023=VECTOR('',#4022,9.400124596072E-2);
#4024=CARTESIAN_POINT('',(2.191666555405E0,-9.276595354080E-1,1.E-2));
#4025=LINE('',#4024,#4023);
#4026=DIRECTION('',(4.397121427660E-1,-8.981387596046E-1,0.E0));
#4027=VECTOR('',#4026,1.326620421314E-1);
#4028=CARTESIAN_POINT('',(2.133333444595E0,-8.085106134415E-1,1.E-2));
#4029=LINE('',#4028,#4027);
#4030=DIRECTION('',(6.996248351869E-1,-7.145103848018E-1,0.E0));
#4031=VECTOR('',#4030,1.250670296411E-1);
#4032=CARTESIAN_POINT('',(2.045833444595E0,-7.191489219666E-1,1.E-2));
#4033=LINE('',#4032,#4031);
#4034=DIRECTION('',(8.526536001913E-1,-5.224766387895E-1,0.E0));
#4035=VECTOR('',#4034,1.710348077609E-1);
#4036=CARTESIAN_POINT('',(1.9E0,-6.297872304916E-1,1.E-2));
#4037=LINE('',#4036,#4035);
#4038=DIRECTION('',(9.858211730931E-1,-1.677993286083E-1,0.E0));
#4039=VECTOR('',#4038,1.775169825689E-1);
#4040=CARTESIAN_POINT('',(1.725E0,-6.E-1,1.E-2));
#4041=LINE('',#4040,#4039);
#4042=DIRECTION('',(9.858211730931E-1,1.677993286083E-1,0.E0));
#4043=VECTOR('',#4042,1.775169825689E-1);
#4044=CARTESIAN_POINT('',(1.55E0,-6.297872304916E-1,1.E-2));
#4045=LINE('',#4044,#4043);
#4046=DIRECTION('',(8.526536001913E-1,5.224766387895E-1,0.E0));
#4047=VECTOR('',#4046,1.710348077609E-1);
#4048=CARTESIAN_POINT('',(1.404166555405E0,-7.191489219666E-1,1.E-2));
#4049=LINE('',#4048,#4047);
#4050=DIRECTION('',(6.996248351869E-1,7.145103848018E-1,0.E0));
#4051=VECTOR('',#4050,1.250670296411E-1);
#4052=CARTESIAN_POINT('',(1.316666555405E0,-8.085106134415E-1,1.E-2));
#4053=LINE('',#4052,#4051);
#4054=DIRECTION('',(4.397121427660E-1,8.981387596046E-1,0.E0));
#4055=VECTOR('',#4054,1.326620421314E-1);
#4056=CARTESIAN_POINT('',(1.258333444595E0,-9.276595354080E-1,1.E-2));
#4057=LINE('',#4056,#4055);
#4058=DIRECTION('',(3.102819424634E-1,9.506445793151E-1,0.E0));
#4059=VECTOR('',#4058,9.400124596072E-2);
#4060=CARTESIAN_POINT('',(1.229166555405E0,-1.017021310329E0,1.E-2));
#4061=LINE('',#4060,#4059);
#4062=DIRECTION('',(1.921821473726E-1,9.813592727596E-1,0.E0));
#4063=VECTOR('',#4062,1.517651655131E-1);
#4064=CARTESIAN_POINT('',(1.2E0,-1.165957462788E0,1.E-2));
#4065=LINE('',#4064,#4063);
#4066=DIRECTION('',(0.E0,1.E0,0.E0));
#4067=VECTOR('',#4066,2.680850744247E-1);
#4068=CARTESIAN_POINT('',(1.2E0,-1.434042537212E0,1.E-2));
#4069=LINE('',#4068,#4067);
#4070=DIRECTION('',(-1.921820955228E-1,9.813592829135E-1,0.E0));
#4071=VECTOR('',#4070,1.517652064586E-1);
#4072=CARTESIAN_POINT('',(1.229166555405E0,-1.582978731394E0,1.E-2));
#4073=LINE('',#4072,#4071);
#4074=DIRECTION('',(-3.102822043116E-1,9.506444938501E-1,0.E0));
#4075=VECTOR('',#4074,9.400116663275E-2);
#4076=CARTESIAN_POINT('',(1.258333444595E0,-1.672340422869E0,1.E-2));
#4077=LINE('',#4076,#4075);
#4078=DIRECTION('',(-4.397120806629E-1,8.981387900092E-1,0.E0));
#4079=VECTOR('',#4078,1.326620608681E-1);
#4080=CARTESIAN_POINT('',(1.316666555405E0,-1.791489365697E0,1.E-2));
#4081=LINE('',#4080,#4079);
#4082=DIRECTION('',(-6.996247934953E-1,7.145104256249E-1,0.E0));
#4083=VECTOR('',#4082,1.250670370941E-1);
#4084=CARTESIAN_POINT('',(1.404166555405E0,-1.880851067603E0,1.E-2));
#4085=LINE('',#4084,#4083);
#4086=DIRECTION('',(-8.526535798146E-1,5.224766720432E-1,0.E0));
#4087=VECTOR('',#4086,1.710348118483E-1);
#4088=CARTESIAN_POINT('',(1.55E0,-1.970212766901E0,1.E-2));
#4089=LINE('',#4088,#4087);
#4090=DIRECTION('',(-9.858211706631E-1,1.677993428846E-1,0.E0));
#4091=VECTOR('',#4090,1.775169830065E-1);
#4092=CARTESIAN_POINT('',(1.725E0,-2.E0,1.E-2));
#4093=LINE('',#4092,#4091);
#4094=DIRECTION('',(-9.858211706631E-1,-1.677993428846E-1,0.E0));
#4095=VECTOR('',#4094,1.775169830065E-1);
#4096=CARTESIAN_POINT('',(1.9E0,-1.970212766901E0,1.E-2));
#4097=LINE('',#4096,#4095);
#4098=DIRECTION('',(-8.526535798146E-1,-5.224766720432E-1,0.E0));
#4099=VECTOR('',#4098,1.710348118483E-1);
#4100=CARTESIAN_POINT('',(2.045833444595E0,-1.880851067603E0,1.E-2));
#4101=LINE('',#4100,#4099);
#4102=DIRECTION('',(-6.996247934953E-1,-7.145104256249E-1,0.E0));
#4103=VECTOR('',#4102,1.250670370941E-1);
#4104=CARTESIAN_POINT('',(2.133333444595E0,-1.791489365697E0,1.E-2));
#4105=LINE('',#4104,#4103);
#4106=DIRECTION('',(-4.397120806629E-1,-8.981387900092E-1,0.E0));
#4107=VECTOR('',#4106,1.326620608681E-1);
#4108=CARTESIAN_POINT('',(2.191666555405E0,-1.672340422869E0,1.E-2));
#4109=LINE('',#4108,#4107);
#4110=DIRECTION('',(-3.102822043116E-1,-9.506444938501E-1,0.E0));
#4111=VECTOR('',#4110,9.400116663275E-2);
#4112=CARTESIAN_POINT('',(2.220833444595E0,-1.582978731394E0,1.E-2));
#4113=LINE('',#4112,#4111);
#4114=DIRECTION('',(-1.921820955228E-1,-9.813592829135E-1,0.E0));
#4115=VECTOR('',#4114,1.517652064586E-1);
#4116=CARTESIAN_POINT('',(2.25E0,-1.434042537212E0,1.E-2));
#4117=LINE('',#4116,#4115);
#4118=DIRECTION('',(-1.610631980374E-1,9.869440947885E-1,0.E0));
#4119=VECTOR('',#4118,1.810876460922E-1);
#4120=CARTESIAN_POINT('',(2.104166555405E0,-1.195744693279E0,1.E-2));
#4121=LINE('',#4120,#4119);
#4122=DIRECTION('',(0.E0,1.E0,0.E0));
#4123=VECTOR('',#4122,2.085106134415E-1);
#4124=CARTESIAN_POINT('',(2.104166555405E0,-1.404255306721E0,1.E-2));
#4125=LINE('',#4124,#4123);
#4126=DIRECTION('',(1.610631614123E-1,9.869441007655E-1,0.E0));
#4127=VECTOR('',#4126,1.810876872707E-1);
#4128=CARTESIAN_POINT('',(2.075E0,-1.582978731394E0,1.E-2));
#4129=LINE('',#4128,#4127);
#4130=DIRECTION('',(5.466221363492E-1,8.373793883617E-1,0.E0));
#4131=VECTOR('',#4130,2.134318163254E-1);
#4132=CARTESIAN_POINT('',(1.958333444595E0,-1.761702135205E0,1.E-2));
#4133=LINE('',#4132,#4131);
#4134=DIRECTION('',(8.265992787996E-1,5.627909312417E-1,0.E0));
#4135=VECTOR('',#4134,1.058554032700E-1);
#4136=CARTESIAN_POINT('',(1.870833444595E0,-1.821276596189E0,1.E-2));
#4137=LINE('',#4136,#4135);
#4138=DIRECTION('',(9.797707392153E-1,2.001232084928E-1,0.E0));
#4139=VECTOR('',#4138,1.488444579516E-1);
#4140=CARTESIAN_POINT('',(1.725E0,-1.851063826680E0,1.E-2));
#4141=LINE('',#4140,#4139);
#4142=DIRECTION('',(9.797707392153E-1,-2.001232084928E-1,0.E0));
#4143=VECTOR('',#4142,1.488444579516E-1);
#4144=CARTESIAN_POINT('',(1.579166555405E0,-1.821276596189E0,1.E-2));
#4145=LINE('',#4144,#4143);
#4146=DIRECTION('',(8.265992787996E-1,-5.627909312417E-1,0.E0));
#4147=VECTOR('',#4146,1.058554032700E-1);
#4148=CARTESIAN_POINT('',(1.491666555405E0,-1.761702135205E0,1.E-2));
#4149=LINE('',#4148,#4147);
#4150=DIRECTION('',(5.466221363492E-1,-8.373793883617E-1,0.E0));
#4151=VECTOR('',#4150,2.134318163254E-1);
#4152=CARTESIAN_POINT('',(1.375E0,-1.582978731394E0,1.E-2));
#4153=LINE('',#4152,#4151);
#4154=DIRECTION('',(1.610631614123E-1,-9.869441007655E-1,0.E0));
#4155=VECTOR('',#4154,1.810876872707E-1);
#4156=CARTESIAN_POINT('',(1.345833444595E0,-1.404255306721E0,1.E-2));
#4157=LINE('',#4156,#4155);
#4158=DIRECTION('',(0.E0,-1.E0,0.E0));
#4159=VECTOR('',#4158,2.085106134415E-1);
#4160=CARTESIAN_POINT('',(1.345833444595E0,-1.195744693279E0,1.E-2));
#4161=LINE('',#4160,#4159);
#4162=DIRECTION('',(-1.610631980374E-1,-9.869440947885E-1,0.E0));
#4163=VECTOR('',#4162,1.810876460922E-1);
#4164=CARTESIAN_POINT('',(1.375E0,-1.017021310329E0,1.E-2));
#4165=LINE('',#4164,#4163);
#4166=DIRECTION('',(-5.466220021285E-1,-8.373794759779E-1,0.E0));
#4167=VECTOR('',#4166,2.134318687326E-1);
#4168=CARTESIAN_POINT('',(1.491666555405E0,-8.382978439331E-1,1.E-2));
#4169=LINE('',#4168,#4167);
#4170=DIRECTION('',(-8.265992787996E-1,-5.627909312417E-1,0.E0));
#4171=VECTOR('',#4170,1.058554032700E-1);
#4172=CARTESIAN_POINT('',(1.579166555405E0,-7.787233829498E-1,1.E-2));
#4173=LINE('',#4172,#4171);
#4174=DIRECTION('',(-9.797707392153E-1,-2.001232084928E-1,0.E0));
#4175=VECTOR('',#4174,1.488444579516E-1);
#4176=CARTESIAN_POINT('',(1.725E0,-7.489361524582E-1,1.E-2));
#4177=LINE('',#4176,#4175);
#4178=DIRECTION('',(-9.797707392153E-1,2.001232084928E-1,0.E0));
#4179=VECTOR('',#4178,1.488444579516E-1);
#4180=CARTESIAN_POINT('',(1.870833444595E0,-7.787233829498E-1,1.E-2));
#4181=LINE('',#4180,#4179);
#4182=DIRECTION('',(-8.265992787996E-1,5.627909312417E-1,0.E0));
#4183=VECTOR('',#4182,1.058554032700E-1);
#4184=CARTESIAN_POINT('',(1.958333444595E0,-8.382978439331E-1,1.E-2));
#4185=LINE('',#4184,#4183);
#4186=DIRECTION('',(-5.466220021285E-1,8.373794759779E-1,0.E0));
#4187=VECTOR('',#4186,2.134318687326E-1);
#4188=CARTESIAN_POINT('',(2.075E0,-1.017021310329E0,1.E-2));
#4189=LINE('',#4188,#4187);
#4190=DIRECTION('',(0.E0,1.E0,0.E0));
#4191=VECTOR('',#4190,1.4E0);
#4192=CARTESIAN_POINT('',(6.166668891907E-1,-2.E0,1.E-2));
#4193=LINE('',#4192,#4191);
#4194=DIRECTION('',(-1.E0,0.E0,0.E0));
#4195=VECTOR('',#4194,1.75E-1);
#4196=CARTESIAN_POINT('',(7.916668891907E-1,-2.E0,1.E-2));
#4197=LINE('',#4196,#4195);
#4198=DIRECTION('',(0.E0,-1.E0,0.E0));
#4199=VECTOR('',#4198,1.161702156067E0);
#4200=CARTESIAN_POINT('',(7.916668891907E-1,-8.382978439331E-1,1.E-2));
#4201=LINE('',#4200,#4199);
#4202=DIRECTION('',(-6.428711427642E-1,7.659743427825E-1,0.E0));
#4203=VECTOR('',#4202,2.722162939956E-1);
#4204=CARTESIAN_POINT('',(9.666668891907E-1,-1.046808540821E0,1.E-2));
#4205=LINE('',#4204,#4203);
#4206=DIRECTION('',(0.E0,-1.E0,0.E0));
#4207=VECTOR('',#4206,2.382979273796E-1);
#4208=CARTESIAN_POINT('',(9.666668891907E-1,-8.085106134415E-1,1.E-2));
#4209=LINE('',#4208,#4207);
#4210=DIRECTION('',(6.428712937139E-1,-7.659742160926E-1,0.E0));
#4211=VECTOR('',#4210,2.722162300777E-1);
#4212=CARTESIAN_POINT('',(7.916668891907E-1,-6.E-1,1.E-2));
#4213=LINE('',#4212,#4211);
#4214=DIRECTION('',(1.E0,0.E0,0.E0));
#4215=VECTOR('',#4214,1.75E-1);
#4216=CARTESIAN_POINT('',(6.166668891907E-1,-6.E-1,1.E-2));
#4217=LINE('',#4216,#4215);
#4218=DIRECTION('',(0.E0,1.E0,0.E0));
#4219=VECTOR('',#4218,1.489361941814E-1);
#4220=CARTESIAN_POINT('',(-2.5E-2,-1.493617039919E0,1.E-2));
#4221=LINE('',#4220,#4219);
#4222=DIRECTION('',(-1.E0,0.E0,0.E0));
#4223=VECTOR('',#4222,4.083331108093E-1);
#4224=CARTESIAN_POINT('',(3.833331108093E-1,-1.493617039919E0,1.E-2));
#4225=LINE('',#4224,#4223);
#4226=DIRECTION('',(0.E0,-1.E0,0.E0));
#4227=VECTOR('',#4226,1.489361941814E-1);
#4228=CARTESIAN_POINT('',(3.833331108093E-1,-1.344680845737E0,1.E-2));
#4229=LINE('',#4228,#4227);
#4230=DIRECTION('',(1.E0,0.E0,0.E0));
#4231=VECTOR('',#4230,4.083331108093E-1);
#4232=CARTESIAN_POINT('',(-2.5E-2,-1.344680845737E0,1.E-2));
#4233=LINE('',#4232,#4231);
#4234=DIRECTION('',(1.E0,0.E0,0.E0));
#4235=VECTOR('',#4234,1.35E-1);
#4236=CARTESIAN_POINT('',(-3.455000021458E0,1.6E0,1.E-2));
#4237=LINE('',#4236,#4235);
#4238=DIRECTION('',(-5.226489858532E-1,8.525479679095E-1,0.E0));
#4239=VECTOR('',#4238,6.887988314780E-1);
#4240=CARTESIAN_POINT('',(-3.095000010729E0,1.012765955925E0,1.E-2));
#4241=LINE('',#4240,#4239);
#4242=DIRECTION('',(0.E0,1.E0,0.E0));
#4243=VECTOR('',#4242,6.127659559250E-1);
#4244=CARTESIAN_POINT('',(-3.095000010729E0,4.E-1,1.E-2));
#4245=LINE('',#4244,#4243);
#4246=DIRECTION('',(-1.E0,0.E0,0.E0));
#4247=VECTOR('',#4246,1.35E-1);
#4248=CARTESIAN_POINT('',(-2.960000010729E0,4.E-1,1.E-2));
#4249=LINE('',#4248,#4247);
#4250=DIRECTION('',(0.E0,-1.E0,0.E0));
#4251=VECTOR('',#4250,6.127659559250E-1);
#4252=CARTESIAN_POINT('',(-2.960000010729E0,1.012765955925E0,1.E-2));
#4253=LINE('',#4252,#4251);
#4254=DIRECTION('',(-5.226489858532E-1,-8.525479679095E-1,0.E0));
#4255=VECTOR('',#4254,6.887988314780E-1);
#4256=CARTESIAN_POINT('',(-2.6E0,1.6E0,1.E-2));
#4257=LINE('',#4256,#4255);
#4258=DIRECTION('',(1.E0,0.E0,0.E0));
#4259=VECTOR('',#4258,1.35E-1);
#4260=CARTESIAN_POINT('',(-2.735E0,1.6E0,1.E-2));
#4261=LINE('',#4260,#4259);
#4262=DIRECTION('',(5.163587434942E-1,8.563723769582E-1,0.E0));
#4263=VECTOR('',#4262,5.664666560103E-1);
#4264=CARTESIAN_POINT('',(-3.027500010729E0,1.114893603325E0,1.E-2));
#4265=LINE('',#4264,#4263);
#4266=DIRECTION('',(5.163587434942E-1,-8.563723769582E-1,0.E0));
#4267=VECTOR('',#4266,5.664666560103E-1);
#4268=CARTESIAN_POINT('',(-3.320000021458E0,1.6E0,1.E-2));
#4269=LINE('',#4268,#4267);
#4270=DIRECTION('',(1.E0,0.E0,0.E0));
#4271=VECTOR('',#4270,1.35E-1);
#4272=CARTESIAN_POINT('',(-4.49E0,1.6E0,1.E-2));
#4273=LINE('',#4272,#4271);
#4274=DIRECTION('',(-5.226490198172E-1,8.525479470881E-1,0.E0));
#4275=VECTOR('',#4274,6.887988483002E-1);
#4276=CARTESIAN_POINT('',(-4.129999957085E0,1.012765955925E0,1.E-2));
#4277=LINE('',#4276,#4275);
#4278=DIRECTION('',(0.E0,1.E0,0.E0));
#4279=VECTOR('',#4278,6.127659559250E-1);
#4280=CARTESIAN_POINT('',(-4.129999957085E0,4.E-1,1.E-2));
#4281=LINE('',#4280,#4279);
#4282=DIRECTION('',(-1.E0,0.E0,0.E0));
#4283=VECTOR('',#4282,1.35E-1);
#4284=CARTESIAN_POINT('',(-3.994999957085E0,4.E-1,1.E-2));
#4285=LINE('',#4284,#4283);
#4286=DIRECTION('',(0.E0,-1.E0,0.E0));
#4287=VECTOR('',#4286,6.127659559250E-1);
#4288=CARTESIAN_POINT('',(-3.994999957085E0,1.012765955925E0,1.E-2));
#4289=LINE('',#4288,#4287);
#4290=DIRECTION('',(-5.226489518892E-1,-8.525479887309E-1,0.E0));
#4291=VECTOR('',#4290,6.887988146558E-1);
#4292=CARTESIAN_POINT('',(-3.634999978542E0,1.6E0,1.E-2));
#4293=LINE('',#4292,#4291);
#4294=DIRECTION('',(1.E0,0.E0,0.E0));
#4295=VECTOR('',#4294,1.350000643730E-1);
#4296=CARTESIAN_POINT('',(-3.770000042915E0,1.6E0,1.E-2));
#4297=LINE('',#4296,#4295);
#4298=DIRECTION('',(5.163586184838E-1,8.563724523346E-1,0.E0));
#4299=VECTOR('',#4298,5.664666061509E-1);
#4300=CARTESIAN_POINT('',(-4.062499957085E0,1.114893603325E0,1.E-2));
#4301=LINE('',#4300,#4299);
#4302=DIRECTION('',(5.163587851643E-1,-8.563723518328E-1,0.E0));
#4303=VECTOR('',#4302,5.664666726301E-1);
#4304=CARTESIAN_POINT('',(-4.355E0,1.6E0,1.E-2));
#4305=LINE('',#4304,#4303);
#4306=DIRECTION('',(-1.824136155440E-1,9.832218838412E-1,0.E0));
#4307=VECTOR('',#4306,9.867689168592E-1);
#4308=CARTESIAN_POINT('',(-5.03E0,4.E-1,1.E-2));
#4309=LINE('',#4308,#4307);
#4310=DIRECTION('',(-1.E0,0.E0,0.E0));
#4311=VECTOR('',#4310,1.800000858307E-1);
#4312=CARTESIAN_POINT('',(-4.849999914169E0,4.E-1,1.E-2));
#4313=LINE('',#4312,#4311);
#4314=DIRECTION('',(-1.483404183414E-1,-9.889363580566E-1,0.E0));
#4315=VECTOR('',#4314,1.213424898603E0);
#4316=CARTESIAN_POINT('',(-4.669999957085E0,1.6E0,1.E-2));
#4317=LINE('',#4316,#4315);
#4318=DIRECTION('',(1.E0,0.E0,0.E0));
#4319=VECTOR('',#4318,1.350001287460E-1);
#4320=CARTESIAN_POINT('',(-4.805000085831E0,1.6E0,1.E-2));
#4321=LINE('',#4320,#4319);
#4322=DIRECTION('',(1.453159661591E-1,9.893852990515E-1,0.E0));
#4323=VECTOR('',#4322,9.290100982586E-1);
#4324=CARTESIAN_POINT('',(-4.940000085831E0,6.808510661125E-1,1.E-2));
#4325=LINE('',#4324,#4323);
#4326=DIRECTION('',(1.921826553002E-1,-9.813591732907E-1,0.E0));
#4327=VECTOR('',#4326,9.366080828545E-1);
#4328=CARTESIAN_POINT('',(-5.119999914169E0,1.6E0,1.E-2));
#4329=LINE('',#4328,#4327);
#4330=DIRECTION('',(1.E0,0.E0,0.E0));
#4331=VECTOR('',#4330,1.800000858307E-1);
#4332=CARTESIAN_POINT('',(-5.3E0,1.6E0,1.E-2));
#4333=LINE('',#4332,#4331);
#4334=DIRECTION('',(1.921829200660E-1,9.813591214407E-1,0.E0));
#4335=VECTOR('',#4334,9.366081323401E-1);
#4336=CARTESIAN_POINT('',(-5.480000085831E0,6.808510661125E-1,1.E-2));
#4337=LINE('',#4336,#4335);
#4338=DIRECTION('',(1.453159661591E-1,-9.893852990515E-1,0.E0));
#4339=VECTOR('',#4338,9.290100982586E-1);
#4340=CARTESIAN_POINT('',(-5.615000085831E0,1.6E0,1.E-2));
#4341=LINE('',#4340,#4339);
#4342=DIRECTION('',(1.E0,0.E0,0.E0));
#4343=VECTOR('',#4342,1.35E-1);
#4344=CARTESIAN_POINT('',(-5.750000085831E0,1.6E0,1.E-2));
#4345=LINE('',#4344,#4343);
#4346=DIRECTION('',(-1.483405221080E-1,9.889363424916E-1,0.E0));
#4347=VECTOR('',#4346,1.213424917702E0);
#4348=CARTESIAN_POINT('',(-5.57E0,4.E-1,1.E-2));
#4349=LINE('',#4348,#4347);
#4350=DIRECTION('',(-1.E0,0.E0,0.E0));
#4351=VECTOR('',#4350,1.800000858307E-1);
#4352=CARTESIAN_POINT('',(-5.389999914169E0,4.E-1,1.E-2));
#4353=LINE('',#4352,#4351);
#4354=DIRECTION('',(-1.824133632822E-1,-9.832219306424E-1,0.E0));
#4355=VECTOR('',#4354,9.867688698892E-1);
#4356=CARTESIAN_POINT('',(-5.210000085831E0,1.370212793350E0,1.E-2));
#4357=LINE('',#4356,#4355);
#4358=DIRECTION('',(-1.824133632822E-1,9.832219306424E-1,0.E0));
#4359=VECTOR('',#4358,9.867688698892E-1);
#4360=CARTESIAN_POINT('',(-6.290000085831E0,4.E-1,1.E-2));
#4361=LINE('',#4360,#4359);
#4362=DIRECTION('',(-1.E0,0.E0,0.E0));
#4363=VECTOR('',#4362,1.800000858307E-1);
#4364=CARTESIAN_POINT('',(-6.11E0,4.E-1,1.E-2));
#4365=LINE('',#4364,#4363);
#4366=DIRECTION('',(-1.483405221080E-1,-9.889363424916E-1,0.E0));
#4367=VECTOR('',#4366,1.213424917702E0);
#4368=CARTESIAN_POINT('',(-5.929999914169E0,1.6E0,1.E-2));
#4369=LINE('',#4368,#4367);
#4370=DIRECTION('',(1.E0,0.E0,0.E0));
#4371=VECTOR('',#4370,1.35E-1);
#4372=CARTESIAN_POINT('',(-6.064999914169E0,1.6E0,1.E-2));
#4373=LINE('',#4372,#4371);
#4374=DIRECTION('',(1.453159661591E-1,9.893852990515E-1,0.E0));
#4375=VECTOR('',#4374,9.290100982586E-1);
#4376=CARTESIAN_POINT('',(-6.199999914169E0,6.808510661125E-1,1.E-2));
#4377=LINE('',#4376,#4375);
#4378=DIRECTION('',(1.921829200660E-1,-9.813591214407E-1,0.E0));
#4379=VECTOR('',#4378,9.366081323401E-1);
#4380=CARTESIAN_POINT('',(-6.38E0,1.6E0,1.E-2));
#4381=LINE('',#4380,#4379);
#4382=DIRECTION('',(1.E0,0.E0,0.E0));
#4383=VECTOR('',#4382,1.800000858307E-1);
#4384=CARTESIAN_POINT('',(-6.560000085831E0,1.6E0,1.E-2));
#4385=LINE('',#4384,#4383);
#4386=DIRECTION('',(1.921826553002E-1,9.813591732907E-1,0.E0));
#4387=VECTOR('',#4386,9.366080828545E-1);
#4388=CARTESIAN_POINT('',(-6.739999914169E0,6.808510661125E-1,1.E-2));
#4389=LINE('',#4388,#4387);
#4390=DIRECTION('',(1.453159661591E-1,-9.893852990515E-1,0.E0));
#4391=VECTOR('',#4390,9.290100982586E-1);
#4392=CARTESIAN_POINT('',(-6.874999914169E0,1.6E0,1.E-2));
#4393=LINE('',#4392,#4391);
#4394=DIRECTION('',(1.E0,0.E0,0.E0));
#4395=VECTOR('',#4394,1.350002574921E-1);
#4396=CARTESIAN_POINT('',(-7.010000171661E0,1.6E0,1.E-2));
#4397=LINE('',#4396,#4395);
#4398=DIRECTION('',(-1.483405221080E-1,9.889363424916E-1,0.E0));
#4399=VECTOR('',#4398,1.213424917702E0);
#4400=CARTESIAN_POINT('',(-6.830000085831E0,4.E-1,1.E-2));
#4401=LINE('',#4400,#4399);
#4402=DIRECTION('',(-1.E0,0.E0,0.E0));
#4403=VECTOR('',#4402,1.800000858307E-1);
#4404=CARTESIAN_POINT('',(-6.65E0,4.E-1,1.E-2));
#4405=LINE('',#4404,#4403);
#4406=DIRECTION('',(-1.824136155440E-1,-9.832218838412E-1,0.E0));
#4407=VECTOR('',#4406,9.867689168592E-1);
#4408=CARTESIAN_POINT('',(-6.469999914169E0,1.370212793350E0,1.E-2));
#4409=LINE('',#4408,#4407);
#4410=DIRECTION('',(0.E0,0.E0,1.E0));
#4411=VECTOR('',#4410,1.E-2);
#4412=CARTESIAN_POINT('',(6.000000023842E0,4.429787254333E0,0.E0));
#4413=LINE('',#4412,#4411);
#4414=DIRECTION('',(0.E0,0.E0,1.E0));
#4415=VECTOR('',#4414,1.E-2);
#4416=CARTESIAN_POINT('',(6.449999988079E0,3.280851042271E0,0.E0));
#4417=LINE('',#4416,#4415);
#4418=DIRECTION('',(0.E0,0.E0,1.E0));
#4419=VECTOR('',#4418,1.E-2);
#4420=CARTESIAN_POINT('',(5.549999952316E0,3.280851042271E0,0.E0));
#4421=LINE('',#4420,#4419);
#4422=DIRECTION('',(0.E0,0.E0,1.E0));
#4423=VECTOR('',#4422,1.E-2);
#4424=CARTESIAN_POINT('',(2.899999904633E0,2.6E0,0.E0));
#4425=LINE('',#4424,#4423);
#4426=DIRECTION('',(0.E0,0.E0,1.E0));
#4427=VECTOR('',#4426,1.E-2);
#4428=CARTESIAN_POINT('',(3.600000095367E0,3.408510661125E0,0.E0));
#4429=LINE('',#4428,#4427);
#4430=DIRECTION('',(0.E0,0.E0,1.E0));
#4431=VECTOR('',#4430,1.E-2);
#4432=CARTESIAN_POINT('',(4.3E0,2.6E0,0.E0));
#4433=LINE('',#4432,#4431);
#4434=DIRECTION('',(0.E0,0.E0,1.E0));
#4435=VECTOR('',#4434,1.E-2);
#4436=CARTESIAN_POINT('',(4.6E0,2.6E0,0.E0));
#4437=LINE('',#4436,#4435);
#4438=DIRECTION('',(0.E0,0.E0,1.E0));
#4439=VECTOR('',#4438,1.E-2);
#4440=CARTESIAN_POINT('',(3.750000095367E0,3.621276593208E0,0.E0));
#4441=LINE('',#4440,#4439);
#4442=DIRECTION('',(0.E0,0.E0,1.E0));
#4443=VECTOR('',#4442,1.E-2);
#4444=CARTESIAN_POINT('',(4.6E0,4.6E0,0.E0));
#4445=LINE('',#4444,#4443);
#4446=DIRECTION('',(0.E0,0.E0,1.E0));
#4447=VECTOR('',#4446,1.E-2);
#4448=CARTESIAN_POINT('',(4.3E0,4.6E0,0.E0));
#4449=LINE('',#4448,#4447);
#4450=DIRECTION('',(0.E0,0.E0,1.E0));
#4451=VECTOR('',#4450,1.E-2);
#4452=CARTESIAN_POINT('',(3.600000095367E0,3.791489338875E0,0.E0));
#4453=LINE('',#4452,#4451);
#4454=DIRECTION('',(0.E0,0.E0,1.E0));
#4455=VECTOR('',#4454,1.E-2);
#4456=CARTESIAN_POINT('',(2.899999904633E0,4.6E0,0.E0));
#4457=LINE('',#4456,#4455);
#4458=DIRECTION('',(0.E0,0.E0,1.E0));
#4459=VECTOR('',#4458,1.E-2);
#4460=CARTESIAN_POINT('',(2.599999904633E0,4.6E0,0.E0));
#4461=LINE('',#4460,#4459);
#4462=DIRECTION('',(0.E0,0.E0,1.E0));
#4463=VECTOR('',#4462,1.E-2);
#4464=CARTESIAN_POINT('',(3.450000095367E0,3.621276593208E0,0.E0));
#4465=LINE('',#4464,#4463);
#4466=DIRECTION('',(0.E0,0.E0,1.E0));
#4467=VECTOR('',#4466,1.E-2);
#4468=CARTESIAN_POINT('',(2.599999904633E0,2.6E0,0.E0));
#4469=LINE('',#4468,#4467);
#4470=DIRECTION('',(0.E0,0.E0,1.E0));
#4471=VECTOR('',#4470,1.E-2);
#4472=CARTESIAN_POINT('',(1.9E0,2.6E0,0.E0));
#4473=LINE('',#4472,#4471);
#4474=DIRECTION('',(0.E0,0.E0,1.E0));
#4475=VECTOR('',#4474,1.E-2);
#4476=CARTESIAN_POINT('',(2.2E0,2.6E0,0.E0));
#4477=LINE('',#4476,#4475);
#4478=DIRECTION('',(0.E0,0.E0,1.E0));
#4479=VECTOR('',#4478,1.E-2);
#4480=CARTESIAN_POINT('',(2.2E0,4.6E0,0.E0));
#4481=LINE('',#4480,#4479);
#4482=DIRECTION('',(0.E0,0.E0,1.E0));
#4483=VECTOR('',#4482,1.E-2);
#4484=CARTESIAN_POINT('',(1.9E0,4.6E0,0.E0));
#4485=LINE('',#4484,#4483);
#4486=DIRECTION('',(0.E0,0.E0,1.E0));
#4487=VECTOR('',#4486,1.E-2);
#4488=CARTESIAN_POINT('',(-4.500001907349E-1,3.110638296604E0,0.E0));
#4489=LINE('',#4488,#4487);
#4490=DIRECTION('',(0.E0,0.E0,1.E0));
#4491=VECTOR('',#4490,1.E-2);
#4492=CARTESIAN_POINT('',(-3.999998092651E-1,2.897872334719E0,0.E0));
#4493=LINE('',#4492,#4491);
#4494=DIRECTION('',(-1.665334536938E-14,0.E0,1.E0));
#4495=VECTOR('',#4494,1.E-2);
#4496=CARTESIAN_POINT('',(-2.E-1,2.727659574151E0,0.E0));
#4497=LINE('',#4496,#4495);
#4498=DIRECTION('',(0.E0,0.E0,1.E0));
#4499=VECTOR('',#4498,1.E-2);
#4500=CARTESIAN_POINT('',(-1.907348643095E-7,2.642553190142E0,0.E0));
#4501=LINE('',#4500,#4499);
#4502=DIRECTION('',(0.E0,0.E0,1.E0));
#4503=VECTOR('',#4502,1.E-2);
#4504=CARTESIAN_POINT('',(2.5E-1,2.6E0,0.E0));
#4505=LINE('',#4504,#4503);
#4506=DIRECTION('',(0.E0,0.E0,1.E0));
#4507=VECTOR('',#4506,1.E-2);
#4508=CARTESIAN_POINT('',(7.E-1,2.6E0,0.E0));
#4509=LINE('',#4508,#4507);
#4510=DIRECTION('',(0.E0,0.E0,1.E0));
#4511=VECTOR('',#4510,1.E-2);
#4512=CARTESIAN_POINT('',(9.500001907349E-1,2.642553190142E0,0.E0));
#4513=LINE('',#4512,#4511);
#4514=DIRECTION('',(2.220446049250E-14,0.E0,1.E0));
#4515=VECTOR('',#4514,1.E-2);
#4516=CARTESIAN_POINT('',(1.15E0,2.727659574151E0,0.E0));
#4517=LINE('',#4516,#4515);
#4518=DIRECTION('',(0.E0,0.E0,1.E0));
#4519=VECTOR('',#4518,1.E-2);
#4520=CARTESIAN_POINT('',(1.349999809265E0,2.897872334719E0,0.E0));
#4521=LINE('',#4520,#4519);
#4522=DIRECTION('',(0.E0,0.E0,1.E0));
#4523=VECTOR('',#4522,1.E-2);
#4524=CARTESIAN_POINT('',(1.45E0,3.068085110188E0,0.E0));
#4525=LINE('',#4524,#4523);
#4526=DIRECTION('',(0.E0,0.E0,1.E0));
#4527=VECTOR('',#4526,1.E-2);
#4528=CARTESIAN_POINT('',(1.499999809265E0,3.280851042271E0,0.E0));
#4529=LINE('',#4528,#4527);
#4530=DIRECTION('',(0.E0,1.332267629550E-13,1.E0));
#4531=VECTOR('',#4530,1.E-2);
#4532=CARTESIAN_POINT('',(1.499999809265E0,3.919148898125E0,0.E0));
#4533=LINE('',#4532,#4531);
#4534=DIRECTION('',(0.E0,0.E0,1.E0));
#4535=VECTOR('',#4534,1.E-2);
#4536=CARTESIAN_POINT('',(1.45E0,4.131914949417E0,0.E0));
#4537=LINE('',#4536,#4535);
#4538=DIRECTION('',(0.E0,8.881784197001E-14,1.E0));
#4539=VECTOR('',#4538,1.E-2);
#4540=CARTESIAN_POINT('',(1.349999809265E0,4.302127695084E0,0.E0));
#4541=LINE('',#4540,#4539);
#4542=DIRECTION('',(2.220446049250E-14,0.E0,1.E0));
#4543=VECTOR('',#4542,1.E-2);
#4544=CARTESIAN_POINT('',(1.15E0,4.472340440750E0,0.E0));
#4545=LINE('',#4544,#4543);
#4546=DIRECTION('',(0.E0,0.E0,1.E0));
#4547=VECTOR('',#4546,1.E-2);
#4548=CARTESIAN_POINT('',(9.500001907349E-1,4.557446813583E0,0.E0));
#4549=LINE('',#4548,#4547);
#4550=DIRECTION('',(0.E0,0.E0,1.E0));
#4551=VECTOR('',#4550,1.E-2);
#4552=CARTESIAN_POINT('',(7.E-1,4.6E0,0.E0));
#4553=LINE('',#4552,#4551);
#4554=DIRECTION('',(0.E0,0.E0,1.E0));
#4555=VECTOR('',#4554,1.E-2);
#4556=CARTESIAN_POINT('',(2.5E-1,4.6E0,0.E0));
#4557=LINE('',#4556,#4555);
#4558=DIRECTION('',(0.E0,0.E0,1.E0));
#4559=VECTOR('',#4558,1.E-2);
#4560=CARTESIAN_POINT('',(-1.907348643470E-7,4.557446813583E0,0.E0));
#4561=LINE('',#4560,#4559);
#4562=DIRECTION('',(3.330669073875E-14,8.881784197001E-14,1.E0));
#4563=VECTOR('',#4562,1.E-2);
#4564=CARTESIAN_POINT('',(-2.E-1,4.472340440750E0,0.E0));
#4565=LINE('',#4564,#4563);
#4566=DIRECTION('',(0.E0,0.E0,1.E0));
#4567=VECTOR('',#4566,1.E-2);
#4568=CARTESIAN_POINT('',(-3.999998092651E-1,4.302127695084E0,0.E0));
#4569=LINE('',#4568,#4567);
#4570=DIRECTION('',(0.E0,0.E0,1.E0));
#4571=VECTOR('',#4570,1.E-2);
#4572=CARTESIAN_POINT('',(-4.500001907349E-1,4.089361643791E0,0.E0));
#4573=LINE('',#4572,#4571);
#4574=DIRECTION('',(0.E0,0.E0,1.E0));
#4575=VECTOR('',#4574,1.E-2);
#4576=CARTESIAN_POINT('',(-1.500001907349E-1,4.089361643791E0,0.E0));
#4577=LINE('',#4576,#4575);
#4578=DIRECTION('',(0.E0,0.E0,1.E0));
#4579=VECTOR('',#4578,1.E-2);
#4580=CARTESIAN_POINT('',(-9.999980926514E-2,4.217021322250E0,0.E0));
#4581=LINE('',#4580,#4579);
#4582=DIRECTION('',(0.E0,0.E0,1.E0));
#4583=VECTOR('',#4582,1.E-2);
#4584=CARTESIAN_POINT('',(5.000019073486E-2,4.302127695084E0,0.E0));
#4585=LINE('',#4584,#4583);
#4586=DIRECTION('',(0.E0,0.E0,1.E0));
#4587=VECTOR('',#4586,1.E-2);
#4588=CARTESIAN_POINT('',(2.5E-1,4.344680881500E0,0.E0));
#4589=LINE('',#4588,#4587);
#4590=DIRECTION('',(0.E0,0.E0,1.E0));
#4591=VECTOR('',#4590,1.E-2);
#4592=CARTESIAN_POINT('',(7.E-1,4.344680881500E0,0.E0));
#4593=LINE('',#4592,#4591);
#4594=DIRECTION('',(-2.220446049250E-14,0.E0,1.E0));
#4595=VECTOR('',#4594,1.E-2);
#4596=CARTESIAN_POINT('',(8.999998092651E-1,4.302127695084E0,0.E0));
#4597=LINE('',#4596,#4595);
#4598=DIRECTION('',(-2.220446049250E-14,0.E0,1.E0));
#4599=VECTOR('',#4598,1.E-2);
#4600=CARTESIAN_POINT('',(1.049999809265E0,4.217021322250E0,0.E0));
#4601=LINE('',#4600,#4599);
#4602=DIRECTION('',(2.220446049250E-14,0.E0,1.E0));
#4603=VECTOR('',#4602,1.E-2);
#4604=CARTESIAN_POINT('',(1.15E0,4.089361643791E0,0.E0));
#4605=LINE('',#4604,#4603);
#4606=DIRECTION('',(0.E0,0.E0,1.E0));
#4607=VECTOR('',#4606,1.E-2);
#4608=CARTESIAN_POINT('',(1.199999809265E0,3.919148898125E0,0.E0));
#4609=LINE('',#4608,#4607);
#4610=DIRECTION('',(0.E0,1.332267629550E-13,1.E0));
#4611=VECTOR('',#4610,1.E-2);
#4612=CARTESIAN_POINT('',(1.199999809265E0,3.280851042271E0,0.E0));
#4613=LINE('',#4612,#4611);
#4614=DIRECTION('',(2.220446049250E-14,0.E0,1.E0));
#4615=VECTOR('',#4614,1.E-2);
#4616=CARTESIAN_POINT('',(1.15E0,3.110638296604E0,0.E0));
#4617=LINE('',#4616,#4615);
#4618=DIRECTION('',(0.E0,0.E0,1.E0));
#4619=VECTOR('',#4618,1.E-2);
#4620=CARTESIAN_POINT('',(1.049999809265E0,2.982978737354E0,0.E0));
#4621=LINE('',#4620,#4619);
#4622=DIRECTION('',(0.E0,0.E0,1.E0));
#4623=VECTOR('',#4622,1.E-2);
#4624=CARTESIAN_POINT('',(8.999998092651E-1,2.897872334719E0,0.E0));
#4625=LINE('',#4624,#4623);
#4626=DIRECTION('',(0.E0,0.E0,1.E0));
#4627=VECTOR('',#4626,1.E-2);
#4628=CARTESIAN_POINT('',(7.E-1,2.855319148302E0,0.E0));
#4629=LINE('',#4628,#4627);
#4630=DIRECTION('',(0.E0,0.E0,1.E0));
#4631=VECTOR('',#4630,1.E-2);
#4632=CARTESIAN_POINT('',(2.5E-1,2.855319148302E0,0.E0));
#4633=LINE('',#4632,#4631);
#4634=DIRECTION('',(0.E0,0.E0,1.E0));
#4635=VECTOR('',#4634,1.E-2);
#4636=CARTESIAN_POINT('',(5.000019073486E-2,2.897872334719E0,0.E0));
#4637=LINE('',#4636,#4635);
#4638=DIRECTION('',(0.E0,0.E0,1.E0));
#4639=VECTOR('',#4638,1.E-2);
#4640=CARTESIAN_POINT('',(-9.999980926514E-2,2.982978737354E0,0.E0));
#4641=LINE('',#4640,#4639);
#4642=DIRECTION('',(0.E0,0.E0,1.E0));
#4643=VECTOR('',#4642,1.E-2);
#4644=CARTESIAN_POINT('',(-1.500001907349E-1,3.110638296604E0,0.E0));
#4645=LINE('',#4644,#4643);
#4646=DIRECTION('',(-6.661338147751E-14,0.E0,1.E0));
#4647=VECTOR('',#4646,1.E-2);
#4648=CARTESIAN_POINT('',(-1.650000190735E0,4.6E0,0.E0));
#4649=LINE('',#4648,#4647);
#4650=DIRECTION('',(0.E0,0.E0,1.E0));
#4651=VECTOR('',#4650,1.E-2);
#4652=CARTESIAN_POINT('',(-2.049999809265E0,4.6E0,0.E0));
#4653=LINE('',#4652,#4651);
#4654=DIRECTION('',(0.E0,0.E0,1.E0));
#4655=VECTOR('',#4654,1.E-2);
#4656=CARTESIAN_POINT('',(-2.3E0,4.557446813583E0,0.E0));
#4657=LINE('',#4656,#4655);
#4658=DIRECTION('',(0.E0,0.E0,1.E0));
#4659=VECTOR('',#4658,1.E-2);
#4660=CARTESIAN_POINT('',(-2.499999809265E0,4.472340440750E0,0.E0));
#4661=LINE('',#4660,#4659);
#4662=DIRECTION('',(0.E0,8.881784197001E-14,1.E0));
#4663=VECTOR('',#4662,1.E-2);
#4664=CARTESIAN_POINT('',(-2.699999618530E0,4.302127695084E0,0.E0));
#4665=LINE('',#4664,#4663);
#4666=DIRECTION('',(0.E0,0.E0,1.E0));
#4667=VECTOR('',#4666,1.E-2);
#4668=CARTESIAN_POINT('',(-2.800000381470E0,4.131914949417E0,0.E0));
#4669=LINE('',#4668,#4667);
#4670=DIRECTION('',(0.E0,0.E0,1.E0));
#4671=VECTOR('',#4670,1.E-2);
#4672=CARTESIAN_POINT('',(-2.849999618530E0,3.919148898125E0,0.E0));
#4673=LINE('',#4672,#4671);
#4674=DIRECTION('',(0.E0,0.E0,1.E0));
#4675=VECTOR('',#4674,1.E-2);
#4676=CARTESIAN_POINT('',(-2.849999618530E0,3.280851042271E0,0.E0));
#4677=LINE('',#4676,#4675);
#4678=DIRECTION('',(0.E0,0.E0,1.E0));
#4679=VECTOR('',#4678,1.E-2);
#4680=CARTESIAN_POINT('',(-2.800000381470E0,3.068085110188E0,0.E0));
#4681=LINE('',#4680,#4679);
#4682=DIRECTION('',(0.E0,0.E0,1.E0));
#4683=VECTOR('',#4682,1.E-2);
#4684=CARTESIAN_POINT('',(-2.699999618530E0,2.897872334719E0,0.E0));
#4685=LINE('',#4684,#4683);
#4686=DIRECTION('',(0.E0,0.E0,1.E0));
#4687=VECTOR('',#4686,1.E-2);
#4688=CARTESIAN_POINT('',(-2.499999809265E0,2.727659574151E0,0.E0));
#4689=LINE('',#4688,#4687);
#4690=DIRECTION('',(0.E0,0.E0,1.E0));
#4691=VECTOR('',#4690,1.E-2);
#4692=CARTESIAN_POINT('',(-2.3E0,2.642553190142E0,0.E0));
#4693=LINE('',#4692,#4691);
#4694=DIRECTION('',(0.E0,0.E0,1.E0));
#4695=VECTOR('',#4694,1.E-2);
#4696=CARTESIAN_POINT('',(-2.049999809265E0,2.6E0,0.E0));
#4697=LINE('',#4696,#4695);
#4698=DIRECTION('',(0.E0,0.E0,1.E0));
#4699=VECTOR('',#4698,1.E-2);
#4700=CARTESIAN_POINT('',(-1.650000190735E0,2.6E0,0.E0));
#4701=LINE('',#4700,#4699);
#4702=DIRECTION('',(0.E0,0.E0,1.E0));
#4703=VECTOR('',#4702,1.E-2);
#4704=CARTESIAN_POINT('',(-1.4E0,2.642553190142E0,0.E0));
#4705=LINE('',#4704,#4703);
#4706=DIRECTION('',(0.E0,0.E0,1.E0));
#4707=VECTOR('',#4706,1.E-2);
#4708=CARTESIAN_POINT('',(-1.200000190735E0,2.727659574151E0,0.E0));
#4709=LINE('',#4708,#4707);
#4710=DIRECTION('',(0.E0,0.E0,1.E0));
#4711=VECTOR('',#4710,1.E-2);
#4712=CARTESIAN_POINT('',(-9.999998092651E-1,2.897872334719E0,0.E0));
#4713=LINE('',#4712,#4711);
#4714=DIRECTION('',(0.E0,0.E0,1.E0));
#4715=VECTOR('',#4714,1.E-2);
#4716=CARTESIAN_POINT('',(-9.000001907349E-1,3.068085110188E0,0.E0));
#4717=LINE('',#4716,#4715);
#4718=DIRECTION('',(0.E0,1.332267629550E-13,1.E0));
#4719=VECTOR('',#4718,1.E-2);
#4720=CARTESIAN_POINT('',(-8.499998092651E-1,3.280851042271E0,0.E0));
#4721=LINE('',#4720,#4719);
#4722=DIRECTION('',(0.E0,0.E0,1.E0));
#4723=VECTOR('',#4722,1.E-2);
#4724=CARTESIAN_POINT('',(-8.499998092651E-1,3.919148898125E0,0.E0));
#4725=LINE('',#4724,#4723);
#4726=DIRECTION('',(0.E0,0.E0,1.E0));
#4727=VECTOR('',#4726,1.E-2);
#4728=CARTESIAN_POINT('',(-9.000001907349E-1,4.131914949417E0,0.E0));
#4729=LINE('',#4728,#4727);
#4730=DIRECTION('',(0.E0,0.E0,1.E0));
#4731=VECTOR('',#4730,1.E-2);
#4732=CARTESIAN_POINT('',(-9.999998092651E-1,4.302127695084E0,0.E0));
#4733=LINE('',#4732,#4731);
#4734=DIRECTION('',(-2.220446049250E-14,0.E0,1.E0));
#4735=VECTOR('',#4734,1.E-2);
#4736=CARTESIAN_POINT('',(-1.200000190735E0,4.472340440750E0,0.E0));
#4737=LINE('',#4736,#4735);
#4738=DIRECTION('',(0.E0,0.E0,1.E0));
#4739=VECTOR('',#4738,1.E-2);
#4740=CARTESIAN_POINT('',(-1.4E0,4.557446813583E0,0.E0));
#4741=LINE('',#4740,#4739);
#4742=DIRECTION('',(0.E0,0.E0,1.E0));
#4743=VECTOR('',#4742,1.E-2);
#4744=CARTESIAN_POINT('',(-1.650000190735E0,4.344680881500E0,0.E0));
#4745=LINE('',#4744,#4743);
#4746=DIRECTION('',(0.E0,0.E0,1.E0));
#4747=VECTOR('',#4746,1.E-2);
#4748=CARTESIAN_POINT('',(-1.449999809265E0,4.302127695084E0,0.E0));
#4749=LINE('',#4748,#4747);
#4750=DIRECTION('',(0.E0,0.E0,1.E0));
#4751=VECTOR('',#4750,1.E-2);
#4752=CARTESIAN_POINT('',(-1.299999809265E0,4.217021322250E0,0.E0));
#4753=LINE('',#4752,#4751);
#4754=DIRECTION('',(0.E0,0.E0,1.E0));
#4755=VECTOR('',#4754,1.E-2);
#4756=CARTESIAN_POINT('',(-1.200000190735E0,4.089361643791E0,0.E0));
#4757=LINE('',#4756,#4755);
#4758=DIRECTION('',(0.E0,0.E0,1.E0));
#4759=VECTOR('',#4758,1.E-2);
#4760=CARTESIAN_POINT('',(-1.149999809265E0,3.919148898125E0,0.E0));
#4761=LINE('',#4760,#4759);
#4762=DIRECTION('',(0.E0,0.E0,1.E0));
#4763=VECTOR('',#4762,1.E-2);
#4764=CARTESIAN_POINT('',(-1.149999809265E0,3.280851042271E0,0.E0));
#4765=LINE('',#4764,#4763);
#4766=DIRECTION('',(0.E0,0.E0,1.E0));
#4767=VECTOR('',#4766,1.E-2);
#4768=CARTESIAN_POINT('',(-1.200000190735E0,3.110638296604E0,0.E0));
#4769=LINE('',#4768,#4767);
#4770=DIRECTION('',(0.E0,0.E0,1.E0));
#4771=VECTOR('',#4770,1.E-2);
#4772=CARTESIAN_POINT('',(-1.299999809265E0,2.982978737354E0,0.E0));
#4773=LINE('',#4772,#4771);
#4774=DIRECTION('',(0.E0,0.E0,1.E0));
#4775=VECTOR('',#4774,1.E-2);
#4776=CARTESIAN_POINT('',(-1.449999809265E0,2.897872334719E0,0.E0));
#4777=LINE('',#4776,#4775);
#4778=DIRECTION('',(-6.661338147751E-14,0.E0,1.E0));
#4779=VECTOR('',#4778,1.E-2);
#4780=CARTESIAN_POINT('',(-1.650000190735E0,2.855319148302E0,0.E0));
#4781=LINE('',#4780,#4779);
#4782=DIRECTION('',(0.E0,0.E0,1.E0));
#4783=VECTOR('',#4782,1.E-2);
#4784=CARTESIAN_POINT('',(-2.049999809265E0,2.855319148302E0,0.E0));
#4785=LINE('',#4784,#4783);
#4786=DIRECTION('',(0.E0,0.E0,1.E0));
#4787=VECTOR('',#4786,1.E-2);
#4788=CARTESIAN_POINT('',(-2.250000190735E0,2.897872334719E0,0.E0));
#4789=LINE('',#4788,#4787);
#4790=DIRECTION('',(0.E0,0.E0,1.E0));
#4791=VECTOR('',#4790,1.E-2);
#4792=CARTESIAN_POINT('',(-2.400000190735E0,2.982978737354E0,0.E0));
#4793=LINE('',#4792,#4791);
#4794=DIRECTION('',(0.E0,0.E0,1.E0));
#4795=VECTOR('',#4794,1.E-2);
#4796=CARTESIAN_POINT('',(-2.499999809265E0,3.110638296604E0,0.E0));
#4797=LINE('',#4796,#4795);
#4798=DIRECTION('',(0.E0,0.E0,1.E0));
#4799=VECTOR('',#4798,1.E-2);
#4800=CARTESIAN_POINT('',(-2.550000190735E0,3.280851042271E0,0.E0));
#4801=LINE('',#4800,#4799);
#4802=DIRECTION('',(0.E0,0.E0,1.E0));
#4803=VECTOR('',#4802,1.E-2);
#4804=CARTESIAN_POINT('',(-2.550000190735E0,3.919148898125E0,0.E0));
#4805=LINE('',#4804,#4803);
#4806=DIRECTION('',(0.E0,0.E0,1.E0));
#4807=VECTOR('',#4806,1.E-2);
#4808=CARTESIAN_POINT('',(-2.499999809265E0,4.089361643791E0,0.E0));
#4809=LINE('',#4808,#4807);
#4810=DIRECTION('',(0.E0,8.881784197001E-14,1.E0));
#4811=VECTOR('',#4810,1.E-2);
#4812=CARTESIAN_POINT('',(-2.400000190735E0,4.217021322250E0,0.E0));
#4813=LINE('',#4812,#4811);
#4814=DIRECTION('',(0.E0,0.E0,1.E0));
#4815=VECTOR('',#4814,1.E-2);
#4816=CARTESIAN_POINT('',(-2.250000190735E0,4.302127695084E0,0.E0));
#4817=LINE('',#4816,#4815);
#4818=DIRECTION('',(0.E0,0.E0,1.E0));
#4819=VECTOR('',#4818,1.E-2);
#4820=CARTESIAN_POINT('',(-2.049999809265E0,4.344680881500E0,0.E0));
#4821=LINE('',#4820,#4819);
#4822=DIRECTION('',(0.E0,8.881784197001E-14,1.E0));
#4823=VECTOR('',#4822,1.E-2);
#4824=CARTESIAN_POINT('',(-5.350000381470E0,4.174468135834E0,0.E0));
#4825=LINE('',#4824,#4823);
#4826=DIRECTION('',(0.E0,0.E0,1.E0));
#4827=VECTOR('',#4826,1.E-2);
#4828=CARTESIAN_POINT('',(-4.649999618530E0,2.6E0,0.E0));
#4829=LINE('',#4828,#4827);
#4830=DIRECTION('',(0.E0,0.E0,1.E0));
#4831=VECTOR('',#4830,1.E-2);
#4832=CARTESIAN_POINT('',(-4.25E0,2.6E0,0.E0));
#4833=LINE('',#4832,#4831);
#4834=DIRECTION('',(0.E0,0.E0,1.E0));
#4835=VECTOR('',#4834,1.E-2);
#4836=CARTESIAN_POINT('',(-3.550000381470E0,4.174468135834E0,0.E0));
#4837=LINE('',#4836,#4835);
#4838=DIRECTION('',(0.E0,0.E0,1.E0));
#4839=VECTOR('',#4838,1.E-2);
#4840=CARTESIAN_POINT('',(-3.550000381470E0,2.6E0,0.E0));
#4841=LINE('',#4840,#4839);
#4842=DIRECTION('',(0.E0,0.E0,1.E0));
#4843=VECTOR('',#4842,1.E-2);
#4844=CARTESIAN_POINT('',(-3.250000381470E0,2.6E0,0.E0));
#4845=LINE('',#4844,#4843);
#4846=DIRECTION('',(0.E0,0.E0,1.E0));
#4847=VECTOR('',#4846,1.E-2);
#4848=CARTESIAN_POINT('',(-3.250000381470E0,4.6E0,0.E0));
#4849=LINE('',#4848,#4847);
#4850=DIRECTION('',(0.E0,0.E0,1.E0));
#4851=VECTOR('',#4850,1.E-2);
#4852=CARTESIAN_POINT('',(-3.700000381470E0,4.6E0,0.E0));
#4853=LINE('',#4852,#4851);
#4854=DIRECTION('',(0.E0,0.E0,1.E0));
#4855=VECTOR('',#4854,1.E-2);
#4856=CARTESIAN_POINT('',(-4.450000381470E0,2.812765961885E0,0.E0));
#4857=LINE('',#4856,#4855);
#4858=DIRECTION('',(0.E0,0.E0,1.E0));
#4859=VECTOR('',#4858,1.E-2);
#4860=CARTESIAN_POINT('',(-5.200000381470E0,4.6E0,0.E0));
#4861=LINE('',#4860,#4859);
#4862=DIRECTION('',(0.E0,0.E0,1.E0));
#4863=VECTOR('',#4862,1.E-2);
#4864=CARTESIAN_POINT('',(-5.650000381470E0,4.6E0,0.E0));
#4865=LINE('',#4864,#4863);
#4866=DIRECTION('',(0.E0,0.E0,1.E0));
#4867=VECTOR('',#4866,1.E-2);
#4868=CARTESIAN_POINT('',(-5.650000381470E0,2.6E0,0.E0));
#4869=LINE('',#4868,#4867);
#4870=DIRECTION('',(0.E0,0.E0,1.E0));
#4871=VECTOR('',#4870,1.E-2);
#4872=CARTESIAN_POINT('',(-5.350000381470E0,2.6E0,0.E0));
#4873=LINE('',#4872,#4871);
#4874=DIRECTION('',(0.E0,0.E0,1.E0));
#4875=VECTOR('',#4874,1.E-2);
#4876=CARTESIAN_POINT('',(6.266666650772E0,4.E-1,0.E0));
#4877=LINE('',#4876,#4875);
#4878=DIRECTION('',(0.E0,0.E0,1.E0));
#4879=VECTOR('',#4878,1.E-2);
#4880=CARTESIAN_POINT('',(6.533333325386E0,4.E-1,0.E0));
#4881=LINE('',#4880,#4879);
#4882=DIRECTION('',(0.E0,0.E0,1.E0));
#4883=VECTOR('',#4882,1.E-2);
#4884=CARTESIAN_POINT('',(6.8E0,2.E0,0.E0));
#4885=LINE('',#4884,#4883);
#4886=DIRECTION('',(0.E0,0.E0,1.E0));
#4887=VECTOR('',#4886,1.E-2);
#4888=CARTESIAN_POINT('',(6.6E0,2.E0,0.E0));
#4889=LINE('',#4888,#4887);
#4890=DIRECTION('',(0.E0,0.E0,1.E0));
#4891=VECTOR('',#4890,1.E-2);
#4892=CARTESIAN_POINT('',(6.4E0,7.744680881500E-1,0.E0));
#4893=LINE('',#4892,#4891);
#4894=DIRECTION('',(0.E0,0.E0,1.E0));
#4895=VECTOR('',#4894,1.E-2);
#4896=CARTESIAN_POINT('',(6.133333349228E0,2.E0,0.E0));
#4897=LINE('',#4896,#4895);
#4898=DIRECTION('',(0.E0,0.E0,1.E0));
#4899=VECTOR('',#4898,1.E-2);
#4900=CARTESIAN_POINT('',(5.866666698456E0,2.E0,0.E0));
#4901=LINE('',#4900,#4899);
#4902=DIRECTION('',(0.E0,0.E0,1.E0));
#4903=VECTOR('',#4902,1.E-2);
#4904=CARTESIAN_POINT('',(5.6E0,7.744680881500E-1,0.E0));
#4905=LINE('',#4904,#4903);
#4906=DIRECTION('',(0.E0,0.E0,1.E0));
#4907=VECTOR('',#4906,1.E-2);
#4908=CARTESIAN_POINT('',(5.4E0,2.E0,0.E0));
#4909=LINE('',#4908,#4907);
#4910=DIRECTION('',(0.E0,0.E0,1.E0));
#4911=VECTOR('',#4910,1.E-2);
#4912=CARTESIAN_POINT('',(5.2E0,2.E0,0.E0));
#4913=LINE('',#4912,#4911);
#4914=DIRECTION('',(0.E0,0.E0,1.E0));
#4915=VECTOR('',#4914,1.E-2);
#4916=CARTESIAN_POINT('',(5.466666698456E0,4.E-1,0.E0));
#4917=LINE('',#4916,#4915);
#4918=DIRECTION('',(0.E0,-1.110223024625E-14,1.E0));
#4919=VECTOR('',#4918,1.E-2);
#4920=CARTESIAN_POINT('',(5.733333301544E0,4.E-1,0.E0));
#4921=LINE('',#4920,#4919);
#4922=DIRECTION('',(0.E0,0.E0,1.E0));
#4923=VECTOR('',#4922,1.E-2);
#4924=CARTESIAN_POINT('',(6.E0,1.693617057800E0,0.E0));
#4925=LINE('',#4924,#4923);
#4926=DIRECTION('',(0.E0,0.E0,1.E0));
#4927=VECTOR('',#4926,1.E-2);
#4928=CARTESIAN_POINT('',(4.533333396912E0,4.E-1,0.E0));
#4929=LINE('',#4928,#4927);
#4930=DIRECTION('',(0.E0,0.E0,1.E0));
#4931=VECTOR('',#4930,1.E-2);
#4932=CARTESIAN_POINT('',(4.733333396912E0,4.E-1,0.E0));
#4933=LINE('',#4932,#4931);
#4934=DIRECTION('',(0.E0,0.E0,1.E0));
#4935=VECTOR('',#4934,1.E-2);
#4936=CARTESIAN_POINT('',(4.733333396912E0,1.727659606934E0,0.E0));
#4937=LINE('',#4936,#4935);
#4938=DIRECTION('',(0.E0,0.E0,1.E0));
#4939=VECTOR('',#4938,1.E-2);
#4940=CARTESIAN_POINT('',(4.933333396912E0,1.489361667633E0,0.E0));
#4941=LINE('',#4940,#4939);
#4942=DIRECTION('',(0.E0,-2.220446049250E-14,1.E0));
#4943=VECTOR('',#4942,1.E-2);
#4944=CARTESIAN_POINT('',(4.933333396912E0,1.761702156067E0,0.E0));
#4945=LINE('',#4944,#4943);
#4946=DIRECTION('',(0.E0,0.E0,1.E0));
#4947=VECTOR('',#4946,1.E-2);
#4948=CARTESIAN_POINT('',(4.733333396912E0,2.E0,0.E0));
#4949=LINE('',#4948,#4947);
#4950=DIRECTION('',(0.E0,0.E0,1.E0));
#4951=VECTOR('',#4950,1.E-2);
#4952=CARTESIAN_POINT('',(4.533333396912E0,2.E0,0.E0));
#4953=LINE('',#4952,#4951);
#4954=DIRECTION('',(0.E0,0.E0,1.E0));
#4955=VECTOR('',#4954,1.E-2);
#4956=CARTESIAN_POINT('',(3.866666603088E0,4.E-1,0.E0));
#4957=LINE('',#4956,#4955);
#4958=DIRECTION('',(0.E0,0.E0,1.E0));
#4959=VECTOR('',#4958,1.E-2);
#4960=CARTESIAN_POINT('',(4.066666603088E0,4.E-1,0.E0));
#4961=LINE('',#4960,#4959);
#4962=DIRECTION('',(0.E0,6.661338147751E-14,1.E0));
#4963=VECTOR('',#4962,1.E-2);
#4964=CARTESIAN_POINT('',(4.066666603088E0,1.727659606934E0,0.E0));
#4965=LINE('',#4964,#4963);
#4966=DIRECTION('',(0.E0,2.220446049250E-14,1.E0));
#4967=VECTOR('',#4966,1.E-2);
#4968=CARTESIAN_POINT('',(4.266666603088E0,1.489361667633E0,0.E0));
#4969=LINE('',#4968,#4967);
#4970=DIRECTION('',(0.E0,-2.220446049250E-14,1.E0));
#4971=VECTOR('',#4970,1.E-2);
#4972=CARTESIAN_POINT('',(4.266666603088E0,1.761702156067E0,0.E0));
#4973=LINE('',#4972,#4971);
#4974=DIRECTION('',(0.E0,0.E0,1.E0));
#4975=VECTOR('',#4974,1.E-2);
#4976=CARTESIAN_POINT('',(4.066666603088E0,2.E0,0.E0));
#4977=LINE('',#4976,#4975);
#4978=DIRECTION('',(0.E0,0.E0,1.E0));
#4979=VECTOR('',#4978,1.E-2);
#4980=CARTESIAN_POINT('',(3.866666603088E0,2.E0,0.E0));
#4981=LINE('',#4980,#4979);
#4982=DIRECTION('',(0.E0,0.E0,1.E0));
#4983=VECTOR('',#4982,1.E-2);
#4984=CARTESIAN_POINT('',(6.1E0,-2.8E0,0.E0));
#4985=LINE('',#4984,#4983);
#4986=DIRECTION('',(0.E0,0.E0,1.E0));
#4987=VECTOR('',#4986,1.E-2);
#4988=CARTESIAN_POINT('',(5.954166638851E0,-2.829787230492E0,0.E0));
#4989=LINE('',#4988,#4987);
#4990=DIRECTION('',(0.E0,0.E0,1.E0));
#4991=VECTOR('',#4990,1.E-2);
#4992=CARTESIAN_POINT('',(5.8375E0,-2.889361691475E0,0.E0));
#4993=LINE('',#4992,#4991);
#4994=DIRECTION('',(0.E0,0.E0,1.E0));
#4995=VECTOR('',#4994,1.E-2);
#4996=CARTESIAN_POINT('',(5.720833361149E0,-3.008510613441E0,0.E0));
#4997=LINE('',#4996,#4995);
#4998=DIRECTION('',(0.E0,0.E0,1.E0));
#4999=VECTOR('',#4998,1.E-2);
#5000=CARTESIAN_POINT('',(5.6625E0,-3.127659535408E0,0.E0));
#5001=LINE('',#5000,#4999);
#5002=DIRECTION('',(0.E0,8.881784197001E-14,1.E0));
#5003=VECTOR('',#5002,1.E-2);
#5004=CARTESIAN_POINT('',(5.633333361149E0,-3.276595771313E0,0.E0));
#5005=LINE('',#5004,#5003);
#5006=DIRECTION('',(0.E0,0.E0,1.E0));
#5007=VECTOR('',#5006,1.E-2);
#5008=CARTESIAN_POINT('',(5.633333361149E0,-3.723404270411E0,0.E0));
#5009=LINE('',#5008,#5007);
#5010=DIRECTION('',(0.E0,0.E0,1.E0));
#5011=VECTOR('',#5010,1.E-2);
#5012=CARTESIAN_POINT('',(5.6625E0,-3.872340422869E0,0.E0));
#5013=LINE('',#5012,#5011);
#5014=DIRECTION('',(0.E0,0.E0,1.E0));
#5015=VECTOR('',#5014,1.E-2);
#5016=CARTESIAN_POINT('',(5.720833361149E0,-3.991489365697E0,0.E0));
#5017=LINE('',#5016,#5015);
#5018=DIRECTION('',(-8.881784197001E-14,0.E0,1.E0));
#5019=VECTOR('',#5018,1.E-2);
#5020=CARTESIAN_POINT('',(5.8375E0,-4.110638298094E0,0.E0));
#5021=LINE('',#5020,#5019);
#5022=DIRECTION('',(0.E0,0.E0,1.E0));
#5023=VECTOR('',#5022,1.E-2);
#5024=CARTESIAN_POINT('',(5.954166638851E0,-4.170212766901E0,0.E0));
#5025=LINE('',#5024,#5023);
#5026=DIRECTION('',(0.E0,0.E0,1.E0));
#5027=VECTOR('',#5026,1.E-2);
#5028=CARTESIAN_POINT('',(6.1E0,-4.2E0,0.E0));
#5029=LINE('',#5028,#5027);
#5030=DIRECTION('',(0.E0,0.E0,1.E0));
#5031=VECTOR('',#5030,1.E-2);
#5032=CARTESIAN_POINT('',(6.8E0,-4.2E0,0.E0));
#5033=LINE('',#5032,#5031);
#5034=DIRECTION('',(0.E0,0.E0,1.E0));
#5035=VECTOR('',#5034,1.E-2);
#5036=CARTESIAN_POINT('',(6.8E0,-2.8E0,0.E0));
#5037=LINE('',#5036,#5035);
#5038=DIRECTION('',(0.E0,0.E0,1.E0));
#5039=VECTOR('',#5038,1.E-2);
#5040=CARTESIAN_POINT('',(6.625E0,-2.978723382950E0,0.E0));
#5041=LINE('',#5040,#5039);
#5042=DIRECTION('',(0.E0,0.E0,1.E0));
#5043=VECTOR('',#5042,1.E-2);
#5044=CARTESIAN_POINT('',(6.625E0,-4.021276596189E0,0.E0));
#5045=LINE('',#5044,#5043);
#5046=DIRECTION('',(0.E0,0.E0,1.E0));
#5047=VECTOR('',#5046,1.E-2);
#5048=CARTESIAN_POINT('',(6.1E0,-4.021276596189E0,0.E0));
#5049=LINE('',#5048,#5047);
#5050=DIRECTION('',(0.E0,0.E0,1.E0));
#5051=VECTOR('',#5050,1.E-2);
#5052=CARTESIAN_POINT('',(5.983333361149E0,-3.991489365697E0,0.E0));
#5053=LINE('',#5052,#5051);
#5054=DIRECTION('',(0.E0,0.E0,1.E0));
#5055=VECTOR('',#5054,1.E-2);
#5056=CARTESIAN_POINT('',(5.895833361149E0,-3.931914883852E0,0.E0));
#5057=LINE('',#5056,#5055);
#5058=DIRECTION('',(0.E0,4.440892098501E-14,1.E0));
#5059=VECTOR('',#5058,1.E-2);
#5060=CARTESIAN_POINT('',(5.8375E0,-3.842553192377E0,0.E0));
#5061=LINE('',#5060,#5059);
#5062=DIRECTION('',(0.E0,0.E0,1.E0));
#5063=VECTOR('',#5062,1.E-2);
#5064=CARTESIAN_POINT('',(5.808333361149E0,-3.723404270411E0,0.E0));
#5065=LINE('',#5064,#5063);
#5066=DIRECTION('',(0.E0,0.E0,1.E0));
#5067=VECTOR('',#5066,1.E-2);
#5068=CARTESIAN_POINT('',(5.808333361149E0,-3.276595771313E0,0.E0));
#5069=LINE('',#5068,#5067);
#5070=DIRECTION('',(0.E0,0.E0,1.E0));
#5071=VECTOR('',#5070,1.E-2);
#5072=CARTESIAN_POINT('',(5.8375E0,-3.157446849346E0,0.E0));
#5073=LINE('',#5072,#5071);
#5074=DIRECTION('',(0.E0,0.E0,1.E0));
#5075=VECTOR('',#5074,1.E-2);
#5076=CARTESIAN_POINT('',(5.895833361149E0,-3.068085074425E0,0.E0));
#5077=LINE('',#5076,#5075);
#5078=DIRECTION('',(0.E0,0.E0,1.E0));
#5079=VECTOR('',#5078,1.E-2);
#5080=CARTESIAN_POINT('',(5.983333361149E0,-3.008510613441E0,0.E0));
#5081=LINE('',#5080,#5079);
#5082=DIRECTION('',(0.E0,0.E0,1.E0));
#5083=VECTOR('',#5082,1.E-2);
#5084=CARTESIAN_POINT('',(6.1E0,-2.978723382950E0,0.E0));
#5085=LINE('',#5084,#5083);
#5086=DIRECTION('',(0.E0,0.E0,1.E0));
#5087=VECTOR('',#5086,1.E-2);
#5088=CARTESIAN_POINT('',(5.225E0,-3.246808540821E0,0.E0));
#5089=LINE('',#5088,#5087);
#5090=DIRECTION('',(0.E0,0.E0,1.E0));
#5091=VECTOR('',#5090,1.E-2);
#5092=CARTESIAN_POINT('',(4.904166722298E0,-3.634042537212E0,0.E0));
#5093=LINE('',#5092,#5091);
#5094=DIRECTION('',(0.E0,0.E0,1.E0));
#5095=VECTOR('',#5094,1.E-2);
#5096=CARTESIAN_POINT('',(4.583333277702E0,-3.246808540821E0,0.E0));
#5097=LINE('',#5096,#5095);
#5098=DIRECTION('',(0.E0,0.E0,1.E0));
#5099=VECTOR('',#5098,1.E-2);
#5100=CARTESIAN_POINT('',(4.408333277702E0,-3.246808540821E0,0.E0));
#5101=LINE('',#5100,#5099);
#5102=DIRECTION('',(0.E0,0.E0,1.E0));
#5103=VECTOR('',#5102,1.E-2);
#5104=CARTESIAN_POINT('',(4.816666722298E0,-3.723404270411E0,0.E0));
#5105=LINE('',#5104,#5103);
#5106=DIRECTION('',(0.E0,0.E0,1.E0));
#5107=VECTOR('',#5106,1.E-2);
#5108=CARTESIAN_POINT('',(4.408333277702E0,-4.2E0,0.E0));
#5109=LINE('',#5108,#5107);
#5110=DIRECTION('',(0.E0,0.E0,1.E0));
#5111=VECTOR('',#5110,1.E-2);
#5112=CARTESIAN_POINT('',(4.583333277702E0,-4.2E0,0.E0));
#5113=LINE('',#5112,#5111);
#5114=DIRECTION('',(0.E0,0.E0,1.E0));
#5115=VECTOR('',#5114,1.E-2);
#5116=CARTESIAN_POINT('',(4.904166722298E0,-3.812765961885E0,0.E0));
#5117=LINE('',#5116,#5115);
#5118=DIRECTION('',(0.E0,0.E0,1.E0));
#5119=VECTOR('',#5118,1.E-2);
#5120=CARTESIAN_POINT('',(5.225E0,-4.2E0,0.E0));
#5121=LINE('',#5120,#5119);
#5122=DIRECTION('',(0.E0,0.E0,1.E0));
#5123=VECTOR('',#5122,1.E-2);
#5124=CARTESIAN_POINT('',(5.4E0,-4.2E0,0.E0));
#5125=LINE('',#5124,#5123);
#5126=DIRECTION('',(0.E0,0.E0,1.E0));
#5127=VECTOR('',#5126,1.E-2);
#5128=CARTESIAN_POINT('',(4.991666722298E0,-3.723404270411E0,0.E0));
#5129=LINE('',#5128,#5127);
#5130=DIRECTION('',(0.E0,0.E0,1.E0));
#5131=VECTOR('',#5130,1.E-2);
#5132=CARTESIAN_POINT('',(5.4E0,-3.246808540821E0,0.E0));
#5133=LINE('',#5132,#5131);
#5134=DIRECTION('',(0.E0,0.E0,1.E0));
#5135=VECTOR('',#5134,1.E-2);
#5136=CARTESIAN_POINT('',(4.E0,-3.246808540821E0,0.E0));
#5137=LINE('',#5136,#5135);
#5138=DIRECTION('',(0.E0,0.E0,1.E0));
#5139=VECTOR('',#5138,1.E-2);
#5140=CARTESIAN_POINT('',(3.679166555405E0,-3.634042537212E0,0.E0));
#5141=LINE('',#5140,#5139);
#5142=DIRECTION('',(0.E0,0.E0,1.E0));
#5143=VECTOR('',#5142,1.E-2);
#5144=CARTESIAN_POINT('',(3.358333444595E0,-3.246808540821E0,0.E0));
#5145=LINE('',#5144,#5143);
#5146=DIRECTION('',(0.E0,0.E0,1.E0));
#5147=VECTOR('',#5146,1.E-2);
#5148=CARTESIAN_POINT('',(3.183333444595E0,-3.246808540821E0,0.E0));
#5149=LINE('',#5148,#5147);
#5150=DIRECTION('',(0.E0,0.E0,1.E0));
#5151=VECTOR('',#5150,1.E-2);
#5152=CARTESIAN_POINT('',(3.591666555405E0,-3.723404270411E0,0.E0));
#5153=LINE('',#5152,#5151);
#5154=DIRECTION('',(0.E0,0.E0,1.E0));
#5155=VECTOR('',#5154,1.E-2);
#5156=CARTESIAN_POINT('',(3.183333444595E0,-4.2E0,0.E0));
#5157=LINE('',#5156,#5155);
#5158=DIRECTION('',(0.E0,0.E0,1.E0));
#5159=VECTOR('',#5158,1.E-2);
#5160=CARTESIAN_POINT('',(3.358333444595E0,-4.2E0,0.E0));
#5161=LINE('',#5160,#5159);
#5162=DIRECTION('',(0.E0,0.E0,1.E0));
#5163=VECTOR('',#5162,1.E-2);
#5164=CARTESIAN_POINT('',(3.679166555405E0,-3.812765961885E0,0.E0));
#5165=LINE('',#5164,#5163);
#5166=DIRECTION('',(0.E0,0.E0,1.E0));
#5167=VECTOR('',#5166,1.E-2);
#5168=CARTESIAN_POINT('',(4.E0,-4.2E0,0.E0));
#5169=LINE('',#5168,#5167);
#5170=DIRECTION('',(0.E0,0.E0,1.E0));
#5171=VECTOR('',#5170,1.E-2);
#5172=CARTESIAN_POINT('',(4.175E0,-4.2E0,0.E0));
#5173=LINE('',#5172,#5171);
#5174=DIRECTION('',(0.E0,0.E0,1.E0));
#5175=VECTOR('',#5174,1.E-2);
#5176=CARTESIAN_POINT('',(3.766666555405E0,-3.723404270411E0,0.E0));
#5177=LINE('',#5176,#5175);
#5178=DIRECTION('',(0.E0,0.E0,1.E0));
#5179=VECTOR('',#5178,1.E-2);
#5180=CARTESIAN_POINT('',(4.175E0,-3.246808540821E0,0.E0));
#5181=LINE('',#5180,#5179);
#5182=DIRECTION('',(0.E0,0.E0,1.E0));
#5183=VECTOR('',#5182,1.E-2);
#5184=CARTESIAN_POINT('',(2.775E0,-3.246808540821E0,0.E0));
#5185=LINE('',#5184,#5183);
#5186=DIRECTION('',(0.E0,0.E0,1.E0));
#5187=VECTOR('',#5186,1.E-2);
#5188=CARTESIAN_POINT('',(2.454166555405E0,-3.634042537212E0,0.E0));
#5189=LINE('',#5188,#5187);
#5190=DIRECTION('',(0.E0,0.E0,1.E0));
#5191=VECTOR('',#5190,1.E-2);
#5192=CARTESIAN_POINT('',(2.133333444595E0,-3.246808540821E0,0.E0));
#5193=LINE('',#5192,#5191);
#5194=DIRECTION('',(0.E0,0.E0,1.E0));
#5195=VECTOR('',#5194,1.E-2);
#5196=CARTESIAN_POINT('',(1.958333444595E0,-3.246808540821E0,0.E0));
#5197=LINE('',#5196,#5195);
#5198=DIRECTION('',(0.E0,0.E0,1.E0));
#5199=VECTOR('',#5198,1.E-2);
#5200=CARTESIAN_POINT('',(2.366666555405E0,-3.723404270411E0,0.E0));
#5201=LINE('',#5200,#5199);
#5202=DIRECTION('',(-2.220446049250E-14,0.E0,1.E0));
#5203=VECTOR('',#5202,1.E-2);
#5204=CARTESIAN_POINT('',(1.958333444595E0,-4.2E0,0.E0));
#5205=LINE('',#5204,#5203);
#5206=DIRECTION('',(0.E0,0.E0,1.E0));
#5207=VECTOR('',#5206,1.E-2);
#5208=CARTESIAN_POINT('',(2.133333444595E0,-4.2E0,0.E0));
#5209=LINE('',#5208,#5207);
#5210=DIRECTION('',(-4.440892098501E-14,0.E0,1.E0));
#5211=VECTOR('',#5210,1.E-2);
#5212=CARTESIAN_POINT('',(2.454166555405E0,-3.812765961885E0,0.E0));
#5213=LINE('',#5212,#5211);
#5214=DIRECTION('',(0.E0,0.E0,1.E0));
#5215=VECTOR('',#5214,1.E-2);
#5216=CARTESIAN_POINT('',(2.775E0,-4.2E0,0.E0));
#5217=LINE('',#5216,#5215);
#5218=DIRECTION('',(0.E0,0.E0,1.E0));
#5219=VECTOR('',#5218,1.E-2);
#5220=CARTESIAN_POINT('',(2.95E0,-4.2E0,0.E0));
#5221=LINE('',#5220,#5219);
#5222=DIRECTION('',(4.440892098501E-14,0.E0,1.E0));
#5223=VECTOR('',#5222,1.E-2);
#5224=CARTESIAN_POINT('',(2.541666555405E0,-3.723404270411E0,0.E0));
#5225=LINE('',#5224,#5223);
#5226=DIRECTION('',(0.E0,0.E0,1.E0));
#5227=VECTOR('',#5226,1.E-2);
#5228=CARTESIAN_POINT('',(2.95E0,-3.246808540821E0,0.E0));
#5229=LINE('',#5228,#5227);
#5230=DIRECTION('',(0.E0,0.E0,1.E0));
#5231=VECTOR('',#5230,1.E-2);
#5232=CARTESIAN_POINT('',(1.55E0,-3.246808540821E0,0.E0));
#5233=LINE('',#5232,#5231);
#5234=DIRECTION('',(0.E0,0.E0,1.E0));
#5235=VECTOR('',#5234,1.E-2);
#5236=CARTESIAN_POINT('',(1.229166555405E0,-3.634042537212E0,0.E0));
#5237=LINE('',#5236,#5235);
#5238=DIRECTION('',(0.E0,0.E0,1.E0));
#5239=VECTOR('',#5238,1.E-2);
#5240=CARTESIAN_POINT('',(9.083331108093E-1,-3.246808540821E0,0.E0));
#5241=LINE('',#5240,#5239);
#5242=DIRECTION('',(0.E0,0.E0,1.E0));
#5243=VECTOR('',#5242,1.E-2);
#5244=CARTESIAN_POINT('',(7.333331108093E-1,-3.246808540821E0,0.E0));
#5245=LINE('',#5244,#5243);
#5246=DIRECTION('',(0.E0,0.E0,1.E0));
#5247=VECTOR('',#5246,1.E-2);
#5248=CARTESIAN_POINT('',(1.141666889191E0,-3.723404270411E0,0.E0));
#5249=LINE('',#5248,#5247);
#5250=DIRECTION('',(0.E0,0.E0,1.E0));
#5251=VECTOR('',#5250,1.E-2);
#5252=CARTESIAN_POINT('',(7.333331108093E-1,-4.2E0,0.E0));
#5253=LINE('',#5252,#5251);
#5254=DIRECTION('',(-2.220446049250E-14,0.E0,1.E0));
#5255=VECTOR('',#5254,1.E-2);
#5256=CARTESIAN_POINT('',(9.083331108093E-1,-4.2E0,0.E0));
#5257=LINE('',#5256,#5255);
#5258=DIRECTION('',(0.E0,0.E0,1.E0));
#5259=VECTOR('',#5258,1.E-2);
#5260=CARTESIAN_POINT('',(1.229166555405E0,-3.812765961885E0,0.E0));
#5261=LINE('',#5260,#5259);
#5262=DIRECTION('',(0.E0,0.E0,1.E0));
#5263=VECTOR('',#5262,1.E-2);
#5264=CARTESIAN_POINT('',(1.55E0,-4.2E0,0.E0));
#5265=LINE('',#5264,#5263);
#5266=DIRECTION('',(0.E0,0.E0,1.E0));
#5267=VECTOR('',#5266,1.E-2);
#5268=CARTESIAN_POINT('',(1.725E0,-4.2E0,0.E0));
#5269=LINE('',#5268,#5267);
#5270=DIRECTION('',(0.E0,0.E0,1.E0));
#5271=VECTOR('',#5270,1.E-2);
#5272=CARTESIAN_POINT('',(1.316666555405E0,-3.723404270411E0,0.E0));
#5273=LINE('',#5272,#5271);
#5274=DIRECTION('',(6.661338147751E-14,0.E0,1.E0));
#5275=VECTOR('',#5274,1.E-2);
#5276=CARTESIAN_POINT('',(1.725E0,-3.246808540821E0,0.E0));
#5277=LINE('',#5276,#5275);
#5278=DIRECTION('',(0.E0,0.E0,1.E0));
#5279=VECTOR('',#5278,1.E-2);
#5280=CARTESIAN_POINT('',(9.166688919068E-2,-3.693617039919E0,0.E0));
#5281=LINE('',#5280,#5279);
#5282=DIRECTION('',(0.E0,0.E0,1.E0));
#5283=VECTOR('',#5282,1.E-2);
#5284=CARTESIAN_POINT('',(5.E-1,-3.693617039919E0,0.E0));
#5285=LINE('',#5284,#5283);
#5286=DIRECTION('',(0.E0,0.E0,1.E0));
#5287=VECTOR('',#5286,1.E-2);
#5288=CARTESIAN_POINT('',(5.E-1,-3.544680845737E0,0.E0));
#5289=LINE('',#5288,#5287);
#5290=DIRECTION('',(0.E0,0.E0,1.E0));
#5291=VECTOR('',#5290,1.E-2);
#5292=CARTESIAN_POINT('',(9.166688919068E-2,-3.544680845737E0,0.E0));
#5293=LINE('',#5292,#5291);
#5294=DIRECTION('',(0.E0,0.E0,1.E0));
#5295=VECTOR('',#5294,1.E-2);
#5296=CARTESIAN_POINT('',(-3.166668891907E-1,-3.246808540821E0,0.E0));
#5297=LINE('',#5296,#5295);
#5298=DIRECTION('',(0.E0,0.E0,1.E0));
#5299=VECTOR('',#5298,1.E-2);
#5300=CARTESIAN_POINT('',(-6.375E-1,-3.634042537212E0,0.E0));
#5301=LINE('',#5300,#5299);
#5302=DIRECTION('',(0.E0,0.E0,1.E0));
#5303=VECTOR('',#5302,1.E-2);
#5304=CARTESIAN_POINT('',(-9.583331108093E-1,-3.246808540821E0,0.E0));
#5305=LINE('',#5304,#5303);
#5306=DIRECTION('',(0.E0,0.E0,1.E0));
#5307=VECTOR('',#5306,1.E-2);
#5308=CARTESIAN_POINT('',(-1.133333110809E0,-3.246808540821E0,0.E0));
#5309=LINE('',#5308,#5307);
#5310=DIRECTION('',(0.E0,0.E0,1.E0));
#5311=VECTOR('',#5310,1.E-2);
#5312=CARTESIAN_POINT('',(-7.25E-1,-3.723404270411E0,0.E0));
#5313=LINE('',#5312,#5311);
#5314=DIRECTION('',(0.E0,0.E0,1.E0));
#5315=VECTOR('',#5314,1.E-2);
#5316=CARTESIAN_POINT('',(-1.133333110809E0,-4.2E0,0.E0));
#5317=LINE('',#5316,#5315);
#5318=DIRECTION('',(0.E0,0.E0,1.E0));
#5319=VECTOR('',#5318,1.E-2);
#5320=CARTESIAN_POINT('',(-9.583331108093E-1,-4.2E0,0.E0));
#5321=LINE('',#5320,#5319);
#5322=DIRECTION('',(0.E0,0.E0,1.E0));
#5323=VECTOR('',#5322,1.E-2);
#5324=CARTESIAN_POINT('',(-6.375E-1,-3.812765961885E0,0.E0));
#5325=LINE('',#5324,#5323);
#5326=DIRECTION('',(0.E0,0.E0,1.E0));
#5327=VECTOR('',#5326,1.E-2);
#5328=CARTESIAN_POINT('',(-3.166668891907E-1,-4.2E0,0.E0));
#5329=LINE('',#5328,#5327);
#5330=DIRECTION('',(0.E0,0.E0,1.E0));
#5331=VECTOR('',#5330,1.E-2);
#5332=CARTESIAN_POINT('',(-1.416668891907E-1,-4.2E0,0.E0));
#5333=LINE('',#5332,#5331);
#5334=DIRECTION('',(0.E0,0.E0,1.E0));
#5335=VECTOR('',#5334,1.E-2);
#5336=CARTESIAN_POINT('',(-5.5E-1,-3.723404270411E0,0.E0));
#5337=LINE('',#5336,#5335);
#5338=DIRECTION('',(2.220446049250E-14,0.E0,1.E0));
#5339=VECTOR('',#5338,1.E-2);
#5340=CARTESIAN_POINT('',(-1.416668891907E-1,-3.246808540821E0,0.E0));
#5341=LINE('',#5340,#5339);
#5342=DIRECTION('',(0.E0,0.E0,1.E0));
#5343=VECTOR('',#5342,1.E-2);
#5344=CARTESIAN_POINT('',(-1.541666889191E0,-3.246808540821E0,0.E0));
#5345=LINE('',#5344,#5343);
#5346=DIRECTION('',(0.E0,0.E0,1.E0));
#5347=VECTOR('',#5346,1.E-2);
#5348=CARTESIAN_POINT('',(-1.8625E0,-3.634042537212E0,0.E0));
#5349=LINE('',#5348,#5347);
#5350=DIRECTION('',(0.E0,0.E0,1.E0));
#5351=VECTOR('',#5350,1.E-2);
#5352=CARTESIAN_POINT('',(-2.183333110809E0,-3.246808540821E0,0.E0));
#5353=LINE('',#5352,#5351);
#5354=DIRECTION('',(0.E0,0.E0,1.E0));
#5355=VECTOR('',#5354,1.E-2);
#5356=CARTESIAN_POINT('',(-2.358333110809E0,-3.246808540821E0,0.E0));
#5357=LINE('',#5356,#5355);
#5358=DIRECTION('',(0.E0,0.E0,1.E0));
#5359=VECTOR('',#5358,1.E-2);
#5360=CARTESIAN_POINT('',(-1.95E0,-3.723404270411E0,0.E0));
#5361=LINE('',#5360,#5359);
#5362=DIRECTION('',(0.E0,0.E0,1.E0));
#5363=VECTOR('',#5362,1.E-2);
#5364=CARTESIAN_POINT('',(-2.358333110809E0,-4.2E0,0.E0));
#5365=LINE('',#5364,#5363);
#5366=DIRECTION('',(0.E0,0.E0,1.E0));
#5367=VECTOR('',#5366,1.E-2);
#5368=CARTESIAN_POINT('',(-2.183333110809E0,-4.2E0,0.E0));
#5369=LINE('',#5368,#5367);
#5370=DIRECTION('',(0.E0,0.E0,1.E0));
#5371=VECTOR('',#5370,1.E-2);
#5372=CARTESIAN_POINT('',(-1.8625E0,-3.812765961885E0,0.E0));
#5373=LINE('',#5372,#5371);
#5374=DIRECTION('',(0.E0,0.E0,1.E0));
#5375=VECTOR('',#5374,1.E-2);
#5376=CARTESIAN_POINT('',(-1.541666889191E0,-4.2E0,0.E0));
#5377=LINE('',#5376,#5375);
#5378=DIRECTION('',(0.E0,0.E0,1.E0));
#5379=VECTOR('',#5378,1.E-2);
#5380=CARTESIAN_POINT('',(-1.366666889191E0,-4.2E0,0.E0));
#5381=LINE('',#5380,#5379);
#5382=DIRECTION('',(0.E0,0.E0,1.E0));
#5383=VECTOR('',#5382,1.E-2);
#5384=CARTESIAN_POINT('',(-1.775E0,-3.723404270411E0,0.E0));
#5385=LINE('',#5384,#5383);
#5386=DIRECTION('',(0.E0,0.E0,1.E0));
#5387=VECTOR('',#5386,1.E-2);
#5388=CARTESIAN_POINT('',(-1.366666889191E0,-3.246808540821E0,0.E0));
#5389=LINE('',#5388,#5387);
#5390=DIRECTION('',(0.E0,0.E0,1.E0));
#5391=VECTOR('',#5390,1.E-2);
#5392=CARTESIAN_POINT('',(-2.766666889191E0,-3.246808540821E0,0.E0));
#5393=LINE('',#5392,#5391);
#5394=DIRECTION('',(0.E0,0.E0,1.E0));
#5395=VECTOR('',#5394,1.E-2);
#5396=CARTESIAN_POINT('',(-3.0875E0,-3.634042537212E0,0.E0));
#5397=LINE('',#5396,#5395);
#5398=DIRECTION('',(0.E0,0.E0,1.E0));
#5399=VECTOR('',#5398,1.E-2);
#5400=CARTESIAN_POINT('',(-3.408333110809E0,-3.246808540821E0,0.E0));
#5401=LINE('',#5400,#5399);
#5402=DIRECTION('',(0.E0,0.E0,1.E0));
#5403=VECTOR('',#5402,1.E-2);
#5404=CARTESIAN_POINT('',(-3.583333110809E0,-3.246808540821E0,0.E0));
#5405=LINE('',#5404,#5403);
#5406=DIRECTION('',(0.E0,0.E0,1.E0));
#5407=VECTOR('',#5406,1.E-2);
#5408=CARTESIAN_POINT('',(-3.175E0,-3.723404270411E0,0.E0));
#5409=LINE('',#5408,#5407);
#5410=DIRECTION('',(0.E0,0.E0,1.E0));
#5411=VECTOR('',#5410,1.E-2);
#5412=CARTESIAN_POINT('',(-3.583333110809E0,-4.2E0,0.E0));
#5413=LINE('',#5412,#5411);
#5414=DIRECTION('',(0.E0,0.E0,1.E0));
#5415=VECTOR('',#5414,1.E-2);
#5416=CARTESIAN_POINT('',(-3.408333110809E0,-4.2E0,0.E0));
#5417=LINE('',#5416,#5415);
#5418=DIRECTION('',(0.E0,0.E0,1.E0));
#5419=VECTOR('',#5418,1.E-2);
#5420=CARTESIAN_POINT('',(-3.0875E0,-3.812765961885E0,0.E0));
#5421=LINE('',#5420,#5419);
#5422=DIRECTION('',(0.E0,0.E0,1.E0));
#5423=VECTOR('',#5422,1.E-2);
#5424=CARTESIAN_POINT('',(-2.766666889191E0,-4.2E0,0.E0));
#5425=LINE('',#5424,#5423);
#5426=DIRECTION('',(-8.881784197001E-14,0.E0,1.E0));
#5427=VECTOR('',#5426,1.E-2);
#5428=CARTESIAN_POINT('',(-2.591666889191E0,-4.2E0,0.E0));
#5429=LINE('',#5428,#5427);
#5430=DIRECTION('',(0.E0,0.E0,1.E0));
#5431=VECTOR('',#5430,1.E-2);
#5432=CARTESIAN_POINT('',(-3.E0,-3.723404270411E0,0.E0));
#5433=LINE('',#5432,#5431);
#5434=DIRECTION('',(0.E0,0.E0,1.E0));
#5435=VECTOR('',#5434,1.E-2);
#5436=CARTESIAN_POINT('',(-2.591666889191E0,-3.246808540821E0,0.E0));
#5437=LINE('',#5436,#5435);
#5438=DIRECTION('',(0.E0,0.E0,1.E0));
#5439=VECTOR('',#5438,1.E-2);
#5440=CARTESIAN_POINT('',(-3.991666889191E0,-3.246808540821E0,0.E0));
#5441=LINE('',#5440,#5439);
#5442=DIRECTION('',(0.E0,0.E0,1.E0));
#5443=VECTOR('',#5442,1.E-2);
#5444=CARTESIAN_POINT('',(-4.3125E0,-3.634042537212E0,0.E0));
#5445=LINE('',#5444,#5443);
#5446=DIRECTION('',(0.E0,0.E0,1.E0));
#5447=VECTOR('',#5446,1.E-2);
#5448=CARTESIAN_POINT('',(-4.633333778381E0,-3.246808540821E0,0.E0));
#5449=LINE('',#5448,#5447);
#5450=DIRECTION('',(0.E0,0.E0,1.E0));
#5451=VECTOR('',#5450,1.E-2);
#5452=CARTESIAN_POINT('',(-4.808333778381E0,-3.246808540821E0,0.E0));
#5453=LINE('',#5452,#5451);
#5454=DIRECTION('',(0.E0,0.E0,1.E0));
#5455=VECTOR('',#5454,1.E-2);
#5456=CARTESIAN_POINT('',(-4.4E0,-3.723404270411E0,0.E0));
#5457=LINE('',#5456,#5455);
#5458=DIRECTION('',(0.E0,0.E0,1.E0));
#5459=VECTOR('',#5458,1.E-2);
#5460=CARTESIAN_POINT('',(-4.808333778381E0,-4.2E0,0.E0));
#5461=LINE('',#5460,#5459);
#5462=DIRECTION('',(0.E0,0.E0,1.E0));
#5463=VECTOR('',#5462,1.E-2);
#5464=CARTESIAN_POINT('',(-4.633333778381E0,-4.2E0,0.E0));
#5465=LINE('',#5464,#5463);
#5466=DIRECTION('',(0.E0,0.E0,1.E0));
#5467=VECTOR('',#5466,1.E-2);
#5468=CARTESIAN_POINT('',(-4.3125E0,-3.812765961885E0,0.E0));
#5469=LINE('',#5468,#5467);
#5470=DIRECTION('',(4.440892098501E-14,0.E0,1.E0));
#5471=VECTOR('',#5470,1.E-2);
#5472=CARTESIAN_POINT('',(-3.991666889191E0,-4.2E0,0.E0));
#5473=LINE('',#5472,#5471);
#5474=DIRECTION('',(0.E0,0.E0,1.E0));
#5475=VECTOR('',#5474,1.E-2);
#5476=CARTESIAN_POINT('',(-3.816666889191E0,-4.2E0,0.E0));
#5477=LINE('',#5476,#5475);
#5478=DIRECTION('',(0.E0,0.E0,1.E0));
#5479=VECTOR('',#5478,1.E-2);
#5480=CARTESIAN_POINT('',(-4.225E0,-3.723404270411E0,0.E0));
#5481=LINE('',#5480,#5479);
#5482=DIRECTION('',(0.E0,0.E0,1.E0));
#5483=VECTOR('',#5482,1.E-2);
#5484=CARTESIAN_POINT('',(-3.816666889191E0,-3.246808540821E0,0.E0));
#5485=LINE('',#5484,#5483);
#5486=DIRECTION('',(0.E0,0.E0,1.E0));
#5487=VECTOR('',#5486,1.E-2);
#5488=CARTESIAN_POINT('',(6.1E0,-2.E0,0.E0));
#5489=LINE('',#5488,#5487);
#5490=DIRECTION('',(0.E0,0.E0,1.E0));
#5491=VECTOR('',#5490,1.E-2);
#5492=CARTESIAN_POINT('',(6.333333319426E0,-2.E0,0.E0));
#5493=LINE('',#5492,#5491);
#5494=DIRECTION('',(0.E0,0.E0,1.E0));
#5495=VECTOR('',#5494,1.E-2);
#5496=CARTESIAN_POINT('',(6.8E0,-6.E-1,0.E0));
#5497=LINE('',#5496,#5495);
#5498=DIRECTION('',(0.E0,0.E0,1.E0));
#5499=VECTOR('',#5498,1.E-2);
#5500=CARTESIAN_POINT('',(6.625E0,-6.E-1,0.E0));
#5501=LINE('',#5500,#5499);
#5502=DIRECTION('',(0.E0,2.220446049250E-14,1.E0));
#5503=VECTOR('',#5502,1.E-2);
#5504=CARTESIAN_POINT('',(6.216666680574E0,-1.821276596189E0,0.E0));
#5505=LINE('',#5504,#5503);
#5506=DIRECTION('',(0.E0,0.E0,1.E0));
#5507=VECTOR('',#5506,1.E-2);
#5508=CARTESIAN_POINT('',(5.808333361149E0,-6.E-1,0.E0));
#5509=LINE('',#5508,#5507);
#5510=DIRECTION('',(0.E0,0.E0,1.E0));
#5511=VECTOR('',#5510,1.E-2);
#5512=CARTESIAN_POINT('',(5.633333361149E0,-6.E-1,0.E0));
#5513=LINE('',#5512,#5511);
#5514=DIRECTION('',(0.E0,0.E0,1.E0));
#5515=VECTOR('',#5514,1.E-2);
#5516=CARTESIAN_POINT('',(5.4E0,-1.851063826680E0,0.E0));
#5517=LINE('',#5516,#5515);
#5518=DIRECTION('',(0.E0,0.E0,1.E0));
#5519=VECTOR('',#5518,1.E-2);
#5520=CARTESIAN_POINT('',(4.583333277702E0,-1.106383001804E0,0.E0));
#5521=LINE('',#5520,#5519);
#5522=DIRECTION('',(0.E0,0.E0,1.E0));
#5523=VECTOR('',#5522,1.E-2);
#5524=CARTESIAN_POINT('',(4.525E0,-9.872340798378E-1,0.E0));
#5525=LINE('',#5524,#5523);
#5526=DIRECTION('',(0.E0,0.E0,1.E0));
#5527=VECTOR('',#5526,1.E-2);
#5528=CARTESIAN_POINT('',(4.525E0,-9.276595354080E-1,0.E0));
#5529=LINE('',#5528,#5527);
#5530=DIRECTION('',(0.E0,0.E0,1.E0));
#5531=VECTOR('',#5530,1.E-2);
#5532=CARTESIAN_POINT('',(4.583333277702E0,-8.382978439331E-1,0.E0));
#5533=LINE('',#5532,#5531);
#5534=DIRECTION('',(0.E0,0.E0,1.E0));
#5535=VECTOR('',#5534,1.E-2);
#5536=CARTESIAN_POINT('',(4.670833277702E0,-7.787233829498E-1,0.E0));
#5537=LINE('',#5536,#5535);
#5538=DIRECTION('',(0.E0,0.E0,1.E0));
#5539=VECTOR('',#5538,1.E-2);
#5540=CARTESIAN_POINT('',(4.816666722298E0,-7.489361524582E-1,0.E0));
#5541=LINE('',#5540,#5539);
#5542=DIRECTION('',(0.E0,0.E0,1.E0));
#5543=VECTOR('',#5542,1.E-2);
#5544=CARTESIAN_POINT('',(4.933333277702E0,-7.489361524582E-1,0.E0));
#5545=LINE('',#5544,#5543);
#5546=DIRECTION('',(0.E0,0.E0,1.E0));
#5547=VECTOR('',#5546,1.E-2);
#5548=CARTESIAN_POINT('',(5.079166722298E0,-7.787233829498E-1,0.E0));
#5549=LINE('',#5548,#5547);
#5550=DIRECTION('',(0.E0,0.E0,1.E0));
#5551=VECTOR('',#5550,1.E-2);
#5552=CARTESIAN_POINT('',(5.166666722298E0,-8.382978439331E-1,0.E0));
#5553=LINE('',#5552,#5551);
#5554=DIRECTION('',(0.E0,0.E0,1.E0));
#5555=VECTOR('',#5554,1.E-2);
#5556=CARTESIAN_POINT('',(5.225E0,-9.276595354080E-1,0.E0));
#5557=LINE('',#5556,#5555);
#5558=DIRECTION('',(0.E0,0.E0,1.E0));
#5559=VECTOR('',#5558,1.E-2);
#5560=CARTESIAN_POINT('',(5.370833277702E0,-9.276595354080E-1,0.E0));
#5561=LINE('',#5560,#5559);
#5562=DIRECTION('',(0.E0,-1.110223024625E-14,1.E0));
#5563=VECTOR('',#5562,1.E-2);
#5564=CARTESIAN_POINT('',(5.341666722298E0,-8.085106134415E-1,0.E0));
#5565=LINE('',#5564,#5563);
#5566=DIRECTION('',(8.881784197001E-14,-1.110223024625E-14,1.E0));
#5567=VECTOR('',#5566,1.E-2);
#5568=CARTESIAN_POINT('',(5.225E0,-6.893616914749E-1,0.E0));
#5569=LINE('',#5568,#5567);
#5570=DIRECTION('',(0.E0,0.E0,1.E0));
#5571=VECTOR('',#5570,1.E-2);
#5572=CARTESIAN_POINT('',(5.108333277702E0,-6.297872304916E-1,0.E0));
#5573=LINE('',#5572,#5571);
#5574=DIRECTION('',(0.E0,0.E0,1.E0));
#5575=VECTOR('',#5574,1.E-2);
#5576=CARTESIAN_POINT('',(4.904166722298E0,-6.E-1,0.E0));
#5577=LINE('',#5576,#5575);
#5578=DIRECTION('',(0.E0,0.E0,1.E0));
#5579=VECTOR('',#5578,1.E-2);
#5580=CARTESIAN_POINT('',(4.7875E0,-6.E-1,0.E0));
#5581=LINE('',#5580,#5579);
#5582=DIRECTION('',(0.E0,0.E0,1.E0));
#5583=VECTOR('',#5582,1.E-2);
#5584=CARTESIAN_POINT('',(4.6125E0,-6.297872304916E-1,0.E0));
#5585=LINE('',#5584,#5583);
#5586=DIRECTION('',(0.E0,-1.110223024625E-14,1.E0));
#5587=VECTOR('',#5586,1.E-2);
#5588=CARTESIAN_POINT('',(4.495833277702E0,-6.893616914749E-1,0.E0));
#5589=LINE('',#5588,#5587);
#5590=DIRECTION('',(0.E0,0.E0,1.E0));
#5591=VECTOR('',#5590,1.E-2);
#5592=CARTESIAN_POINT('',(4.379166722298E0,-8.085106134415E-1,0.E0));
#5593=LINE('',#5592,#5591);
#5594=DIRECTION('',(0.E0,0.E0,1.E0));
#5595=VECTOR('',#5594,1.E-2);
#5596=CARTESIAN_POINT('',(4.35E0,-9.276595354080E-1,0.E0));
#5597=LINE('',#5596,#5595);
#5598=DIRECTION('',(0.E0,1.110223024625E-14,1.E0));
#5599=VECTOR('',#5598,1.E-2);
#5600=CARTESIAN_POINT('',(4.35E0,-9.872340798378E-1,0.E0));
#5601=LINE('',#5600,#5599);
#5602=DIRECTION('',(0.E0,0.E0,1.E0));
#5603=VECTOR('',#5602,1.E-2);
#5604=CARTESIAN_POINT('',(4.379166722298E0,-1.106383001804E0,0.E0));
#5605=LINE('',#5604,#5603);
#5606=DIRECTION('',(0.E0,0.E0,1.E0));
#5607=VECTOR('',#5606,1.E-2);
#5608=CARTESIAN_POINT('',(4.4375E0,-1.195744693279E0,0.E0));
#5609=LINE('',#5608,#5607);
#5610=DIRECTION('',(0.E0,0.E0,1.E0));
#5611=VECTOR('',#5610,1.E-2);
#5612=CARTESIAN_POINT('',(5.166666722298E0,-1.851063826680E0,0.E0));
#5613=LINE('',#5612,#5611);
#5614=DIRECTION('',(0.E0,-4.440892098501E-14,1.E0));
#5615=VECTOR('',#5614,1.E-2);
#5616=CARTESIAN_POINT('',(4.35E0,-1.851063826680E0,0.E0));
#5617=LINE('',#5616,#5615);
#5618=DIRECTION('',(0.E0,0.E0,1.E0));
#5619=VECTOR('',#5618,1.E-2);
#5620=CARTESIAN_POINT('',(4.35E0,-2.E0,0.E0));
#5621=LINE('',#5620,#5619);
#5622=DIRECTION('',(0.E0,0.E0,1.E0));
#5623=VECTOR('',#5622,1.E-2);
#5624=CARTESIAN_POINT('',(5.4E0,-2.E0,0.E0));
#5625=LINE('',#5624,#5623);
#5626=DIRECTION('',(0.E0,0.E0,1.E0));
#5627=VECTOR('',#5626,1.E-2);
#5628=CARTESIAN_POINT('',(3.154166555405E0,-1.851063826680E0,0.E0));
#5629=LINE('',#5628,#5627);
#5630=DIRECTION('',(0.E0,0.E0,1.E0));
#5631=VECTOR('',#5630,1.E-2);
#5632=CARTESIAN_POINT('',(3.241666555405E0,-1.910638298094E0,0.E0));
#5633=LINE('',#5632,#5631);
#5634=DIRECTION('',(0.E0,0.E0,1.E0));
#5635=VECTOR('',#5634,1.E-2);
#5636=CARTESIAN_POINT('',(3.358333444595E0,-1.970212766901E0,0.E0));
#5637=LINE('',#5636,#5635);
#5638=DIRECTION('',(0.E0,0.E0,1.E0));
#5639=VECTOR('',#5638,1.E-2);
#5640=CARTESIAN_POINT('',(3.475E0,-2.E0,0.E0));
#5641=LINE('',#5640,#5639);
#5642=DIRECTION('',(4.440892098501E-14,0.E0,1.E0));
#5643=VECTOR('',#5642,1.E-2);
#5644=CARTESIAN_POINT('',(3.708333444595E0,-2.E0,0.E0));
#5645=LINE('',#5644,#5643);
#5646=DIRECTION('',(0.E0,0.E0,1.E0));
#5647=VECTOR('',#5646,1.E-2);
#5648=CARTESIAN_POINT('',(3.825E0,-1.970212766901E0,0.E0));
#5649=LINE('',#5648,#5647);
#5650=DIRECTION('',(0.E0,0.E0,1.E0));
#5651=VECTOR('',#5650,1.E-2);
#5652=CARTESIAN_POINT('',(3.941666555405E0,-1.910638298094E0,0.E0));
#5653=LINE('',#5652,#5651);
#5654=DIRECTION('',(0.E0,0.E0,1.E0));
#5655=VECTOR('',#5654,1.E-2);
#5656=CARTESIAN_POINT('',(4.029166722298E0,-1.851063826680E0,0.E0));
#5657=LINE('',#5656,#5655);
#5658=DIRECTION('',(0.E0,-2.220446049250E-14,1.E0));
#5659=VECTOR('',#5658,1.E-2);
#5660=CARTESIAN_POINT('',(4.0875E0,-1.761702135205E0,0.E0));
#5661=LINE('',#5660,#5659);
#5662=DIRECTION('',(0.E0,0.E0,1.E0));
#5663=VECTOR('',#5662,1.E-2);
#5664=CARTESIAN_POINT('',(4.116666722298E0,-1.672340422869E0,0.E0));
#5665=LINE('',#5664,#5663);
#5666=DIRECTION('',(0.E0,0.E0,1.E0));
#5667=VECTOR('',#5666,1.E-2);
#5668=CARTESIAN_POINT('',(3.970833444595E0,-1.672340422869E0,0.E0));
#5669=LINE('',#5668,#5667);
#5670=DIRECTION('',(0.E0,0.E0,1.E0));
#5671=VECTOR('',#5670,1.E-2);
#5672=CARTESIAN_POINT('',(3.941666555405E0,-1.731914883852E0,0.E0));
#5673=LINE('',#5672,#5671);
#5674=DIRECTION('',(0.E0,0.E0,1.E0));
#5675=VECTOR('',#5674,1.E-2);
#5676=CARTESIAN_POINT('',(3.883333444595E0,-1.791489365697E0,0.E0));
#5677=LINE('',#5676,#5675);
#5678=DIRECTION('',(0.E0,0.E0,1.E0));
#5679=VECTOR('',#5678,1.E-2);
#5680=CARTESIAN_POINT('',(3.825E0,-1.821276596189E0,0.E0));
#5681=LINE('',#5680,#5679);
#5682=DIRECTION('',(0.E0,0.E0,1.E0));
#5683=VECTOR('',#5682,1.E-2);
#5684=CARTESIAN_POINT('',(3.679166555405E0,-1.851063826680E0,0.E0));
#5685=LINE('',#5684,#5683);
#5686=DIRECTION('',(0.E0,0.E0,1.E0));
#5687=VECTOR('',#5686,1.E-2);
#5688=CARTESIAN_POINT('',(3.504166555405E0,-1.851063826680E0,0.E0));
#5689=LINE('',#5688,#5687);
#5690=DIRECTION('',(0.E0,0.E0,1.E0));
#5691=VECTOR('',#5690,1.E-2);
#5692=CARTESIAN_POINT('',(3.358333444595E0,-1.821276596189E0,0.E0));
#5693=LINE('',#5692,#5691);
#5694=DIRECTION('',(0.E0,0.E0,1.E0));
#5695=VECTOR('',#5694,1.E-2);
#5696=CARTESIAN_POINT('',(3.3E0,-1.791489365697E0,0.E0));
#5697=LINE('',#5696,#5695);
#5698=DIRECTION('',(0.E0,0.E0,1.E0));
#5699=VECTOR('',#5698,1.E-2);
#5700=CARTESIAN_POINT('',(3.241666555405E0,-1.731914883852E0,0.E0));
#5701=LINE('',#5700,#5699);
#5702=DIRECTION('',(0.E0,0.E0,1.E0));
#5703=VECTOR('',#5702,1.E-2);
#5704=CARTESIAN_POINT('',(3.2125E0,-1.672340422869E0,0.E0));
#5705=LINE('',#5704,#5703);
#5706=DIRECTION('',(0.E0,0.E0,1.E0));
#5707=VECTOR('',#5706,1.E-2);
#5708=CARTESIAN_POINT('',(3.2125E0,-1.553191500902E0,0.E0));
#5709=LINE('',#5708,#5707);
#5710=DIRECTION('',(0.E0,0.E0,1.E0));
#5711=VECTOR('',#5710,1.E-2);
#5712=CARTESIAN_POINT('',(3.270833444595E0,-1.434042537212E0,0.E0));
#5713=LINE('',#5712,#5711);
#5714=DIRECTION('',(0.E0,0.E0,1.E0));
#5715=VECTOR('',#5714,1.E-2);
#5716=CARTESIAN_POINT('',(3.358333444595E0,-1.374468076229E0,0.E0));
#5717=LINE('',#5716,#5715);
#5718=DIRECTION('',(0.E0,0.E0,1.E0));
#5719=VECTOR('',#5718,1.E-2);
#5720=CARTESIAN_POINT('',(3.533333444595E0,-1.344680845737E0,0.E0));
#5721=LINE('',#5720,#5719);
#5722=DIRECTION('',(0.E0,0.E0,1.E0));
#5723=VECTOR('',#5722,1.E-2);
#5724=CARTESIAN_POINT('',(3.65E0,-1.344680845737E0,0.E0));
#5725=LINE('',#5724,#5723);
#5726=DIRECTION('',(0.E0,0.E0,1.E0));
#5727=VECTOR('',#5726,1.E-2);
#5728=CARTESIAN_POINT('',(3.65E0,-1.225531923771E0,0.E0));
#5729=LINE('',#5728,#5727);
#5730=DIRECTION('',(0.E0,0.E0,1.E0));
#5731=VECTOR('',#5730,1.E-2);
#5732=CARTESIAN_POINT('',(3.533333444595E0,-1.225531923771E0,0.E0));
#5733=LINE('',#5732,#5731);
#5734=DIRECTION('',(0.E0,2.220446049250E-14,1.E0));
#5735=VECTOR('',#5734,1.E-2);
#5736=CARTESIAN_POINT('',(3.358333444595E0,-1.165957462788E0,0.E0));
#5737=LINE('',#5736,#5735);
#5738=DIRECTION('',(0.E0,0.E0,1.E0));
#5739=VECTOR('',#5738,1.E-2);
#5740=CARTESIAN_POINT('',(3.3E0,-1.106383001804E0,0.E0));
#5741=LINE('',#5740,#5739);
#5742=DIRECTION('',(0.E0,0.E0,1.E0));
#5743=VECTOR('',#5742,1.E-2);
#5744=CARTESIAN_POINT('',(3.241666555405E0,-9.872340798378E-1,0.E0));
#5745=LINE('',#5744,#5743);
#5746=DIRECTION('',(0.E0,0.E0,1.E0));
#5747=VECTOR('',#5746,1.E-2);
#5748=CARTESIAN_POINT('',(3.241666555405E0,-9.276595354080E-1,0.E0));
#5749=LINE('',#5748,#5747);
#5750=DIRECTION('',(0.E0,0.E0,1.E0));
#5751=VECTOR('',#5750,1.E-2);
#5752=CARTESIAN_POINT('',(3.3E0,-8.382978439331E-1,0.E0));
#5753=LINE('',#5752,#5751);
#5754=DIRECTION('',(0.E0,0.E0,1.E0));
#5755=VECTOR('',#5754,1.E-2);
#5756=CARTESIAN_POINT('',(3.3875E0,-7.787233829498E-1,0.E0));
#5757=LINE('',#5756,#5755);
#5758=DIRECTION('',(0.E0,0.E0,1.E0));
#5759=VECTOR('',#5758,1.E-2);
#5760=CARTESIAN_POINT('',(3.533333444595E0,-7.489361524582E-1,0.E0));
#5761=LINE('',#5760,#5759);
#5762=DIRECTION('',(0.E0,0.E0,1.E0));
#5763=VECTOR('',#5762,1.E-2);
#5764=CARTESIAN_POINT('',(3.65E0,-7.489361524582E-1,0.E0));
#5765=LINE('',#5764,#5763);
#5766=DIRECTION('',(0.E0,0.E0,1.E0));
#5767=VECTOR('',#5766,1.E-2);
#5768=CARTESIAN_POINT('',(3.795833444595E0,-7.787233829498E-1,0.E0));
#5769=LINE('',#5768,#5767);
#5770=DIRECTION('',(0.E0,0.E0,1.E0));
#5771=VECTOR('',#5770,1.E-2);
#5772=CARTESIAN_POINT('',(3.883333444595E0,-8.382978439331E-1,0.E0));
#5773=LINE('',#5772,#5771);
#5774=DIRECTION('',(0.E0,0.E0,1.E0));
#5775=VECTOR('',#5774,1.E-2);
#5776=CARTESIAN_POINT('',(3.941666555405E0,-9.276595354080E-1,0.E0));
#5777=LINE('',#5776,#5775);
#5778=DIRECTION('',(0.E0,0.E0,1.E0));
#5779=VECTOR('',#5778,1.E-2);
#5780=CARTESIAN_POINT('',(4.0875E0,-9.276595354080E-1,0.E0));
#5781=LINE('',#5780,#5779);
#5782=DIRECTION('',(0.E0,0.E0,1.E0));
#5783=VECTOR('',#5782,1.E-2);
#5784=CARTESIAN_POINT('',(4.058333277702E0,-8.085106134415E-1,0.E0));
#5785=LINE('',#5784,#5783);
#5786=DIRECTION('',(4.440892098501E-14,0.E0,1.E0));
#5787=VECTOR('',#5786,1.E-2);
#5788=CARTESIAN_POINT('',(3.941666555405E0,-6.893616914749E-1,0.E0));
#5789=LINE('',#5788,#5787);
#5790=DIRECTION('',(0.E0,0.E0,1.E0));
#5791=VECTOR('',#5790,1.E-2);
#5792=CARTESIAN_POINT('',(3.825E0,-6.297872304916E-1,0.E0));
#5793=LINE('',#5792,#5791);
#5794=DIRECTION('',(0.E0,0.E0,1.E0));
#5795=VECTOR('',#5794,1.E-2);
#5796=CARTESIAN_POINT('',(3.620833444595E0,-6.E-1,0.E0));
#5797=LINE('',#5796,#5795);
#5798=DIRECTION('',(0.E0,0.E0,1.E0));
#5799=VECTOR('',#5798,1.E-2);
#5800=CARTESIAN_POINT('',(3.5625E0,-6.E-1,0.E0));
#5801=LINE('',#5800,#5799);
#5802=DIRECTION('',(0.E0,0.E0,1.E0));
#5803=VECTOR('',#5802,1.E-2);
#5804=CARTESIAN_POINT('',(3.358333444595E0,-6.297872304916E-1,0.E0));
#5805=LINE('',#5804,#5803);
#5806=DIRECTION('',(0.E0,0.E0,1.E0));
#5807=VECTOR('',#5806,1.E-2);
#5808=CARTESIAN_POINT('',(3.241666555405E0,-6.893616914749E-1,0.E0));
#5809=LINE('',#5808,#5807);
#5810=DIRECTION('',(0.E0,0.E0,1.E0));
#5811=VECTOR('',#5810,1.E-2);
#5812=CARTESIAN_POINT('',(3.125E0,-8.085106134415E-1,0.E0));
#5813=LINE('',#5812,#5811);
#5814=DIRECTION('',(0.E0,0.E0,1.E0));
#5815=VECTOR('',#5814,1.E-2);
#5816=CARTESIAN_POINT('',(3.095833444595E0,-9.276595354080E-1,0.E0));
#5817=LINE('',#5816,#5815);
#5818=DIRECTION('',(0.E0,0.E0,1.E0));
#5819=VECTOR('',#5818,1.E-2);
#5820=CARTESIAN_POINT('',(3.095833444595E0,-9.872340798378E-1,0.E0));
#5821=LINE('',#5820,#5819);
#5822=DIRECTION('',(0.E0,0.E0,1.E0));
#5823=VECTOR('',#5822,1.E-2);
#5824=CARTESIAN_POINT('',(3.125E0,-1.106383001804E0,0.E0));
#5825=LINE('',#5824,#5823);
#5826=DIRECTION('',(8.881784197001E-14,-2.220446049250E-14,1.E0));
#5827=VECTOR('',#5826,1.E-2);
#5828=CARTESIAN_POINT('',(3.183333444595E0,-1.195744693279E0,0.E0));
#5829=LINE('',#5828,#5827);
#5830=DIRECTION('',(0.E0,0.E0,1.E0));
#5831=VECTOR('',#5830,1.E-2);
#5832=CARTESIAN_POINT('',(3.3E0,-1.285106384754E0,0.E0));
#5833=LINE('',#5832,#5831);
#5834=DIRECTION('',(0.E0,0.E0,1.E0));
#5835=VECTOR('',#5834,1.E-2);
#5836=CARTESIAN_POINT('',(3.154166555405E0,-1.344680845737E0,0.E0));
#5837=LINE('',#5836,#5835);
#5838=DIRECTION('',(0.E0,0.E0,1.E0));
#5839=VECTOR('',#5838,1.E-2);
#5840=CARTESIAN_POINT('',(3.095833444595E0,-1.434042537212E0,0.E0));
#5841=LINE('',#5840,#5839);
#5842=DIRECTION('',(0.E0,0.E0,1.E0));
#5843=VECTOR('',#5842,1.E-2);
#5844=CARTESIAN_POINT('',(3.066666555405E0,-1.553191500902E0,0.E0));
#5845=LINE('',#5844,#5843);
#5846=DIRECTION('',(0.E0,-2.220446049250E-14,1.E0));
#5847=VECTOR('',#5846,1.E-2);
#5848=CARTESIAN_POINT('',(3.066666555405E0,-1.672340422869E0,0.E0));
#5849=LINE('',#5848,#5847);
#5850=DIRECTION('',(0.E0,0.E0,1.E0));
#5851=VECTOR('',#5850,1.E-2);
#5852=CARTESIAN_POINT('',(3.095833444595E0,-1.761702135205E0,0.E0));
#5853=LINE('',#5852,#5851);
#5854=DIRECTION('',(0.E0,0.E0,1.E0));
#5855=VECTOR('',#5854,1.E-2);
#5856=CARTESIAN_POINT('',(2.483333444595E0,-2.E0,0.E0));
#5857=LINE('',#5856,#5855);
#5858=DIRECTION('',(0.E0,0.E0,1.E0));
#5859=VECTOR('',#5858,1.E-2);
#5860=CARTESIAN_POINT('',(2.658333444595E0,-2.E0,0.E0));
#5861=LINE('',#5860,#5859);
#5862=DIRECTION('',(0.E0,-1.110223024625E-14,1.E0));
#5863=VECTOR('',#5862,1.E-2);
#5864=CARTESIAN_POINT('',(2.658333444595E0,-8.382978439331E-1,0.E0));
#5865=LINE('',#5864,#5863);
#5866=DIRECTION('',(0.E0,2.220446049250E-14,1.E0));
#5867=VECTOR('',#5866,1.E-2);
#5868=CARTESIAN_POINT('',(2.833333444595E0,-1.046808540821E0,0.E0));
#5869=LINE('',#5868,#5867);
#5870=DIRECTION('',(0.E0,-2.220446049250E-14,1.E0));
#5871=VECTOR('',#5870,1.E-2);
#5872=CARTESIAN_POINT('',(2.833333444595E0,-8.085106134415E-1,0.E0));
#5873=LINE('',#5872,#5871);
#5874=DIRECTION('',(0.E0,0.E0,1.E0));
#5875=VECTOR('',#5874,1.E-2);
#5876=CARTESIAN_POINT('',(2.658333444595E0,-6.E-1,0.E0));
#5877=LINE('',#5876,#5875);
#5878=DIRECTION('',(0.E0,0.E0,1.E0));
#5879=VECTOR('',#5878,1.E-2);
#5880=CARTESIAN_POINT('',(2.483333444595E0,-6.E-1,0.E0));
#5881=LINE('',#5880,#5879);
#5882=DIRECTION('',(0.E0,2.220446049250E-14,1.E0));
#5883=VECTOR('',#5882,1.E-2);
#5884=CARTESIAN_POINT('',(2.25E0,-1.165957462788E0,0.E0));
#5885=LINE('',#5884,#5883);
#5886=DIRECTION('',(0.E0,0.E0,1.E0));
#5887=VECTOR('',#5886,1.E-2);
#5888=CARTESIAN_POINT('',(2.220833444595E0,-1.017021310329E0,0.E0));
#5889=LINE('',#5888,#5887);
#5890=DIRECTION('',(0.E0,3.330669073875E-14,1.E0));
#5891=VECTOR('',#5890,1.E-2);
#5892=CARTESIAN_POINT('',(2.191666555405E0,-9.276595354080E-1,0.E0));
#5893=LINE('',#5892,#5891);
#5894=DIRECTION('',(0.E0,0.E0,1.E0));
#5895=VECTOR('',#5894,1.E-2);
#5896=CARTESIAN_POINT('',(2.133333444595E0,-8.085106134415E-1,0.E0));
#5897=LINE('',#5896,#5895);
#5898=DIRECTION('',(-4.440892098501E-14,0.E0,1.E0));
#5899=VECTOR('',#5898,1.E-2);
#5900=CARTESIAN_POINT('',(2.045833444595E0,-7.191489219666E-1,0.E0));
#5901=LINE('',#5900,#5899);
#5902=DIRECTION('',(0.E0,0.E0,1.E0));
#5903=VECTOR('',#5902,1.E-2);
#5904=CARTESIAN_POINT('',(1.9E0,-6.297872304916E-1,0.E0));
#5905=LINE('',#5904,#5903);
#5906=DIRECTION('',(2.220446049250E-14,0.E0,1.E0));
#5907=VECTOR('',#5906,1.E-2);
#5908=CARTESIAN_POINT('',(1.725E0,-6.E-1,0.E0));
#5909=LINE('',#5908,#5907);
#5910=DIRECTION('',(0.E0,0.E0,1.E0));
#5911=VECTOR('',#5910,1.E-2);
#5912=CARTESIAN_POINT('',(1.55E0,-6.297872304916E-1,0.E0));
#5913=LINE('',#5912,#5911);
#5914=DIRECTION('',(0.E0,0.E0,1.E0));
#5915=VECTOR('',#5914,1.E-2);
#5916=CARTESIAN_POINT('',(1.404166555405E0,-7.191489219666E-1,0.E0));
#5917=LINE('',#5916,#5915);
#5918=DIRECTION('',(0.E0,0.E0,1.E0));
#5919=VECTOR('',#5918,1.E-2);
#5920=CARTESIAN_POINT('',(1.316666555405E0,-8.085106134415E-1,0.E0));
#5921=LINE('',#5920,#5919);
#5922=DIRECTION('',(0.E0,0.E0,1.E0));
#5923=VECTOR('',#5922,1.E-2);
#5924=CARTESIAN_POINT('',(1.258333444595E0,-9.276595354080E-1,0.E0));
#5925=LINE('',#5924,#5923);
#5926=DIRECTION('',(0.E0,2.220446049250E-14,1.E0));
#5927=VECTOR('',#5926,1.E-2);
#5928=CARTESIAN_POINT('',(1.229166555405E0,-1.017021310329E0,0.E0));
#5929=LINE('',#5928,#5927);
#5930=DIRECTION('',(0.E0,0.E0,1.E0));
#5931=VECTOR('',#5930,1.E-2);
#5932=CARTESIAN_POINT('',(1.2E0,-1.165957462788E0,0.E0));
#5933=LINE('',#5932,#5931);
#5934=DIRECTION('',(0.E0,0.E0,1.E0));
#5935=VECTOR('',#5934,1.E-2);
#5936=CARTESIAN_POINT('',(1.2E0,-1.434042537212E0,0.E0));
#5937=LINE('',#5936,#5935);
#5938=DIRECTION('',(0.E0,0.E0,1.E0));
#5939=VECTOR('',#5938,1.E-2);
#5940=CARTESIAN_POINT('',(1.229166555405E0,-1.582978731394E0,0.E0));
#5941=LINE('',#5940,#5939);
#5942=DIRECTION('',(0.E0,0.E0,1.E0));
#5943=VECTOR('',#5942,1.E-2);
#5944=CARTESIAN_POINT('',(1.258333444595E0,-1.672340422869E0,0.E0));
#5945=LINE('',#5944,#5943);
#5946=DIRECTION('',(0.E0,0.E0,1.E0));
#5947=VECTOR('',#5946,1.E-2);
#5948=CARTESIAN_POINT('',(1.316666555405E0,-1.791489365697E0,0.E0));
#5949=LINE('',#5948,#5947);
#5950=DIRECTION('',(0.E0,0.E0,1.E0));
#5951=VECTOR('',#5950,1.E-2);
#5952=CARTESIAN_POINT('',(1.404166555405E0,-1.880851067603E0,0.E0));
#5953=LINE('',#5952,#5951);
#5954=DIRECTION('',(0.E0,0.E0,1.E0));
#5955=VECTOR('',#5954,1.E-2);
#5956=CARTESIAN_POINT('',(1.55E0,-1.970212766901E0,0.E0));
#5957=LINE('',#5956,#5955);
#5958=DIRECTION('',(0.E0,0.E0,1.E0));
#5959=VECTOR('',#5958,1.E-2);
#5960=CARTESIAN_POINT('',(1.725E0,-2.E0,0.E0));
#5961=LINE('',#5960,#5959);
#5962=DIRECTION('',(0.E0,0.E0,1.E0));
#5963=VECTOR('',#5962,1.E-2);
#5964=CARTESIAN_POINT('',(1.9E0,-1.970212766901E0,0.E0));
#5965=LINE('',#5964,#5963);
#5966=DIRECTION('',(0.E0,0.E0,1.E0));
#5967=VECTOR('',#5966,1.E-2);
#5968=CARTESIAN_POINT('',(2.045833444595E0,-1.880851067603E0,0.E0));
#5969=LINE('',#5968,#5967);
#5970=DIRECTION('',(0.E0,0.E0,1.E0));
#5971=VECTOR('',#5970,1.E-2);
#5972=CARTESIAN_POINT('',(2.133333444595E0,-1.791489365697E0,0.E0));
#5973=LINE('',#5972,#5971);
#5974=DIRECTION('',(0.E0,0.E0,1.E0));
#5975=VECTOR('',#5974,1.E-2);
#5976=CARTESIAN_POINT('',(2.191666555405E0,-1.672340422869E0,0.E0));
#5977=LINE('',#5976,#5975);
#5978=DIRECTION('',(4.440892098501E-14,0.E0,1.E0));
#5979=VECTOR('',#5978,1.E-2);
#5980=CARTESIAN_POINT('',(2.220833444595E0,-1.582978731394E0,0.E0));
#5981=LINE('',#5980,#5979);
#5982=DIRECTION('',(0.E0,0.E0,1.E0));
#5983=VECTOR('',#5982,1.E-2);
#5984=CARTESIAN_POINT('',(2.25E0,-1.434042537212E0,0.E0));
#5985=LINE('',#5984,#5983);
#5986=DIRECTION('',(0.E0,0.E0,1.E0));
#5987=VECTOR('',#5986,1.E-2);
#5988=CARTESIAN_POINT('',(2.104166555405E0,-1.195744693279E0,0.E0));
#5989=LINE('',#5988,#5987);
#5990=DIRECTION('',(0.E0,0.E0,1.E0));
#5991=VECTOR('',#5990,1.E-2);
#5992=CARTESIAN_POINT('',(2.104166555405E0,-1.404255306721E0,0.E0));
#5993=LINE('',#5992,#5991);
#5994=DIRECTION('',(0.E0,0.E0,1.E0));
#5995=VECTOR('',#5994,1.E-2);
#5996=CARTESIAN_POINT('',(2.075E0,-1.582978731394E0,0.E0));
#5997=LINE('',#5996,#5995);
#5998=DIRECTION('',(0.E0,0.E0,1.E0));
#5999=VECTOR('',#5998,1.E-2);
#6000=CARTESIAN_POINT('',(1.958333444595E0,-1.761702135205E0,0.E0));
#6001=LINE('',#6000,#5999);
#6002=DIRECTION('',(4.440892098501E-14,0.E0,1.E0));
#6003=VECTOR('',#6002,1.E-2);
#6004=CARTESIAN_POINT('',(1.870833444595E0,-1.821276596189E0,0.E0));
#6005=LINE('',#6004,#6003);
#6006=DIRECTION('',(2.220446049250E-14,0.E0,1.E0));
#6007=VECTOR('',#6006,1.E-2);
#6008=CARTESIAN_POINT('',(1.725E0,-1.851063826680E0,0.E0));
#6009=LINE('',#6008,#6007);
#6010=DIRECTION('',(0.E0,0.E0,1.E0));
#6011=VECTOR('',#6010,1.E-2);
#6012=CARTESIAN_POINT('',(1.579166555405E0,-1.821276596189E0,0.E0));
#6013=LINE('',#6012,#6011);
#6014=DIRECTION('',(0.E0,0.E0,1.E0));
#6015=VECTOR('',#6014,1.E-2);
#6016=CARTESIAN_POINT('',(1.491666555405E0,-1.761702135205E0,0.E0));
#6017=LINE('',#6016,#6015);
#6018=DIRECTION('',(0.E0,0.E0,1.E0));
#6019=VECTOR('',#6018,1.E-2);
#6020=CARTESIAN_POINT('',(1.375E0,-1.582978731394E0,0.E0));
#6021=LINE('',#6020,#6019);
#6022=DIRECTION('',(0.E0,0.E0,1.E0));
#6023=VECTOR('',#6022,1.E-2);
#6024=CARTESIAN_POINT('',(1.345833444595E0,-1.404255306721E0,0.E0));
#6025=LINE('',#6024,#6023);
#6026=DIRECTION('',(0.E0,0.E0,1.E0));
#6027=VECTOR('',#6026,1.E-2);
#6028=CARTESIAN_POINT('',(1.345833444595E0,-1.195744693279E0,0.E0));
#6029=LINE('',#6028,#6027);
#6030=DIRECTION('',(0.E0,0.E0,1.E0));
#6031=VECTOR('',#6030,1.E-2);
#6032=CARTESIAN_POINT('',(1.375E0,-1.017021310329E0,0.E0));
#6033=LINE('',#6032,#6031);
#6034=DIRECTION('',(0.E0,0.E0,1.E0));
#6035=VECTOR('',#6034,1.E-2);
#6036=CARTESIAN_POINT('',(1.491666555405E0,-8.382978439331E-1,0.E0));
#6037=LINE('',#6036,#6035);
#6038=DIRECTION('',(0.E0,0.E0,1.E0));
#6039=VECTOR('',#6038,1.E-2);
#6040=CARTESIAN_POINT('',(1.579166555405E0,-7.787233829498E-1,0.E0));
#6041=LINE('',#6040,#6039);
#6042=DIRECTION('',(2.220446049250E-14,0.E0,1.E0));
#6043=VECTOR('',#6042,1.E-2);
#6044=CARTESIAN_POINT('',(1.725E0,-7.489361524582E-1,0.E0));
#6045=LINE('',#6044,#6043);
#6046=DIRECTION('',(0.E0,0.E0,1.E0));
#6047=VECTOR('',#6046,1.E-2);
#6048=CARTESIAN_POINT('',(1.870833444595E0,-7.787233829498E-1,0.E0));
#6049=LINE('',#6048,#6047);
#6050=DIRECTION('',(-2.220446049250E-14,0.E0,1.E0));
#6051=VECTOR('',#6050,1.E-2);
#6052=CARTESIAN_POINT('',(1.958333444595E0,-8.382978439331E-1,0.E0));
#6053=LINE('',#6052,#6051);
#6054=DIRECTION('',(0.E0,0.E0,1.E0));
#6055=VECTOR('',#6054,1.E-2);
#6056=CARTESIAN_POINT('',(2.075E0,-1.017021310329E0,0.E0));
#6057=LINE('',#6056,#6055);
#6058=DIRECTION('',(1.110223024625E-14,0.E0,1.E0));
#6059=VECTOR('',#6058,1.E-2);
#6060=CARTESIAN_POINT('',(6.166668891907E-1,-2.E0,0.E0));
#6061=LINE('',#6060,#6059);
#6062=DIRECTION('',(0.E0,0.E0,1.E0));
#6063=VECTOR('',#6062,1.E-2);
#6064=CARTESIAN_POINT('',(7.916668891907E-1,-2.E0,0.E0));
#6065=LINE('',#6064,#6063);
#6066=DIRECTION('',(0.E0,0.E0,1.E0));
#6067=VECTOR('',#6066,1.E-2);
#6068=CARTESIAN_POINT('',(7.916668891907E-1,-8.382978439331E-1,0.E0));
#6069=LINE('',#6068,#6067);
#6070=DIRECTION('',(0.E0,0.E0,1.E0));
#6071=VECTOR('',#6070,1.E-2);
#6072=CARTESIAN_POINT('',(9.666668891907E-1,-1.046808540821E0,0.E0));
#6073=LINE('',#6072,#6071);
#6074=DIRECTION('',(0.E0,-2.220446049250E-14,1.E0));
#6075=VECTOR('',#6074,1.E-2);
#6076=CARTESIAN_POINT('',(9.666668891907E-1,-8.085106134415E-1,0.E0));
#6077=LINE('',#6076,#6075);
#6078=DIRECTION('',(0.E0,0.E0,1.E0));
#6079=VECTOR('',#6078,1.E-2);
#6080=CARTESIAN_POINT('',(7.916668891907E-1,-6.E-1,0.E0));
#6081=LINE('',#6080,#6079);
#6082=DIRECTION('',(0.E0,0.E0,1.E0));
#6083=VECTOR('',#6082,1.E-2);
#6084=CARTESIAN_POINT('',(6.166668891907E-1,-6.E-1,0.E0));
#6085=LINE('',#6084,#6083);
#6086=DIRECTION('',(0.E0,0.E0,1.E0));
#6087=VECTOR('',#6086,1.E-2);
#6088=CARTESIAN_POINT('',(-2.5E-2,-1.493617039919E0,0.E0));
#6089=LINE('',#6088,#6087);
#6090=DIRECTION('',(0.E0,0.E0,1.E0));
#6091=VECTOR('',#6090,1.E-2);
#6092=CARTESIAN_POINT('',(3.833331108093E-1,-1.493617039919E0,0.E0));
#6093=LINE('',#6092,#6091);
#6094=DIRECTION('',(0.E0,0.E0,1.E0));
#6095=VECTOR('',#6094,1.E-2);
#6096=CARTESIAN_POINT('',(3.833331108093E-1,-1.344680845737E0,0.E0));
#6097=LINE('',#6096,#6095);
#6098=DIRECTION('',(0.E0,0.E0,1.E0));
#6099=VECTOR('',#6098,1.E-2);
#6100=CARTESIAN_POINT('',(-2.5E-2,-1.344680845737E0,0.E0));
#6101=LINE('',#6100,#6099);
#6102=DIRECTION('',(0.E0,0.E0,1.E0));
#6103=VECTOR('',#6102,1.E-2);
#6104=CARTESIAN_POINT('',(-3.455000021458E0,1.6E0,0.E0));
#6105=LINE('',#6104,#6103);
#6106=DIRECTION('',(0.E0,0.E0,1.E0));
#6107=VECTOR('',#6106,1.E-2);
#6108=CARTESIAN_POINT('',(-3.095000010729E0,1.012765955925E0,0.E0));
#6109=LINE('',#6108,#6107);
#6110=DIRECTION('',(0.E0,0.E0,1.E0));
#6111=VECTOR('',#6110,1.E-2);
#6112=CARTESIAN_POINT('',(-3.095000010729E0,4.E-1,0.E0));
#6113=LINE('',#6112,#6111);
#6114=DIRECTION('',(0.E0,0.E0,1.E0));
#6115=VECTOR('',#6114,1.E-2);
#6116=CARTESIAN_POINT('',(-2.960000010729E0,4.E-1,0.E0));
#6117=LINE('',#6116,#6115);
#6118=DIRECTION('',(0.E0,0.E0,1.E0));
#6119=VECTOR('',#6118,1.E-2);
#6120=CARTESIAN_POINT('',(-2.960000010729E0,1.012765955925E0,0.E0));
#6121=LINE('',#6120,#6119);
#6122=DIRECTION('',(0.E0,0.E0,1.E0));
#6123=VECTOR('',#6122,1.E-2);
#6124=CARTESIAN_POINT('',(-2.6E0,1.6E0,0.E0));
#6125=LINE('',#6124,#6123);
#6126=DIRECTION('',(0.E0,0.E0,1.E0));
#6127=VECTOR('',#6126,1.E-2);
#6128=CARTESIAN_POINT('',(-2.735E0,1.6E0,0.E0));
#6129=LINE('',#6128,#6127);
#6130=DIRECTION('',(0.E0,-2.220446049250E-14,1.E0));
#6131=VECTOR('',#6130,1.E-2);
#6132=CARTESIAN_POINT('',(-3.027500010729E0,1.114893603325E0,0.E0));
#6133=LINE('',#6132,#6131);
#6134=DIRECTION('',(0.E0,0.E0,1.E0));
#6135=VECTOR('',#6134,1.E-2);
#6136=CARTESIAN_POINT('',(-3.320000021458E0,1.6E0,0.E0));
#6137=LINE('',#6136,#6135);
#6138=DIRECTION('',(0.E0,0.E0,1.E0));
#6139=VECTOR('',#6138,1.E-2);
#6140=CARTESIAN_POINT('',(-4.49E0,1.6E0,0.E0));
#6141=LINE('',#6140,#6139);
#6142=DIRECTION('',(0.E0,0.E0,1.E0));
#6143=VECTOR('',#6142,1.E-2);
#6144=CARTESIAN_POINT('',(-4.129999957085E0,1.012765955925E0,0.E0));
#6145=LINE('',#6144,#6143);
#6146=DIRECTION('',(0.E0,0.E0,1.E0));
#6147=VECTOR('',#6146,1.E-2);
#6148=CARTESIAN_POINT('',(-4.129999957085E0,4.E-1,0.E0));
#6149=LINE('',#6148,#6147);
#6150=DIRECTION('',(0.E0,0.E0,1.E0));
#6151=VECTOR('',#6150,1.E-2);
#6152=CARTESIAN_POINT('',(-3.994999957085E0,4.E-1,0.E0));
#6153=LINE('',#6152,#6151);
#6154=DIRECTION('',(0.E0,-2.220446049250E-14,1.E0));
#6155=VECTOR('',#6154,1.E-2);
#6156=CARTESIAN_POINT('',(-3.994999957085E0,1.012765955925E0,0.E0));
#6157=LINE('',#6156,#6155);
#6158=DIRECTION('',(0.E0,0.E0,1.E0));
#6159=VECTOR('',#6158,1.E-2);
#6160=CARTESIAN_POINT('',(-3.634999978542E0,1.6E0,0.E0));
#6161=LINE('',#6160,#6159);
#6162=DIRECTION('',(0.E0,0.E0,1.E0));
#6163=VECTOR('',#6162,1.E-2);
#6164=CARTESIAN_POINT('',(-3.770000042915E0,1.6E0,0.E0));
#6165=LINE('',#6164,#6163);
#6166=DIRECTION('',(0.E0,0.E0,1.E0));
#6167=VECTOR('',#6166,1.E-2);
#6168=CARTESIAN_POINT('',(-4.062499957085E0,1.114893603325E0,0.E0));
#6169=LINE('',#6168,#6167);
#6170=DIRECTION('',(0.E0,0.E0,1.E0));
#6171=VECTOR('',#6170,1.E-2);
#6172=CARTESIAN_POINT('',(-4.355E0,1.6E0,0.E0));
#6173=LINE('',#6172,#6171);
#6174=DIRECTION('',(0.E0,0.E0,1.E0));
#6175=VECTOR('',#6174,1.E-2);
#6176=CARTESIAN_POINT('',(-5.03E0,4.E-1,0.E0));
#6177=LINE('',#6176,#6175);
#6178=DIRECTION('',(0.E0,0.E0,1.E0));
#6179=VECTOR('',#6178,1.E-2);
#6180=CARTESIAN_POINT('',(-4.849999914169E0,4.E-1,0.E0));
#6181=LINE('',#6180,#6179);
#6182=DIRECTION('',(0.E0,0.E0,1.E0));
#6183=VECTOR('',#6182,1.E-2);
#6184=CARTESIAN_POINT('',(-4.669999957085E0,1.6E0,0.E0));
#6185=LINE('',#6184,#6183);
#6186=DIRECTION('',(0.E0,0.E0,1.E0));
#6187=VECTOR('',#6186,1.E-2);
#6188=CARTESIAN_POINT('',(-4.805000085831E0,1.6E0,0.E0));
#6189=LINE('',#6188,#6187);
#6190=DIRECTION('',(0.E0,1.110223024625E-14,1.E0));
#6191=VECTOR('',#6190,1.E-2);
#6192=CARTESIAN_POINT('',(-4.940000085831E0,6.808510661125E-1,0.E0));
#6193=LINE('',#6192,#6191);
#6194=DIRECTION('',(0.E0,0.E0,1.E0));
#6195=VECTOR('',#6194,1.E-2);
#6196=CARTESIAN_POINT('',(-5.119999914169E0,1.6E0,0.E0));
#6197=LINE('',#6196,#6195);
#6198=DIRECTION('',(0.E0,0.E0,1.E0));
#6199=VECTOR('',#6198,1.E-2);
#6200=CARTESIAN_POINT('',(-5.3E0,1.6E0,0.E0));
#6201=LINE('',#6200,#6199);
#6202=DIRECTION('',(0.E0,0.E0,1.E0));
#6203=VECTOR('',#6202,1.E-2);
#6204=CARTESIAN_POINT('',(-5.480000085831E0,6.808510661125E-1,0.E0));
#6205=LINE('',#6204,#6203);
#6206=DIRECTION('',(0.E0,0.E0,1.E0));
#6207=VECTOR('',#6206,1.E-2);
#6208=CARTESIAN_POINT('',(-5.615000085831E0,1.6E0,0.E0));
#6209=LINE('',#6208,#6207);
#6210=DIRECTION('',(0.E0,0.E0,1.E0));
#6211=VECTOR('',#6210,1.E-2);
#6212=CARTESIAN_POINT('',(-5.750000085831E0,1.6E0,0.E0));
#6213=LINE('',#6212,#6211);
#6214=DIRECTION('',(0.E0,0.E0,1.E0));
#6215=VECTOR('',#6214,1.E-2);
#6216=CARTESIAN_POINT('',(-5.57E0,4.E-1,0.E0));
#6217=LINE('',#6216,#6215);
#6218=DIRECTION('',(0.E0,0.E0,1.E0));
#6219=VECTOR('',#6218,1.E-2);
#6220=CARTESIAN_POINT('',(-5.389999914169E0,4.E-1,0.E0));
#6221=LINE('',#6220,#6219);
#6222=DIRECTION('',(0.E0,0.E0,1.E0));
#6223=VECTOR('',#6222,1.E-2);
#6224=CARTESIAN_POINT('',(-5.210000085831E0,1.370212793350E0,0.E0));
#6225=LINE('',#6224,#6223);
#6226=DIRECTION('',(0.E0,0.E0,1.E0));
#6227=VECTOR('',#6226,1.E-2);
#6228=CARTESIAN_POINT('',(-6.290000085831E0,4.E-1,0.E0));
#6229=LINE('',#6228,#6227);
#6230=DIRECTION('',(0.E0,0.E0,1.E0));
#6231=VECTOR('',#6230,1.E-2);
#6232=CARTESIAN_POINT('',(-6.11E0,4.E-1,0.E0));
#6233=LINE('',#6232,#6231);
#6234=DIRECTION('',(0.E0,0.E0,1.E0));
#6235=VECTOR('',#6234,1.E-2);
#6236=CARTESIAN_POINT('',(-5.929999914169E0,1.6E0,0.E0));
#6237=LINE('',#6236,#6235);
#6238=DIRECTION('',(0.E0,0.E0,1.E0));
#6239=VECTOR('',#6238,1.E-2);
#6240=CARTESIAN_POINT('',(-6.064999914169E0,1.6E0,0.E0));
#6241=LINE('',#6240,#6239);
#6242=DIRECTION('',(0.E0,0.E0,1.E0));
#6243=VECTOR('',#6242,1.E-2);
#6244=CARTESIAN_POINT('',(-6.199999914169E0,6.808510661125E-1,0.E0));
#6245=LINE('',#6244,#6243);
#6246=DIRECTION('',(0.E0,0.E0,1.E0));
#6247=VECTOR('',#6246,1.E-2);
#6248=CARTESIAN_POINT('',(-6.38E0,1.6E0,0.E0));
#6249=LINE('',#6248,#6247);
#6250=DIRECTION('',(0.E0,0.E0,1.E0));
#6251=VECTOR('',#6250,1.E-2);
#6252=CARTESIAN_POINT('',(-6.560000085831E0,1.6E0,0.E0));
#6253=LINE('',#6252,#6251);
#6254=DIRECTION('',(0.E0,-2.220446049250E-14,1.E0));
#6255=VECTOR('',#6254,1.E-2);
#6256=CARTESIAN_POINT('',(-6.739999914169E0,6.808510661125E-1,0.E0));
#6257=LINE('',#6256,#6255);
#6258=DIRECTION('',(0.E0,0.E0,1.E0));
#6259=VECTOR('',#6258,1.E-2);
#6260=CARTESIAN_POINT('',(-6.874999914169E0,1.6E0,0.E0));
#6261=LINE('',#6260,#6259);
#6262=DIRECTION('',(0.E0,2.220446049250E-14,1.E0));
#6263=VECTOR('',#6262,1.E-2);
#6264=CARTESIAN_POINT('',(-7.010000171661E0,1.6E0,0.E0));
#6265=LINE('',#6264,#6263);
#6266=DIRECTION('',(0.E0,0.E0,1.E0));
#6267=VECTOR('',#6266,1.E-2);
#6268=CARTESIAN_POINT('',(-6.830000085831E0,4.E-1,0.E0));
#6269=LINE('',#6268,#6267);
#6270=DIRECTION('',(0.E0,0.E0,1.E0));
#6271=VECTOR('',#6270,1.E-2);
#6272=CARTESIAN_POINT('',(-6.65E0,4.E-1,0.E0));
#6273=LINE('',#6272,#6271);
#6274=DIRECTION('',(0.E0,0.E0,1.E0));
#6275=VECTOR('',#6274,1.E-2);
#6276=CARTESIAN_POINT('',(-6.469999914169E0,1.370212793350E0,0.E0));
#6277=LINE('',#6276,#6275);
#6278=CARTESIAN_POINT('',(7.75E0,5.25E0,0.E0));
#6279=CARTESIAN_POINT('',(7.75E0,-5.25E0,0.E0));
#6280=VERTEX_POINT('',#6278);
#6281=VERTEX_POINT('',#6279);
#6282=CARTESIAN_POINT('',(-7.75E0,-5.25E0,0.E0));
#6283=VERTEX_POINT('',#6282);
#6284=CARTESIAN_POINT('',(-7.75E0,5.25E0,0.E0));
#6285=VERTEX_POINT('',#6284);
#6286=CARTESIAN_POINT('',(-7.45E0,-4.95E0,1.1E1));
#6287=CARTESIAN_POINT('',(7.45E0,-4.95E0,1.1E1));
#6288=VERTEX_POINT('',#6286);
#6289=VERTEX_POINT('',#6287);
#6290=CARTESIAN_POINT('',(7.45E0,4.95E0,1.1E1));
#6291=VERTEX_POINT('',#6290);
#6292=CARTESIAN_POINT('',(-7.45E0,4.95E0,1.1E1));
#6293=VERTEX_POINT('',#6292);
#6294=CARTESIAN_POINT('',(7.45E0,4.95E0,1.15E1));
#6295=CARTESIAN_POINT('',(7.45E0,4.25E0,1.15E1));
#6296=VERTEX_POINT('',#6294);
#6297=VERTEX_POINT('',#6295);
#6298=CARTESIAN_POINT('',(7.75E0,4.25E0,1.15E1));
#6299=VERTEX_POINT('',#6298);
#6300=CARTESIAN_POINT('',(7.75E0,5.25E0,1.15E1));
#6301=VERTEX_POINT('',#6300);
#6302=CARTESIAN_POINT('',(6.75E0,5.25E0,1.15E1));
#6303=VERTEX_POINT('',#6302);
#6304=CARTESIAN_POINT('',(6.75E0,4.95E0,1.15E1));
#6305=VERTEX_POINT('',#6304);
#6306=CARTESIAN_POINT('',(-6.75E0,4.95E0,1.15E1));
#6307=CARTESIAN_POINT('',(-6.75E0,5.25E0,1.15E1));
#6308=VERTEX_POINT('',#6306);
#6309=VERTEX_POINT('',#6307);
#6310=CARTESIAN_POINT('',(-7.75E0,5.25E0,1.15E1));
#6311=VERTEX_POINT('',#6310);
#6312=CARTESIAN_POINT('',(-7.75E0,4.25E0,1.15E1));
#6313=VERTEX_POINT('',#6312);
#6314=CARTESIAN_POINT('',(-7.45E0,4.25E0,1.15E1));
#6315=VERTEX_POINT('',#6314);
#6316=CARTESIAN_POINT('',(-7.45E0,4.95E0,1.15E1));
#6317=VERTEX_POINT('',#6316);
#6318=CARTESIAN_POINT('',(-7.45E0,-4.25E0,1.15E1));
#6319=CARTESIAN_POINT('',(-7.75E0,-4.25E0,1.15E1));
#6320=VERTEX_POINT('',#6318);
#6321=VERTEX_POINT('',#6319);
#6322=CARTESIAN_POINT('',(-7.75E0,-5.25E0,1.15E1));
#6323=VERTEX_POINT('',#6322);
#6324=CARTESIAN_POINT('',(-6.75E0,-5.25E0,1.15E1));
#6325=VERTEX_POINT('',#6324);
#6326=CARTESIAN_POINT('',(-6.75E0,-4.95E0,1.15E1));
#6327=VERTEX_POINT('',#6326);
#6328=CARTESIAN_POINT('',(-7.45E0,-4.95E0,1.15E1));
#6329=VERTEX_POINT('',#6328);
#6330=CARTESIAN_POINT('',(6.75E0,-4.95E0,1.15E1));
#6331=CARTESIAN_POINT('',(6.75E0,-5.25E0,1.15E1));
#6332=VERTEX_POINT('',#6330);
#6333=VERTEX_POINT('',#6331);
#6334=CARTESIAN_POINT('',(7.75E0,-5.25E0,1.15E1));
#6335=VERTEX_POINT('',#6334);
#6336=CARTESIAN_POINT('',(7.75E0,-4.25E0,1.15E1));
#6337=VERTEX_POINT('',#6336);
#6338=CARTESIAN_POINT('',(7.45E0,-4.25E0,1.15E1));
#6339=VERTEX_POINT('',#6338);
#6340=CARTESIAN_POINT('',(7.45E0,-4.95E0,1.15E1));
#6341=VERTEX_POINT('',#6340);
#6342=CARTESIAN_POINT('',(7.75E0,4.25E0,1.12E1));
#6343=CARTESIAN_POINT('',(7.45E0,4.25E0,1.12E1));
#6344=VERTEX_POINT('',#6342);
#6345=VERTEX_POINT('',#6343);
#6346=CARTESIAN_POINT('',(6.75E0,5.25E0,1.12E1));
#6347=CARTESIAN_POINT('',(6.75E0,4.95E0,1.12E1));
#6348=VERTEX_POINT('',#6346);
#6349=VERTEX_POINT('',#6347);
#6350=CARTESIAN_POINT('',(-6.75E0,5.25E0,1.12E1));
#6351=CARTESIAN_POINT('',(-6.75E0,4.95E0,1.12E1));
#6352=VERTEX_POINT('',#6350);
#6353=VERTEX_POINT('',#6351);
#6354=CARTESIAN_POINT('',(-7.75E0,4.25E0,1.12E1));
#6355=CARTESIAN_POINT('',(-7.45E0,4.25E0,1.12E1));
#6356=VERTEX_POINT('',#6354);
#6357=VERTEX_POINT('',#6355);
#6358=CARTESIAN_POINT('',(-7.75E0,-4.25E0,1.12E1));
#6359=CARTESIAN_POINT('',(-7.45E0,-4.25E0,1.12E1));
#6360=VERTEX_POINT('',#6358);
#6361=VERTEX_POINT('',#6359);
#6362=CARTESIAN_POINT('',(-6.75E0,-5.25E0,1.12E1));
#6363=CARTESIAN_POINT('',(-6.75E0,-4.95E0,1.12E1));
#6364=VERTEX_POINT('',#6362);
#6365=VERTEX_POINT('',#6363);
#6366=CARTESIAN_POINT('',(6.75E0,-5.25E0,1.12E1));
#6367=CARTESIAN_POINT('',(6.75E0,-4.95E0,1.12E1));
#6368=VERTEX_POINT('',#6366);
#6369=VERTEX_POINT('',#6367);
#6370=CARTESIAN_POINT('',(7.75E0,-4.25E0,1.12E1));
#6371=CARTESIAN_POINT('',(7.45E0,-4.25E0,1.12E1));
#6372=VERTEX_POINT('',#6370);
#6373=VERTEX_POINT('',#6371);
#6374=CARTESIAN_POINT('',(5.8E0,4.6E0,1.E-2));
#6375=CARTESIAN_POINT('',(6.199999976158E0,4.6E0,1.E-2));
#6376=VERTEX_POINT('',#6374);
#6377=VERTEX_POINT('',#6375);
#6378=CARTESIAN_POINT('',(7.E0,2.6E0,1.E-2));
#6379=VERTEX_POINT('',#6378);
#6380=CARTESIAN_POINT('',(6.7E0,2.6E0,1.E-2));
#6381=VERTEX_POINT('',#6380);
#6382=CARTESIAN_POINT('',(6.500000011921E0,3.110638296604E0,1.E-2));
#6383=VERTEX_POINT('',#6382);
#6384=CARTESIAN_POINT('',(5.5E0,3.110638296604E0,1.E-2));
#6385=VERTEX_POINT('',#6384);
#6386=CARTESIAN_POINT('',(5.300000047684E0,2.6E0,1.E-2));
#6387=VERTEX_POINT('',#6386);
#6388=CARTESIAN_POINT('',(5.000000047684E0,2.6E0,1.E-2));
#6389=VERTEX_POINT('',#6388);
#6390=CARTESIAN_POINT('',(6.000000023842E0,4.429787254333E0,1.E-2));
#6391=CARTESIAN_POINT('',(5.549999952316E0,3.280851042271E0,1.E-2));
#6392=VERTEX_POINT('',#6390);
#6393=VERTEX_POINT('',#6391);
#6394=CARTESIAN_POINT('',(6.449999988079E0,3.280851042271E0,1.E-2));
#6395=VERTEX_POINT('',#6394);
#6396=CARTESIAN_POINT('',(2.899999904633E0,2.6E0,1.E-2));
#6397=CARTESIAN_POINT('',(2.599999904633E0,2.6E0,1.E-2));
#6398=VERTEX_POINT('',#6396);
#6399=VERTEX_POINT('',#6397);
#6400=CARTESIAN_POINT('',(3.450000095367E0,3.621276593208E0,1.E-2));
#6401=VERTEX_POINT('',#6400);
#6402=CARTESIAN_POINT('',(2.599999904633E0,4.6E0,1.E-2));
#6403=VERTEX_POINT('',#6402);
#6404=CARTESIAN_POINT('',(2.899999904633E0,4.6E0,1.E-2));
#6405=VERTEX_POINT('',#6404);
#6406=CARTESIAN_POINT('',(3.600000095367E0,3.791489338875E0,1.E-2));
#6407=VERTEX_POINT('',#6406);
#6408=CARTESIAN_POINT('',(4.3E0,4.6E0,1.E-2));
#6409=VERTEX_POINT('',#6408);
#6410=CARTESIAN_POINT('',(4.6E0,4.6E0,1.E-2));
#6411=VERTEX_POINT('',#6410);
#6412=CARTESIAN_POINT('',(3.750000095367E0,3.621276593208E0,1.E-2));
#6413=VERTEX_POINT('',#6412);
#6414=CARTESIAN_POINT('',(4.6E0,2.6E0,1.E-2));
#6415=VERTEX_POINT('',#6414);
#6416=CARTESIAN_POINT('',(4.3E0,2.6E0,1.E-2));
#6417=VERTEX_POINT('',#6416);
#6418=CARTESIAN_POINT('',(3.600000095367E0,3.408510661125E0,1.E-2));
#6419=VERTEX_POINT('',#6418);
#6420=CARTESIAN_POINT('',(1.9E0,2.6E0,1.E-2));
#6421=CARTESIAN_POINT('',(1.9E0,4.6E0,1.E-2));
#6422=VERTEX_POINT('',#6420);
#6423=VERTEX_POINT('',#6421);
#6424=CARTESIAN_POINT('',(2.2E0,4.6E0,1.E-2));
#6425=VERTEX_POINT('',#6424);
#6426=CARTESIAN_POINT('',(2.2E0,2.6E0,1.E-2));
#6427=VERTEX_POINT('',#6426);
#6428=CARTESIAN_POINT('',(-4.500001907349E-1,3.110638296604E0,1.E-2));
#6429=CARTESIAN_POINT('',(-1.500001907349E-1,3.110638296604E0,1.E-2));
#6430=VERTEX_POINT('',#6428);
#6431=VERTEX_POINT('',#6429);
#6432=CARTESIAN_POINT('',(-9.999980926514E-2,2.982978737354E0,1.E-2));
#6433=VERTEX_POINT('',#6432);
#6434=CARTESIAN_POINT('',(5.000019073486E-2,2.897872334719E0,1.E-2));
#6435=VERTEX_POINT('',#6434);
#6436=CARTESIAN_POINT('',(2.5E-1,2.855319148302E0,1.E-2));
#6437=VERTEX_POINT('',#6436);
#6438=CARTESIAN_POINT('',(7.E-1,2.855319148302E0,1.E-2));
#6439=VERTEX_POINT('',#6438);
#6440=CARTESIAN_POINT('',(8.999998092651E-1,2.897872334719E0,1.E-2));
#6441=VERTEX_POINT('',#6440);
#6442=CARTESIAN_POINT('',(1.049999809265E0,2.982978737354E0,1.E-2));
#6443=VERTEX_POINT('',#6442);
#6444=CARTESIAN_POINT('',(1.15E0,3.110638296604E0,1.E-2));
#6445=VERTEX_POINT('',#6444);
#6446=CARTESIAN_POINT('',(1.199999809265E0,3.280851042271E0,1.E-2));
#6447=VERTEX_POINT('',#6446);
#6448=CARTESIAN_POINT('',(1.199999809265E0,3.919148898125E0,1.E-2));
#6449=VERTEX_POINT('',#6448);
#6450=CARTESIAN_POINT('',(1.15E0,4.089361643791E0,1.E-2));
#6451=VERTEX_POINT('',#6450);
#6452=CARTESIAN_POINT('',(1.049999809265E0,4.217021322250E0,1.E-2));
#6453=VERTEX_POINT('',#6452);
#6454=CARTESIAN_POINT('',(8.999998092651E-1,4.302127695084E0,1.E-2));
#6455=VERTEX_POINT('',#6454);
#6456=CARTESIAN_POINT('',(7.E-1,4.344680881500E0,1.E-2));
#6457=VERTEX_POINT('',#6456);
#6458=CARTESIAN_POINT('',(2.5E-1,4.344680881500E0,1.E-2));
#6459=VERTEX_POINT('',#6458);
#6460=CARTESIAN_POINT('',(5.000019073486E-2,4.302127695084E0,1.E-2));
#6461=VERTEX_POINT('',#6460);
#6462=CARTESIAN_POINT('',(-9.999980926514E-2,4.217021322250E0,1.E-2));
#6463=VERTEX_POINT('',#6462);
#6464=CARTESIAN_POINT('',(-1.500001907349E-1,4.089361643791E0,1.E-2));
#6465=VERTEX_POINT('',#6464);
#6466=CARTESIAN_POINT('',(-4.500001907349E-1,4.089361643791E0,1.E-2));
#6467=VERTEX_POINT('',#6466);
#6468=CARTESIAN_POINT('',(-3.999998092651E-1,4.302127695084E0,1.E-2));
#6469=VERTEX_POINT('',#6468);
#6470=CARTESIAN_POINT('',(-2.E-1,4.472340440750E0,1.E-2));
#6471=VERTEX_POINT('',#6470);
#6472=CARTESIAN_POINT('',(-1.907348643471E-7,4.557446813583E0,1.E-2));
#6473=VERTEX_POINT('',#6472);
#6474=CARTESIAN_POINT('',(2.5E-1,4.6E0,1.E-2));
#6475=VERTEX_POINT('',#6474);
#6476=CARTESIAN_POINT('',(7.E-1,4.6E0,1.E-2));
#6477=VERTEX_POINT('',#6476);
#6478=CARTESIAN_POINT('',(9.500001907349E-1,4.557446813583E0,1.E-2));
#6479=VERTEX_POINT('',#6478);
#6480=CARTESIAN_POINT('',(1.15E0,4.472340440750E0,1.E-2));
#6481=VERTEX_POINT('',#6480);
#6482=CARTESIAN_POINT('',(1.349999809265E0,4.302127695084E0,1.E-2));
#6483=VERTEX_POINT('',#6482);
#6484=CARTESIAN_POINT('',(1.45E0,4.131914949417E0,1.E-2));
#6485=VERTEX_POINT('',#6484);
#6486=CARTESIAN_POINT('',(1.499999809265E0,3.919148898125E0,1.E-2));
#6487=VERTEX_POINT('',#6486);
#6488=CARTESIAN_POINT('',(1.499999809265E0,3.280851042271E0,1.E-2));
#6489=VERTEX_POINT('',#6488);
#6490=CARTESIAN_POINT('',(1.45E0,3.068085110188E0,1.E-2));
#6491=VERTEX_POINT('',#6490);
#6492=CARTESIAN_POINT('',(1.349999809265E0,2.897872334719E0,1.E-2));
#6493=VERTEX_POINT('',#6492);
#6494=CARTESIAN_POINT('',(1.15E0,2.727659574151E0,1.E-2));
#6495=VERTEX_POINT('',#6494);
#6496=CARTESIAN_POINT('',(9.500001907349E-1,2.642553190142E0,1.E-2));
#6497=VERTEX_POINT('',#6496);
#6498=CARTESIAN_POINT('',(7.E-1,2.6E0,1.E-2));
#6499=VERTEX_POINT('',#6498);
#6500=CARTESIAN_POINT('',(2.5E-1,2.6E0,1.E-2));
#6501=VERTEX_POINT('',#6500);
#6502=CARTESIAN_POINT('',(-1.907348643471E-7,2.642553190142E0,1.E-2));
#6503=VERTEX_POINT('',#6502);
#6504=CARTESIAN_POINT('',(-2.E-1,2.727659574151E0,1.E-2));
#6505=VERTEX_POINT('',#6504);
#6506=CARTESIAN_POINT('',(-3.999998092651E-1,2.897872334719E0,1.E-2));
#6507=VERTEX_POINT('',#6506);
#6508=CARTESIAN_POINT('',(-1.650000190735E0,4.6E0,1.E-2));
#6509=CARTESIAN_POINT('',(-1.4E0,4.557446813583E0,1.E-2));
#6510=VERTEX_POINT('',#6508);
#6511=VERTEX_POINT('',#6509);
#6512=CARTESIAN_POINT('',(-1.200000190735E0,4.472340440750E0,1.E-2));
#6513=VERTEX_POINT('',#6512);
#6514=CARTESIAN_POINT('',(-9.999998092651E-1,4.302127695084E0,1.E-2));
#6515=VERTEX_POINT('',#6514);
#6516=CARTESIAN_POINT('',(-9.000001907349E-1,4.131914949417E0,1.E-2));
#6517=VERTEX_POINT('',#6516);
#6518=CARTESIAN_POINT('',(-8.499998092651E-1,3.919148898125E0,1.E-2));
#6519=VERTEX_POINT('',#6518);
#6520=CARTESIAN_POINT('',(-8.499998092651E-1,3.280851042271E0,1.E-2));
#6521=VERTEX_POINT('',#6520);
#6522=CARTESIAN_POINT('',(-9.000001907349E-1,3.068085110188E0,1.E-2));
#6523=VERTEX_POINT('',#6522);
#6524=CARTESIAN_POINT('',(-9.999998092651E-1,2.897872334719E0,1.E-2));
#6525=VERTEX_POINT('',#6524);
#6526=CARTESIAN_POINT('',(-1.200000190735E0,2.727659574151E0,1.E-2));
#6527=VERTEX_POINT('',#6526);
#6528=CARTESIAN_POINT('',(-1.4E0,2.642553190142E0,1.E-2));
#6529=VERTEX_POINT('',#6528);
#6530=CARTESIAN_POINT('',(-1.650000190735E0,2.6E0,1.E-2));
#6531=VERTEX_POINT('',#6530);
#6532=CARTESIAN_POINT('',(-2.049999809265E0,2.6E0,1.E-2));
#6533=VERTEX_POINT('',#6532);
#6534=CARTESIAN_POINT('',(-2.3E0,2.642553190142E0,1.E-2));
#6535=VERTEX_POINT('',#6534);
#6536=CARTESIAN_POINT('',(-2.499999809265E0,2.727659574151E0,1.E-2));
#6537=VERTEX_POINT('',#6536);
#6538=CARTESIAN_POINT('',(-2.699999618530E0,2.897872334719E0,1.E-2));
#6539=VERTEX_POINT('',#6538);
#6540=CARTESIAN_POINT('',(-2.800000381470E0,3.068085110188E0,1.E-2));
#6541=VERTEX_POINT('',#6540);
#6542=CARTESIAN_POINT('',(-2.849999618530E0,3.280851042271E0,1.E-2));
#6543=VERTEX_POINT('',#6542);
#6544=CARTESIAN_POINT('',(-2.849999618530E0,3.919148898125E0,1.E-2));
#6545=VERTEX_POINT('',#6544);
#6546=CARTESIAN_POINT('',(-2.800000381470E0,4.131914949417E0,1.E-2));
#6547=VERTEX_POINT('',#6546);
#6548=CARTESIAN_POINT('',(-2.699999618530E0,4.302127695084E0,1.E-2));
#6549=VERTEX_POINT('',#6548);
#6550=CARTESIAN_POINT('',(-2.499999809265E0,4.472340440750E0,1.E-2));
#6551=VERTEX_POINT('',#6550);
#6552=CARTESIAN_POINT('',(-2.3E0,4.557446813583E0,1.E-2));
#6553=VERTEX_POINT('',#6552);
#6554=CARTESIAN_POINT('',(-2.049999809265E0,4.6E0,1.E-2));
#6555=VERTEX_POINT('',#6554);
#6556=CARTESIAN_POINT('',(-1.650000190735E0,4.344680881500E0,1.E-2));
#6557=CARTESIAN_POINT('',(-2.049999809265E0,4.344680881500E0,1.E-2));
#6558=VERTEX_POINT('',#6556);
#6559=VERTEX_POINT('',#6557);
#6560=CARTESIAN_POINT('',(-2.250000190735E0,4.302127695084E0,1.E-2));
#6561=VERTEX_POINT('',#6560);
#6562=CARTESIAN_POINT('',(-2.400000190735E0,4.217021322250E0,1.E-2));
#6563=VERTEX_POINT('',#6562);
#6564=CARTESIAN_POINT('',(-2.499999809265E0,4.089361643791E0,1.E-2));
#6565=VERTEX_POINT('',#6564);
#6566=CARTESIAN_POINT('',(-2.550000190735E0,3.919148898125E0,1.E-2));
#6567=VERTEX_POINT('',#6566);
#6568=CARTESIAN_POINT('',(-2.550000190735E0,3.280851042271E0,1.E-2));
#6569=VERTEX_POINT('',#6568);
#6570=CARTESIAN_POINT('',(-2.499999809265E0,3.110638296604E0,1.E-2));
#6571=VERTEX_POINT('',#6570);
#6572=CARTESIAN_POINT('',(-2.400000190735E0,2.982978737354E0,1.E-2));
#6573=VERTEX_POINT('',#6572);
#6574=CARTESIAN_POINT('',(-2.250000190735E0,2.897872334719E0,1.E-2));
#6575=VERTEX_POINT('',#6574);
#6576=CARTESIAN_POINT('',(-2.049999809265E0,2.855319148302E0,1.E-2));
#6577=VERTEX_POINT('',#6576);
#6578=CARTESIAN_POINT('',(-1.650000190735E0,2.855319148302E0,1.E-2));
#6579=VERTEX_POINT('',#6578);
#6580=CARTESIAN_POINT('',(-1.449999809265E0,2.897872334719E0,1.E-2));
#6581=VERTEX_POINT('',#6580);
#6582=CARTESIAN_POINT('',(-1.299999809265E0,2.982978737354E0,1.E-2));
#6583=VERTEX_POINT('',#6582);
#6584=CARTESIAN_POINT('',(-1.200000190735E0,3.110638296604E0,1.E-2));
#6585=VERTEX_POINT('',#6584);
#6586=CARTESIAN_POINT('',(-1.149999809265E0,3.280851042271E0,1.E-2));
#6587=VERTEX_POINT('',#6586);
#6588=CARTESIAN_POINT('',(-1.149999809265E0,3.919148898125E0,1.E-2));
#6589=VERTEX_POINT('',#6588);
#6590=CARTESIAN_POINT('',(-1.200000190735E0,4.089361643791E0,1.E-2));
#6591=VERTEX_POINT('',#6590);
#6592=CARTESIAN_POINT('',(-1.299999809265E0,4.217021322250E0,1.E-2));
#6593=VERTEX_POINT('',#6592);
#6594=CARTESIAN_POINT('',(-1.449999809265E0,4.302127695084E0,1.E-2));
#6595=VERTEX_POINT('',#6594);
#6596=CARTESIAN_POINT('',(-5.350000381470E0,4.174468135834E0,1.E-2));
#6597=CARTESIAN_POINT('',(-5.350000381470E0,2.6E0,1.E-2));
#6598=VERTEX_POINT('',#6596);
#6599=VERTEX_POINT('',#6597);
#6600=CARTESIAN_POINT('',(-5.650000381470E0,2.6E0,1.E-2));
#6601=VERTEX_POINT('',#6600);
#6602=CARTESIAN_POINT('',(-5.650000381470E0,4.6E0,1.E-2));
#6603=VERTEX_POINT('',#6602);
#6604=CARTESIAN_POINT('',(-5.200000381470E0,4.6E0,1.E-2));
#6605=VERTEX_POINT('',#6604);
#6606=CARTESIAN_POINT('',(-4.450000381470E0,2.812765961885E0,1.E-2));
#6607=VERTEX_POINT('',#6606);
#6608=CARTESIAN_POINT('',(-3.700000381470E0,4.6E0,1.E-2));
#6609=VERTEX_POINT('',#6608);
#6610=CARTESIAN_POINT('',(-3.250000381470E0,4.6E0,1.E-2));
#6611=VERTEX_POINT('',#6610);
#6612=CARTESIAN_POINT('',(-3.250000381470E0,2.6E0,1.E-2));
#6613=VERTEX_POINT('',#6612);
#6614=CARTESIAN_POINT('',(-3.550000381470E0,2.6E0,1.E-2));
#6615=VERTEX_POINT('',#6614);
#6616=CARTESIAN_POINT('',(-3.550000381470E0,4.174468135834E0,1.E-2));
#6617=VERTEX_POINT('',#6616);
#6618=CARTESIAN_POINT('',(-4.25E0,2.6E0,1.E-2));
#6619=VERTEX_POINT('',#6618);
#6620=CARTESIAN_POINT('',(-4.649999618530E0,2.6E0,1.E-2));
#6621=VERTEX_POINT('',#6620);
#6622=CARTESIAN_POINT('',(6.266666650772E0,4.E-1,1.E-2));
#6623=CARTESIAN_POINT('',(6.E0,1.693617057800E0,1.E-2));
#6624=VERTEX_POINT('',#6622);
#6625=VERTEX_POINT('',#6623);
#6626=CARTESIAN_POINT('',(5.733333301544E0,4.E-1,1.E-2));
#6627=VERTEX_POINT('',#6626);
#6628=CARTESIAN_POINT('',(5.466666698456E0,4.E-1,1.E-2));
#6629=VERTEX_POINT('',#6628);
#6630=CARTESIAN_POINT('',(5.2E0,2.E0,1.E-2));
#6631=VERTEX_POINT('',#6630);
#6632=CARTESIAN_POINT('',(5.4E0,2.E0,1.E-2));
#6633=VERTEX_POINT('',#6632);
#6634=CARTESIAN_POINT('',(5.6E0,7.744680881500E-1,1.E-2));
#6635=VERTEX_POINT('',#6634);
#6636=CARTESIAN_POINT('',(5.866666698456E0,2.E0,1.E-2));
#6637=VERTEX_POINT('',#6636);
#6638=CARTESIAN_POINT('',(6.133333349228E0,2.E0,1.E-2));
#6639=VERTEX_POINT('',#6638);
#6640=CARTESIAN_POINT('',(6.4E0,7.744680881500E-1,1.E-2));
#6641=VERTEX_POINT('',#6640);
#6642=CARTESIAN_POINT('',(6.6E0,2.E0,1.E-2));
#6643=VERTEX_POINT('',#6642);
#6644=CARTESIAN_POINT('',(6.8E0,2.E0,1.E-2));
#6645=VERTEX_POINT('',#6644);
#6646=CARTESIAN_POINT('',(6.533333325386E0,4.E-1,1.E-2));
#6647=VERTEX_POINT('',#6646);
#6648=CARTESIAN_POINT('',(4.533333396912E0,4.E-1,1.E-2));
#6649=CARTESIAN_POINT('',(4.533333396912E0,2.E0,1.E-2));
#6650=VERTEX_POINT('',#6648);
#6651=VERTEX_POINT('',#6649);
#6652=CARTESIAN_POINT('',(4.733333396912E0,2.E0,1.E-2));
#6653=VERTEX_POINT('',#6652);
#6654=CARTESIAN_POINT('',(4.933333396912E0,1.761702156067E0,1.E-2));
#6655=VERTEX_POINT('',#6654);
#6656=CARTESIAN_POINT('',(4.933333396912E0,1.489361667633E0,1.E-2));
#6657=VERTEX_POINT('',#6656);
#6658=CARTESIAN_POINT('',(4.733333396912E0,1.727659606934E0,1.E-2));
#6659=VERTEX_POINT('',#6658);
#6660=CARTESIAN_POINT('',(4.733333396912E0,4.E-1,1.E-2));
#6661=VERTEX_POINT('',#6660);
#6662=CARTESIAN_POINT('',(3.866666603088E0,4.E-1,1.E-2));
#6663=CARTESIAN_POINT('',(3.866666603088E0,2.E0,1.E-2));
#6664=VERTEX_POINT('',#6662);
#6665=VERTEX_POINT('',#6663);
#6666=CARTESIAN_POINT('',(4.066666603088E0,2.E0,1.E-2));
#6667=VERTEX_POINT('',#6666);
#6668=CARTESIAN_POINT('',(4.266666603088E0,1.761702156067E0,1.E-2));
#6669=VERTEX_POINT('',#6668);
#6670=CARTESIAN_POINT('',(4.266666603088E0,1.489361667633E0,1.E-2));
#6671=VERTEX_POINT('',#6670);
#6672=CARTESIAN_POINT('',(4.066666603088E0,1.727659606934E0,1.E-2));
#6673=VERTEX_POINT('',#6672);
#6674=CARTESIAN_POINT('',(4.066666603088E0,4.E-1,1.E-2));
#6675=VERTEX_POINT('',#6674);
#6676=CARTESIAN_POINT('',(6.1E0,-2.8E0,1.E-2));
#6677=CARTESIAN_POINT('',(6.8E0,-2.8E0,1.E-2));
#6678=VERTEX_POINT('',#6676);
#6679=VERTEX_POINT('',#6677);
#6680=CARTESIAN_POINT('',(6.8E0,-4.2E0,1.E-2));
#6681=VERTEX_POINT('',#6680);
#6682=CARTESIAN_POINT('',(6.1E0,-4.2E0,1.E-2));
#6683=VERTEX_POINT('',#6682);
#6684=CARTESIAN_POINT('',(5.954166638851E0,-4.170212766901E0,1.E-2));
#6685=VERTEX_POINT('',#6684);
#6686=CARTESIAN_POINT('',(5.8375E0,-4.110638298094E0,1.E-2));
#6687=VERTEX_POINT('',#6686);
#6688=CARTESIAN_POINT('',(5.720833361149E0,-3.991489365697E0,1.E-2));
#6689=VERTEX_POINT('',#6688);
#6690=CARTESIAN_POINT('',(5.6625E0,-3.872340422869E0,1.E-2));
#6691=VERTEX_POINT('',#6690);
#6692=CARTESIAN_POINT('',(5.633333361149E0,-3.723404270411E0,1.E-2));
#6693=VERTEX_POINT('',#6692);
#6694=CARTESIAN_POINT('',(5.633333361149E0,-3.276595771313E0,1.E-2));
#6695=VERTEX_POINT('',#6694);
#6696=CARTESIAN_POINT('',(5.6625E0,-3.127659535408E0,1.E-2));
#6697=VERTEX_POINT('',#6696);
#6698=CARTESIAN_POINT('',(5.720833361149E0,-3.008510613441E0,1.E-2));
#6699=VERTEX_POINT('',#6698);
#6700=CARTESIAN_POINT('',(5.8375E0,-2.889361691475E0,1.E-2));
#6701=VERTEX_POINT('',#6700);
#6702=CARTESIAN_POINT('',(5.954166638851E0,-2.829787230492E0,1.E-2));
#6703=VERTEX_POINT('',#6702);
#6704=CARTESIAN_POINT('',(6.625E0,-2.978723382950E0,1.E-2));
#6705=CARTESIAN_POINT('',(6.1E0,-2.978723382950E0,1.E-2));
#6706=VERTEX_POINT('',#6704);
#6707=VERTEX_POINT('',#6705);
#6708=CARTESIAN_POINT('',(5.983333361149E0,-3.008510613441E0,1.E-2));
#6709=VERTEX_POINT('',#6708);
#6710=CARTESIAN_POINT('',(5.895833361149E0,-3.068085074425E0,1.E-2));
#6711=VERTEX_POINT('',#6710);
#6712=CARTESIAN_POINT('',(5.8375E0,-3.157446849346E0,1.E-2));
#6713=VERTEX_POINT('',#6712);
#6714=CARTESIAN_POINT('',(5.808333361149E0,-3.276595771313E0,1.E-2));
#6715=VERTEX_POINT('',#6714);
#6716=CARTESIAN_POINT('',(5.808333361149E0,-3.723404270411E0,1.E-2));
#6717=VERTEX_POINT('',#6716);
#6718=CARTESIAN_POINT('',(5.8375E0,-3.842553192377E0,1.E-2));
#6719=VERTEX_POINT('',#6718);
#6720=CARTESIAN_POINT('',(5.895833361149E0,-3.931914883852E0,1.E-2));
#6721=VERTEX_POINT('',#6720);
#6722=CARTESIAN_POINT('',(5.983333361149E0,-3.991489365697E0,1.E-2));
#6723=VERTEX_POINT('',#6722);
#6724=CARTESIAN_POINT('',(6.1E0,-4.021276596189E0,1.E-2));
#6725=VERTEX_POINT('',#6724);
#6726=CARTESIAN_POINT('',(6.625E0,-4.021276596189E0,1.E-2));
#6727=VERTEX_POINT('',#6726);
#6728=CARTESIAN_POINT('',(5.225E0,-3.246808540821E0,1.E-2));
#6729=CARTESIAN_POINT('',(5.4E0,-3.246808540821E0,1.E-2));
#6730=VERTEX_POINT('',#6728);
#6731=VERTEX_POINT('',#6729);
#6732=CARTESIAN_POINT('',(4.991666722298E0,-3.723404270411E0,1.E-2));
#6733=VERTEX_POINT('',#6732);
#6734=CARTESIAN_POINT('',(5.4E0,-4.2E0,1.E-2));
#6735=VERTEX_POINT('',#6734);
#6736=CARTESIAN_POINT('',(5.225E0,-4.2E0,1.E-2));
#6737=VERTEX_POINT('',#6736);
#6738=CARTESIAN_POINT('',(4.904166722298E0,-3.812765961885E0,1.E-2));
#6739=VERTEX_POINT('',#6738);
#6740=CARTESIAN_POINT('',(4.583333277702E0,-4.2E0,1.E-2));
#6741=VERTEX_POINT('',#6740);
#6742=CARTESIAN_POINT('',(4.408333277702E0,-4.2E0,1.E-2));
#6743=VERTEX_POINT('',#6742);
#6744=CARTESIAN_POINT('',(4.816666722298E0,-3.723404270411E0,1.E-2));
#6745=VERTEX_POINT('',#6744);
#6746=CARTESIAN_POINT('',(4.408333277702E0,-3.246808540821E0,1.E-2));
#6747=VERTEX_POINT('',#6746);
#6748=CARTESIAN_POINT('',(4.583333277702E0,-3.246808540821E0,1.E-2));
#6749=VERTEX_POINT('',#6748);
#6750=CARTESIAN_POINT('',(4.904166722298E0,-3.634042537212E0,1.E-2));
#6751=VERTEX_POINT('',#6750);
#6752=CARTESIAN_POINT('',(4.E0,-3.246808540821E0,1.E-2));
#6753=CARTESIAN_POINT('',(4.175E0,-3.246808540821E0,1.E-2));
#6754=VERTEX_POINT('',#6752);
#6755=VERTEX_POINT('',#6753);
#6756=CARTESIAN_POINT('',(3.766666555405E0,-3.723404270411E0,1.E-2));
#6757=VERTEX_POINT('',#6756);
#6758=CARTESIAN_POINT('',(4.175E0,-4.2E0,1.E-2));
#6759=VERTEX_POINT('',#6758);
#6760=CARTESIAN_POINT('',(4.E0,-4.2E0,1.E-2));
#6761=VERTEX_POINT('',#6760);
#6762=CARTESIAN_POINT('',(3.679166555405E0,-3.812765961885E0,1.E-2));
#6763=VERTEX_POINT('',#6762);
#6764=CARTESIAN_POINT('',(3.358333444595E0,-4.2E0,1.E-2));
#6765=VERTEX_POINT('',#6764);
#6766=CARTESIAN_POINT('',(3.183333444595E0,-4.2E0,1.E-2));
#6767=VERTEX_POINT('',#6766);
#6768=CARTESIAN_POINT('',(3.591666555405E0,-3.723404270411E0,1.E-2));
#6769=VERTEX_POINT('',#6768);
#6770=CARTESIAN_POINT('',(3.183333444595E0,-3.246808540821E0,1.E-2));
#6771=VERTEX_POINT('',#6770);
#6772=CARTESIAN_POINT('',(3.358333444595E0,-3.246808540821E0,1.E-2));
#6773=VERTEX_POINT('',#6772);
#6774=CARTESIAN_POINT('',(3.679166555405E0,-3.634042537212E0,1.E-2));
#6775=VERTEX_POINT('',#6774);
#6776=CARTESIAN_POINT('',(2.775E0,-3.246808540821E0,1.E-2));
#6777=CARTESIAN_POINT('',(2.95E0,-3.246808540821E0,1.E-2));
#6778=VERTEX_POINT('',#6776);
#6779=VERTEX_POINT('',#6777);
#6780=CARTESIAN_POINT('',(2.541666555405E0,-3.723404270411E0,1.E-2));
#6781=VERTEX_POINT('',#6780);
#6782=CARTESIAN_POINT('',(2.95E0,-4.2E0,1.E-2));
#6783=VERTEX_POINT('',#6782);
#6784=CARTESIAN_POINT('',(2.775E0,-4.2E0,1.E-2));
#6785=VERTEX_POINT('',#6784);
#6786=CARTESIAN_POINT('',(2.454166555405E0,-3.812765961885E0,1.E-2));
#6787=VERTEX_POINT('',#6786);
#6788=CARTESIAN_POINT('',(2.133333444595E0,-4.2E0,1.E-2));
#6789=VERTEX_POINT('',#6788);
#6790=CARTESIAN_POINT('',(1.958333444595E0,-4.2E0,1.E-2));
#6791=VERTEX_POINT('',#6790);
#6792=CARTESIAN_POINT('',(2.366666555405E0,-3.723404270411E0,1.E-2));
#6793=VERTEX_POINT('',#6792);
#6794=CARTESIAN_POINT('',(1.958333444595E0,-3.246808540821E0,1.E-2));
#6795=VERTEX_POINT('',#6794);
#6796=CARTESIAN_POINT('',(2.133333444595E0,-3.246808540821E0,1.E-2));
#6797=VERTEX_POINT('',#6796);
#6798=CARTESIAN_POINT('',(2.454166555405E0,-3.634042537212E0,1.E-2));
#6799=VERTEX_POINT('',#6798);
#6800=CARTESIAN_POINT('',(1.55E0,-3.246808540821E0,1.E-2));
#6801=CARTESIAN_POINT('',(1.725E0,-3.246808540821E0,1.E-2));
#6802=VERTEX_POINT('',#6800);
#6803=VERTEX_POINT('',#6801);
#6804=CARTESIAN_POINT('',(1.316666555405E0,-3.723404270411E0,1.E-2));
#6805=VERTEX_POINT('',#6804);
#6806=CARTESIAN_POINT('',(1.725E0,-4.2E0,1.E-2));
#6807=VERTEX_POINT('',#6806);
#6808=CARTESIAN_POINT('',(1.55E0,-4.2E0,1.E-2));
#6809=VERTEX_POINT('',#6808);
#6810=CARTESIAN_POINT('',(1.229166555405E0,-3.812765961885E0,1.E-2));
#6811=VERTEX_POINT('',#6810);
#6812=CARTESIAN_POINT('',(9.083331108093E-1,-4.2E0,1.E-2));
#6813=VERTEX_POINT('',#6812);
#6814=CARTESIAN_POINT('',(7.333331108093E-1,-4.2E0,1.E-2));
#6815=VERTEX_POINT('',#6814);
#6816=CARTESIAN_POINT('',(1.141666889191E0,-3.723404270411E0,1.E-2));
#6817=VERTEX_POINT('',#6816);
#6818=CARTESIAN_POINT('',(7.333331108093E-1,-3.246808540821E0,1.E-2));
#6819=VERTEX_POINT('',#6818);
#6820=CARTESIAN_POINT('',(9.083331108093E-1,-3.246808540821E0,1.E-2));
#6821=VERTEX_POINT('',#6820);
#6822=CARTESIAN_POINT('',(1.229166555405E0,-3.634042537212E0,1.E-2));
#6823=VERTEX_POINT('',#6822);
#6824=CARTESIAN_POINT('',(9.166688919068E-2,-3.693617039919E0,1.E-2));
#6825=CARTESIAN_POINT('',(9.166688919068E-2,-3.544680845737E0,1.E-2));
#6826=VERTEX_POINT('',#6824);
#6827=VERTEX_POINT('',#6825);
#6828=CARTESIAN_POINT('',(5.E-1,-3.544680845737E0,1.E-2));
#6829=VERTEX_POINT('',#6828);
#6830=CARTESIAN_POINT('',(5.E-1,-3.693617039919E0,1.E-2));
#6831=VERTEX_POINT('',#6830);
#6832=CARTESIAN_POINT('',(-3.166668891907E-1,-3.246808540821E0,1.E-2));
#6833=CARTESIAN_POINT('',(-1.416668891907E-1,-3.246808540821E0,1.E-2));
#6834=VERTEX_POINT('',#6832);
#6835=VERTEX_POINT('',#6833);
#6836=CARTESIAN_POINT('',(-5.5E-1,-3.723404270411E0,1.E-2));
#6837=VERTEX_POINT('',#6836);
#6838=CARTESIAN_POINT('',(-1.416668891907E-1,-4.2E0,1.E-2));
#6839=VERTEX_POINT('',#6838);
#6840=CARTESIAN_POINT('',(-3.166668891907E-1,-4.2E0,1.E-2));
#6841=VERTEX_POINT('',#6840);
#6842=CARTESIAN_POINT('',(-6.375E-1,-3.812765961885E0,1.E-2));
#6843=VERTEX_POINT('',#6842);
#6844=CARTESIAN_POINT('',(-9.583331108093E-1,-4.2E0,1.E-2));
#6845=VERTEX_POINT('',#6844);
#6846=CARTESIAN_POINT('',(-1.133333110809E0,-4.2E0,1.E-2));
#6847=VERTEX_POINT('',#6846);
#6848=CARTESIAN_POINT('',(-7.25E-1,-3.723404270411E0,1.E-2));
#6849=VERTEX_POINT('',#6848);
#6850=CARTESIAN_POINT('',(-1.133333110809E0,-3.246808540821E0,1.E-2));
#6851=VERTEX_POINT('',#6850);
#6852=CARTESIAN_POINT('',(-9.583331108093E-1,-3.246808540821E0,1.E-2));
#6853=VERTEX_POINT('',#6852);
#6854=CARTESIAN_POINT('',(-6.375E-1,-3.634042537212E0,1.E-2));
#6855=VERTEX_POINT('',#6854);
#6856=CARTESIAN_POINT('',(-1.541666889191E0,-3.246808540821E0,1.E-2));
#6857=CARTESIAN_POINT('',(-1.366666889191E0,-3.246808540821E0,1.E-2));
#6858=VERTEX_POINT('',#6856);
#6859=VERTEX_POINT('',#6857);
#6860=CARTESIAN_POINT('',(-1.775E0,-3.723404270411E0,1.E-2));
#6861=VERTEX_POINT('',#6860);
#6862=CARTESIAN_POINT('',(-1.366666889191E0,-4.2E0,1.E-2));
#6863=VERTEX_POINT('',#6862);
#6864=CARTESIAN_POINT('',(-1.541666889191E0,-4.2E0,1.E-2));
#6865=VERTEX_POINT('',#6864);
#6866=CARTESIAN_POINT('',(-1.8625E0,-3.812765961885E0,1.E-2));
#6867=VERTEX_POINT('',#6866);
#6868=CARTESIAN_POINT('',(-2.183333110809E0,-4.2E0,1.E-2));
#6869=VERTEX_POINT('',#6868);
#6870=CARTESIAN_POINT('',(-2.358333110809E0,-4.2E0,1.E-2));
#6871=VERTEX_POINT('',#6870);
#6872=CARTESIAN_POINT('',(-1.95E0,-3.723404270411E0,1.E-2));
#6873=VERTEX_POINT('',#6872);
#6874=CARTESIAN_POINT('',(-2.358333110809E0,-3.246808540821E0,1.E-2));
#6875=VERTEX_POINT('',#6874);
#6876=CARTESIAN_POINT('',(-2.183333110809E0,-3.246808540821E0,1.E-2));
#6877=VERTEX_POINT('',#6876);
#6878=CARTESIAN_POINT('',(-1.8625E0,-3.634042537212E0,1.E-2));
#6879=VERTEX_POINT('',#6878);
#6880=CARTESIAN_POINT('',(-2.766666889191E0,-3.246808540821E0,1.E-2));
#6881=CARTESIAN_POINT('',(-2.591666889191E0,-3.246808540821E0,1.E-2));
#6882=VERTEX_POINT('',#6880);
#6883=VERTEX_POINT('',#6881);
#6884=CARTESIAN_POINT('',(-3.E0,-3.723404270411E0,1.E-2));
#6885=VERTEX_POINT('',#6884);
#6886=CARTESIAN_POINT('',(-2.591666889191E0,-4.2E0,1.E-2));
#6887=VERTEX_POINT('',#6886);
#6888=CARTESIAN_POINT('',(-2.766666889191E0,-4.2E0,1.E-2));
#6889=VERTEX_POINT('',#6888);
#6890=CARTESIAN_POINT('',(-3.0875E0,-3.812765961885E0,1.E-2));
#6891=VERTEX_POINT('',#6890);
#6892=CARTESIAN_POINT('',(-3.408333110809E0,-4.2E0,1.E-2));
#6893=VERTEX_POINT('',#6892);
#6894=CARTESIAN_POINT('',(-3.583333110809E0,-4.2E0,1.E-2));
#6895=VERTEX_POINT('',#6894);
#6896=CARTESIAN_POINT('',(-3.175E0,-3.723404270411E0,1.E-2));
#6897=VERTEX_POINT('',#6896);
#6898=CARTESIAN_POINT('',(-3.583333110809E0,-3.246808540821E0,1.E-2));
#6899=VERTEX_POINT('',#6898);
#6900=CARTESIAN_POINT('',(-3.408333110809E0,-3.246808540821E0,1.E-2));
#6901=VERTEX_POINT('',#6900);
#6902=CARTESIAN_POINT('',(-3.0875E0,-3.634042537212E0,1.E-2));
#6903=VERTEX_POINT('',#6902);
#6904=CARTESIAN_POINT('',(-3.991666889191E0,-3.246808540821E0,1.E-2));
#6905=CARTESIAN_POINT('',(-3.816666889191E0,-3.246808540821E0,1.E-2));
#6906=VERTEX_POINT('',#6904);
#6907=VERTEX_POINT('',#6905);
#6908=CARTESIAN_POINT('',(-4.225E0,-3.723404270411E0,1.E-2));
#6909=VERTEX_POINT('',#6908);
#6910=CARTESIAN_POINT('',(-3.816666889191E0,-4.2E0,1.E-2));
#6911=VERTEX_POINT('',#6910);
#6912=CARTESIAN_POINT('',(-3.991666889191E0,-4.2E0,1.E-2));
#6913=VERTEX_POINT('',#6912);
#6914=CARTESIAN_POINT('',(-4.3125E0,-3.812765961885E0,1.E-2));
#6915=VERTEX_POINT('',#6914);
#6916=CARTESIAN_POINT('',(-4.633333778381E0,-4.2E0,1.E-2));
#6917=VERTEX_POINT('',#6916);
#6918=CARTESIAN_POINT('',(-4.808333778381E0,-4.2E0,1.E-2));
#6919=VERTEX_POINT('',#6918);
#6920=CARTESIAN_POINT('',(-4.4E0,-3.723404270411E0,1.E-2));
#6921=VERTEX_POINT('',#6920);
#6922=CARTESIAN_POINT('',(-4.808333778381E0,-3.246808540821E0,1.E-2));
#6923=VERTEX_POINT('',#6922);
#6924=CARTESIAN_POINT('',(-4.633333778381E0,-3.246808540821E0,1.E-2));
#6925=VERTEX_POINT('',#6924);
#6926=CARTESIAN_POINT('',(-4.3125E0,-3.634042537212E0,1.E-2));
#6927=VERTEX_POINT('',#6926);
#6928=CARTESIAN_POINT('',(6.1E0,-2.E0,1.E-2));
#6929=CARTESIAN_POINT('',(5.633333361149E0,-6.E-1,1.E-2));
#6930=VERTEX_POINT('',#6928);
#6931=VERTEX_POINT('',#6929);
#6932=CARTESIAN_POINT('',(5.808333361149E0,-6.E-1,1.E-2));
#6933=VERTEX_POINT('',#6932);
#6934=CARTESIAN_POINT('',(6.216666680574E0,-1.821276596189E0,1.E-2));
#6935=VERTEX_POINT('',#6934);
#6936=CARTESIAN_POINT('',(6.625E0,-6.E-1,1.E-2));
#6937=VERTEX_POINT('',#6936);
#6938=CARTESIAN_POINT('',(6.8E0,-6.E-1,1.E-2));
#6939=VERTEX_POINT('',#6938);
#6940=CARTESIAN_POINT('',(6.333333319426E0,-2.E0,1.E-2));
#6941=VERTEX_POINT('',#6940);
#6942=CARTESIAN_POINT('',(5.4E0,-1.851063826680E0,1.E-2));
#6943=CARTESIAN_POINT('',(5.4E0,-2.E0,1.E-2));
#6944=VERTEX_POINT('',#6942);
#6945=VERTEX_POINT('',#6943);
#6946=CARTESIAN_POINT('',(4.35E0,-2.E0,1.E-2));
#6947=VERTEX_POINT('',#6946);
#6948=CARTESIAN_POINT('',(4.35E0,-1.851063826680E0,1.E-2));
#6949=VERTEX_POINT('',#6948);
#6950=CARTESIAN_POINT('',(5.166666722298E0,-1.851063826680E0,1.E-2));
#6951=VERTEX_POINT('',#6950);
#6952=CARTESIAN_POINT('',(4.4375E0,-1.195744693279E0,1.E-2));
#6953=VERTEX_POINT('',#6952);
#6954=CARTESIAN_POINT('',(4.379166722298E0,-1.106383001804E0,1.E-2));
#6955=VERTEX_POINT('',#6954);
#6956=CARTESIAN_POINT('',(4.35E0,-9.872340798378E-1,1.E-2));
#6957=VERTEX_POINT('',#6956);
#6958=CARTESIAN_POINT('',(4.35E0,-9.276595354080E-1,1.E-2));
#6959=VERTEX_POINT('',#6958);
#6960=CARTESIAN_POINT('',(4.379166722298E0,-8.085106134415E-1,1.E-2));
#6961=VERTEX_POINT('',#6960);
#6962=CARTESIAN_POINT('',(4.495833277702E0,-6.893616914749E-1,1.E-2));
#6963=VERTEX_POINT('',#6962);
#6964=CARTESIAN_POINT('',(4.6125E0,-6.297872304916E-1,1.E-2));
#6965=VERTEX_POINT('',#6964);
#6966=CARTESIAN_POINT('',(4.7875E0,-6.E-1,1.E-2));
#6967=VERTEX_POINT('',#6966);
#6968=CARTESIAN_POINT('',(4.904166722298E0,-6.E-1,1.E-2));
#6969=VERTEX_POINT('',#6968);
#6970=CARTESIAN_POINT('',(5.108333277702E0,-6.297872304916E-1,1.E-2));
#6971=VERTEX_POINT('',#6970);
#6972=CARTESIAN_POINT('',(5.225E0,-6.893616914749E-1,1.E-2));
#6973=VERTEX_POINT('',#6972);
#6974=CARTESIAN_POINT('',(5.341666722298E0,-8.085106134415E-1,1.E-2));
#6975=VERTEX_POINT('',#6974);
#6976=CARTESIAN_POINT('',(5.370833277702E0,-9.276595354080E-1,1.E-2));
#6977=VERTEX_POINT('',#6976);
#6978=CARTESIAN_POINT('',(5.225E0,-9.276595354080E-1,1.E-2));
#6979=VERTEX_POINT('',#6978);
#6980=CARTESIAN_POINT('',(5.166666722298E0,-8.382978439331E-1,1.E-2));
#6981=VERTEX_POINT('',#6980);
#6982=CARTESIAN_POINT('',(5.079166722298E0,-7.787233829498E-1,1.E-2));
#6983=VERTEX_POINT('',#6982);
#6984=CARTESIAN_POINT('',(4.933333277702E0,-7.489361524582E-1,1.E-2));
#6985=VERTEX_POINT('',#6984);
#6986=CARTESIAN_POINT('',(4.816666722298E0,-7.489361524582E-1,1.E-2));
#6987=VERTEX_POINT('',#6986);
#6988=CARTESIAN_POINT('',(4.670833277702E0,-7.787233829498E-1,1.E-2));
#6989=VERTEX_POINT('',#6988);
#6990=CARTESIAN_POINT('',(4.583333277702E0,-8.382978439331E-1,1.E-2));
#6991=VERTEX_POINT('',#6990);
#6992=CARTESIAN_POINT('',(4.525E0,-9.276595354080E-1,1.E-2));
#6993=VERTEX_POINT('',#6992);
#6994=CARTESIAN_POINT('',(4.525E0,-9.872340798378E-1,1.E-2));
#6995=VERTEX_POINT('',#6994);
#6996=CARTESIAN_POINT('',(4.583333277702E0,-1.106383001804E0,1.E-2));
#6997=VERTEX_POINT('',#6996);
#6998=CARTESIAN_POINT('',(3.154166555405E0,-1.851063826680E0,1.E-2));
#6999=CARTESIAN_POINT('',(3.095833444595E0,-1.761702135205E0,1.E-2));
#7000=VERTEX_POINT('',#6998);
#7001=VERTEX_POINT('',#6999);
#7002=CARTESIAN_POINT('',(3.066666555405E0,-1.672340422869E0,1.E-2));
#7003=VERTEX_POINT('',#7002);
#7004=CARTESIAN_POINT('',(3.066666555405E0,-1.553191500902E0,1.E-2));
#7005=VERTEX_POINT('',#7004);
#7006=CARTESIAN_POINT('',(3.095833444595E0,-1.434042537212E0,1.E-2));
#7007=VERTEX_POINT('',#7006);
#7008=CARTESIAN_POINT('',(3.154166555405E0,-1.344680845737E0,1.E-2));
#7009=VERTEX_POINT('',#7008);
#7010=CARTESIAN_POINT('',(3.3E0,-1.285106384754E0,1.E-2));
#7011=VERTEX_POINT('',#7010);
#7012=CARTESIAN_POINT('',(3.183333444595E0,-1.195744693279E0,1.E-2));
#7013=VERTEX_POINT('',#7012);
#7014=CARTESIAN_POINT('',(3.125E0,-1.106383001804E0,1.E-2));
#7015=VERTEX_POINT('',#7014);
#7016=CARTESIAN_POINT('',(3.095833444595E0,-9.872340798378E-1,1.E-2));
#7017=VERTEX_POINT('',#7016);
#7018=CARTESIAN_POINT('',(3.095833444595E0,-9.276595354080E-1,1.E-2));
#7019=VERTEX_POINT('',#7018);
#7020=CARTESIAN_POINT('',(3.125E0,-8.085106134415E-1,1.E-2));
#7021=VERTEX_POINT('',#7020);
#7022=CARTESIAN_POINT('',(3.241666555405E0,-6.893616914749E-1,1.E-2));
#7023=VERTEX_POINT('',#7022);
#7024=CARTESIAN_POINT('',(3.358333444595E0,-6.297872304916E-1,1.E-2));
#7025=VERTEX_POINT('',#7024);
#7026=CARTESIAN_POINT('',(3.5625E0,-6.E-1,1.E-2));
#7027=VERTEX_POINT('',#7026);
#7028=CARTESIAN_POINT('',(3.620833444595E0,-6.E-1,1.E-2));
#7029=VERTEX_POINT('',#7028);
#7030=CARTESIAN_POINT('',(3.825E0,-6.297872304916E-1,1.E-2));
#7031=VERTEX_POINT('',#7030);
#7032=CARTESIAN_POINT('',(3.941666555405E0,-6.893616914749E-1,1.E-2));
#7033=VERTEX_POINT('',#7032);
#7034=CARTESIAN_POINT('',(4.058333277702E0,-8.085106134415E-1,1.E-2));
#7035=VERTEX_POINT('',#7034);
#7036=CARTESIAN_POINT('',(4.0875E0,-9.276595354080E-1,1.E-2));
#7037=VERTEX_POINT('',#7036);
#7038=CARTESIAN_POINT('',(3.941666555405E0,-9.276595354080E-1,1.E-2));
#7039=VERTEX_POINT('',#7038);
#7040=CARTESIAN_POINT('',(3.883333444595E0,-8.382978439331E-1,1.E-2));
#7041=VERTEX_POINT('',#7040);
#7042=CARTESIAN_POINT('',(3.795833444595E0,-7.787233829498E-1,1.E-2));
#7043=VERTEX_POINT('',#7042);
#7044=CARTESIAN_POINT('',(3.65E0,-7.489361524582E-1,1.E-2));
#7045=VERTEX_POINT('',#7044);
#7046=CARTESIAN_POINT('',(3.533333444595E0,-7.489361524582E-1,1.E-2));
#7047=VERTEX_POINT('',#7046);
#7048=CARTESIAN_POINT('',(3.3875E0,-7.787233829498E-1,1.E-2));
#7049=VERTEX_POINT('',#7048);
#7050=CARTESIAN_POINT('',(3.3E0,-8.382978439331E-1,1.E-2));
#7051=VERTEX_POINT('',#7050);
#7052=CARTESIAN_POINT('',(3.241666555405E0,-9.276595354080E-1,1.E-2));
#7053=VERTEX_POINT('',#7052);
#7054=CARTESIAN_POINT('',(3.241666555405E0,-9.872340798378E-1,1.E-2));
#7055=VERTEX_POINT('',#7054);
#7056=CARTESIAN_POINT('',(3.3E0,-1.106383001804E0,1.E-2));
#7057=VERTEX_POINT('',#7056);
#7058=CARTESIAN_POINT('',(3.358333444595E0,-1.165957462788E0,1.E-2));
#7059=VERTEX_POINT('',#7058);
#7060=CARTESIAN_POINT('',(3.533333444595E0,-1.225531923771E0,1.E-2));
#7061=VERTEX_POINT('',#7060);
#7062=CARTESIAN_POINT('',(3.65E0,-1.225531923771E0,1.E-2));
#7063=VERTEX_POINT('',#7062);
#7064=CARTESIAN_POINT('',(3.65E0,-1.344680845737E0,1.E-2));
#7065=VERTEX_POINT('',#7064);
#7066=CARTESIAN_POINT('',(3.533333444595E0,-1.344680845737E0,1.E-2));
#7067=VERTEX_POINT('',#7066);
#7068=CARTESIAN_POINT('',(3.358333444595E0,-1.374468076229E0,1.E-2));
#7069=VERTEX_POINT('',#7068);
#7070=CARTESIAN_POINT('',(3.270833444595E0,-1.434042537212E0,1.E-2));
#7071=VERTEX_POINT('',#7070);
#7072=CARTESIAN_POINT('',(3.2125E0,-1.553191500902E0,1.E-2));
#7073=VERTEX_POINT('',#7072);
#7074=CARTESIAN_POINT('',(3.2125E0,-1.672340422869E0,1.E-2));
#7075=VERTEX_POINT('',#7074);
#7076=CARTESIAN_POINT('',(3.241666555405E0,-1.731914883852E0,1.E-2));
#7077=VERTEX_POINT('',#7076);
#7078=CARTESIAN_POINT('',(3.3E0,-1.791489365697E0,1.E-2));
#7079=VERTEX_POINT('',#7078);
#7080=CARTESIAN_POINT('',(3.358333444595E0,-1.821276596189E0,1.E-2));
#7081=VERTEX_POINT('',#7080);
#7082=CARTESIAN_POINT('',(3.504166555405E0,-1.851063826680E0,1.E-2));
#7083=VERTEX_POINT('',#7082);
#7084=CARTESIAN_POINT('',(3.679166555405E0,-1.851063826680E0,1.E-2));
#7085=VERTEX_POINT('',#7084);
#7086=CARTESIAN_POINT('',(3.825E0,-1.821276596189E0,1.E-2));
#7087=VERTEX_POINT('',#7086);
#7088=CARTESIAN_POINT('',(3.883333444595E0,-1.791489365697E0,1.E-2));
#7089=VERTEX_POINT('',#7088);
#7090=CARTESIAN_POINT('',(3.941666555405E0,-1.731914883852E0,1.E-2));
#7091=VERTEX_POINT('',#7090);
#7092=CARTESIAN_POINT('',(3.970833444595E0,-1.672340422869E0,1.E-2));
#7093=VERTEX_POINT('',#7092);
#7094=CARTESIAN_POINT('',(4.116666722298E0,-1.672340422869E0,1.E-2));
#7095=VERTEX_POINT('',#7094);
#7096=CARTESIAN_POINT('',(4.0875E0,-1.761702135205E0,1.E-2));
#7097=VERTEX_POINT('',#7096);
#7098=CARTESIAN_POINT('',(4.029166722298E0,-1.851063826680E0,1.E-2));
#7099=VERTEX_POINT('',#7098);
#7100=CARTESIAN_POINT('',(3.941666555405E0,-1.910638298094E0,1.E-2));
#7101=VERTEX_POINT('',#7100);
#7102=CARTESIAN_POINT('',(3.825E0,-1.970212766901E0,1.E-2));
#7103=VERTEX_POINT('',#7102);
#7104=CARTESIAN_POINT('',(3.708333444595E0,-2.E0,1.E-2));
#7105=VERTEX_POINT('',#7104);
#7106=CARTESIAN_POINT('',(3.475E0,-2.E0,1.E-2));
#7107=VERTEX_POINT('',#7106);
#7108=CARTESIAN_POINT('',(3.358333444595E0,-1.970212766901E0,1.E-2));
#7109=VERTEX_POINT('',#7108);
#7110=CARTESIAN_POINT('',(3.241666555405E0,-1.910638298094E0,1.E-2));
#7111=VERTEX_POINT('',#7110);
#7112=CARTESIAN_POINT('',(2.483333444595E0,-2.E0,1.E-2));
#7113=CARTESIAN_POINT('',(2.483333444595E0,-6.E-1,1.E-2));
#7114=VERTEX_POINT('',#7112);
#7115=VERTEX_POINT('',#7113);
#7116=CARTESIAN_POINT('',(2.658333444595E0,-6.E-1,1.E-2));
#7117=VERTEX_POINT('',#7116);
#7118=CARTESIAN_POINT('',(2.833333444595E0,-8.085106134415E-1,1.E-2));
#7119=VERTEX_POINT('',#7118);
#7120=CARTESIAN_POINT('',(2.833333444595E0,-1.046808540821E0,1.E-2));
#7121=VERTEX_POINT('',#7120);
#7122=CARTESIAN_POINT('',(2.658333444595E0,-8.382978439331E-1,1.E-2));
#7123=VERTEX_POINT('',#7122);
#7124=CARTESIAN_POINT('',(2.658333444595E0,-2.E0,1.E-2));
#7125=VERTEX_POINT('',#7124);
#7126=CARTESIAN_POINT('',(2.25E0,-1.165957462788E0,1.E-2));
#7127=CARTESIAN_POINT('',(2.25E0,-1.434042537212E0,1.E-2));
#7128=VERTEX_POINT('',#7126);
#7129=VERTEX_POINT('',#7127);
#7130=CARTESIAN_POINT('',(2.220833444595E0,-1.582978731394E0,1.E-2));
#7131=VERTEX_POINT('',#7130);
#7132=CARTESIAN_POINT('',(2.191666555405E0,-1.672340422869E0,1.E-2));
#7133=VERTEX_POINT('',#7132);
#7134=CARTESIAN_POINT('',(2.133333444595E0,-1.791489365697E0,1.E-2));
#7135=VERTEX_POINT('',#7134);
#7136=CARTESIAN_POINT('',(2.045833444595E0,-1.880851067603E0,1.E-2));
#7137=VERTEX_POINT('',#7136);
#7138=CARTESIAN_POINT('',(1.9E0,-1.970212766901E0,1.E-2));
#7139=VERTEX_POINT('',#7138);
#7140=CARTESIAN_POINT('',(1.725E0,-2.E0,1.E-2));
#7141=VERTEX_POINT('',#7140);
#7142=CARTESIAN_POINT('',(1.55E0,-1.970212766901E0,1.E-2));
#7143=VERTEX_POINT('',#7142);
#7144=CARTESIAN_POINT('',(1.404166555405E0,-1.880851067603E0,1.E-2));
#7145=VERTEX_POINT('',#7144);
#7146=CARTESIAN_POINT('',(1.316666555405E0,-1.791489365697E0,1.E-2));
#7147=VERTEX_POINT('',#7146);
#7148=CARTESIAN_POINT('',(1.258333444595E0,-1.672340422869E0,1.E-2));
#7149=VERTEX_POINT('',#7148);
#7150=CARTESIAN_POINT('',(1.229166555405E0,-1.582978731394E0,1.E-2));
#7151=VERTEX_POINT('',#7150);
#7152=CARTESIAN_POINT('',(1.2E0,-1.434042537212E0,1.E-2));
#7153=VERTEX_POINT('',#7152);
#7154=CARTESIAN_POINT('',(1.2E0,-1.165957462788E0,1.E-2));
#7155=VERTEX_POINT('',#7154);
#7156=CARTESIAN_POINT('',(1.229166555405E0,-1.017021310329E0,1.E-2));
#7157=VERTEX_POINT('',#7156);
#7158=CARTESIAN_POINT('',(1.258333444595E0,-9.276595354080E-1,1.E-2));
#7159=VERTEX_POINT('',#7158);
#7160=CARTESIAN_POINT('',(1.316666555405E0,-8.085106134415E-1,1.E-2));
#7161=VERTEX_POINT('',#7160);
#7162=CARTESIAN_POINT('',(1.404166555405E0,-7.191489219666E-1,1.E-2));
#7163=VERTEX_POINT('',#7162);
#7164=CARTESIAN_POINT('',(1.55E0,-6.297872304916E-1,1.E-2));
#7165=VERTEX_POINT('',#7164);
#7166=CARTESIAN_POINT('',(1.725E0,-6.E-1,1.E-2));
#7167=VERTEX_POINT('',#7166);
#7168=CARTESIAN_POINT('',(1.9E0,-6.297872304916E-1,1.E-2));
#7169=VERTEX_POINT('',#7168);
#7170=CARTESIAN_POINT('',(2.045833444595E0,-7.191489219666E-1,1.E-2));
#7171=VERTEX_POINT('',#7170);
#7172=CARTESIAN_POINT('',(2.133333444595E0,-8.085106134415E-1,1.E-2));
#7173=VERTEX_POINT('',#7172);
#7174=CARTESIAN_POINT('',(2.191666555405E0,-9.276595354080E-1,1.E-2));
#7175=VERTEX_POINT('',#7174);
#7176=CARTESIAN_POINT('',(2.220833444595E0,-1.017021310329E0,1.E-2));
#7177=VERTEX_POINT('',#7176);
#7178=CARTESIAN_POINT('',(2.104166555405E0,-1.195744693279E0,1.E-2));
#7179=CARTESIAN_POINT('',(2.075E0,-1.017021310329E0,1.E-2));
#7180=VERTEX_POINT('',#7178);
#7181=VERTEX_POINT('',#7179);
#7182=CARTESIAN_POINT('',(1.958333444595E0,-8.382978439331E-1,1.E-2));
#7183=VERTEX_POINT('',#7182);
#7184=CARTESIAN_POINT('',(1.870833444595E0,-7.787233829498E-1,1.E-2));
#7185=VERTEX_POINT('',#7184);
#7186=CARTESIAN_POINT('',(1.725E0,-7.489361524582E-1,1.E-2));
#7187=VERTEX_POINT('',#7186);
#7188=CARTESIAN_POINT('',(1.579166555405E0,-7.787233829498E-1,1.E-2));
#7189=VERTEX_POINT('',#7188);
#7190=CARTESIAN_POINT('',(1.491666555405E0,-8.382978439331E-1,1.E-2));
#7191=VERTEX_POINT('',#7190);
#7192=CARTESIAN_POINT('',(1.375E0,-1.017021310329E0,1.E-2));
#7193=VERTEX_POINT('',#7192);
#7194=CARTESIAN_POINT('',(1.345833444595E0,-1.195744693279E0,1.E-2));
#7195=VERTEX_POINT('',#7194);
#7196=CARTESIAN_POINT('',(1.345833444595E0,-1.404255306721E0,1.E-2));
#7197=VERTEX_POINT('',#7196);
#7198=CARTESIAN_POINT('',(1.375E0,-1.582978731394E0,1.E-2));
#7199=VERTEX_POINT('',#7198);
#7200=CARTESIAN_POINT('',(1.491666555405E0,-1.761702135205E0,1.E-2));
#7201=VERTEX_POINT('',#7200);
#7202=CARTESIAN_POINT('',(1.579166555405E0,-1.821276596189E0,1.E-2));
#7203=VERTEX_POINT('',#7202);
#7204=CARTESIAN_POINT('',(1.725E0,-1.851063826680E0,1.E-2));
#7205=VERTEX_POINT('',#7204);
#7206=CARTESIAN_POINT('',(1.870833444595E0,-1.821276596189E0,1.E-2));
#7207=VERTEX_POINT('',#7206);
#7208=CARTESIAN_POINT('',(1.958333444595E0,-1.761702135205E0,1.E-2));
#7209=VERTEX_POINT('',#7208);
#7210=CARTESIAN_POINT('',(2.075E0,-1.582978731394E0,1.E-2));
#7211=VERTEX_POINT('',#7210);
#7212=CARTESIAN_POINT('',(2.104166555405E0,-1.404255306721E0,1.E-2));
#7213=VERTEX_POINT('',#7212);
#7214=CARTESIAN_POINT('',(6.166668891907E-1,-2.E0,1.E-2));
#7215=CARTESIAN_POINT('',(6.166668891907E-1,-6.E-1,1.E-2));
#7216=VERTEX_POINT('',#7214);
#7217=VERTEX_POINT('',#7215);
#7218=CARTESIAN_POINT('',(7.916668891907E-1,-6.E-1,1.E-2));
#7219=VERTEX_POINT('',#7218);
#7220=CARTESIAN_POINT('',(9.666668891907E-1,-8.085106134415E-1,1.E-2));
#7221=VERTEX_POINT('',#7220);
#7222=CARTESIAN_POINT('',(9.666668891907E-1,-1.046808540821E0,1.E-2));
#7223=VERTEX_POINT('',#7222);
#7224=CARTESIAN_POINT('',(7.916668891907E-1,-8.382978439331E-1,1.E-2));
#7225=VERTEX_POINT('',#7224);
#7226=CARTESIAN_POINT('',(7.916668891907E-1,-2.E0,1.E-2));
#7227=VERTEX_POINT('',#7226);
#7228=CARTESIAN_POINT('',(-2.5E-2,-1.493617039919E0,1.E-2));
#7229=CARTESIAN_POINT('',(-2.5E-2,-1.344680845737E0,1.E-2));
#7230=VERTEX_POINT('',#7228);
#7231=VERTEX_POINT('',#7229);
#7232=CARTESIAN_POINT('',(3.833331108093E-1,-1.344680845737E0,1.E-2));
#7233=VERTEX_POINT('',#7232);
#7234=CARTESIAN_POINT('',(3.833331108093E-1,-1.493617039919E0,1.E-2));
#7235=VERTEX_POINT('',#7234);
#7236=CARTESIAN_POINT('',(-3.455000021458E0,1.6E0,1.E-2));
#7237=CARTESIAN_POINT('',(-3.320000021458E0,1.6E0,1.E-2));
#7238=VERTEX_POINT('',#7236);
#7239=VERTEX_POINT('',#7237);
#7240=CARTESIAN_POINT('',(-3.027500010729E0,1.114893603325E0,1.E-2));
#7241=VERTEX_POINT('',#7240);
#7242=CARTESIAN_POINT('',(-2.735E0,1.6E0,1.E-2));
#7243=VERTEX_POINT('',#7242);
#7244=CARTESIAN_POINT('',(-2.6E0,1.6E0,1.E-2));
#7245=VERTEX_POINT('',#7244);
#7246=CARTESIAN_POINT('',(-2.960000010729E0,1.012765955925E0,1.E-2));
#7247=VERTEX_POINT('',#7246);
#7248=CARTESIAN_POINT('',(-2.960000010729E0,4.E-1,1.E-2));
#7249=VERTEX_POINT('',#7248);
#7250=CARTESIAN_POINT('',(-3.095000010729E0,4.E-1,1.E-2));
#7251=VERTEX_POINT('',#7250);
#7252=CARTESIAN_POINT('',(-3.095000010729E0,1.012765955925E0,1.E-2));
#7253=VERTEX_POINT('',#7252);
#7254=CARTESIAN_POINT('',(-4.49E0,1.6E0,1.E-2));
#7255=CARTESIAN_POINT('',(-4.355E0,1.6E0,1.E-2));
#7256=VERTEX_POINT('',#7254);
#7257=VERTEX_POINT('',#7255);
#7258=CARTESIAN_POINT('',(-4.062499957085E0,1.114893603325E0,1.E-2));
#7259=VERTEX_POINT('',#7258);
#7260=CARTESIAN_POINT('',(-3.770000042915E0,1.6E0,1.E-2));
#7261=VERTEX_POINT('',#7260);
#7262=CARTESIAN_POINT('',(-3.634999978542E0,1.6E0,1.E-2));
#7263=VERTEX_POINT('',#7262);
#7264=CARTESIAN_POINT('',(-3.994999957085E0,1.012765955925E0,1.E-2));
#7265=VERTEX_POINT('',#7264);
#7266=CARTESIAN_POINT('',(-3.994999957085E0,4.E-1,1.E-2));
#7267=VERTEX_POINT('',#7266);
#7268=CARTESIAN_POINT('',(-4.129999957085E0,4.E-1,1.E-2));
#7269=VERTEX_POINT('',#7268);
#7270=CARTESIAN_POINT('',(-4.129999957085E0,1.012765955925E0,1.E-2));
#7271=VERTEX_POINT('',#7270);
#7272=CARTESIAN_POINT('',(-5.03E0,4.E-1,1.E-2));
#7273=CARTESIAN_POINT('',(-5.210000085831E0,1.370212793350E0,1.E-2));
#7274=VERTEX_POINT('',#7272);
#7275=VERTEX_POINT('',#7273);
#7276=CARTESIAN_POINT('',(-5.389999914169E0,4.E-1,1.E-2));
#7277=VERTEX_POINT('',#7276);
#7278=CARTESIAN_POINT('',(-5.57E0,4.E-1,1.E-2));
#7279=VERTEX_POINT('',#7278);
#7280=CARTESIAN_POINT('',(-5.750000085831E0,1.6E0,1.E-2));
#7281=VERTEX_POINT('',#7280);
#7282=CARTESIAN_POINT('',(-5.615000085831E0,1.6E0,1.E-2));
#7283=VERTEX_POINT('',#7282);
#7284=CARTESIAN_POINT('',(-5.480000085831E0,6.808510661125E-1,1.E-2));
#7285=VERTEX_POINT('',#7284);
#7286=CARTESIAN_POINT('',(-5.3E0,1.6E0,1.E-2));
#7287=VERTEX_POINT('',#7286);
#7288=CARTESIAN_POINT('',(-5.119999914169E0,1.6E0,1.E-2));
#7289=VERTEX_POINT('',#7288);
#7290=CARTESIAN_POINT('',(-4.940000085831E0,6.808510661125E-1,1.E-2));
#7291=VERTEX_POINT('',#7290);
#7292=CARTESIAN_POINT('',(-4.805000085831E0,1.6E0,1.E-2));
#7293=VERTEX_POINT('',#7292);
#7294=CARTESIAN_POINT('',(-4.669999957085E0,1.6E0,1.E-2));
#7295=VERTEX_POINT('',#7294);
#7296=CARTESIAN_POINT('',(-4.849999914169E0,4.E-1,1.E-2));
#7297=VERTEX_POINT('',#7296);
#7298=CARTESIAN_POINT('',(-6.290000085831E0,4.E-1,1.E-2));
#7299=CARTESIAN_POINT('',(-6.469999914169E0,1.370212793350E0,1.E-2));
#7300=VERTEX_POINT('',#7298);
#7301=VERTEX_POINT('',#7299);
#7302=CARTESIAN_POINT('',(-6.65E0,4.E-1,1.E-2));
#7303=VERTEX_POINT('',#7302);
#7304=CARTESIAN_POINT('',(-6.830000085831E0,4.E-1,1.E-2));
#7305=VERTEX_POINT('',#7304);
#7306=CARTESIAN_POINT('',(-7.010000171661E0,1.6E0,1.E-2));
#7307=VERTEX_POINT('',#7306);
#7308=CARTESIAN_POINT('',(-6.874999914169E0,1.6E0,1.E-2));
#7309=VERTEX_POINT('',#7308);
#7310=CARTESIAN_POINT('',(-6.739999914169E0,6.808510661125E-1,1.E-2));
#7311=VERTEX_POINT('',#7310);
#7312=CARTESIAN_POINT('',(-6.560000085831E0,1.6E0,1.E-2));
#7313=VERTEX_POINT('',#7312);
#7314=CARTESIAN_POINT('',(-6.38E0,1.6E0,1.E-2));
#7315=VERTEX_POINT('',#7314);
#7316=CARTESIAN_POINT('',(-6.199999914169E0,6.808510661125E-1,1.E-2));
#7317=VERTEX_POINT('',#7316);
#7318=CARTESIAN_POINT('',(-6.064999914169E0,1.6E0,1.E-2));
#7319=VERTEX_POINT('',#7318);
#7320=CARTESIAN_POINT('',(-5.929999914169E0,1.6E0,1.E-2));
#7321=VERTEX_POINT('',#7320);
#7322=CARTESIAN_POINT('',(-6.11E0,4.E-1,1.E-2));
#7323=VERTEX_POINT('',#7322);
#7324=CARTESIAN_POINT('',(5.8E0,4.6E0,0.E0));
#7325=CARTESIAN_POINT('',(6.199999976158E0,4.6E0,0.E0));
#7326=VERTEX_POINT('',#7324);
#7327=VERTEX_POINT('',#7325);
#7328=CARTESIAN_POINT('',(7.E0,2.6E0,0.E0));
#7329=VERTEX_POINT('',#7328);
#7330=CARTESIAN_POINT('',(6.7E0,2.6E0,0.E0));
#7331=VERTEX_POINT('',#7330);
#7332=CARTESIAN_POINT('',(6.500000011921E0,3.110638296604E0,0.E0));
#7333=VERTEX_POINT('',#7332);
#7334=CARTESIAN_POINT('',(5.5E0,3.110638296604E0,0.E0));
#7335=VERTEX_POINT('',#7334);
#7336=CARTESIAN_POINT('',(5.300000047684E0,2.6E0,0.E0));
#7337=VERTEX_POINT('',#7336);
#7338=CARTESIAN_POINT('',(5.000000047684E0,2.6E0,0.E0));
#7339=VERTEX_POINT('',#7338);
#7340=CARTESIAN_POINT('',(6.000000023842E0,4.429787254333E0,0.E0));
#7341=CARTESIAN_POINT('',(5.549999952316E0,3.280851042271E0,0.E0));
#7342=VERTEX_POINT('',#7340);
#7343=VERTEX_POINT('',#7341);
#7344=CARTESIAN_POINT('',(6.449999988079E0,3.280851042271E0,0.E0));
#7345=VERTEX_POINT('',#7344);
#7346=CARTESIAN_POINT('',(2.899999904633E0,2.6E0,0.E0));
#7347=CARTESIAN_POINT('',(2.599999904633E0,2.6E0,0.E0));
#7348=VERTEX_POINT('',#7346);
#7349=VERTEX_POINT('',#7347);
#7350=CARTESIAN_POINT('',(3.450000095367E0,3.621276593208E0,0.E0));
#7351=VERTEX_POINT('',#7350);
#7352=CARTESIAN_POINT('',(2.599999904633E0,4.6E0,0.E0));
#7353=VERTEX_POINT('',#7352);
#7354=CARTESIAN_POINT('',(2.899999904633E0,4.6E0,0.E0));
#7355=VERTEX_POINT('',#7354);
#7356=CARTESIAN_POINT('',(3.600000095367E0,3.791489338875E0,0.E0));
#7357=VERTEX_POINT('',#7356);
#7358=CARTESIAN_POINT('',(4.3E0,4.6E0,0.E0));
#7359=VERTEX_POINT('',#7358);
#7360=CARTESIAN_POINT('',(4.6E0,4.6E0,0.E0));
#7361=VERTEX_POINT('',#7360);
#7362=CARTESIAN_POINT('',(3.750000095367E0,3.621276593208E0,0.E0));
#7363=VERTEX_POINT('',#7362);
#7364=CARTESIAN_POINT('',(4.6E0,2.6E0,0.E0));
#7365=VERTEX_POINT('',#7364);
#7366=CARTESIAN_POINT('',(4.3E0,2.6E0,0.E0));
#7367=VERTEX_POINT('',#7366);
#7368=CARTESIAN_POINT('',(3.600000095367E0,3.408510661125E0,0.E0));
#7369=VERTEX_POINT('',#7368);
#7370=CARTESIAN_POINT('',(1.9E0,2.6E0,0.E0));
#7371=CARTESIAN_POINT('',(1.9E0,4.6E0,0.E0));
#7372=VERTEX_POINT('',#7370);
#7373=VERTEX_POINT('',#7371);
#7374=CARTESIAN_POINT('',(2.2E0,4.6E0,0.E0));
#7375=VERTEX_POINT('',#7374);
#7376=CARTESIAN_POINT('',(2.2E0,2.6E0,0.E0));
#7377=VERTEX_POINT('',#7376);
#7378=CARTESIAN_POINT('',(-4.500001907349E-1,3.110638296604E0,0.E0));
#7379=CARTESIAN_POINT('',(-1.500001907349E-1,3.110638296604E0,0.E0));
#7380=VERTEX_POINT('',#7378);
#7381=VERTEX_POINT('',#7379);
#7382=CARTESIAN_POINT('',(-9.999980926514E-2,2.982978737354E0,0.E0));
#7383=VERTEX_POINT('',#7382);
#7384=CARTESIAN_POINT('',(5.000019073486E-2,2.897872334719E0,0.E0));
#7385=VERTEX_POINT('',#7384);
#7386=CARTESIAN_POINT('',(2.5E-1,2.855319148302E0,0.E0));
#7387=VERTEX_POINT('',#7386);
#7388=CARTESIAN_POINT('',(7.E-1,2.855319148302E0,0.E0));
#7389=VERTEX_POINT('',#7388);
#7390=CARTESIAN_POINT('',(8.999998092651E-1,2.897872334719E0,0.E0));
#7391=VERTEX_POINT('',#7390);
#7392=CARTESIAN_POINT('',(1.049999809265E0,2.982978737354E0,0.E0));
#7393=VERTEX_POINT('',#7392);
#7394=CARTESIAN_POINT('',(1.15E0,3.110638296604E0,0.E0));
#7395=VERTEX_POINT('',#7394);
#7396=CARTESIAN_POINT('',(1.199999809265E0,3.280851042271E0,0.E0));
#7397=VERTEX_POINT('',#7396);
#7398=CARTESIAN_POINT('',(1.199999809265E0,3.919148898125E0,0.E0));
#7399=VERTEX_POINT('',#7398);
#7400=CARTESIAN_POINT('',(1.15E0,4.089361643791E0,0.E0));
#7401=VERTEX_POINT('',#7400);
#7402=CARTESIAN_POINT('',(1.049999809265E0,4.217021322250E0,0.E0));
#7403=VERTEX_POINT('',#7402);
#7404=CARTESIAN_POINT('',(8.999998092651E-1,4.302127695084E0,0.E0));
#7405=VERTEX_POINT('',#7404);
#7406=CARTESIAN_POINT('',(7.E-1,4.344680881500E0,0.E0));
#7407=VERTEX_POINT('',#7406);
#7408=CARTESIAN_POINT('',(2.5E-1,4.344680881500E0,0.E0));
#7409=VERTEX_POINT('',#7408);
#7410=CARTESIAN_POINT('',(5.000019073486E-2,4.302127695084E0,0.E0));
#7411=VERTEX_POINT('',#7410);
#7412=CARTESIAN_POINT('',(-9.999980926514E-2,4.217021322250E0,0.E0));
#7413=VERTEX_POINT('',#7412);
#7414=CARTESIAN_POINT('',(-1.500001907349E-1,4.089361643791E0,0.E0));
#7415=VERTEX_POINT('',#7414);
#7416=CARTESIAN_POINT('',(-4.500001907349E-1,4.089361643791E0,0.E0));
#7417=VERTEX_POINT('',#7416);
#7418=CARTESIAN_POINT('',(-3.999998092651E-1,4.302127695084E0,0.E0));
#7419=VERTEX_POINT('',#7418);
#7420=CARTESIAN_POINT('',(-2.E-1,4.472340440750E0,0.E0));
#7421=VERTEX_POINT('',#7420);
#7422=CARTESIAN_POINT('',(-1.907348643471E-7,4.557446813583E0,0.E0));
#7423=VERTEX_POINT('',#7422);
#7424=CARTESIAN_POINT('',(2.5E-1,4.6E0,0.E0));
#7425=VERTEX_POINT('',#7424);
#7426=CARTESIAN_POINT('',(7.E-1,4.6E0,0.E0));
#7427=VERTEX_POINT('',#7426);
#7428=CARTESIAN_POINT('',(9.500001907349E-1,4.557446813583E0,0.E0));
#7429=VERTEX_POINT('',#7428);
#7430=CARTESIAN_POINT('',(1.15E0,4.472340440750E0,0.E0));
#7431=VERTEX_POINT('',#7430);
#7432=CARTESIAN_POINT('',(1.349999809265E0,4.302127695084E0,0.E0));
#7433=VERTEX_POINT('',#7432);
#7434=CARTESIAN_POINT('',(1.45E0,4.131914949417E0,0.E0));
#7435=VERTEX_POINT('',#7434);
#7436=CARTESIAN_POINT('',(1.499999809265E0,3.919148898125E0,0.E0));
#7437=VERTEX_POINT('',#7436);
#7438=CARTESIAN_POINT('',(1.499999809265E0,3.280851042271E0,0.E0));
#7439=VERTEX_POINT('',#7438);
#7440=CARTESIAN_POINT('',(1.45E0,3.068085110188E0,0.E0));
#7441=VERTEX_POINT('',#7440);
#7442=CARTESIAN_POINT('',(1.349999809265E0,2.897872334719E0,0.E0));
#7443=VERTEX_POINT('',#7442);
#7444=CARTESIAN_POINT('',(1.15E0,2.727659574151E0,0.E0));
#7445=VERTEX_POINT('',#7444);
#7446=CARTESIAN_POINT('',(9.500001907349E-1,2.642553190142E0,0.E0));
#7447=VERTEX_POINT('',#7446);
#7448=CARTESIAN_POINT('',(7.E-1,2.6E0,0.E0));
#7449=VERTEX_POINT('',#7448);
#7450=CARTESIAN_POINT('',(2.5E-1,2.6E0,0.E0));
#7451=VERTEX_POINT('',#7450);
#7452=CARTESIAN_POINT('',(-1.907348642916E-7,2.642553190142E0,0.E0));
#7453=VERTEX_POINT('',#7452);
#7454=CARTESIAN_POINT('',(-2.E-1,2.727659574151E0,0.E0));
#7455=VERTEX_POINT('',#7454);
#7456=CARTESIAN_POINT('',(-3.999998092651E-1,2.897872334719E0,0.E0));
#7457=VERTEX_POINT('',#7456);
#7458=CARTESIAN_POINT('',(-1.650000190735E0,4.6E0,0.E0));
#7459=CARTESIAN_POINT('',(-1.4E0,4.557446813583E0,0.E0));
#7460=VERTEX_POINT('',#7458);
#7461=VERTEX_POINT('',#7459);
#7462=CARTESIAN_POINT('',(-1.200000190735E0,4.472340440750E0,0.E0));
#7463=VERTEX_POINT('',#7462);
#7464=CARTESIAN_POINT('',(-9.999998092651E-1,4.302127695084E0,0.E0));
#7465=VERTEX_POINT('',#7464);
#7466=CARTESIAN_POINT('',(-9.000001907349E-1,4.131914949417E0,0.E0));
#7467=VERTEX_POINT('',#7466);
#7468=CARTESIAN_POINT('',(-8.499998092651E-1,3.919148898125E0,0.E0));
#7469=VERTEX_POINT('',#7468);
#7470=CARTESIAN_POINT('',(-8.499998092651E-1,3.280851042271E0,0.E0));
#7471=VERTEX_POINT('',#7470);
#7472=CARTESIAN_POINT('',(-9.000001907349E-1,3.068085110188E0,0.E0));
#7473=VERTEX_POINT('',#7472);
#7474=CARTESIAN_POINT('',(-9.999998092651E-1,2.897872334719E0,0.E0));
#7475=VERTEX_POINT('',#7474);
#7476=CARTESIAN_POINT('',(-1.200000190735E0,2.727659574151E0,0.E0));
#7477=VERTEX_POINT('',#7476);
#7478=CARTESIAN_POINT('',(-1.4E0,2.642553190142E0,0.E0));
#7479=VERTEX_POINT('',#7478);
#7480=CARTESIAN_POINT('',(-1.650000190735E0,2.6E0,0.E0));
#7481=VERTEX_POINT('',#7480);
#7482=CARTESIAN_POINT('',(-2.049999809265E0,2.6E0,0.E0));
#7483=VERTEX_POINT('',#7482);
#7484=CARTESIAN_POINT('',(-2.3E0,2.642553190142E0,0.E0));
#7485=VERTEX_POINT('',#7484);
#7486=CARTESIAN_POINT('',(-2.499999809265E0,2.727659574151E0,0.E0));
#7487=VERTEX_POINT('',#7486);
#7488=CARTESIAN_POINT('',(-2.699999618530E0,2.897872334719E0,0.E0));
#7489=VERTEX_POINT('',#7488);
#7490=CARTESIAN_POINT('',(-2.800000381470E0,3.068085110188E0,0.E0));
#7491=VERTEX_POINT('',#7490);
#7492=CARTESIAN_POINT('',(-2.849999618530E0,3.280851042271E0,0.E0));
#7493=VERTEX_POINT('',#7492);
#7494=CARTESIAN_POINT('',(-2.849999618530E0,3.919148898125E0,0.E0));
#7495=VERTEX_POINT('',#7494);
#7496=CARTESIAN_POINT('',(-2.800000381470E0,4.131914949417E0,0.E0));
#7497=VERTEX_POINT('',#7496);
#7498=CARTESIAN_POINT('',(-2.699999618530E0,4.302127695084E0,0.E0));
#7499=VERTEX_POINT('',#7498);
#7500=CARTESIAN_POINT('',(-2.499999809265E0,4.472340440750E0,0.E0));
#7501=VERTEX_POINT('',#7500);
#7502=CARTESIAN_POINT('',(-2.3E0,4.557446813583E0,0.E0));
#7503=VERTEX_POINT('',#7502);
#7504=CARTESIAN_POINT('',(-2.049999809265E0,4.6E0,0.E0));
#7505=VERTEX_POINT('',#7504);
#7506=CARTESIAN_POINT('',(-1.650000190735E0,4.344680881500E0,0.E0));
#7507=CARTESIAN_POINT('',(-2.049999809265E0,4.344680881500E0,0.E0));
#7508=VERTEX_POINT('',#7506);
#7509=VERTEX_POINT('',#7507);
#7510=CARTESIAN_POINT('',(-2.250000190735E0,4.302127695084E0,0.E0));
#7511=VERTEX_POINT('',#7510);
#7512=CARTESIAN_POINT('',(-2.400000190735E0,4.217021322250E0,0.E0));
#7513=VERTEX_POINT('',#7512);
#7514=CARTESIAN_POINT('',(-2.499999809265E0,4.089361643791E0,0.E0));
#7515=VERTEX_POINT('',#7514);
#7516=CARTESIAN_POINT('',(-2.550000190735E0,3.919148898125E0,0.E0));
#7517=VERTEX_POINT('',#7516);
#7518=CARTESIAN_POINT('',(-2.550000190735E0,3.280851042271E0,0.E0));
#7519=VERTEX_POINT('',#7518);
#7520=CARTESIAN_POINT('',(-2.499999809265E0,3.110638296604E0,0.E0));
#7521=VERTEX_POINT('',#7520);
#7522=CARTESIAN_POINT('',(-2.400000190735E0,2.982978737354E0,0.E0));
#7523=VERTEX_POINT('',#7522);
#7524=CARTESIAN_POINT('',(-2.250000190735E0,2.897872334719E0,0.E0));
#7525=VERTEX_POINT('',#7524);
#7526=CARTESIAN_POINT('',(-2.049999809265E0,2.855319148302E0,0.E0));
#7527=VERTEX_POINT('',#7526);
#7528=CARTESIAN_POINT('',(-1.650000190735E0,2.855319148302E0,0.E0));
#7529=VERTEX_POINT('',#7528);
#7530=CARTESIAN_POINT('',(-1.449999809265E0,2.897872334719E0,0.E0));
#7531=VERTEX_POINT('',#7530);
#7532=CARTESIAN_POINT('',(-1.299999809265E0,2.982978737354E0,0.E0));
#7533=VERTEX_POINT('',#7532);
#7534=CARTESIAN_POINT('',(-1.200000190735E0,3.110638296604E0,0.E0));
#7535=VERTEX_POINT('',#7534);
#7536=CARTESIAN_POINT('',(-1.149999809265E0,3.280851042271E0,0.E0));
#7537=VERTEX_POINT('',#7536);
#7538=CARTESIAN_POINT('',(-1.149999809265E0,3.919148898125E0,0.E0));
#7539=VERTEX_POINT('',#7538);
#7540=CARTESIAN_POINT('',(-1.200000190735E0,4.089361643791E0,0.E0));
#7541=VERTEX_POINT('',#7540);
#7542=CARTESIAN_POINT('',(-1.299999809265E0,4.217021322250E0,0.E0));
#7543=VERTEX_POINT('',#7542);
#7544=CARTESIAN_POINT('',(-1.449999809265E0,4.302127695084E0,0.E0));
#7545=VERTEX_POINT('',#7544);
#7546=CARTESIAN_POINT('',(-5.350000381470E0,4.174468135834E0,0.E0));
#7547=CARTESIAN_POINT('',(-5.350000381470E0,2.6E0,0.E0));
#7548=VERTEX_POINT('',#7546);
#7549=VERTEX_POINT('',#7547);
#7550=CARTESIAN_POINT('',(-5.650000381470E0,2.6E0,0.E0));
#7551=VERTEX_POINT('',#7550);
#7552=CARTESIAN_POINT('',(-5.650000381470E0,4.6E0,0.E0));
#7553=VERTEX_POINT('',#7552);
#7554=CARTESIAN_POINT('',(-5.200000381470E0,4.6E0,0.E0));
#7555=VERTEX_POINT('',#7554);
#7556=CARTESIAN_POINT('',(-4.450000381470E0,2.812765961885E0,0.E0));
#7557=VERTEX_POINT('',#7556);
#7558=CARTESIAN_POINT('',(-3.700000381470E0,4.6E0,0.E0));
#7559=VERTEX_POINT('',#7558);
#7560=CARTESIAN_POINT('',(-3.250000381470E0,4.6E0,0.E0));
#7561=VERTEX_POINT('',#7560);
#7562=CARTESIAN_POINT('',(-3.250000381470E0,2.6E0,0.E0));
#7563=VERTEX_POINT('',#7562);
#7564=CARTESIAN_POINT('',(-3.550000381470E0,2.6E0,0.E0));
#7565=VERTEX_POINT('',#7564);
#7566=CARTESIAN_POINT('',(-3.550000381470E0,4.174468135834E0,0.E0));
#7567=VERTEX_POINT('',#7566);
#7568=CARTESIAN_POINT('',(-4.25E0,2.6E0,0.E0));
#7569=VERTEX_POINT('',#7568);
#7570=CARTESIAN_POINT('',(-4.649999618530E0,2.6E0,0.E0));
#7571=VERTEX_POINT('',#7570);
#7572=CARTESIAN_POINT('',(6.266666650772E0,4.E-1,0.E0));
#7573=CARTESIAN_POINT('',(6.E0,1.693617057800E0,0.E0));
#7574=VERTEX_POINT('',#7572);
#7575=VERTEX_POINT('',#7573);
#7576=CARTESIAN_POINT('',(5.733333301544E0,4.E-1,0.E0));
#7577=VERTEX_POINT('',#7576);
#7578=CARTESIAN_POINT('',(5.466666698456E0,4.E-1,0.E0));
#7579=VERTEX_POINT('',#7578);
#7580=CARTESIAN_POINT('',(5.2E0,2.E0,0.E0));
#7581=VERTEX_POINT('',#7580);
#7582=CARTESIAN_POINT('',(5.4E0,2.E0,0.E0));
#7583=VERTEX_POINT('',#7582);
#7584=CARTESIAN_POINT('',(5.6E0,7.744680881500E-1,0.E0));
#7585=VERTEX_POINT('',#7584);
#7586=CARTESIAN_POINT('',(5.866666698456E0,2.E0,0.E0));
#7587=VERTEX_POINT('',#7586);
#7588=CARTESIAN_POINT('',(6.133333349228E0,2.E0,0.E0));
#7589=VERTEX_POINT('',#7588);
#7590=CARTESIAN_POINT('',(6.4E0,7.744680881500E-1,0.E0));
#7591=VERTEX_POINT('',#7590);
#7592=CARTESIAN_POINT('',(6.6E0,2.E0,0.E0));
#7593=VERTEX_POINT('',#7592);
#7594=CARTESIAN_POINT('',(6.8E0,2.E0,0.E0));
#7595=VERTEX_POINT('',#7594);
#7596=CARTESIAN_POINT('',(6.533333325386E0,4.E-1,0.E0));
#7597=VERTEX_POINT('',#7596);
#7598=CARTESIAN_POINT('',(4.533333396912E0,4.E-1,0.E0));
#7599=CARTESIAN_POINT('',(4.533333396912E0,2.E0,0.E0));
#7600=VERTEX_POINT('',#7598);
#7601=VERTEX_POINT('',#7599);
#7602=CARTESIAN_POINT('',(4.733333396912E0,2.E0,0.E0));
#7603=VERTEX_POINT('',#7602);
#7604=CARTESIAN_POINT('',(4.933333396912E0,1.761702156067E0,0.E0));
#7605=VERTEX_POINT('',#7604);
#7606=CARTESIAN_POINT('',(4.933333396912E0,1.489361667633E0,0.E0));
#7607=VERTEX_POINT('',#7606);
#7608=CARTESIAN_POINT('',(4.733333396912E0,1.727659606934E0,0.E0));
#7609=VERTEX_POINT('',#7608);
#7610=CARTESIAN_POINT('',(4.733333396912E0,4.E-1,0.E0));
#7611=VERTEX_POINT('',#7610);
#7612=CARTESIAN_POINT('',(3.866666603088E0,4.E-1,0.E0));
#7613=CARTESIAN_POINT('',(3.866666603088E0,2.E0,0.E0));
#7614=VERTEX_POINT('',#7612);
#7615=VERTEX_POINT('',#7613);
#7616=CARTESIAN_POINT('',(4.066666603088E0,2.E0,0.E0));
#7617=VERTEX_POINT('',#7616);
#7618=CARTESIAN_POINT('',(4.266666603088E0,1.761702156067E0,0.E0));
#7619=VERTEX_POINT('',#7618);
#7620=CARTESIAN_POINT('',(4.266666603088E0,1.489361667633E0,0.E0));
#7621=VERTEX_POINT('',#7620);
#7622=CARTESIAN_POINT('',(4.066666603088E0,1.727659606934E0,0.E0));
#7623=VERTEX_POINT('',#7622);
#7624=CARTESIAN_POINT('',(4.066666603088E0,4.E-1,0.E0));
#7625=VERTEX_POINT('',#7624);
#7626=CARTESIAN_POINT('',(6.1E0,-2.8E0,0.E0));
#7627=CARTESIAN_POINT('',(6.8E0,-2.8E0,0.E0));
#7628=VERTEX_POINT('',#7626);
#7629=VERTEX_POINT('',#7627);
#7630=CARTESIAN_POINT('',(6.8E0,-4.2E0,0.E0));
#7631=VERTEX_POINT('',#7630);
#7632=CARTESIAN_POINT('',(6.1E0,-4.2E0,0.E0));
#7633=VERTEX_POINT('',#7632);
#7634=CARTESIAN_POINT('',(5.954166638851E0,-4.170212766901E0,0.E0));
#7635=VERTEX_POINT('',#7634);
#7636=CARTESIAN_POINT('',(5.8375E0,-4.110638298094E0,0.E0));
#7637=VERTEX_POINT('',#7636);
#7638=CARTESIAN_POINT('',(5.720833361149E0,-3.991489365697E0,0.E0));
#7639=VERTEX_POINT('',#7638);
#7640=CARTESIAN_POINT('',(5.6625E0,-3.872340422869E0,0.E0));
#7641=VERTEX_POINT('',#7640);
#7642=CARTESIAN_POINT('',(5.633333361149E0,-3.723404270411E0,0.E0));
#7643=VERTEX_POINT('',#7642);
#7644=CARTESIAN_POINT('',(5.633333361149E0,-3.276595771313E0,0.E0));
#7645=VERTEX_POINT('',#7644);
#7646=CARTESIAN_POINT('',(5.6625E0,-3.127659535408E0,0.E0));
#7647=VERTEX_POINT('',#7646);
#7648=CARTESIAN_POINT('',(5.720833361149E0,-3.008510613441E0,0.E0));
#7649=VERTEX_POINT('',#7648);
#7650=CARTESIAN_POINT('',(5.8375E0,-2.889361691475E0,0.E0));
#7651=VERTEX_POINT('',#7650);
#7652=CARTESIAN_POINT('',(5.954166638851E0,-2.829787230492E0,0.E0));
#7653=VERTEX_POINT('',#7652);
#7654=CARTESIAN_POINT('',(6.625E0,-2.978723382950E0,0.E0));
#7655=CARTESIAN_POINT('',(6.1E0,-2.978723382950E0,0.E0));
#7656=VERTEX_POINT('',#7654);
#7657=VERTEX_POINT('',#7655);
#7658=CARTESIAN_POINT('',(5.983333361149E0,-3.008510613441E0,0.E0));
#7659=VERTEX_POINT('',#7658);
#7660=CARTESIAN_POINT('',(5.895833361149E0,-3.068085074425E0,0.E0));
#7661=VERTEX_POINT('',#7660);
#7662=CARTESIAN_POINT('',(5.8375E0,-3.157446849346E0,0.E0));
#7663=VERTEX_POINT('',#7662);
#7664=CARTESIAN_POINT('',(5.808333361149E0,-3.276595771313E0,0.E0));
#7665=VERTEX_POINT('',#7664);
#7666=CARTESIAN_POINT('',(5.808333361149E0,-3.723404270411E0,0.E0));
#7667=VERTEX_POINT('',#7666);
#7668=CARTESIAN_POINT('',(5.8375E0,-3.842553192377E0,0.E0));
#7669=VERTEX_POINT('',#7668);
#7670=CARTESIAN_POINT('',(5.895833361149E0,-3.931914883852E0,0.E0));
#7671=VERTEX_POINT('',#7670);
#7672=CARTESIAN_POINT('',(5.983333361149E0,-3.991489365697E0,0.E0));
#7673=VERTEX_POINT('',#7672);
#7674=CARTESIAN_POINT('',(6.1E0,-4.021276596189E0,0.E0));
#7675=VERTEX_POINT('',#7674);
#7676=CARTESIAN_POINT('',(6.625E0,-4.021276596189E0,0.E0));
#7677=VERTEX_POINT('',#7676);
#7678=CARTESIAN_POINT('',(5.225E0,-3.246808540821E0,0.E0));
#7679=CARTESIAN_POINT('',(5.4E0,-3.246808540821E0,0.E0));
#7680=VERTEX_POINT('',#7678);
#7681=VERTEX_POINT('',#7679);
#7682=CARTESIAN_POINT('',(4.991666722298E0,-3.723404270411E0,0.E0));
#7683=VERTEX_POINT('',#7682);
#7684=CARTESIAN_POINT('',(5.4E0,-4.2E0,0.E0));
#7685=VERTEX_POINT('',#7684);
#7686=CARTESIAN_POINT('',(5.225E0,-4.2E0,0.E0));
#7687=VERTEX_POINT('',#7686);
#7688=CARTESIAN_POINT('',(4.904166722298E0,-3.812765961885E0,0.E0));
#7689=VERTEX_POINT('',#7688);
#7690=CARTESIAN_POINT('',(4.583333277702E0,-4.2E0,0.E0));
#7691=VERTEX_POINT('',#7690);
#7692=CARTESIAN_POINT('',(4.408333277702E0,-4.2E0,0.E0));
#7693=VERTEX_POINT('',#7692);
#7694=CARTESIAN_POINT('',(4.816666722298E0,-3.723404270411E0,0.E0));
#7695=VERTEX_POINT('',#7694);
#7696=CARTESIAN_POINT('',(4.408333277702E0,-3.246808540821E0,0.E0));
#7697=VERTEX_POINT('',#7696);
#7698=CARTESIAN_POINT('',(4.583333277702E0,-3.246808540821E0,0.E0));
#7699=VERTEX_POINT('',#7698);
#7700=CARTESIAN_POINT('',(4.904166722298E0,-3.634042537212E0,0.E0));
#7701=VERTEX_POINT('',#7700);
#7702=CARTESIAN_POINT('',(4.E0,-3.246808540821E0,0.E0));
#7703=CARTESIAN_POINT('',(4.175E0,-3.246808540821E0,0.E0));
#7704=VERTEX_POINT('',#7702);
#7705=VERTEX_POINT('',#7703);
#7706=CARTESIAN_POINT('',(3.766666555405E0,-3.723404270411E0,0.E0));
#7707=VERTEX_POINT('',#7706);
#7708=CARTESIAN_POINT('',(4.175E0,-4.2E0,0.E0));
#7709=VERTEX_POINT('',#7708);
#7710=CARTESIAN_POINT('',(4.E0,-4.2E0,0.E0));
#7711=VERTEX_POINT('',#7710);
#7712=CARTESIAN_POINT('',(3.679166555405E0,-3.812765961885E0,0.E0));
#7713=VERTEX_POINT('',#7712);
#7714=CARTESIAN_POINT('',(3.358333444595E0,-4.2E0,0.E0));
#7715=VERTEX_POINT('',#7714);
#7716=CARTESIAN_POINT('',(3.183333444595E0,-4.2E0,0.E0));
#7717=VERTEX_POINT('',#7716);
#7718=CARTESIAN_POINT('',(3.591666555405E0,-3.723404270411E0,0.E0));
#7719=VERTEX_POINT('',#7718);
#7720=CARTESIAN_POINT('',(3.183333444595E0,-3.246808540821E0,0.E0));
#7721=VERTEX_POINT('',#7720);
#7722=CARTESIAN_POINT('',(3.358333444595E0,-3.246808540821E0,0.E0));
#7723=VERTEX_POINT('',#7722);
#7724=CARTESIAN_POINT('',(3.679166555405E0,-3.634042537212E0,0.E0));
#7725=VERTEX_POINT('',#7724);
#7726=CARTESIAN_POINT('',(2.775E0,-3.246808540821E0,0.E0));
#7727=CARTESIAN_POINT('',(2.95E0,-3.246808540821E0,0.E0));
#7728=VERTEX_POINT('',#7726);
#7729=VERTEX_POINT('',#7727);
#7730=CARTESIAN_POINT('',(2.541666555405E0,-3.723404270411E0,0.E0));
#7731=VERTEX_POINT('',#7730);
#7732=CARTESIAN_POINT('',(2.95E0,-4.2E0,0.E0));
#7733=VERTEX_POINT('',#7732);
#7734=CARTESIAN_POINT('',(2.775E0,-4.2E0,0.E0));
#7735=VERTEX_POINT('',#7734);
#7736=CARTESIAN_POINT('',(2.454166555405E0,-3.812765961885E0,0.E0));
#7737=VERTEX_POINT('',#7736);
#7738=CARTESIAN_POINT('',(2.133333444595E0,-4.2E0,0.E0));
#7739=VERTEX_POINT('',#7738);
#7740=CARTESIAN_POINT('',(1.958333444595E0,-4.2E0,0.E0));
#7741=VERTEX_POINT('',#7740);
#7742=CARTESIAN_POINT('',(2.366666555405E0,-3.723404270411E0,0.E0));
#7743=VERTEX_POINT('',#7742);
#7744=CARTESIAN_POINT('',(1.958333444595E0,-3.246808540821E0,0.E0));
#7745=VERTEX_POINT('',#7744);
#7746=CARTESIAN_POINT('',(2.133333444595E0,-3.246808540821E0,0.E0));
#7747=VERTEX_POINT('',#7746);
#7748=CARTESIAN_POINT('',(2.454166555405E0,-3.634042537212E0,0.E0));
#7749=VERTEX_POINT('',#7748);
#7750=CARTESIAN_POINT('',(1.55E0,-3.246808540821E0,0.E0));
#7751=CARTESIAN_POINT('',(1.725E0,-3.246808540821E0,0.E0));
#7752=VERTEX_POINT('',#7750);
#7753=VERTEX_POINT('',#7751);
#7754=CARTESIAN_POINT('',(1.316666555405E0,-3.723404270411E0,0.E0));
#7755=VERTEX_POINT('',#7754);
#7756=CARTESIAN_POINT('',(1.725E0,-4.2E0,0.E0));
#7757=VERTEX_POINT('',#7756);
#7758=CARTESIAN_POINT('',(1.55E0,-4.2E0,0.E0));
#7759=VERTEX_POINT('',#7758);
#7760=CARTESIAN_POINT('',(1.229166555405E0,-3.812765961885E0,0.E0));
#7761=VERTEX_POINT('',#7760);
#7762=CARTESIAN_POINT('',(9.083331108093E-1,-4.2E0,0.E0));
#7763=VERTEX_POINT('',#7762);
#7764=CARTESIAN_POINT('',(7.333331108093E-1,-4.2E0,0.E0));
#7765=VERTEX_POINT('',#7764);
#7766=CARTESIAN_POINT('',(1.141666889191E0,-3.723404270411E0,0.E0));
#7767=VERTEX_POINT('',#7766);
#7768=CARTESIAN_POINT('',(7.333331108093E-1,-3.246808540821E0,0.E0));
#7769=VERTEX_POINT('',#7768);
#7770=CARTESIAN_POINT('',(9.083331108093E-1,-3.246808540821E0,0.E0));
#7771=VERTEX_POINT('',#7770);
#7772=CARTESIAN_POINT('',(1.229166555405E0,-3.634042537212E0,0.E0));
#7773=VERTEX_POINT('',#7772);
#7774=CARTESIAN_POINT('',(9.166688919068E-2,-3.693617039919E0,0.E0));
#7775=CARTESIAN_POINT('',(9.166688919068E-2,-3.544680845737E0,0.E0));
#7776=VERTEX_POINT('',#7774);
#7777=VERTEX_POINT('',#7775);
#7778=CARTESIAN_POINT('',(5.E-1,-3.544680845737E0,0.E0));
#7779=VERTEX_POINT('',#7778);
#7780=CARTESIAN_POINT('',(5.E-1,-3.693617039919E0,0.E0));
#7781=VERTEX_POINT('',#7780);
#7782=CARTESIAN_POINT('',(-3.166668891907E-1,-3.246808540821E0,0.E0));
#7783=CARTESIAN_POINT('',(-1.416668891907E-1,-3.246808540821E0,0.E0));
#7784=VERTEX_POINT('',#7782);
#7785=VERTEX_POINT('',#7783);
#7786=CARTESIAN_POINT('',(-5.5E-1,-3.723404270411E0,0.E0));
#7787=VERTEX_POINT('',#7786);
#7788=CARTESIAN_POINT('',(-1.416668891907E-1,-4.2E0,0.E0));
#7789=VERTEX_POINT('',#7788);
#7790=CARTESIAN_POINT('',(-3.166668891907E-1,-4.2E0,0.E0));
#7791=VERTEX_POINT('',#7790);
#7792=CARTESIAN_POINT('',(-6.375E-1,-3.812765961885E0,0.E0));
#7793=VERTEX_POINT('',#7792);
#7794=CARTESIAN_POINT('',(-9.583331108093E-1,-4.2E0,0.E0));
#7795=VERTEX_POINT('',#7794);
#7796=CARTESIAN_POINT('',(-1.133333110809E0,-4.2E0,0.E0));
#7797=VERTEX_POINT('',#7796);
#7798=CARTESIAN_POINT('',(-7.25E-1,-3.723404270411E0,0.E0));
#7799=VERTEX_POINT('',#7798);
#7800=CARTESIAN_POINT('',(-1.133333110809E0,-3.246808540821E0,0.E0));
#7801=VERTEX_POINT('',#7800);
#7802=CARTESIAN_POINT('',(-9.583331108093E-1,-3.246808540821E0,0.E0));
#7803=VERTEX_POINT('',#7802);
#7804=CARTESIAN_POINT('',(-6.375E-1,-3.634042537212E0,0.E0));
#7805=VERTEX_POINT('',#7804);
#7806=CARTESIAN_POINT('',(-1.541666889191E0,-3.246808540821E0,0.E0));
#7807=CARTESIAN_POINT('',(-1.366666889191E0,-3.246808540821E0,0.E0));
#7808=VERTEX_POINT('',#7806);
#7809=VERTEX_POINT('',#7807);
#7810=CARTESIAN_POINT('',(-1.775E0,-3.723404270411E0,0.E0));
#7811=VERTEX_POINT('',#7810);
#7812=CARTESIAN_POINT('',(-1.366666889191E0,-4.2E0,0.E0));
#7813=VERTEX_POINT('',#7812);
#7814=CARTESIAN_POINT('',(-1.541666889191E0,-4.2E0,0.E0));
#7815=VERTEX_POINT('',#7814);
#7816=CARTESIAN_POINT('',(-1.8625E0,-3.812765961885E0,0.E0));
#7817=VERTEX_POINT('',#7816);
#7818=CARTESIAN_POINT('',(-2.183333110809E0,-4.2E0,0.E0));
#7819=VERTEX_POINT('',#7818);
#7820=CARTESIAN_POINT('',(-2.358333110809E0,-4.2E0,0.E0));
#7821=VERTEX_POINT('',#7820);
#7822=CARTESIAN_POINT('',(-1.95E0,-3.723404270411E0,0.E0));
#7823=VERTEX_POINT('',#7822);
#7824=CARTESIAN_POINT('',(-2.358333110809E0,-3.246808540821E0,0.E0));
#7825=VERTEX_POINT('',#7824);
#7826=CARTESIAN_POINT('',(-2.183333110809E0,-3.246808540821E0,0.E0));
#7827=VERTEX_POINT('',#7826);
#7828=CARTESIAN_POINT('',(-1.8625E0,-3.634042537212E0,0.E0));
#7829=VERTEX_POINT('',#7828);
#7830=CARTESIAN_POINT('',(-2.766666889191E0,-3.246808540821E0,0.E0));
#7831=CARTESIAN_POINT('',(-2.591666889191E0,-3.246808540821E0,0.E0));
#7832=VERTEX_POINT('',#7830);
#7833=VERTEX_POINT('',#7831);
#7834=CARTESIAN_POINT('',(-3.E0,-3.723404270411E0,0.E0));
#7835=VERTEX_POINT('',#7834);
#7836=CARTESIAN_POINT('',(-2.591666889191E0,-4.2E0,0.E0));
#7837=VERTEX_POINT('',#7836);
#7838=CARTESIAN_POINT('',(-2.766666889191E0,-4.2E0,0.E0));
#7839=VERTEX_POINT('',#7838);
#7840=CARTESIAN_POINT('',(-3.0875E0,-3.812765961885E0,0.E0));
#7841=VERTEX_POINT('',#7840);
#7842=CARTESIAN_POINT('',(-3.408333110809E0,-4.2E0,0.E0));
#7843=VERTEX_POINT('',#7842);
#7844=CARTESIAN_POINT('',(-3.583333110809E0,-4.2E0,0.E0));
#7845=VERTEX_POINT('',#7844);
#7846=CARTESIAN_POINT('',(-3.175E0,-3.723404270411E0,0.E0));
#7847=VERTEX_POINT('',#7846);
#7848=CARTESIAN_POINT('',(-3.583333110809E0,-3.246808540821E0,0.E0));
#7849=VERTEX_POINT('',#7848);
#7850=CARTESIAN_POINT('',(-3.408333110809E0,-3.246808540821E0,0.E0));
#7851=VERTEX_POINT('',#7850);
#7852=CARTESIAN_POINT('',(-3.0875E0,-3.634042537212E0,0.E0));
#7853=VERTEX_POINT('',#7852);
#7854=CARTESIAN_POINT('',(-3.991666889191E0,-3.246808540821E0,0.E0));
#7855=CARTESIAN_POINT('',(-3.816666889191E0,-3.246808540821E0,0.E0));
#7856=VERTEX_POINT('',#7854);
#7857=VERTEX_POINT('',#7855);
#7858=CARTESIAN_POINT('',(-4.225E0,-3.723404270411E0,0.E0));
#7859=VERTEX_POINT('',#7858);
#7860=CARTESIAN_POINT('',(-3.816666889191E0,-4.2E0,0.E0));
#7861=VERTEX_POINT('',#7860);
#7862=CARTESIAN_POINT('',(-3.991666889191E0,-4.2E0,0.E0));
#7863=VERTEX_POINT('',#7862);
#7864=CARTESIAN_POINT('',(-4.3125E0,-3.812765961885E0,0.E0));
#7865=VERTEX_POINT('',#7864);
#7866=CARTESIAN_POINT('',(-4.633333778381E0,-4.2E0,0.E0));
#7867=VERTEX_POINT('',#7866);
#7868=CARTESIAN_POINT('',(-4.808333778381E0,-4.2E0,0.E0));
#7869=VERTEX_POINT('',#7868);
#7870=CARTESIAN_POINT('',(-4.4E0,-3.723404270411E0,0.E0));
#7871=VERTEX_POINT('',#7870);
#7872=CARTESIAN_POINT('',(-4.808333778381E0,-3.246808540821E0,0.E0));
#7873=VERTEX_POINT('',#7872);
#7874=CARTESIAN_POINT('',(-4.633333778381E0,-3.246808540821E0,0.E0));
#7875=VERTEX_POINT('',#7874);
#7876=CARTESIAN_POINT('',(-4.3125E0,-3.634042537212E0,0.E0));
#7877=VERTEX_POINT('',#7876);
#7878=CARTESIAN_POINT('',(6.1E0,-2.E0,0.E0));
#7879=CARTESIAN_POINT('',(5.633333361149E0,-6.E-1,0.E0));
#7880=VERTEX_POINT('',#7878);
#7881=VERTEX_POINT('',#7879);
#7882=CARTESIAN_POINT('',(5.808333361149E0,-6.E-1,0.E0));
#7883=VERTEX_POINT('',#7882);
#7884=CARTESIAN_POINT('',(6.216666680574E0,-1.821276596189E0,0.E0));
#7885=VERTEX_POINT('',#7884);
#7886=CARTESIAN_POINT('',(6.625E0,-6.E-1,0.E0));
#7887=VERTEX_POINT('',#7886);
#7888=CARTESIAN_POINT('',(6.8E0,-6.E-1,0.E0));
#7889=VERTEX_POINT('',#7888);
#7890=CARTESIAN_POINT('',(6.333333319426E0,-2.E0,0.E0));
#7891=VERTEX_POINT('',#7890);
#7892=CARTESIAN_POINT('',(5.4E0,-1.851063826680E0,0.E0));
#7893=CARTESIAN_POINT('',(5.4E0,-2.E0,0.E0));
#7894=VERTEX_POINT('',#7892);
#7895=VERTEX_POINT('',#7893);
#7896=CARTESIAN_POINT('',(4.35E0,-2.E0,0.E0));
#7897=VERTEX_POINT('',#7896);
#7898=CARTESIAN_POINT('',(4.35E0,-1.851063826680E0,0.E0));
#7899=VERTEX_POINT('',#7898);
#7900=CARTESIAN_POINT('',(5.166666722298E0,-1.851063826680E0,0.E0));
#7901=VERTEX_POINT('',#7900);
#7902=CARTESIAN_POINT('',(4.4375E0,-1.195744693279E0,0.E0));
#7903=VERTEX_POINT('',#7902);
#7904=CARTESIAN_POINT('',(4.379166722298E0,-1.106383001804E0,0.E0));
#7905=VERTEX_POINT('',#7904);
#7906=CARTESIAN_POINT('',(4.35E0,-9.872340798378E-1,0.E0));
#7907=VERTEX_POINT('',#7906);
#7908=CARTESIAN_POINT('',(4.35E0,-9.276595354080E-1,0.E0));
#7909=VERTEX_POINT('',#7908);
#7910=CARTESIAN_POINT('',(4.379166722298E0,-8.085106134415E-1,0.E0));
#7911=VERTEX_POINT('',#7910);
#7912=CARTESIAN_POINT('',(4.495833277702E0,-6.893616914749E-1,0.E0));
#7913=VERTEX_POINT('',#7912);
#7914=CARTESIAN_POINT('',(4.6125E0,-6.297872304916E-1,0.E0));
#7915=VERTEX_POINT('',#7914);
#7916=CARTESIAN_POINT('',(4.7875E0,-6.E-1,0.E0));
#7917=VERTEX_POINT('',#7916);
#7918=CARTESIAN_POINT('',(4.904166722298E0,-6.E-1,0.E0));
#7919=VERTEX_POINT('',#7918);
#7920=CARTESIAN_POINT('',(5.108333277702E0,-6.297872304916E-1,0.E0));
#7921=VERTEX_POINT('',#7920);
#7922=CARTESIAN_POINT('',(5.225E0,-6.893616914749E-1,0.E0));
#7923=VERTEX_POINT('',#7922);
#7924=CARTESIAN_POINT('',(5.341666722298E0,-8.085106134415E-1,0.E0));
#7925=VERTEX_POINT('',#7924);
#7926=CARTESIAN_POINT('',(5.370833277702E0,-9.276595354080E-1,0.E0));
#7927=VERTEX_POINT('',#7926);
#7928=CARTESIAN_POINT('',(5.225E0,-9.276595354080E-1,0.E0));
#7929=VERTEX_POINT('',#7928);
#7930=CARTESIAN_POINT('',(5.166666722298E0,-8.382978439331E-1,0.E0));
#7931=VERTEX_POINT('',#7930);
#7932=CARTESIAN_POINT('',(5.079166722298E0,-7.787233829498E-1,0.E0));
#7933=VERTEX_POINT('',#7932);
#7934=CARTESIAN_POINT('',(4.933333277702E0,-7.489361524582E-1,0.E0));
#7935=VERTEX_POINT('',#7934);
#7936=CARTESIAN_POINT('',(4.816666722298E0,-7.489361524582E-1,0.E0));
#7937=VERTEX_POINT('',#7936);
#7938=CARTESIAN_POINT('',(4.670833277702E0,-7.787233829498E-1,0.E0));
#7939=VERTEX_POINT('',#7938);
#7940=CARTESIAN_POINT('',(4.583333277702E0,-8.382978439331E-1,0.E0));
#7941=VERTEX_POINT('',#7940);
#7942=CARTESIAN_POINT('',(4.525E0,-9.276595354080E-1,0.E0));
#7943=VERTEX_POINT('',#7942);
#7944=CARTESIAN_POINT('',(4.525E0,-9.872340798378E-1,0.E0));
#7945=VERTEX_POINT('',#7944);
#7946=CARTESIAN_POINT('',(4.583333277702E0,-1.106383001804E0,0.E0));
#7947=VERTEX_POINT('',#7946);
#7948=CARTESIAN_POINT('',(3.154166555405E0,-1.851063826680E0,0.E0));
#7949=CARTESIAN_POINT('',(3.095833444595E0,-1.761702135205E0,0.E0));
#7950=VERTEX_POINT('',#7948);
#7951=VERTEX_POINT('',#7949);
#7952=CARTESIAN_POINT('',(3.066666555405E0,-1.672340422869E0,0.E0));
#7953=VERTEX_POINT('',#7952);
#7954=CARTESIAN_POINT('',(3.066666555405E0,-1.553191500902E0,0.E0));
#7955=VERTEX_POINT('',#7954);
#7956=CARTESIAN_POINT('',(3.095833444595E0,-1.434042537212E0,0.E0));
#7957=VERTEX_POINT('',#7956);
#7958=CARTESIAN_POINT('',(3.154166555405E0,-1.344680845737E0,0.E0));
#7959=VERTEX_POINT('',#7958);
#7960=CARTESIAN_POINT('',(3.3E0,-1.285106384754E0,0.E0));
#7961=VERTEX_POINT('',#7960);
#7962=CARTESIAN_POINT('',(3.183333444595E0,-1.195744693279E0,0.E0));
#7963=VERTEX_POINT('',#7962);
#7964=CARTESIAN_POINT('',(3.125E0,-1.106383001804E0,0.E0));
#7965=VERTEX_POINT('',#7964);
#7966=CARTESIAN_POINT('',(3.095833444595E0,-9.872340798378E-1,0.E0));
#7967=VERTEX_POINT('',#7966);
#7968=CARTESIAN_POINT('',(3.095833444595E0,-9.276595354080E-1,0.E0));
#7969=VERTEX_POINT('',#7968);
#7970=CARTESIAN_POINT('',(3.125E0,-8.085106134415E-1,0.E0));
#7971=VERTEX_POINT('',#7970);
#7972=CARTESIAN_POINT('',(3.241666555405E0,-6.893616914749E-1,0.E0));
#7973=VERTEX_POINT('',#7972);
#7974=CARTESIAN_POINT('',(3.358333444595E0,-6.297872304916E-1,0.E0));
#7975=VERTEX_POINT('',#7974);
#7976=CARTESIAN_POINT('',(3.5625E0,-6.E-1,0.E0));
#7977=VERTEX_POINT('',#7976);
#7978=CARTESIAN_POINT('',(3.620833444595E0,-6.E-1,0.E0));
#7979=VERTEX_POINT('',#7978);
#7980=CARTESIAN_POINT('',(3.825E0,-6.297872304916E-1,0.E0));
#7981=VERTEX_POINT('',#7980);
#7982=CARTESIAN_POINT('',(3.941666555405E0,-6.893616914749E-1,0.E0));
#7983=VERTEX_POINT('',#7982);
#7984=CARTESIAN_POINT('',(4.058333277702E0,-8.085106134415E-1,0.E0));
#7985=VERTEX_POINT('',#7984);
#7986=CARTESIAN_POINT('',(4.0875E0,-9.276595354080E-1,0.E0));
#7987=VERTEX_POINT('',#7986);
#7988=CARTESIAN_POINT('',(3.941666555405E0,-9.276595354080E-1,0.E0));
#7989=VERTEX_POINT('',#7988);
#7990=CARTESIAN_POINT('',(3.883333444595E0,-8.382978439331E-1,0.E0));
#7991=VERTEX_POINT('',#7990);
#7992=CARTESIAN_POINT('',(3.795833444595E0,-7.787233829498E-1,0.E0));
#7993=VERTEX_POINT('',#7992);
#7994=CARTESIAN_POINT('',(3.65E0,-7.489361524582E-1,0.E0));
#7995=VERTEX_POINT('',#7994);
#7996=CARTESIAN_POINT('',(3.533333444595E0,-7.489361524582E-1,0.E0));
#7997=VERTEX_POINT('',#7996);
#7998=CARTESIAN_POINT('',(3.3875E0,-7.787233829498E-1,0.E0));
#7999=VERTEX_POINT('',#7998);
#8000=CARTESIAN_POINT('',(3.3E0,-8.382978439331E-1,0.E0));
#8001=VERTEX_POINT('',#8000);
#8002=CARTESIAN_POINT('',(3.241666555405E0,-9.276595354080E-1,0.E0));
#8003=VERTEX_POINT('',#8002);
#8004=CARTESIAN_POINT('',(3.241666555405E0,-9.872340798378E-1,0.E0));
#8005=VERTEX_POINT('',#8004);
#8006=CARTESIAN_POINT('',(3.3E0,-1.106383001804E0,0.E0));
#8007=VERTEX_POINT('',#8006);
#8008=CARTESIAN_POINT('',(3.358333444595E0,-1.165957462788E0,0.E0));
#8009=VERTEX_POINT('',#8008);
#8010=CARTESIAN_POINT('',(3.533333444595E0,-1.225531923771E0,0.E0));
#8011=VERTEX_POINT('',#8010);
#8012=CARTESIAN_POINT('',(3.65E0,-1.225531923771E0,0.E0));
#8013=VERTEX_POINT('',#8012);
#8014=CARTESIAN_POINT('',(3.65E0,-1.344680845737E0,0.E0));
#8015=VERTEX_POINT('',#8014);
#8016=CARTESIAN_POINT('',(3.533333444595E0,-1.344680845737E0,0.E0));
#8017=VERTEX_POINT('',#8016);
#8018=CARTESIAN_POINT('',(3.358333444595E0,-1.374468076229E0,0.E0));
#8019=VERTEX_POINT('',#8018);
#8020=CARTESIAN_POINT('',(3.270833444595E0,-1.434042537212E0,0.E0));
#8021=VERTEX_POINT('',#8020);
#8022=CARTESIAN_POINT('',(3.2125E0,-1.553191500902E0,0.E0));
#8023=VERTEX_POINT('',#8022);
#8024=CARTESIAN_POINT('',(3.2125E0,-1.672340422869E0,0.E0));
#8025=VERTEX_POINT('',#8024);
#8026=CARTESIAN_POINT('',(3.241666555405E0,-1.731914883852E0,0.E0));
#8027=VERTEX_POINT('',#8026);
#8028=CARTESIAN_POINT('',(3.3E0,-1.791489365697E0,0.E0));
#8029=VERTEX_POINT('',#8028);
#8030=CARTESIAN_POINT('',(3.358333444595E0,-1.821276596189E0,0.E0));
#8031=VERTEX_POINT('',#8030);
#8032=CARTESIAN_POINT('',(3.504166555405E0,-1.851063826680E0,0.E0));
#8033=VERTEX_POINT('',#8032);
#8034=CARTESIAN_POINT('',(3.679166555405E0,-1.851063826680E0,0.E0));
#8035=VERTEX_POINT('',#8034);
#8036=CARTESIAN_POINT('',(3.825E0,-1.821276596189E0,0.E0));
#8037=VERTEX_POINT('',#8036);
#8038=CARTESIAN_POINT('',(3.883333444595E0,-1.791489365697E0,0.E0));
#8039=VERTEX_POINT('',#8038);
#8040=CARTESIAN_POINT('',(3.941666555405E0,-1.731914883852E0,0.E0));
#8041=VERTEX_POINT('',#8040);
#8042=CARTESIAN_POINT('',(3.970833444595E0,-1.672340422869E0,0.E0));
#8043=VERTEX_POINT('',#8042);
#8044=CARTESIAN_POINT('',(4.116666722298E0,-1.672340422869E0,0.E0));
#8045=VERTEX_POINT('',#8044);
#8046=CARTESIAN_POINT('',(4.0875E0,-1.761702135205E0,0.E0));
#8047=VERTEX_POINT('',#8046);
#8048=CARTESIAN_POINT('',(4.029166722298E0,-1.851063826680E0,0.E0));
#8049=VERTEX_POINT('',#8048);
#8050=CARTESIAN_POINT('',(3.941666555405E0,-1.910638298094E0,0.E0));
#8051=VERTEX_POINT('',#8050);
#8052=CARTESIAN_POINT('',(3.825E0,-1.970212766901E0,0.E0));
#8053=VERTEX_POINT('',#8052);
#8054=CARTESIAN_POINT('',(3.708333444595E0,-2.E0,0.E0));
#8055=VERTEX_POINT('',#8054);
#8056=CARTESIAN_POINT('',(3.475E0,-2.E0,0.E0));
#8057=VERTEX_POINT('',#8056);
#8058=CARTESIAN_POINT('',(3.358333444595E0,-1.970212766901E0,0.E0));
#8059=VERTEX_POINT('',#8058);
#8060=CARTESIAN_POINT('',(3.241666555405E0,-1.910638298094E0,0.E0));
#8061=VERTEX_POINT('',#8060);
#8062=CARTESIAN_POINT('',(2.483333444595E0,-2.E0,0.E0));
#8063=CARTESIAN_POINT('',(2.483333444595E0,-6.E-1,0.E0));
#8064=VERTEX_POINT('',#8062);
#8065=VERTEX_POINT('',#8063);
#8066=CARTESIAN_POINT('',(2.658333444595E0,-6.E-1,0.E0));
#8067=VERTEX_POINT('',#8066);
#8068=CARTESIAN_POINT('',(2.833333444595E0,-8.085106134415E-1,0.E0));
#8069=VERTEX_POINT('',#8068);
#8070=CARTESIAN_POINT('',(2.833333444595E0,-1.046808540821E0,0.E0));
#8071=VERTEX_POINT('',#8070);
#8072=CARTESIAN_POINT('',(2.658333444595E0,-8.382978439331E-1,0.E0));
#8073=VERTEX_POINT('',#8072);
#8074=CARTESIAN_POINT('',(2.658333444595E0,-2.E0,0.E0));
#8075=VERTEX_POINT('',#8074);
#8076=CARTESIAN_POINT('',(2.25E0,-1.165957462788E0,0.E0));
#8077=CARTESIAN_POINT('',(2.25E0,-1.434042537212E0,0.E0));
#8078=VERTEX_POINT('',#8076);
#8079=VERTEX_POINT('',#8077);
#8080=CARTESIAN_POINT('',(2.220833444595E0,-1.582978731394E0,0.E0));
#8081=VERTEX_POINT('',#8080);
#8082=CARTESIAN_POINT('',(2.191666555405E0,-1.672340422869E0,0.E0));
#8083=VERTEX_POINT('',#8082);
#8084=CARTESIAN_POINT('',(2.133333444595E0,-1.791489365697E0,0.E0));
#8085=VERTEX_POINT('',#8084);
#8086=CARTESIAN_POINT('',(2.045833444595E0,-1.880851067603E0,0.E0));
#8087=VERTEX_POINT('',#8086);
#8088=CARTESIAN_POINT('',(1.9E0,-1.970212766901E0,0.E0));
#8089=VERTEX_POINT('',#8088);
#8090=CARTESIAN_POINT('',(1.725E0,-2.E0,0.E0));
#8091=VERTEX_POINT('',#8090);
#8092=CARTESIAN_POINT('',(1.55E0,-1.970212766901E0,0.E0));
#8093=VERTEX_POINT('',#8092);
#8094=CARTESIAN_POINT('',(1.404166555405E0,-1.880851067603E0,0.E0));
#8095=VERTEX_POINT('',#8094);
#8096=CARTESIAN_POINT('',(1.316666555405E0,-1.791489365697E0,0.E0));
#8097=VERTEX_POINT('',#8096);
#8098=CARTESIAN_POINT('',(1.258333444595E0,-1.672340422869E0,0.E0));
#8099=VERTEX_POINT('',#8098);
#8100=CARTESIAN_POINT('',(1.229166555405E0,-1.582978731394E0,0.E0));
#8101=VERTEX_POINT('',#8100);
#8102=CARTESIAN_POINT('',(1.2E0,-1.434042537212E0,0.E0));
#8103=VERTEX_POINT('',#8102);
#8104=CARTESIAN_POINT('',(1.2E0,-1.165957462788E0,0.E0));
#8105=VERTEX_POINT('',#8104);
#8106=CARTESIAN_POINT('',(1.229166555405E0,-1.017021310329E0,0.E0));
#8107=VERTEX_POINT('',#8106);
#8108=CARTESIAN_POINT('',(1.258333444595E0,-9.276595354080E-1,0.E0));
#8109=VERTEX_POINT('',#8108);
#8110=CARTESIAN_POINT('',(1.316666555405E0,-8.085106134415E-1,0.E0));
#8111=VERTEX_POINT('',#8110);
#8112=CARTESIAN_POINT('',(1.404166555405E0,-7.191489219666E-1,0.E0));
#8113=VERTEX_POINT('',#8112);
#8114=CARTESIAN_POINT('',(1.55E0,-6.297872304916E-1,0.E0));
#8115=VERTEX_POINT('',#8114);
#8116=CARTESIAN_POINT('',(1.725E0,-6.E-1,0.E0));
#8117=VERTEX_POINT('',#8116);
#8118=CARTESIAN_POINT('',(1.9E0,-6.297872304916E-1,0.E0));
#8119=VERTEX_POINT('',#8118);
#8120=CARTESIAN_POINT('',(2.045833444595E0,-7.191489219666E-1,0.E0));
#8121=VERTEX_POINT('',#8120);
#8122=CARTESIAN_POINT('',(2.133333444595E0,-8.085106134415E-1,0.E0));
#8123=VERTEX_POINT('',#8122);
#8124=CARTESIAN_POINT('',(2.191666555405E0,-9.276595354080E-1,0.E0));
#8125=VERTEX_POINT('',#8124);
#8126=CARTESIAN_POINT('',(2.220833444595E0,-1.017021310329E0,0.E0));
#8127=VERTEX_POINT('',#8126);
#8128=CARTESIAN_POINT('',(2.104166555405E0,-1.195744693279E0,0.E0));
#8129=CARTESIAN_POINT('',(2.075E0,-1.017021310329E0,0.E0));
#8130=VERTEX_POINT('',#8128);
#8131=VERTEX_POINT('',#8129);
#8132=CARTESIAN_POINT('',(1.958333444595E0,-8.382978439331E-1,0.E0));
#8133=VERTEX_POINT('',#8132);
#8134=CARTESIAN_POINT('',(1.870833444595E0,-7.787233829498E-1,0.E0));
#8135=VERTEX_POINT('',#8134);
#8136=CARTESIAN_POINT('',(1.725E0,-7.489361524582E-1,0.E0));
#8137=VERTEX_POINT('',#8136);
#8138=CARTESIAN_POINT('',(1.579166555405E0,-7.787233829498E-1,0.E0));
#8139=VERTEX_POINT('',#8138);
#8140=CARTESIAN_POINT('',(1.491666555405E0,-8.382978439331E-1,0.E0));
#8141=VERTEX_POINT('',#8140);
#8142=CARTESIAN_POINT('',(1.375E0,-1.017021310329E0,0.E0));
#8143=VERTEX_POINT('',#8142);
#8144=CARTESIAN_POINT('',(1.345833444595E0,-1.195744693279E0,0.E0));
#8145=VERTEX_POINT('',#8144);
#8146=CARTESIAN_POINT('',(1.345833444595E0,-1.404255306721E0,0.E0));
#8147=VERTEX_POINT('',#8146);
#8148=CARTESIAN_POINT('',(1.375E0,-1.582978731394E0,0.E0));
#8149=VERTEX_POINT('',#8148);
#8150=CARTESIAN_POINT('',(1.491666555405E0,-1.761702135205E0,0.E0));
#8151=VERTEX_POINT('',#8150);
#8152=CARTESIAN_POINT('',(1.579166555405E0,-1.821276596189E0,0.E0));
#8153=VERTEX_POINT('',#8152);
#8154=CARTESIAN_POINT('',(1.725E0,-1.851063826680E0,0.E0));
#8155=VERTEX_POINT('',#8154);
#8156=CARTESIAN_POINT('',(1.870833444595E0,-1.821276596189E0,0.E0));
#8157=VERTEX_POINT('',#8156);
#8158=CARTESIAN_POINT('',(1.958333444595E0,-1.761702135205E0,0.E0));
#8159=VERTEX_POINT('',#8158);
#8160=CARTESIAN_POINT('',(2.075E0,-1.582978731394E0,0.E0));
#8161=VERTEX_POINT('',#8160);
#8162=CARTESIAN_POINT('',(2.104166555405E0,-1.404255306721E0,0.E0));
#8163=VERTEX_POINT('',#8162);
#8164=CARTESIAN_POINT('',(6.166668891907E-1,-2.E0,0.E0));
#8165=CARTESIAN_POINT('',(6.166668891907E-1,-6.E-1,0.E0));
#8166=VERTEX_POINT('',#8164);
#8167=VERTEX_POINT('',#8165);
#8168=CARTESIAN_POINT('',(7.916668891907E-1,-6.E-1,0.E0));
#8169=VERTEX_POINT('',#8168);
#8170=CARTESIAN_POINT('',(9.666668891907E-1,-8.085106134415E-1,0.E0));
#8171=VERTEX_POINT('',#8170);
#8172=CARTESIAN_POINT('',(9.666668891907E-1,-1.046808540821E0,0.E0));
#8173=VERTEX_POINT('',#8172);
#8174=CARTESIAN_POINT('',(7.916668891907E-1,-8.382978439331E-1,0.E0));
#8175=VERTEX_POINT('',#8174);
#8176=CARTESIAN_POINT('',(7.916668891907E-1,-2.E0,0.E0));
#8177=VERTEX_POINT('',#8176);
#8178=CARTESIAN_POINT('',(-2.5E-2,-1.493617039919E0,0.E0));
#8179=CARTESIAN_POINT('',(-2.5E-2,-1.344680845737E0,0.E0));
#8180=VERTEX_POINT('',#8178);
#8181=VERTEX_POINT('',#8179);
#8182=CARTESIAN_POINT('',(3.833331108093E-1,-1.344680845737E0,0.E0));
#8183=VERTEX_POINT('',#8182);
#8184=CARTESIAN_POINT('',(3.833331108093E-1,-1.493617039919E0,0.E0));
#8185=VERTEX_POINT('',#8184);
#8186=CARTESIAN_POINT('',(-3.455000021458E0,1.6E0,0.E0));
#8187=CARTESIAN_POINT('',(-3.320000021458E0,1.6E0,0.E0));
#8188=VERTEX_POINT('',#8186);
#8189=VERTEX_POINT('',#8187);
#8190=CARTESIAN_POINT('',(-3.027500010729E0,1.114893603325E0,0.E0));
#8191=VERTEX_POINT('',#8190);
#8192=CARTESIAN_POINT('',(-2.735E0,1.6E0,0.E0));
#8193=VERTEX_POINT('',#8192);
#8194=CARTESIAN_POINT('',(-2.6E0,1.6E0,0.E0));
#8195=VERTEX_POINT('',#8194);
#8196=CARTESIAN_POINT('',(-2.960000010729E0,1.012765955925E0,0.E0));
#8197=VERTEX_POINT('',#8196);
#8198=CARTESIAN_POINT('',(-2.960000010729E0,4.E-1,0.E0));
#8199=VERTEX_POINT('',#8198);
#8200=CARTESIAN_POINT('',(-3.095000010729E0,4.E-1,0.E0));
#8201=VERTEX_POINT('',#8200);
#8202=CARTESIAN_POINT('',(-3.095000010729E0,1.012765955925E0,0.E0));
#8203=VERTEX_POINT('',#8202);
#8204=CARTESIAN_POINT('',(-4.49E0,1.6E0,0.E0));
#8205=CARTESIAN_POINT('',(-4.355E0,1.6E0,0.E0));
#8206=VERTEX_POINT('',#8204);
#8207=VERTEX_POINT('',#8205);
#8208=CARTESIAN_POINT('',(-4.062499957085E0,1.114893603325E0,0.E0));
#8209=VERTEX_POINT('',#8208);
#8210=CARTESIAN_POINT('',(-3.770000042915E0,1.6E0,0.E0));
#8211=VERTEX_POINT('',#8210);
#8212=CARTESIAN_POINT('',(-3.634999978542E0,1.6E0,0.E0));
#8213=VERTEX_POINT('',#8212);
#8214=CARTESIAN_POINT('',(-3.994999957085E0,1.012765955925E0,0.E0));
#8215=VERTEX_POINT('',#8214);
#8216=CARTESIAN_POINT('',(-3.994999957085E0,4.E-1,0.E0));
#8217=VERTEX_POINT('',#8216);
#8218=CARTESIAN_POINT('',(-4.129999957085E0,4.E-1,0.E0));
#8219=VERTEX_POINT('',#8218);
#8220=CARTESIAN_POINT('',(-4.129999957085E0,1.012765955925E0,0.E0));
#8221=VERTEX_POINT('',#8220);
#8222=CARTESIAN_POINT('',(-5.03E0,4.E-1,0.E0));
#8223=CARTESIAN_POINT('',(-5.210000085831E0,1.370212793350E0,0.E0));
#8224=VERTEX_POINT('',#8222);
#8225=VERTEX_POINT('',#8223);
#8226=CARTESIAN_POINT('',(-5.389999914169E0,4.E-1,0.E0));
#8227=VERTEX_POINT('',#8226);
#8228=CARTESIAN_POINT('',(-5.57E0,4.E-1,0.E0));
#8229=VERTEX_POINT('',#8228);
#8230=CARTESIAN_POINT('',(-5.750000085831E0,1.6E0,0.E0));
#8231=VERTEX_POINT('',#8230);
#8232=CARTESIAN_POINT('',(-5.615000085831E0,1.6E0,0.E0));
#8233=VERTEX_POINT('',#8232);
#8234=CARTESIAN_POINT('',(-5.480000085831E0,6.808510661125E-1,0.E0));
#8235=VERTEX_POINT('',#8234);
#8236=CARTESIAN_POINT('',(-5.3E0,1.6E0,0.E0));
#8237=VERTEX_POINT('',#8236);
#8238=CARTESIAN_POINT('',(-5.119999914169E0,1.6E0,0.E0));
#8239=VERTEX_POINT('',#8238);
#8240=CARTESIAN_POINT('',(-4.940000085831E0,6.808510661125E-1,0.E0));
#8241=VERTEX_POINT('',#8240);
#8242=CARTESIAN_POINT('',(-4.805000085831E0,1.6E0,0.E0));
#8243=VERTEX_POINT('',#8242);
#8244=CARTESIAN_POINT('',(-4.669999957085E0,1.6E0,0.E0));
#8245=VERTEX_POINT('',#8244);
#8246=CARTESIAN_POINT('',(-4.849999914169E0,4.E-1,0.E0));
#8247=VERTEX_POINT('',#8246);
#8248=CARTESIAN_POINT('',(-6.290000085831E0,4.E-1,0.E0));
#8249=CARTESIAN_POINT('',(-6.469999914169E0,1.370212793350E0,0.E0));
#8250=VERTEX_POINT('',#8248);
#8251=VERTEX_POINT('',#8249);
#8252=CARTESIAN_POINT('',(-6.65E0,4.E-1,0.E0));
#8253=VERTEX_POINT('',#8252);
#8254=CARTESIAN_POINT('',(-6.830000085831E0,4.E-1,0.E0));
#8255=VERTEX_POINT('',#8254);
#8256=CARTESIAN_POINT('',(-7.010000171661E0,1.6E0,0.E0));
#8257=VERTEX_POINT('',#8256);
#8258=CARTESIAN_POINT('',(-6.874999914169E0,1.6E0,0.E0));
#8259=VERTEX_POINT('',#8258);
#8260=CARTESIAN_POINT('',(-6.739999914169E0,6.808510661125E-1,0.E0));
#8261=VERTEX_POINT('',#8260);
#8262=CARTESIAN_POINT('',(-6.560000085831E0,1.6E0,0.E0));
#8263=VERTEX_POINT('',#8262);
#8264=CARTESIAN_POINT('',(-6.38E0,1.6E0,0.E0));
#8265=VERTEX_POINT('',#8264);
#8266=CARTESIAN_POINT('',(-6.199999914169E0,6.808510661125E-1,0.E0));
#8267=VERTEX_POINT('',#8266);
#8268=CARTESIAN_POINT('',(-6.064999914169E0,1.6E0,0.E0));
#8269=VERTEX_POINT('',#8268);
#8270=CARTESIAN_POINT('',(-5.929999914169E0,1.6E0,0.E0));
#8271=VERTEX_POINT('',#8270);
#8272=CARTESIAN_POINT('',(-6.11E0,4.E-1,0.E0));
#8273=VERTEX_POINT('',#8272);
#8274=CARTESIAN_POINT('',(6.05E0,3.91E0,1.49E1));
#8275=CARTESIAN_POINT('',(6.05E0,3.71E0,1.49E1));
#8276=VERTEX_POINT('',#8274);
#8277=VERTEX_POINT('',#8275);
#8278=CARTESIAN_POINT('',(6.45E0,3.71E0,1.49E1));
#8279=VERTEX_POINT('',#8278);
#8280=CARTESIAN_POINT('',(6.45E0,3.91E0,1.49E1));
#8281=VERTEX_POINT('',#8280);
#8282=CARTESIAN_POINT('',(6.05E0,-3.91E0,1.49E1));
#8283=CARTESIAN_POINT('',(6.45E0,-3.91E0,1.49E1));
#8284=VERTEX_POINT('',#8282);
#8285=VERTEX_POINT('',#8283);
#8286=CARTESIAN_POINT('',(6.45E0,-3.71E0,1.49E1));
#8287=VERTEX_POINT('',#8286);
#8288=CARTESIAN_POINT('',(6.05E0,-3.71E0,1.49E1));
#8289=VERTEX_POINT('',#8288);
#8290=CARTESIAN_POINT('',(-6.65E0,3.91E0,1.49E1));
#8291=CARTESIAN_POINT('',(-6.65E0,3.71E0,1.49E1));
#8292=VERTEX_POINT('',#8290);
#8293=VERTEX_POINT('',#8291);
#8294=CARTESIAN_POINT('',(-6.25E0,3.71E0,1.49E1));
#8295=VERTEX_POINT('',#8294);
#8296=CARTESIAN_POINT('',(-6.25E0,3.91E0,1.49E1));
#8297=VERTEX_POINT('',#8296);
#8298=CARTESIAN_POINT('',(-4.11E0,3.91E0,1.49E1));
#8299=CARTESIAN_POINT('',(-4.11E0,3.71E0,1.49E1));
#8300=VERTEX_POINT('',#8298);
#8301=VERTEX_POINT('',#8299);
#8302=CARTESIAN_POINT('',(-3.71E0,3.71E0,1.49E1));
#8303=VERTEX_POINT('',#8302);
#8304=CARTESIAN_POINT('',(-3.71E0,3.91E0,1.49E1));
#8305=VERTEX_POINT('',#8304);
#8306=CARTESIAN_POINT('',(-6.65E0,-3.91E0,1.49E1));
#8307=CARTESIAN_POINT('',(-6.25E0,-3.91E0,1.49E1));
#8308=VERTEX_POINT('',#8306);
#8309=VERTEX_POINT('',#8307);
#8310=CARTESIAN_POINT('',(-6.25E0,-3.71E0,1.49E1));
#8311=VERTEX_POINT('',#8310);
#8312=CARTESIAN_POINT('',(-6.65E0,-3.71E0,1.49E1));
#8313=VERTEX_POINT('',#8312);
#8314=CARTESIAN_POINT('',(-4.11E0,-3.91E0,1.49E1));
#8315=CARTESIAN_POINT('',(-3.71E0,-3.91E0,1.49E1));
#8316=VERTEX_POINT('',#8314);
#8317=VERTEX_POINT('',#8315);
#8318=CARTESIAN_POINT('',(-3.71E0,-3.71E0,1.49E1));
#8319=VERTEX_POINT('',#8318);
#8320=CARTESIAN_POINT('',(-4.11E0,-3.71E0,1.49E1));
#8321=VERTEX_POINT('',#8320);
#8322=CARTESIAN_POINT('',(6.05E0,3.91E0,1.1E1));
#8323=CARTESIAN_POINT('',(6.05E0,3.71E0,1.1E1));
#8324=VERTEX_POINT('',#8322);
#8325=VERTEX_POINT('',#8323);
#8326=CARTESIAN_POINT('',(6.45E0,3.71E0,1.1E1));
#8327=VERTEX_POINT('',#8326);
#8328=CARTESIAN_POINT('',(6.45E0,3.91E0,1.1E1));
#8329=VERTEX_POINT('',#8328);
#8330=CARTESIAN_POINT('',(6.05E0,-3.91E0,1.1E1));
#8331=CARTESIAN_POINT('',(6.45E0,-3.91E0,1.1E1));
#8332=VERTEX_POINT('',#8330);
#8333=VERTEX_POINT('',#8331);
#8334=CARTESIAN_POINT('',(6.45E0,-3.71E0,1.1E1));
#8335=VERTEX_POINT('',#8334);
#8336=CARTESIAN_POINT('',(6.05E0,-3.71E0,1.1E1));
#8337=VERTEX_POINT('',#8336);
#8338=CARTESIAN_POINT('',(-6.65E0,3.91E0,1.1E1));
#8339=CARTESIAN_POINT('',(-6.65E0,3.71E0,1.1E1));
#8340=VERTEX_POINT('',#8338);
#8341=VERTEX_POINT('',#8339);
#8342=CARTESIAN_POINT('',(-6.25E0,3.71E0,1.1E1));
#8343=VERTEX_POINT('',#8342);
#8344=CARTESIAN_POINT('',(-6.25E0,3.91E0,1.1E1));
#8345=VERTEX_POINT('',#8344);
#8346=CARTESIAN_POINT('',(-4.11E0,3.91E0,1.1E1));
#8347=CARTESIAN_POINT('',(-4.11E0,3.71E0,1.1E1));
#8348=VERTEX_POINT('',#8346);
#8349=VERTEX_POINT('',#8347);
#8350=CARTESIAN_POINT('',(-3.71E0,3.71E0,1.1E1));
#8351=VERTEX_POINT('',#8350);
#8352=CARTESIAN_POINT('',(-3.71E0,3.91E0,1.1E1));
#8353=VERTEX_POINT('',#8352);
#8354=CARTESIAN_POINT('',(-6.65E0,-3.91E0,1.1E1));
#8355=CARTESIAN_POINT('',(-6.25E0,-3.91E0,1.1E1));
#8356=VERTEX_POINT('',#8354);
#8357=VERTEX_POINT('',#8355);
#8358=CARTESIAN_POINT('',(-6.25E0,-3.71E0,1.1E1));
#8359=VERTEX_POINT('',#8358);
#8360=CARTESIAN_POINT('',(-6.65E0,-3.71E0,1.1E1));
#8361=VERTEX_POINT('',#8360);
#8362=CARTESIAN_POINT('',(-4.11E0,-3.91E0,1.1E1));
#8363=CARTESIAN_POINT('',(-3.71E0,-3.91E0,1.1E1));
#8364=VERTEX_POINT('',#8362);
#8365=VERTEX_POINT('',#8363);
#8366=CARTESIAN_POINT('',(-3.71E0,-3.71E0,1.1E1));
#8367=VERTEX_POINT('',#8366);
#8368=CARTESIAN_POINT('',(-4.11E0,-3.71E0,1.1E1));
#8369=VERTEX_POINT('',#8368);
#8370=CARTESIAN_POINT('',(0.E0,0.E0,0.E0));
#8371=DIRECTION('',(0.E0,0.E0,-1.E0));
#8372=DIRECTION('',(-1.E0,0.E0,0.E0));
#8373=AXIS2_PLACEMENT_3D('',#8370,#8371,#8372);
#8374=PLANE('',#8373);
#8376=ORIENTED_EDGE('',*,*,#8375,.F.);
#8378=ORIENTED_EDGE('',*,*,#8377,.F.);
#8380=ORIENTED_EDGE('',*,*,#8379,.F.);
#8382=ORIENTED_EDGE('',*,*,#8381,.F.);
#8383=EDGE_LOOP('',(#8376,#8378,#8380,#8382));
#8384=FACE_OUTER_BOUND('',#8383,.F.);
#8386=ORIENTED_EDGE('',*,*,#8385,.T.);
#8388=ORIENTED_EDGE('',*,*,#8387,.T.);
#8390=ORIENTED_EDGE('',*,*,#8389,.T.);
#8392=ORIENTED_EDGE('',*,*,#8391,.T.);
#8394=ORIENTED_EDGE('',*,*,#8393,.T.);
#8396=ORIENTED_EDGE('',*,*,#8395,.T.);
#8398=ORIENTED_EDGE('',*,*,#8397,.T.);
#8400=ORIENTED_EDGE('',*,*,#8399,.T.);
#8401=EDGE_LOOP('',(#8386,#8388,#8390,#8392,#8394,#8396,#8398,#8400));
#8402=FACE_BOUND('',#8401,.F.);
#8404=ORIENTED_EDGE('',*,*,#8403,.T.);
#8406=ORIENTED_EDGE('',*,*,#8405,.T.);
#8408=ORIENTED_EDGE('',*,*,#8407,.T.);
#8410=ORIENTED_EDGE('',*,*,#8409,.T.);
#8412=ORIENTED_EDGE('',*,*,#8411,.T.);
#8414=ORIENTED_EDGE('',*,*,#8413,.T.);
#8416=ORIENTED_EDGE('',*,*,#8415,.T.);
#8418=ORIENTED_EDGE('',*,*,#8417,.T.);
#8420=ORIENTED_EDGE('',*,*,#8419,.T.);
#8422=ORIENTED_EDGE('',*,*,#8421,.T.);
#8424=ORIENTED_EDGE('',*,*,#8423,.T.);
#8426=ORIENTED_EDGE('',*,*,#8425,.T.);
#8427=EDGE_LOOP('',(#8404,#8406,#8408,#8410,#8412,#8414,#8416,#8418,#8420,#8422,
#8424,#8426));
#8428=FACE_BOUND('',#8427,.F.);
#8430=ORIENTED_EDGE('',*,*,#8429,.T.);
#8432=ORIENTED_EDGE('',*,*,#8431,.T.);
#8434=ORIENTED_EDGE('',*,*,#8433,.T.);
#8436=ORIENTED_EDGE('',*,*,#8435,.T.);
#8437=EDGE_LOOP('',(#8430,#8432,#8434,#8436));
#8438=FACE_BOUND('',#8437,.F.);
#8440=ORIENTED_EDGE('',*,*,#8439,.T.);
#8442=ORIENTED_EDGE('',*,*,#8441,.T.);
#8444=ORIENTED_EDGE('',*,*,#8443,.T.);
#8446=ORIENTED_EDGE('',*,*,#8445,.T.);
#8448=ORIENTED_EDGE('',*,*,#8447,.T.);
#8450=ORIENTED_EDGE('',*,*,#8449,.T.);
#8452=ORIENTED_EDGE('',*,*,#8451,.T.);
#8454=ORIENTED_EDGE('',*,*,#8453,.T.);
#8456=ORIENTED_EDGE('',*,*,#8455,.T.);
#8458=ORIENTED_EDGE('',*,*,#8457,.T.);
#8460=ORIENTED_EDGE('',*,*,#8459,.T.);
#8462=ORIENTED_EDGE('',*,*,#8461,.T.);
#8464=ORIENTED_EDGE('',*,*,#8463,.T.);
#8466=ORIENTED_EDGE('',*,*,#8465,.T.);
#8468=ORIENTED_EDGE('',*,*,#8467,.T.);
#8470=ORIENTED_EDGE('',*,*,#8469,.T.);
#8472=ORIENTED_EDGE('',*,*,#8471,.T.);
#8474=ORIENTED_EDGE('',*,*,#8473,.T.);
#8476=ORIENTED_EDGE('',*,*,#8475,.T.);
#8478=ORIENTED_EDGE('',*,*,#8477,.T.);
#8480=ORIENTED_EDGE('',*,*,#8479,.T.);
#8482=ORIENTED_EDGE('',*,*,#8481,.T.);
#8484=ORIENTED_EDGE('',*,*,#8483,.T.);
#8486=ORIENTED_EDGE('',*,*,#8485,.T.);
#8488=ORIENTED_EDGE('',*,*,#8487,.T.);
#8490=ORIENTED_EDGE('',*,*,#8489,.T.);
#8492=ORIENTED_EDGE('',*,*,#8491,.T.);
#8494=ORIENTED_EDGE('',*,*,#8493,.T.);
#8496=ORIENTED_EDGE('',*,*,#8495,.T.);
#8498=ORIENTED_EDGE('',*,*,#8497,.T.);
#8500=ORIENTED_EDGE('',*,*,#8499,.T.);
#8502=ORIENTED_EDGE('',*,*,#8501,.T.);
#8504=ORIENTED_EDGE('',*,*,#8503,.T.);
#8506=ORIENTED_EDGE('',*,*,#8505,.T.);
#8508=ORIENTED_EDGE('',*,*,#8507,.T.);
#8510=ORIENTED_EDGE('',*,*,#8509,.T.);
#8512=ORIENTED_EDGE('',*,*,#8511,.T.);
#8514=ORIENTED_EDGE('',*,*,#8513,.T.);
#8516=ORIENTED_EDGE('',*,*,#8515,.T.);
#8518=ORIENTED_EDGE('',*,*,#8517,.T.);
#8519=EDGE_LOOP('',(#8440,#8442,#8444,#8446,#8448,#8450,#8452,#8454,#8456,#8458,
#8460,#8462,#8464,#8466,#8468,#8470,#8472,#8474,#8476,#8478,#8480,#8482,#8484,
#8486,#8488,#8490,#8492,#8494,#8496,#8498,#8500,#8502,#8504,#8506,#8508,#8510,
#8512,#8514,#8516,#8518));
#8520=FACE_BOUND('',#8519,.F.);
#8522=ORIENTED_EDGE('',*,*,#8521,.T.);
#8524=ORIENTED_EDGE('',*,*,#8523,.T.);
#8526=ORIENTED_EDGE('',*,*,#8525,.T.);
#8528=ORIENTED_EDGE('',*,*,#8527,.T.);
#8530=ORIENTED_EDGE('',*,*,#8529,.T.);
#8532=ORIENTED_EDGE('',*,*,#8531,.T.);
#8534=ORIENTED_EDGE('',*,*,#8533,.T.);
#8536=ORIENTED_EDGE('',*,*,#8535,.T.);
#8538=ORIENTED_EDGE('',*,*,#8537,.T.);
#8540=ORIENTED_EDGE('',*,*,#8539,.T.);
#8542=ORIENTED_EDGE('',*,*,#8541,.T.);
#8544=ORIENTED_EDGE('',*,*,#8543,.T.);
#8546=ORIENTED_EDGE('',*,*,#8545,.T.);
#8548=ORIENTED_EDGE('',*,*,#8547,.T.);
#8550=ORIENTED_EDGE('',*,*,#8549,.T.);
#8552=ORIENTED_EDGE('',*,*,#8551,.T.);
#8554=ORIENTED_EDGE('',*,*,#8553,.T.);
#8556=ORIENTED_EDGE('',*,*,#8555,.T.);
#8558=ORIENTED_EDGE('',*,*,#8557,.T.);
#8560=ORIENTED_EDGE('',*,*,#8559,.T.);
#8562=ORIENTED_EDGE('',*,*,#8561,.T.);
#8564=ORIENTED_EDGE('',*,*,#8563,.T.);
#8566=ORIENTED_EDGE('',*,*,#8565,.T.);
#8568=ORIENTED_EDGE('',*,*,#8567,.T.);
#8569=EDGE_LOOP('',(#8522,#8524,#8526,#8528,#8530,#8532,#8534,#8536,#8538,#8540,
#8542,#8544,#8546,#8548,#8550,#8552,#8554,#8556,#8558,#8560,#8562,#8564,#8566,
#8568));
#8570=FACE_BOUND('',#8569,.F.);
#8572=ORIENTED_EDGE('',*,*,#8571,.T.);
#8574=ORIENTED_EDGE('',*,*,#8573,.T.);
#8576=ORIENTED_EDGE('',*,*,#8575,.T.);
#8578=ORIENTED_EDGE('',*,*,#8577,.T.);
#8580=ORIENTED_EDGE('',*,*,#8579,.T.);
#8582=ORIENTED_EDGE('',*,*,#8581,.T.);
#8584=ORIENTED_EDGE('',*,*,#8583,.T.);
#8586=ORIENTED_EDGE('',*,*,#8585,.T.);
#8588=ORIENTED_EDGE('',*,*,#8587,.T.);
#8590=ORIENTED_EDGE('',*,*,#8589,.T.);
#8592=ORIENTED_EDGE('',*,*,#8591,.T.);
#8594=ORIENTED_EDGE('',*,*,#8593,.T.);
#8596=ORIENTED_EDGE('',*,*,#8595,.T.);
#8597=EDGE_LOOP('',(#8572,#8574,#8576,#8578,#8580,#8582,#8584,#8586,#8588,#8590,
#8592,#8594,#8596));
#8598=FACE_BOUND('',#8597,.F.);
#8600=ORIENTED_EDGE('',*,*,#8599,.T.);
#8602=ORIENTED_EDGE('',*,*,#8601,.T.);
#8604=ORIENTED_EDGE('',*,*,#8603,.T.);
#8606=ORIENTED_EDGE('',*,*,#8605,.T.);
#8608=ORIENTED_EDGE('',*,*,#8607,.T.);
#8610=ORIENTED_EDGE('',*,*,#8609,.T.);
#8612=ORIENTED_EDGE('',*,*,#8611,.T.);
#8614=ORIENTED_EDGE('',*,*,#8613,.T.);
#8616=ORIENTED_EDGE('',*,*,#8615,.T.);
#8618=ORIENTED_EDGE('',*,*,#8617,.T.);
#8620=ORIENTED_EDGE('',*,*,#8619,.T.);
#8622=ORIENTED_EDGE('',*,*,#8621,.T.);
#8624=ORIENTED_EDGE('',*,*,#8623,.T.);
#8625=EDGE_LOOP('',(#8600,#8602,#8604,#8606,#8608,#8610,#8612,#8614,#8616,#8618,
#8620,#8622,#8624));
#8626=FACE_BOUND('',#8625,.F.);
#8628=ORIENTED_EDGE('',*,*,#8627,.T.);
#8630=ORIENTED_EDGE('',*,*,#8629,.T.);
#8632=ORIENTED_EDGE('',*,*,#8631,.T.);
#8634=ORIENTED_EDGE('',*,*,#8633,.T.);
#8636=ORIENTED_EDGE('',*,*,#8635,.T.);
#8638=ORIENTED_EDGE('',*,*,#8637,.T.);
#8640=ORIENTED_EDGE('',*,*,#8639,.T.);
#8641=EDGE_LOOP('',(#8628,#8630,#8632,#8634,#8636,#8638,#8640));
#8642=FACE_BOUND('',#8641,.F.);
#8644=ORIENTED_EDGE('',*,*,#8643,.T.);
#8646=ORIENTED_EDGE('',*,*,#8645,.T.);
#8648=ORIENTED_EDGE('',*,*,#8647,.T.);
#8650=ORIENTED_EDGE('',*,*,#8649,.T.);
#8652=ORIENTED_EDGE('',*,*,#8651,.T.);
#8654=ORIENTED_EDGE('',*,*,#8653,.T.);
#8656=ORIENTED_EDGE('',*,*,#8655,.T.);
#8657=EDGE_LOOP('',(#8644,#8646,#8648,#8650,#8652,#8654,#8656));
#8658=FACE_BOUND('',#8657,.F.);
#8660=ORIENTED_EDGE('',*,*,#8659,.T.);
#8662=ORIENTED_EDGE('',*,*,#8661,.T.);
#8664=ORIENTED_EDGE('',*,*,#8663,.T.);
#8666=ORIENTED_EDGE('',*,*,#8665,.T.);
#8668=ORIENTED_EDGE('',*,*,#8667,.T.);
#8670=ORIENTED_EDGE('',*,*,#8669,.T.);
#8672=ORIENTED_EDGE('',*,*,#8671,.T.);
#8674=ORIENTED_EDGE('',*,*,#8673,.T.);
#8676=ORIENTED_EDGE('',*,*,#8675,.T.);
#8678=ORIENTED_EDGE('',*,*,#8677,.T.);
#8680=ORIENTED_EDGE('',*,*,#8679,.T.);
#8682=ORIENTED_EDGE('',*,*,#8681,.T.);
#8684=ORIENTED_EDGE('',*,*,#8683,.T.);
#8686=ORIENTED_EDGE('',*,*,#8685,.T.);
#8687=EDGE_LOOP('',(#8660,#8662,#8664,#8666,#8668,#8670,#8672,#8674,#8676,#8678,
#8680,#8682,#8684,#8686));
#8688=FACE_BOUND('',#8687,.F.);
#8690=ORIENTED_EDGE('',*,*,#8689,.T.);
#8692=ORIENTED_EDGE('',*,*,#8691,.T.);
#8694=ORIENTED_EDGE('',*,*,#8693,.T.);
#8696=ORIENTED_EDGE('',*,*,#8695,.T.);
#8698=ORIENTED_EDGE('',*,*,#8697,.T.);
#8700=ORIENTED_EDGE('',*,*,#8699,.T.);
#8702=ORIENTED_EDGE('',*,*,#8701,.T.);
#8704=ORIENTED_EDGE('',*,*,#8703,.T.);
#8706=ORIENTED_EDGE('',*,*,#8705,.T.);
#8708=ORIENTED_EDGE('',*,*,#8707,.T.);
#8710=ORIENTED_EDGE('',*,*,#8709,.T.);
#8712=ORIENTED_EDGE('',*,*,#8711,.T.);
#8713=EDGE_LOOP('',(#8690,#8692,#8694,#8696,#8698,#8700,#8702,#8704,#8706,#8708,
#8710,#8712));
#8714=FACE_BOUND('',#8713,.F.);
#8716=ORIENTED_EDGE('',*,*,#8715,.T.);
#8718=ORIENTED_EDGE('',*,*,#8717,.T.);
#8720=ORIENTED_EDGE('',*,*,#8719,.T.);
#8722=ORIENTED_EDGE('',*,*,#8721,.T.);
#8724=ORIENTED_EDGE('',*,*,#8723,.T.);
#8726=ORIENTED_EDGE('',*,*,#8725,.T.);
#8728=ORIENTED_EDGE('',*,*,#8727,.T.);
#8730=ORIENTED_EDGE('',*,*,#8729,.T.);
#8732=ORIENTED_EDGE('',*,*,#8731,.T.);
#8734=ORIENTED_EDGE('',*,*,#8733,.T.);
#8736=ORIENTED_EDGE('',*,*,#8735,.T.);
#8738=ORIENTED_EDGE('',*,*,#8737,.T.);
#8739=EDGE_LOOP('',(#8716,#8718,#8720,#8722,#8724,#8726,#8728,#8730,#8732,#8734,
#8736,#8738));
#8740=FACE_BOUND('',#8739,.F.);
#8742=ORIENTED_EDGE('',*,*,#8741,.T.);
#8744=ORIENTED_EDGE('',*,*,#8743,.T.);
#8746=ORIENTED_EDGE('',*,*,#8745,.T.);
#8748=ORIENTED_EDGE('',*,*,#8747,.T.);
#8750=ORIENTED_EDGE('',*,*,#8749,.T.);
#8752=ORIENTED_EDGE('',*,*,#8751,.T.);
#8754=ORIENTED_EDGE('',*,*,#8753,.T.);
#8756=ORIENTED_EDGE('',*,*,#8755,.T.);
#8758=ORIENTED_EDGE('',*,*,#8757,.T.);
#8760=ORIENTED_EDGE('',*,*,#8759,.T.);
#8762=ORIENTED_EDGE('',*,*,#8761,.T.);
#8764=ORIENTED_EDGE('',*,*,#8763,.T.);
#8765=EDGE_LOOP('',(#8742,#8744,#8746,#8748,#8750,#8752,#8754,#8756,#8758,#8760,
#8762,#8764));
#8766=FACE_BOUND('',#8765,.F.);
#8768=ORIENTED_EDGE('',*,*,#8767,.T.);
#8770=ORIENTED_EDGE('',*,*,#8769,.T.);
#8772=ORIENTED_EDGE('',*,*,#8771,.T.);
#8774=ORIENTED_EDGE('',*,*,#8773,.T.);
#8776=ORIENTED_EDGE('',*,*,#8775,.T.);
#8778=ORIENTED_EDGE('',*,*,#8777,.T.);
#8780=ORIENTED_EDGE('',*,*,#8779,.T.);
#8782=ORIENTED_EDGE('',*,*,#8781,.T.);
#8784=ORIENTED_EDGE('',*,*,#8783,.T.);
#8786=ORIENTED_EDGE('',*,*,#8785,.T.);
#8788=ORIENTED_EDGE('',*,*,#8787,.T.);
#8790=ORIENTED_EDGE('',*,*,#8789,.T.);
#8791=EDGE_LOOP('',(#8768,#8770,#8772,#8774,#8776,#8778,#8780,#8782,#8784,#8786,
#8788,#8790));
#8792=FACE_BOUND('',#8791,.F.);
#8794=ORIENTED_EDGE('',*,*,#8793,.T.);
#8796=ORIENTED_EDGE('',*,*,#8795,.T.);
#8798=ORIENTED_EDGE('',*,*,#8797,.T.);
#8800=ORIENTED_EDGE('',*,*,#8799,.T.);
#8801=EDGE_LOOP('',(#8794,#8796,#8798,#8800));
#8802=FACE_BOUND('',#8801,.F.);
#8804=ORIENTED_EDGE('',*,*,#8803,.T.);
#8806=ORIENTED_EDGE('',*,*,#8805,.T.);
#8808=ORIENTED_EDGE('',*,*,#8807,.T.);
#8810=ORIENTED_EDGE('',*,*,#8809,.T.);
#8812=ORIENTED_EDGE('',*,*,#8811,.T.);
#8814=ORIENTED_EDGE('',*,*,#8813,.T.);
#8816=ORIENTED_EDGE('',*,*,#8815,.T.);
#8818=ORIENTED_EDGE('',*,*,#8817,.T.);
#8820=ORIENTED_EDGE('',*,*,#8819,.T.);
#8822=ORIENTED_EDGE('',*,*,#8821,.T.);
#8824=ORIENTED_EDGE('',*,*,#8823,.T.);
#8826=ORIENTED_EDGE('',*,*,#8825,.T.);
#8827=EDGE_LOOP('',(#8804,#8806,#8808,#8810,#8812,#8814,#8816,#8818,#8820,#8822,
#8824,#8826));
#8828=FACE_BOUND('',#8827,.F.);
#8830=ORIENTED_EDGE('',*,*,#8829,.T.);
#8832=ORIENTED_EDGE('',*,*,#8831,.T.);
#8834=ORIENTED_EDGE('',*,*,#8833,.T.);
#8836=ORIENTED_EDGE('',*,*,#8835,.T.);
#8838=ORIENTED_EDGE('',*,*,#8837,.T.);
#8840=ORIENTED_EDGE('',*,*,#8839,.T.);
#8842=ORIENTED_EDGE('',*,*,#8841,.T.);
#8844=ORIENTED_EDGE('',*,*,#8843,.T.);
#8846=ORIENTED_EDGE('',*,*,#8845,.T.);
#8848=ORIENTED_EDGE('',*,*,#8847,.T.);
#8850=ORIENTED_EDGE('',*,*,#8849,.T.);
#8852=ORIENTED_EDGE('',*,*,#8851,.T.);
#8853=EDGE_LOOP('',(#8830,#8832,#8834,#8836,#8838,#8840,#8842,#8844,#8846,#8848,
#8850,#8852));
#8854=FACE_BOUND('',#8853,.F.);
#8856=ORIENTED_EDGE('',*,*,#8855,.T.);
#8858=ORIENTED_EDGE('',*,*,#8857,.T.);
#8860=ORIENTED_EDGE('',*,*,#8859,.T.);
#8862=ORIENTED_EDGE('',*,*,#8861,.T.);
#8864=ORIENTED_EDGE('',*,*,#8863,.T.);
#8866=ORIENTED_EDGE('',*,*,#8865,.T.);
#8868=ORIENTED_EDGE('',*,*,#8867,.T.);
#8870=ORIENTED_EDGE('',*,*,#8869,.T.);
#8872=ORIENTED_EDGE('',*,*,#8871,.T.);
#8874=ORIENTED_EDGE('',*,*,#8873,.T.);
#8876=ORIENTED_EDGE('',*,*,#8875,.T.);
#8878=ORIENTED_EDGE('',*,*,#8877,.T.);
#8879=EDGE_LOOP('',(#8856,#8858,#8860,#8862,#8864,#8866,#8868,#8870,#8872,#8874,
#8876,#8878));
#8880=FACE_BOUND('',#8879,.F.);
#8882=ORIENTED_EDGE('',*,*,#8881,.T.);
#8884=ORIENTED_EDGE('',*,*,#8883,.T.);
#8886=ORIENTED_EDGE('',*,*,#8885,.T.);
#8888=ORIENTED_EDGE('',*,*,#8887,.T.);
#8890=ORIENTED_EDGE('',*,*,#8889,.T.);
#8892=ORIENTED_EDGE('',*,*,#8891,.T.);
#8894=ORIENTED_EDGE('',*,*,#8893,.T.);
#8896=ORIENTED_EDGE('',*,*,#8895,.T.);
#8898=ORIENTED_EDGE('',*,*,#8897,.T.);
#8900=ORIENTED_EDGE('',*,*,#8899,.T.);
#8902=ORIENTED_EDGE('',*,*,#8901,.T.);
#8904=ORIENTED_EDGE('',*,*,#8903,.T.);
#8905=EDGE_LOOP('',(#8882,#8884,#8886,#8888,#8890,#8892,#8894,#8896,#8898,#8900,
#8902,#8904));
#8906=FACE_BOUND('',#8905,.F.);
#8908=ORIENTED_EDGE('',*,*,#8907,.T.);
#8910=ORIENTED_EDGE('',*,*,#8909,.T.);
#8912=ORIENTED_EDGE('',*,*,#8911,.T.);
#8914=ORIENTED_EDGE('',*,*,#8913,.T.);
#8916=ORIENTED_EDGE('',*,*,#8915,.T.);
#8918=ORIENTED_EDGE('',*,*,#8917,.T.);
#8920=ORIENTED_EDGE('',*,*,#8919,.T.);
#8921=EDGE_LOOP('',(#8908,#8910,#8912,#8914,#8916,#8918,#8920));
#8922=FACE_BOUND('',#8921,.F.);
#8924=ORIENTED_EDGE('',*,*,#8923,.T.);
#8926=ORIENTED_EDGE('',*,*,#8925,.T.);
#8928=ORIENTED_EDGE('',*,*,#8927,.T.);
#8930=ORIENTED_EDGE('',*,*,#8929,.T.);
#8932=ORIENTED_EDGE('',*,*,#8931,.T.);
#8934=ORIENTED_EDGE('',*,*,#8933,.T.);
#8936=ORIENTED_EDGE('',*,*,#8935,.T.);
#8938=ORIENTED_EDGE('',*,*,#8937,.T.);
#8940=ORIENTED_EDGE('',*,*,#8939,.T.);
#8942=ORIENTED_EDGE('',*,*,#8941,.T.);
#8944=ORIENTED_EDGE('',*,*,#8943,.T.);
#8946=ORIENTED_EDGE('',*,*,#8945,.T.);
#8948=ORIENTED_EDGE('',*,*,#8947,.T.);
#8950=ORIENTED_EDGE('',*,*,#8949,.T.);
#8952=ORIENTED_EDGE('',*,*,#8951,.T.);
#8954=ORIENTED_EDGE('',*,*,#8953,.T.);
#8956=ORIENTED_EDGE('',*,*,#8955,.T.);
#8958=ORIENTED_EDGE('',*,*,#8957,.T.);
#8960=ORIENTED_EDGE('',*,*,#8959,.T.);
#8962=ORIENTED_EDGE('',*,*,#8961,.T.);
#8964=ORIENTED_EDGE('',*,*,#8963,.T.);
#8966=ORIENTED_EDGE('',*,*,#8965,.T.);
#8968=ORIENTED_EDGE('',*,*,#8967,.T.);
#8970=ORIENTED_EDGE('',*,*,#8969,.T.);
#8972=ORIENTED_EDGE('',*,*,#8971,.T.);
#8974=ORIENTED_EDGE('',*,*,#8973,.T.);
#8976=ORIENTED_EDGE('',*,*,#8975,.T.);
#8978=ORIENTED_EDGE('',*,*,#8977,.T.);
#8979=EDGE_LOOP('',(#8924,#8926,#8928,#8930,#8932,#8934,#8936,#8938,#8940,#8942,
#8944,#8946,#8948,#8950,#8952,#8954,#8956,#8958,#8960,#8962,#8964,#8966,#8968,
#8970,#8972,#8974,#8976,#8978));
#8980=FACE_BOUND('',#8979,.F.);
#8982=ORIENTED_EDGE('',*,*,#8981,.T.);
#8984=ORIENTED_EDGE('',*,*,#8983,.T.);
#8986=ORIENTED_EDGE('',*,*,#8985,.T.);
#8988=ORIENTED_EDGE('',*,*,#8987,.T.);
#8990=ORIENTED_EDGE('',*,*,#8989,.T.);
#8992=ORIENTED_EDGE('',*,*,#8991,.T.);
#8994=ORIENTED_EDGE('',*,*,#8993,.T.);
#8996=ORIENTED_EDGE('',*,*,#8995,.T.);
#8998=ORIENTED_EDGE('',*,*,#8997,.T.);
#9000=ORIENTED_EDGE('',*,*,#8999,.T.);
#9002=ORIENTED_EDGE('',*,*,#9001,.T.);
#9004=ORIENTED_EDGE('',*,*,#9003,.T.);
#9006=ORIENTED_EDGE('',*,*,#9005,.T.);
#9008=ORIENTED_EDGE('',*,*,#9007,.T.);
#9010=ORIENTED_EDGE('',*,*,#9009,.T.);
#9012=ORIENTED_EDGE('',*,*,#9011,.T.);
#9014=ORIENTED_EDGE('',*,*,#9013,.T.);
#9016=ORIENTED_EDGE('',*,*,#9015,.T.);
#9018=ORIENTED_EDGE('',*,*,#9017,.T.);
#9020=ORIENTED_EDGE('',*,*,#9019,.T.);
#9022=ORIENTED_EDGE('',*,*,#9021,.T.);
#9024=ORIENTED_EDGE('',*,*,#9023,.T.);
#9026=ORIENTED_EDGE('',*,*,#9025,.T.);
#9028=ORIENTED_EDGE('',*,*,#9027,.T.);
#9030=ORIENTED_EDGE('',*,*,#9029,.T.);
#9032=ORIENTED_EDGE('',*,*,#9031,.T.);
#9034=ORIENTED_EDGE('',*,*,#9033,.T.);
#9036=ORIENTED_EDGE('',*,*,#9035,.T.);
#9038=ORIENTED_EDGE('',*,*,#9037,.T.);
#9040=ORIENTED_EDGE('',*,*,#9039,.T.);
#9042=ORIENTED_EDGE('',*,*,#9041,.T.);
#9044=ORIENTED_EDGE('',*,*,#9043,.T.);
#9046=ORIENTED_EDGE('',*,*,#9045,.T.);
#9048=ORIENTED_EDGE('',*,*,#9047,.T.);
#9050=ORIENTED_EDGE('',*,*,#9049,.T.);
#9052=ORIENTED_EDGE('',*,*,#9051,.T.);
#9054=ORIENTED_EDGE('',*,*,#9053,.T.);
#9056=ORIENTED_EDGE('',*,*,#9055,.T.);
#9058=ORIENTED_EDGE('',*,*,#9057,.T.);
#9060=ORIENTED_EDGE('',*,*,#9059,.T.);
#9062=ORIENTED_EDGE('',*,*,#9061,.T.);
#9064=ORIENTED_EDGE('',*,*,#9063,.T.);
#9066=ORIENTED_EDGE('',*,*,#9065,.T.);
#9068=ORIENTED_EDGE('',*,*,#9067,.T.);
#9070=ORIENTED_EDGE('',*,*,#9069,.T.);
#9072=ORIENTED_EDGE('',*,*,#9071,.T.);
#9074=ORIENTED_EDGE('',*,*,#9073,.T.);
#9076=ORIENTED_EDGE('',*,*,#9075,.T.);
#9078=ORIENTED_EDGE('',*,*,#9077,.T.);
#9080=ORIENTED_EDGE('',*,*,#9079,.T.);
#9082=ORIENTED_EDGE('',*,*,#9081,.T.);
#9084=ORIENTED_EDGE('',*,*,#9083,.T.);
#9086=ORIENTED_EDGE('',*,*,#9085,.T.);
#9088=ORIENTED_EDGE('',*,*,#9087,.T.);
#9090=ORIENTED_EDGE('',*,*,#9089,.T.);
#9092=ORIENTED_EDGE('',*,*,#9091,.T.);
#9094=ORIENTED_EDGE('',*,*,#9093,.T.);
#9095=EDGE_LOOP('',(#8982,#8984,#8986,#8988,#8990,#8992,#8994,#8996,#8998,#9000,
#9002,#9004,#9006,#9008,#9010,#9012,#9014,#9016,#9018,#9020,#9022,#9024,#9026,
#9028,#9030,#9032,#9034,#9036,#9038,#9040,#9042,#9044,#9046,#9048,#9050,#9052,
#9054,#9056,#9058,#9060,#9062,#9064,#9066,#9068,#9070,#9072,#9074,#9076,#9078,
#9080,#9082,#9084,#9086,#9088,#9090,#9092,#9094));
#9096=FACE_BOUND('',#9095,.F.);
#9098=ORIENTED_EDGE('',*,*,#9097,.T.);
#9100=ORIENTED_EDGE('',*,*,#9099,.T.);
#9102=ORIENTED_EDGE('',*,*,#9101,.T.);
#9104=ORIENTED_EDGE('',*,*,#9103,.T.);
#9106=ORIENTED_EDGE('',*,*,#9105,.T.);
#9108=ORIENTED_EDGE('',*,*,#9107,.T.);
#9110=ORIENTED_EDGE('',*,*,#9109,.T.);
#9111=EDGE_LOOP('',(#9098,#9100,#9102,#9104,#9106,#9108,#9110));
#9112=FACE_BOUND('',#9111,.F.);
#9114=ORIENTED_EDGE('',*,*,#9113,.T.);
#9116=ORIENTED_EDGE('',*,*,#9115,.T.);
#9118=ORIENTED_EDGE('',*,*,#9117,.T.);
#9120=ORIENTED_EDGE('',*,*,#9119,.T.);
#9122=ORIENTED_EDGE('',*,*,#9121,.T.);
#9124=ORIENTED_EDGE('',*,*,#9123,.T.);
#9126=ORIENTED_EDGE('',*,*,#9125,.T.);
#9128=ORIENTED_EDGE('',*,*,#9127,.T.);
#9130=ORIENTED_EDGE('',*,*,#9129,.T.);
#9132=ORIENTED_EDGE('',*,*,#9131,.T.);
#9134=ORIENTED_EDGE('',*,*,#9133,.T.);
#9136=ORIENTED_EDGE('',*,*,#9135,.T.);
#9138=ORIENTED_EDGE('',*,*,#9137,.T.);
#9140=ORIENTED_EDGE('',*,*,#9139,.T.);
#9142=ORIENTED_EDGE('',*,*,#9141,.T.);
#9144=ORIENTED_EDGE('',*,*,#9143,.T.);
#9146=ORIENTED_EDGE('',*,*,#9145,.T.);
#9148=ORIENTED_EDGE('',*,*,#9147,.T.);
#9150=ORIENTED_EDGE('',*,*,#9149,.T.);
#9152=ORIENTED_EDGE('',*,*,#9151,.T.);
#9154=ORIENTED_EDGE('',*,*,#9153,.T.);
#9156=ORIENTED_EDGE('',*,*,#9155,.T.);
#9158=ORIENTED_EDGE('',*,*,#9157,.T.);
#9160=ORIENTED_EDGE('',*,*,#9159,.T.);
#9162=ORIENTED_EDGE('',*,*,#9161,.T.);
#9164=ORIENTED_EDGE('',*,*,#9163,.T.);
#9165=EDGE_LOOP('',(#9114,#9116,#9118,#9120,#9122,#9124,#9126,#9128,#9130,#9132,
#9134,#9136,#9138,#9140,#9142,#9144,#9146,#9148,#9150,#9152,#9154,#9156,#9158,
#9160,#9162,#9164));
#9166=FACE_BOUND('',#9165,.F.);
#9168=ORIENTED_EDGE('',*,*,#9167,.T.);
#9170=ORIENTED_EDGE('',*,*,#9169,.T.);
#9172=ORIENTED_EDGE('',*,*,#9171,.T.);
#9174=ORIENTED_EDGE('',*,*,#9173,.T.);
#9176=ORIENTED_EDGE('',*,*,#9175,.T.);
#9178=ORIENTED_EDGE('',*,*,#9177,.T.);
#9180=ORIENTED_EDGE('',*,*,#9179,.T.);
#9181=EDGE_LOOP('',(#9168,#9170,#9172,#9174,#9176,#9178,#9180));
#9182=FACE_BOUND('',#9181,.F.);
#9184=ORIENTED_EDGE('',*,*,#9183,.T.);
#9186=ORIENTED_EDGE('',*,*,#9185,.T.);
#9188=ORIENTED_EDGE('',*,*,#9187,.T.);
#9190=ORIENTED_EDGE('',*,*,#9189,.T.);
#9191=EDGE_LOOP('',(#9184,#9186,#9188,#9190));
#9192=FACE_BOUND('',#9191,.F.);
#9194=ORIENTED_EDGE('',*,*,#9193,.T.);
#9196=ORIENTED_EDGE('',*,*,#9195,.T.);
#9198=ORIENTED_EDGE('',*,*,#9197,.T.);
#9200=ORIENTED_EDGE('',*,*,#9199,.T.);
#9202=ORIENTED_EDGE('',*,*,#9201,.T.);
#9204=ORIENTED_EDGE('',*,*,#9203,.T.);
#9206=ORIENTED_EDGE('',*,*,#9205,.T.);
#9208=ORIENTED_EDGE('',*,*,#9207,.T.);
#9210=ORIENTED_EDGE('',*,*,#9209,.T.);
#9211=EDGE_LOOP('',(#9194,#9196,#9198,#9200,#9202,#9204,#9206,#9208,#9210));
#9212=FACE_BOUND('',#9211,.F.);
#9214=ORIENTED_EDGE('',*,*,#9213,.T.);
#9216=ORIENTED_EDGE('',*,*,#9215,.T.);
#9218=ORIENTED_EDGE('',*,*,#9217,.T.);
#9220=ORIENTED_EDGE('',*,*,#9219,.T.);
#9222=ORIENTED_EDGE('',*,*,#9221,.T.);
#9224=ORIENTED_EDGE('',*,*,#9223,.T.);
#9226=ORIENTED_EDGE('',*,*,#9225,.T.);
#9228=ORIENTED_EDGE('',*,*,#9227,.T.);
#9230=ORIENTED_EDGE('',*,*,#9229,.T.);
#9231=EDGE_LOOP('',(#9214,#9216,#9218,#9220,#9222,#9224,#9226,#9228,#9230));
#9232=FACE_BOUND('',#9231,.F.);
#9234=ORIENTED_EDGE('',*,*,#9233,.T.);
#9236=ORIENTED_EDGE('',*,*,#9235,.T.);
#9238=ORIENTED_EDGE('',*,*,#9237,.T.);
#9240=ORIENTED_EDGE('',*,*,#9239,.T.);
#9242=ORIENTED_EDGE('',*,*,#9241,.T.);
#9244=ORIENTED_EDGE('',*,*,#9243,.T.);
#9246=ORIENTED_EDGE('',*,*,#9245,.T.);
#9248=ORIENTED_EDGE('',*,*,#9247,.T.);
#9250=ORIENTED_EDGE('',*,*,#9249,.T.);
#9252=ORIENTED_EDGE('',*,*,#9251,.T.);
#9254=ORIENTED_EDGE('',*,*,#9253,.T.);
#9256=ORIENTED_EDGE('',*,*,#9255,.T.);
#9258=ORIENTED_EDGE('',*,*,#9257,.T.);
#9259=EDGE_LOOP('',(#9234,#9236,#9238,#9240,#9242,#9244,#9246,#9248,#9250,#9252,
#9254,#9256,#9258));
#9260=FACE_BOUND('',#9259,.F.);
#9262=ORIENTED_EDGE('',*,*,#9261,.T.);
#9264=ORIENTED_EDGE('',*,*,#9263,.T.);
#9266=ORIENTED_EDGE('',*,*,#9265,.T.);
#9268=ORIENTED_EDGE('',*,*,#9267,.T.);
#9270=ORIENTED_EDGE('',*,*,#9269,.T.);
#9272=ORIENTED_EDGE('',*,*,#9271,.T.);
#9274=ORIENTED_EDGE('',*,*,#9273,.T.);
#9276=ORIENTED_EDGE('',*,*,#9275,.T.);
#9278=ORIENTED_EDGE('',*,*,#9277,.T.);
#9280=ORIENTED_EDGE('',*,*,#9279,.T.);
#9282=ORIENTED_EDGE('',*,*,#9281,.T.);
#9284=ORIENTED_EDGE('',*,*,#9283,.T.);
#9286=ORIENTED_EDGE('',*,*,#9285,.T.);
#9287=EDGE_LOOP('',(#9262,#9264,#9266,#9268,#9270,#9272,#9274,#9276,#9278,#9280,
#9282,#9284,#9286));
#9288=FACE_BOUND('',#9287,.F.);
#9290=CARTESIAN_POINT('',(0.E0,0.E0,0.E0));
#9291=DIRECTION('',(0.E0,0.E0,-1.E0));
#9292=DIRECTION('',(-1.E0,0.E0,0.E0));
#9293=AXIS2_PLACEMENT_3D('',#9290,#9291,#9292);
#9294=PLANE('',#9293);
#9296=ORIENTED_EDGE('',*,*,#9295,.T.);
#9298=ORIENTED_EDGE('',*,*,#9297,.T.);
#9300=ORIENTED_EDGE('',*,*,#9299,.T.);
#9301=EDGE_LOOP('',(#9296,#9298,#9300));
#9302=FACE_OUTER_BOUND('',#9301,.F.);
#9304=CARTESIAN_POINT('',(0.E0,0.E0,0.E0));
#9305=DIRECTION('',(0.E0,0.E0,-1.E0));
#9306=DIRECTION('',(-1.E0,0.E0,0.E0));
#9307=AXIS2_PLACEMENT_3D('',#9304,#9305,#9306);
#9308=PLANE('',#9307);
#9310=ORIENTED_EDGE('',*,*,#9309,.T.);
#9312=ORIENTED_EDGE('',*,*,#9311,.T.);
#9314=ORIENTED_EDGE('',*,*,#9313,.T.);
#9316=ORIENTED_EDGE('',*,*,#9315,.T.);
#9318=ORIENTED_EDGE('',*,*,#9317,.T.);
#9320=ORIENTED_EDGE('',*,*,#9319,.T.);
#9322=ORIENTED_EDGE('',*,*,#9321,.T.);
#9324=ORIENTED_EDGE('',*,*,#9323,.T.);
#9326=ORIENTED_EDGE('',*,*,#9325,.T.);
#9328=ORIENTED_EDGE('',*,*,#9327,.T.);
#9330=ORIENTED_EDGE('',*,*,#9329,.T.);
#9332=ORIENTED_EDGE('',*,*,#9331,.T.);
#9334=ORIENTED_EDGE('',*,*,#9333,.T.);
#9336=ORIENTED_EDGE('',*,*,#9335,.T.);
#9338=ORIENTED_EDGE('',*,*,#9337,.T.);
#9340=ORIENTED_EDGE('',*,*,#9339,.T.);
#9342=ORIENTED_EDGE('',*,*,#9341,.T.);
#9344=ORIENTED_EDGE('',*,*,#9343,.T.);
#9346=ORIENTED_EDGE('',*,*,#9345,.T.);
#9348=ORIENTED_EDGE('',*,*,#9347,.T.);
#9349=EDGE_LOOP('',(#9310,#9312,#9314,#9316,#9318,#9320,#9322,#9324,#9326,#9328,
#9330,#9332,#9334,#9336,#9338,#9340,#9342,#9344,#9346,#9348));
#9350=FACE_OUTER_BOUND('',#9349,.F.);
#9352=CARTESIAN_POINT('',(0.E0,0.E0,0.E0));
#9353=DIRECTION('',(0.E0,0.E0,-1.E0));
#9354=DIRECTION('',(-1.E0,0.E0,0.E0));
#9355=AXIS2_PLACEMENT_3D('',#9352,#9353,#9354);
#9356=PLANE('',#9355);
#9358=ORIENTED_EDGE('',*,*,#9357,.T.);
#9360=ORIENTED_EDGE('',*,*,#9359,.T.);
#9362=ORIENTED_EDGE('',*,*,#9361,.T.);
#9364=ORIENTED_EDGE('',*,*,#9363,.T.);
#9366=ORIENTED_EDGE('',*,*,#9365,.T.);
#9368=ORIENTED_EDGE('',*,*,#9367,.T.);
#9370=ORIENTED_EDGE('',*,*,#9369,.T.);
#9372=ORIENTED_EDGE('',*,*,#9371,.T.);
#9374=ORIENTED_EDGE('',*,*,#9373,.T.);
#9376=ORIENTED_EDGE('',*,*,#9375,.T.);
#9378=ORIENTED_EDGE('',*,*,#9377,.T.);
#9380=ORIENTED_EDGE('',*,*,#9379,.T.);
#9381=EDGE_LOOP('',(#9358,#9360,#9362,#9364,#9366,#9368,#9370,#9372,#9374,#9376,
#9378,#9380));
#9382=FACE_OUTER_BOUND('',#9381,.F.);
#9384=CARTESIAN_POINT('',(0.E0,0.E0,0.E0));
#9385=DIRECTION('',(0.E0,0.E0,-1.E0));
#9386=DIRECTION('',(-1.E0,0.E0,0.E0));
#9387=AXIS2_PLACEMENT_3D('',#9384,#9385,#9386);
#9388=PLANE('',#9387);
#9390=ORIENTED_EDGE('',*,*,#9389,.T.);
#9392=ORIENTED_EDGE('',*,*,#9391,.T.);
#9394=ORIENTED_EDGE('',*,*,#9393,.T.);
#9396=ORIENTED_EDGE('',*,*,#9395,.T.);
#9398=ORIENTED_EDGE('',*,*,#9397,.T.);
#9400=ORIENTED_EDGE('',*,*,#9399,.T.);
#9402=ORIENTED_EDGE('',*,*,#9401,.T.);
#9404=ORIENTED_EDGE('',*,*,#9403,.T.);
#9406=ORIENTED_EDGE('',*,*,#9405,.T.);
#9408=ORIENTED_EDGE('',*,*,#9407,.T.);
#9410=ORIENTED_EDGE('',*,*,#9409,.T.);
#9412=ORIENTED_EDGE('',*,*,#9411,.T.);
#9414=ORIENTED_EDGE('',*,*,#9413,.T.);
#9416=ORIENTED_EDGE('',*,*,#9415,.T.);
#9418=ORIENTED_EDGE('',*,*,#9417,.T.);
#9420=ORIENTED_EDGE('',*,*,#9419,.T.);
#9422=ORIENTED_EDGE('',*,*,#9421,.T.);
#9424=ORIENTED_EDGE('',*,*,#9423,.T.);
#9425=EDGE_LOOP('',(#9390,#9392,#9394,#9396,#9398,#9400,#9402,#9404,#9406,#9408,
#9410,#9412,#9414,#9416,#9418,#9420,#9422,#9424));
#9426=FACE_OUTER_BOUND('',#9425,.F.);
#9428=CARTESIAN_POINT('',(7.75E0,5.25E0,0.E0));
#9429=DIRECTION('',(1.E0,0.E0,0.E0));
#9430=DIRECTION('',(0.E0,-1.E0,0.E0));
#9431=AXIS2_PLACEMENT_3D('',#9428,#9429,#9430);
#9432=PLANE('',#9431);
#9434=ORIENTED_EDGE('',*,*,#9433,.F.);
#9436=ORIENTED_EDGE('',*,*,#9435,.T.);
#9438=ORIENTED_EDGE('',*,*,#9437,.F.);
#9440=ORIENTED_EDGE('',*,*,#9439,.F.);
#9442=ORIENTED_EDGE('',*,*,#9441,.T.);
#9444=ORIENTED_EDGE('',*,*,#9443,.T.);
#9446=ORIENTED_EDGE('',*,*,#9445,.F.);
#9447=ORIENTED_EDGE('',*,*,#8375,.T.);
#9448=EDGE_LOOP('',(#9434,#9436,#9438,#9440,#9442,#9444,#9446,#9447));
#9449=FACE_OUTER_BOUND('',#9448,.F.);
#9451=CARTESIAN_POINT('',(7.75E0,-5.25E0,0.E0));
#9452=DIRECTION('',(0.E0,-1.E0,0.E0));
#9453=DIRECTION('',(-1.E0,0.E0,0.E0));
#9454=AXIS2_PLACEMENT_3D('',#9451,#9452,#9453);
#9455=PLANE('',#9454);
#9457=ORIENTED_EDGE('',*,*,#9456,.F.);
#9459=ORIENTED_EDGE('',*,*,#9458,.T.);
#9461=ORIENTED_EDGE('',*,*,#9460,.T.);
#9462=ORIENTED_EDGE('',*,*,#9433,.T.);
#9463=ORIENTED_EDGE('',*,*,#8381,.T.);
#9465=ORIENTED_EDGE('',*,*,#9464,.T.);
#9467=ORIENTED_EDGE('',*,*,#9466,.T.);
#9469=ORIENTED_EDGE('',*,*,#9468,.F.);
#9470=EDGE_LOOP('',(#9457,#9459,#9461,#9462,#9463,#9465,#9467,#9469));
#9471=FACE_OUTER_BOUND('',#9470,.F.);
#9473=CARTESIAN_POINT('',(0.E0,0.E0,1.12E1));
#9474=DIRECTION('',(0.E0,0.E0,-1.E0));
#9475=DIRECTION('',(-1.E0,0.E0,0.E0));
#9476=AXIS2_PLACEMENT_3D('',#9473,#9474,#9475);
#9477=PLANE('',#9476);
#9479=ORIENTED_EDGE('',*,*,#9478,.F.);
#9480=ORIENTED_EDGE('',*,*,#9439,.T.);
#9482=ORIENTED_EDGE('',*,*,#9481,.T.);
#9484=ORIENTED_EDGE('',*,*,#9483,.T.);
#9485=EDGE_LOOP('',(#9479,#9480,#9482,#9484));
#9486=FACE_OUTER_BOUND('',#9485,.F.);
#9488=CARTESIAN_POINT('',(0.E0,0.E0,1.12E1));
#9489=DIRECTION('',(0.E0,0.E0,-1.E0));
#9490=DIRECTION('',(-1.E0,0.E0,0.E0));
#9491=AXIS2_PLACEMENT_3D('',#9488,#9489,#9490);
#9492=PLANE('',#9491);
#9494=ORIENTED_EDGE('',*,*,#9493,.T.);
#9496=ORIENTED_EDGE('',*,*,#9495,.T.);
#9498=ORIENTED_EDGE('',*,*,#9497,.F.);
#9500=ORIENTED_EDGE('',*,*,#9499,.F.);
#9501=EDGE_LOOP('',(#9494,#9496,#9498,#9500));
#9502=FACE_OUTER_BOUND('',#9501,.F.);
#9504=CARTESIAN_POINT('',(0.E0,0.E0,1.12E1));
#9505=DIRECTION('',(0.E0,0.E0,-1.E0));
#9506=DIRECTION('',(-1.E0,0.E0,0.E0));
#9507=AXIS2_PLACEMENT_3D('',#9504,#9505,#9506);
#9508=PLANE('',#9507);
#9510=ORIENTED_EDGE('',*,*,#9509,.T.);
#9512=ORIENTED_EDGE('',*,*,#9511,.T.);
#9514=ORIENTED_EDGE('',*,*,#9513,.F.);
#9516=ORIENTED_EDGE('',*,*,#9515,.T.);
#9517=EDGE_LOOP('',(#9510,#9512,#9514,#9516));
#9518=FACE_OUTER_BOUND('',#9517,.F.);
#9520=CARTESIAN_POINT('',(0.E0,0.E0,1.12E1));
#9521=DIRECTION('',(0.E0,0.E0,-1.E0));
#9522=DIRECTION('',(-1.E0,0.E0,0.E0));
#9523=AXIS2_PLACEMENT_3D('',#9520,#9521,#9522);
#9524=PLANE('',#9523);
#9526=ORIENTED_EDGE('',*,*,#9525,.T.);
#9528=ORIENTED_EDGE('',*,*,#9527,.T.);
#9530=ORIENTED_EDGE('',*,*,#9529,.F.);
#9531=ORIENTED_EDGE('',*,*,#9456,.T.);
#9532=EDGE_LOOP('',(#9526,#9528,#9530,#9531));
#9533=FACE_OUTER_BOUND('',#9532,.F.);
#9535=CARTESIAN_POINT('',(7.45E0,4.25E0,1.12E1));
#9536=DIRECTION('',(0.E0,-1.E0,0.E0));
#9537=DIRECTION('',(1.E0,0.E0,0.E0));
#9538=AXIS2_PLACEMENT_3D('',#9535,#9536,#9537);
#9539=PLANE('',#9538);
#9540=ORIENTED_EDGE('',*,*,#9478,.T.);
#9542=ORIENTED_EDGE('',*,*,#9541,.T.);
#9544=ORIENTED_EDGE('',*,*,#9543,.T.);
#9545=ORIENTED_EDGE('',*,*,#9441,.F.);
#9546=EDGE_LOOP('',(#9540,#9542,#9544,#9545));
#9547=FACE_OUTER_BOUND('',#9546,.F.);
#9549=CARTESIAN_POINT('',(7.45E0,-4.95E0,1.12E1));
#9550=DIRECTION('',(1.E0,0.E0,0.E0));
#9551=DIRECTION('',(0.E0,1.E0,0.E0));
#9552=AXIS2_PLACEMENT_3D('',#9549,#9550,#9551);
#9553=PLANE('',#9552);
#9554=ORIENTED_EDGE('',*,*,#9483,.F.);
#9556=ORIENTED_EDGE('',*,*,#9555,.T.);
#9558=ORIENTED_EDGE('',*,*,#9557,.T.);
#9560=ORIENTED_EDGE('',*,*,#9559,.F.);
#9562=ORIENTED_EDGE('',*,*,#9561,.T.);
#9564=ORIENTED_EDGE('',*,*,#9563,.F.);
#9566=ORIENTED_EDGE('',*,*,#9565,.T.);
#9567=ORIENTED_EDGE('',*,*,#9541,.F.);
#9568=EDGE_LOOP('',(#9554,#9556,#9558,#9560,#9562,#9564,#9566,#9567));
#9569=FACE_OUTER_BOUND('',#9568,.F.);
#9571=CARTESIAN_POINT('',(7.75E0,-4.25E0,1.12E1));
#9572=DIRECTION('',(0.E0,1.E0,0.E0));
#9573=DIRECTION('',(-1.E0,0.E0,0.E0));
#9574=AXIS2_PLACEMENT_3D('',#9571,#9572,#9573);
#9575=PLANE('',#9574);
#9576=ORIENTED_EDGE('',*,*,#9481,.F.);
#9577=ORIENTED_EDGE('',*,*,#9437,.T.);
#9579=ORIENTED_EDGE('',*,*,#9578,.T.);
#9580=ORIENTED_EDGE('',*,*,#9555,.F.);
#9581=EDGE_LOOP('',(#9576,#9577,#9579,#9580));
#9582=FACE_OUTER_BOUND('',#9581,.F.);
#9584=CARTESIAN_POINT('',(0.E0,0.E0,1.15E1));
#9585=DIRECTION('',(0.E0,0.E0,1.E0));
#9586=DIRECTION('',(1.E0,0.E0,0.E0));
#9587=AXIS2_PLACEMENT_3D('',#9584,#9585,#9586);
#9588=PLANE('',#9587);
#9589=ORIENTED_EDGE('',*,*,#9565,.F.);
#9591=ORIENTED_EDGE('',*,*,#9590,.F.);
#9593=ORIENTED_EDGE('',*,*,#9592,.F.);
#9595=ORIENTED_EDGE('',*,*,#9594,.F.);
#9596=ORIENTED_EDGE('',*,*,#9443,.F.);
#9597=ORIENTED_EDGE('',*,*,#9543,.F.);
#9598=EDGE_LOOP('',(#9589,#9591,#9593,#9595,#9596,#9597));
#9599=FACE_OUTER_BOUND('',#9598,.F.);
#9601=CARTESIAN_POINT('',(0.E0,0.E0,1.15E1));
#9602=DIRECTION('',(0.E0,0.E0,1.E0));
#9603=DIRECTION('',(1.E0,0.E0,0.E0));
#9604=AXIS2_PLACEMENT_3D('',#9601,#9602,#9603);
#9605=PLANE('',#9604);
#9607=ORIENTED_EDGE('',*,*,#9606,.F.);
#9609=ORIENTED_EDGE('',*,*,#9608,.F.);
#9611=ORIENTED_EDGE('',*,*,#9610,.F.);
#9613=ORIENTED_EDGE('',*,*,#9612,.F.);
#9615=ORIENTED_EDGE('',*,*,#9614,.F.);
#9617=ORIENTED_EDGE('',*,*,#9616,.F.);
#9618=EDGE_LOOP('',(#9607,#9609,#9611,#9613,#9615,#9617));
#9619=FACE_OUTER_BOUND('',#9618,.F.);
#9621=CARTESIAN_POINT('',(0.E0,0.E0,1.15E1));
#9622=DIRECTION('',(0.E0,0.E0,1.E0));
#9623=DIRECTION('',(1.E0,0.E0,0.E0));
#9624=AXIS2_PLACEMENT_3D('',#9621,#9622,#9623);
#9625=PLANE('',#9624);
#9627=ORIENTED_EDGE('',*,*,#9626,.F.);
#9629=ORIENTED_EDGE('',*,*,#9628,.F.);
#9631=ORIENTED_EDGE('',*,*,#9630,.F.);
#9633=ORIENTED_EDGE('',*,*,#9632,.F.);
#9634=ORIENTED_EDGE('',*,*,#9466,.F.);
#9636=ORIENTED_EDGE('',*,*,#9635,.F.);
#9637=EDGE_LOOP('',(#9627,#9629,#9631,#9633,#9634,#9636));
#9638=FACE_OUTER_BOUND('',#9637,.F.);
#9640=CARTESIAN_POINT('',(0.E0,0.E0,1.15E1));
#9641=DIRECTION('',(0.E0,0.E0,1.E0));
#9642=DIRECTION('',(1.E0,0.E0,0.E0));
#9643=AXIS2_PLACEMENT_3D('',#9640,#9641,#9642);
#9644=PLANE('',#9643);
#9646=ORIENTED_EDGE('',*,*,#9645,.F.);
#9648=ORIENTED_EDGE('',*,*,#9647,.F.);
#9649=ORIENTED_EDGE('',*,*,#9557,.F.);
#9650=ORIENTED_EDGE('',*,*,#9578,.F.);
#9651=ORIENTED_EDGE('',*,*,#9435,.F.);
#9652=ORIENTED_EDGE('',*,*,#9460,.F.);
#9653=EDGE_LOOP('',(#9646,#9648,#9649,#9650,#9651,#9652));
#9654=FACE_OUTER_BOUND('',#9653,.F.);
#9656=CARTESIAN_POINT('',(7.45E0,4.95E0,1.12E1));
#9657=DIRECTION('',(0.E0,1.E0,0.E0));
#9658=DIRECTION('',(-1.E0,0.E0,0.E0));
#9659=AXIS2_PLACEMENT_3D('',#9656,#9657,#9658);
#9660=PLANE('',#9659);
#9662=ORIENTED_EDGE('',*,*,#9661,.F.);
#9663=ORIENTED_EDGE('',*,*,#9608,.T.);
#9665=ORIENTED_EDGE('',*,*,#9664,.F.);
#9666=ORIENTED_EDGE('',*,*,#9495,.F.);
#9668=ORIENTED_EDGE('',*,*,#9667,.T.);
#9669=ORIENTED_EDGE('',*,*,#9590,.T.);
#9670=ORIENTED_EDGE('',*,*,#9563,.T.);
#9672=ORIENTED_EDGE('',*,*,#9671,.T.);
#9673=EDGE_LOOP('',(#9662,#9663,#9665,#9666,#9668,#9669,#9670,#9672));
#9674=FACE_OUTER_BOUND('',#9673,.F.);
#9676=CARTESIAN_POINT('',(-7.45E0,4.95E0,1.12E1));
#9677=DIRECTION('',(-1.E0,0.E0,0.E0));
#9678=DIRECTION('',(0.E0,-1.E0,0.E0));
#9679=AXIS2_PLACEMENT_3D('',#9676,#9677,#9678);
#9680=PLANE('',#9679);
#9682=ORIENTED_EDGE('',*,*,#9681,.F.);
#9683=ORIENTED_EDGE('',*,*,#9628,.T.);
#9685=ORIENTED_EDGE('',*,*,#9684,.F.);
#9686=ORIENTED_EDGE('',*,*,#9511,.F.);
#9688=ORIENTED_EDGE('',*,*,#9687,.T.);
#9689=ORIENTED_EDGE('',*,*,#9610,.T.);
#9690=ORIENTED_EDGE('',*,*,#9661,.T.);
#9692=ORIENTED_EDGE('',*,*,#9691,.T.);
#9693=EDGE_LOOP('',(#9682,#9683,#9685,#9686,#9688,#9689,#9690,#9692));
#9694=FACE_OUTER_BOUND('',#9693,.F.);
#9696=CARTESIAN_POINT('',(-7.45E0,-4.95E0,1.12E1));
#9697=DIRECTION('',(0.E0,-1.E0,0.E0));
#9698=DIRECTION('',(1.E0,0.E0,0.E0));
#9699=AXIS2_PLACEMENT_3D('',#9696,#9697,#9698);
#9700=PLANE('',#9699);
#9701=ORIENTED_EDGE('',*,*,#9559,.T.);
#9702=ORIENTED_EDGE('',*,*,#9647,.T.);
#9704=ORIENTED_EDGE('',*,*,#9703,.F.);
#9705=ORIENTED_EDGE('',*,*,#9527,.F.);
#9707=ORIENTED_EDGE('',*,*,#9706,.T.);
#9708=ORIENTED_EDGE('',*,*,#9630,.T.);
#9709=ORIENTED_EDGE('',*,*,#9681,.T.);
#9711=ORIENTED_EDGE('',*,*,#9710,.T.);
#9712=EDGE_LOOP('',(#9701,#9702,#9704,#9705,#9707,#9708,#9709,#9711));
#9713=FACE_OUTER_BOUND('',#9712,.F.);
#9715=CARTESIAN_POINT('',(6.75E0,-4.95E0,1.12E1));
#9716=DIRECTION('',(-1.E0,0.E0,0.E0));
#9717=DIRECTION('',(0.E0,-1.E0,0.E0));
#9718=AXIS2_PLACEMENT_3D('',#9715,#9716,#9717);
#9719=PLANE('',#9718);
#9720=ORIENTED_EDGE('',*,*,#9529,.T.);
#9721=ORIENTED_EDGE('',*,*,#9703,.T.);
#9722=ORIENTED_EDGE('',*,*,#9645,.T.);
#9723=ORIENTED_EDGE('',*,*,#9458,.F.);
#9724=EDGE_LOOP('',(#9720,#9721,#9722,#9723));
#9725=FACE_OUTER_BOUND('',#9724,.F.);
#9727=CARTESIAN_POINT('',(-6.75E0,-5.25E0,1.12E1));
#9728=DIRECTION('',(1.E0,0.E0,0.E0));
#9729=DIRECTION('',(0.E0,1.E0,0.E0));
#9730=AXIS2_PLACEMENT_3D('',#9727,#9728,#9729);
#9731=PLANE('',#9730);
#9732=ORIENTED_EDGE('',*,*,#9525,.F.);
#9733=ORIENTED_EDGE('',*,*,#9468,.T.);
#9734=ORIENTED_EDGE('',*,*,#9632,.T.);
#9735=ORIENTED_EDGE('',*,*,#9706,.F.);
#9736=EDGE_LOOP('',(#9732,#9733,#9734,#9735));
#9737=FACE_OUTER_BOUND('',#9736,.F.);
#9739=CARTESIAN_POINT('',(0.E0,0.E0,1.1E1));
#9740=DIRECTION('',(0.E0,0.E0,1.E0));
#9741=DIRECTION('',(1.E0,0.E0,0.E0));
#9742=AXIS2_PLACEMENT_3D('',#9739,#9740,#9741);
#9743=PLANE('',#9742);
#9744=ORIENTED_EDGE('',*,*,#9710,.F.);
#9745=ORIENTED_EDGE('',*,*,#9691,.F.);
#9746=ORIENTED_EDGE('',*,*,#9671,.F.);
#9747=ORIENTED_EDGE('',*,*,#9561,.F.);
#9748=EDGE_LOOP('',(#9744,#9745,#9746,#9747));
#9749=FACE_OUTER_BOUND('',#9748,.F.);
#9751=ORIENTED_EDGE('',*,*,#9750,.T.);
#9753=ORIENTED_EDGE('',*,*,#9752,.T.);
#9755=ORIENTED_EDGE('',*,*,#9754,.T.);
#9757=ORIENTED_EDGE('',*,*,#9756,.T.);
#9758=EDGE_LOOP('',(#9751,#9753,#9755,#9757));
#9759=FACE_BOUND('',#9758,.F.);
#9761=ORIENTED_EDGE('',*,*,#9760,.T.);
#9763=ORIENTED_EDGE('',*,*,#9762,.T.);
#9765=ORIENTED_EDGE('',*,*,#9764,.T.);
#9767=ORIENTED_EDGE('',*,*,#9766,.T.);
#9768=EDGE_LOOP('',(#9761,#9763,#9765,#9767));
#9769=FACE_BOUND('',#9768,.F.);
#9771=ORIENTED_EDGE('',*,*,#9770,.T.);
#9773=ORIENTED_EDGE('',*,*,#9772,.T.);
#9775=ORIENTED_EDGE('',*,*,#9774,.T.);
#9777=ORIENTED_EDGE('',*,*,#9776,.T.);
#9778=EDGE_LOOP('',(#9771,#9773,#9775,#9777));
#9779=FACE_BOUND('',#9778,.F.);
#9781=ORIENTED_EDGE('',*,*,#9780,.T.);
#9783=ORIENTED_EDGE('',*,*,#9782,.T.);
#9785=ORIENTED_EDGE('',*,*,#9784,.T.);
#9787=ORIENTED_EDGE('',*,*,#9786,.T.);
#9788=EDGE_LOOP('',(#9781,#9783,#9785,#9787));
#9789=FACE_BOUND('',#9788,.F.);
#9791=ORIENTED_EDGE('',*,*,#9790,.T.);
#9793=ORIENTED_EDGE('',*,*,#9792,.T.);
#9795=ORIENTED_EDGE('',*,*,#9794,.T.);
#9797=ORIENTED_EDGE('',*,*,#9796,.T.);
#9798=EDGE_LOOP('',(#9791,#9793,#9795,#9797));
#9799=FACE_BOUND('',#9798,.F.);
#9801=ORIENTED_EDGE('',*,*,#9800,.T.);
#9803=ORIENTED_EDGE('',*,*,#9802,.T.);
#9805=ORIENTED_EDGE('',*,*,#9804,.T.);
#9807=ORIENTED_EDGE('',*,*,#9806,.T.);
#9808=EDGE_LOOP('',(#9801,#9803,#9805,#9807));
#9809=FACE_BOUND('',#9808,.F.);
#9811=CARTESIAN_POINT('',(6.05E0,3.91E0,1.1E1));
#9812=DIRECTION('',(-1.E0,0.E0,0.E0));
#9813=DIRECTION('',(0.E0,-1.E0,0.E0));
#9814=AXIS2_PLACEMENT_3D('',#9811,#9812,#9813);
#9815=PLANE('',#9814);
#9816=ORIENTED_EDGE('',*,*,#9750,.F.);
#9818=ORIENTED_EDGE('',*,*,#9817,.T.);
#9820=ORIENTED_EDGE('',*,*,#9819,.T.);
#9822=ORIENTED_EDGE('',*,*,#9821,.F.);
#9823=EDGE_LOOP('',(#9816,#9818,#9820,#9822));
#9824=FACE_OUTER_BOUND('',#9823,.F.);
#9826=CARTESIAN_POINT('',(6.45E0,3.91E0,1.1E1));
#9827=DIRECTION('',(0.E0,1.E0,0.E0));
#9828=DIRECTION('',(-1.E0,0.E0,0.E0));
#9829=AXIS2_PLACEMENT_3D('',#9826,#9827,#9828);
#9830=PLANE('',#9829);
#9831=ORIENTED_EDGE('',*,*,#9756,.F.);
#9833=ORIENTED_EDGE('',*,*,#9832,.T.);
#9835=ORIENTED_EDGE('',*,*,#9834,.T.);
#9836=ORIENTED_EDGE('',*,*,#9817,.F.);
#9837=EDGE_LOOP('',(#9831,#9833,#9835,#9836));
#9838=FACE_OUTER_BOUND('',#9837,.F.);
#9840=CARTESIAN_POINT('',(6.45E0,3.71E0,1.1E1));
#9841=DIRECTION('',(1.E0,0.E0,0.E0));
#9842=DIRECTION('',(0.E0,1.E0,0.E0));
#9843=AXIS2_PLACEMENT_3D('',#9840,#9841,#9842);
#9844=PLANE('',#9843);
#9845=ORIENTED_EDGE('',*,*,#9754,.F.);
#9847=ORIENTED_EDGE('',*,*,#9846,.T.);
#9849=ORIENTED_EDGE('',*,*,#9848,.T.);
#9850=ORIENTED_EDGE('',*,*,#9832,.F.);
#9851=EDGE_LOOP('',(#9845,#9847,#9849,#9850));
#9852=FACE_OUTER_BOUND('',#9851,.F.);
#9854=CARTESIAN_POINT('',(6.05E0,3.71E0,1.1E1));
#9855=DIRECTION('',(0.E0,-1.E0,0.E0));
#9856=DIRECTION('',(1.E0,0.E0,0.E0));
#9857=AXIS2_PLACEMENT_3D('',#9854,#9855,#9856);
#9858=PLANE('',#9857);
#9859=ORIENTED_EDGE('',*,*,#9752,.F.);
#9860=ORIENTED_EDGE('',*,*,#9821,.T.);
#9862=ORIENTED_EDGE('',*,*,#9861,.T.);
#9863=ORIENTED_EDGE('',*,*,#9846,.F.);
#9864=EDGE_LOOP('',(#9859,#9860,#9862,#9863));
#9865=FACE_OUTER_BOUND('',#9864,.F.);
#9867=CARTESIAN_POINT('',(0.E0,0.E0,1.49E1));
#9868=DIRECTION('',(0.E0,0.E0,1.E0));
#9869=DIRECTION('',(1.E0,0.E0,0.E0));
#9870=AXIS2_PLACEMENT_3D('',#9867,#9868,#9869);
#9871=PLANE('',#9870);
#9872=ORIENTED_EDGE('',*,*,#9819,.F.);
#9873=ORIENTED_EDGE('',*,*,#9834,.F.);
#9874=ORIENTED_EDGE('',*,*,#9848,.F.);
#9875=ORIENTED_EDGE('',*,*,#9861,.F.);
#9876=EDGE_LOOP('',(#9872,#9873,#9874,#9875));
#9877=FACE_OUTER_BOUND('',#9876,.F.);
#9879=CARTESIAN_POINT('',(0.E0,0.E0,1.49E1));
#9880=DIRECTION('',(0.E0,0.E0,1.E0));
#9881=DIRECTION('',(1.E0,0.E0,0.E0));
#9882=AXIS2_PLACEMENT_3D('',#9879,#9880,#9881);
#9883=PLANE('',#9882);
#9885=ORIENTED_EDGE('',*,*,#9884,.F.);
#9887=ORIENTED_EDGE('',*,*,#9886,.F.);
#9889=ORIENTED_EDGE('',*,*,#9888,.F.);
#9891=ORIENTED_EDGE('',*,*,#9890,.F.);
#9892=EDGE_LOOP('',(#9885,#9887,#9889,#9891));
#9893=FACE_OUTER_BOUND('',#9892,.F.);
#9895=CARTESIAN_POINT('',(0.E0,0.E0,1.49E1));
#9896=DIRECTION('',(0.E0,0.E0,1.E0));
#9897=DIRECTION('',(1.E0,0.E0,0.E0));
#9898=AXIS2_PLACEMENT_3D('',#9895,#9896,#9897);
#9899=PLANE('',#9898);
#9901=ORIENTED_EDGE('',*,*,#9900,.F.);
#9903=ORIENTED_EDGE('',*,*,#9902,.F.);
#9905=ORIENTED_EDGE('',*,*,#9904,.F.);
#9907=ORIENTED_EDGE('',*,*,#9906,.F.);
#9908=EDGE_LOOP('',(#9901,#9903,#9905,#9907));
#9909=FACE_OUTER_BOUND('',#9908,.F.);
#9911=CARTESIAN_POINT('',(0.E0,0.E0,1.49E1));
#9912=DIRECTION('',(0.E0,0.E0,1.E0));
#9913=DIRECTION('',(1.E0,0.E0,0.E0));
#9914=AXIS2_PLACEMENT_3D('',#9911,#9912,#9913);
#9915=PLANE('',#9914);
#9917=ORIENTED_EDGE('',*,*,#9916,.F.);
#9919=ORIENTED_EDGE('',*,*,#9918,.F.);
#9921=ORIENTED_EDGE('',*,*,#9920,.F.);
#9923=ORIENTED_EDGE('',*,*,#9922,.F.);
#9924=EDGE_LOOP('',(#9917,#9919,#9921,#9923));
#9925=FACE_OUTER_BOUND('',#9924,.F.);
#9927=CARTESIAN_POINT('',(0.E0,0.E0,1.49E1));
#9928=DIRECTION('',(0.E0,0.E0,1.E0));
#9929=DIRECTION('',(1.E0,0.E0,0.E0));
#9930=AXIS2_PLACEMENT_3D('',#9927,#9928,#9929);
#9931=PLANE('',#9930);
#9933=ORIENTED_EDGE('',*,*,#9932,.F.);
#9935=ORIENTED_EDGE('',*,*,#9934,.F.);
#9937=ORIENTED_EDGE('',*,*,#9936,.F.);
#9939=ORIENTED_EDGE('',*,*,#9938,.F.);
#9940=EDGE_LOOP('',(#9933,#9935,#9937,#9939));
#9941=FACE_OUTER_BOUND('',#9940,.F.);
#9943=CARTESIAN_POINT('',(0.E0,0.E0,1.49E1));
#9944=DIRECTION('',(0.E0,0.E0,1.E0));
#9945=DIRECTION('',(1.E0,0.E0,0.E0));
#9946=AXIS2_PLACEMENT_3D('',#9943,#9944,#9945);
#9947=PLANE('',#9946);
#9949=ORIENTED_EDGE('',*,*,#9948,.F.);
#9951=ORIENTED_EDGE('',*,*,#9950,.F.);
#9953=ORIENTED_EDGE('',*,*,#9952,.F.);
#9955=ORIENTED_EDGE('',*,*,#9954,.F.);
#9956=EDGE_LOOP('',(#9949,#9951,#9953,#9955));
#9957=FACE_OUTER_BOUND('',#9956,.F.);
#9959=CARTESIAN_POINT('',(6.05E0,-3.91E0,1.1E1));
#9960=DIRECTION('',(0.E0,-1.E0,0.E0));
#9961=DIRECTION('',(1.E0,0.E0,0.E0));
#9962=AXIS2_PLACEMENT_3D('',#9959,#9960,#9961);
#9963=PLANE('',#9962);
#9964=ORIENTED_EDGE('',*,*,#9760,.F.);
#9966=ORIENTED_EDGE('',*,*,#9965,.T.);
#9967=ORIENTED_EDGE('',*,*,#9884,.T.);
#9969=ORIENTED_EDGE('',*,*,#9968,.F.);
#9970=EDGE_LOOP('',(#9964,#9966,#9967,#9969));
#9971=FACE_OUTER_BOUND('',#9970,.F.);
#9973=CARTESIAN_POINT('',(6.05E0,-3.71E0,1.1E1));
#9974=DIRECTION('',(-1.E0,0.E0,0.E0));
#9975=DIRECTION('',(0.E0,-1.E0,0.E0));
#9976=AXIS2_PLACEMENT_3D('',#9973,#9974,#9975);
#9977=PLANE('',#9976);
#9978=ORIENTED_EDGE('',*,*,#9766,.F.);
#9980=ORIENTED_EDGE('',*,*,#9979,.T.);
#9981=ORIENTED_EDGE('',*,*,#9886,.T.);
#9982=ORIENTED_EDGE('',*,*,#9965,.F.);
#9983=EDGE_LOOP('',(#9978,#9980,#9981,#9982));
#9984=FACE_OUTER_BOUND('',#9983,.F.);
#9986=CARTESIAN_POINT('',(6.45E0,-3.71E0,1.1E1));
#9987=DIRECTION('',(0.E0,1.E0,0.E0));
#9988=DIRECTION('',(-1.E0,0.E0,0.E0));
#9989=AXIS2_PLACEMENT_3D('',#9986,#9987,#9988);
#9990=PLANE('',#9989);
#9991=ORIENTED_EDGE('',*,*,#9764,.F.);
#9993=ORIENTED_EDGE('',*,*,#9992,.T.);
#9994=ORIENTED_EDGE('',*,*,#9888,.T.);
#9995=ORIENTED_EDGE('',*,*,#9979,.F.);
#9996=EDGE_LOOP('',(#9991,#9993,#9994,#9995));
#9997=FACE_OUTER_BOUND('',#9996,.F.);
#9999=CARTESIAN_POINT('',(6.45E0,-3.91E0,1.1E1));
#10000=DIRECTION('',(1.E0,0.E0,0.E0));
#10001=DIRECTION('',(0.E0,1.E0,0.E0));
#10002=AXIS2_PLACEMENT_3D('',#9999,#10000,#10001);
#10003=PLANE('',#10002);
#10004=ORIENTED_EDGE('',*,*,#9762,.F.);
#10005=ORIENTED_EDGE('',*,*,#9968,.T.);
#10006=ORIENTED_EDGE('',*,*,#9890,.T.);
#10007=ORIENTED_EDGE('',*,*,#9992,.F.);
#10008=EDGE_LOOP('',(#10004,#10005,#10006,#10007));
#10009=FACE_OUTER_BOUND('',#10008,.F.);
#10011=CARTESIAN_POINT('',(-6.65E0,3.91E0,1.1E1));
#10012=DIRECTION('',(-1.E0,0.E0,0.E0));
#10013=DIRECTION('',(0.E0,-1.E0,0.E0));
#10014=AXIS2_PLACEMENT_3D('',#10011,#10012,#10013);
#10015=PLANE('',#10014);
#10016=ORIENTED_EDGE('',*,*,#9770,.F.);
#10018=ORIENTED_EDGE('',*,*,#10017,.T.);
#10019=ORIENTED_EDGE('',*,*,#9900,.T.);
#10021=ORIENTED_EDGE('',*,*,#10020,.F.);
#10022=EDGE_LOOP('',(#10016,#10018,#10019,#10021));
#10023=FACE_OUTER_BOUND('',#10022,.F.);
#10025=CARTESIAN_POINT('',(-6.25E0,3.91E0,1.1E1));
#10026=DIRECTION('',(0.E0,1.E0,0.E0));
#10027=DIRECTION('',(-1.E0,0.E0,0.E0));
#10028=AXIS2_PLACEMENT_3D('',#10025,#10026,#10027);
#10029=PLANE('',#10028);
#10030=ORIENTED_EDGE('',*,*,#9776,.F.);
#10032=ORIENTED_EDGE('',*,*,#10031,.T.);
#10033=ORIENTED_EDGE('',*,*,#9902,.T.);
#10034=ORIENTED_EDGE('',*,*,#10017,.F.);
#10035=EDGE_LOOP('',(#10030,#10032,#10033,#10034));
#10036=FACE_OUTER_BOUND('',#10035,.F.);
#10038=CARTESIAN_POINT('',(-6.25E0,3.71E0,1.1E1));
#10039=DIRECTION('',(1.E0,0.E0,0.E0));
#10040=DIRECTION('',(0.E0,1.E0,0.E0));
#10041=AXIS2_PLACEMENT_3D('',#10038,#10039,#10040);
#10042=PLANE('',#10041);
#10043=ORIENTED_EDGE('',*,*,#9774,.F.);
#10045=ORIENTED_EDGE('',*,*,#10044,.T.);
#10046=ORIENTED_EDGE('',*,*,#9904,.T.);
#10047=ORIENTED_EDGE('',*,*,#10031,.F.);
#10048=EDGE_LOOP('',(#10043,#10045,#10046,#10047));
#10049=FACE_OUTER_BOUND('',#10048,.F.);
#10051=CARTESIAN_POINT('',(-6.65E0,3.71E0,1.1E1));
#10052=DIRECTION('',(0.E0,-1.E0,0.E0));
#10053=DIRECTION('',(1.E0,0.E0,0.E0));
#10054=AXIS2_PLACEMENT_3D('',#10051,#10052,#10053);
#10055=PLANE('',#10054);
#10056=ORIENTED_EDGE('',*,*,#9772,.F.);
#10057=ORIENTED_EDGE('',*,*,#10020,.T.);
#10058=ORIENTED_EDGE('',*,*,#9906,.T.);
#10059=ORIENTED_EDGE('',*,*,#10044,.F.);
#10060=EDGE_LOOP('',(#10056,#10057,#10058,#10059));
#10061=FACE_OUTER_BOUND('',#10060,.F.);
#10063=CARTESIAN_POINT('',(-4.11E0,3.91E0,1.1E1));
#10064=DIRECTION('',(-1.E0,0.E0,0.E0));
#10065=DIRECTION('',(0.E0,-1.E0,0.E0));
#10066=AXIS2_PLACEMENT_3D('',#10063,#10064,#10065);
#10067=PLANE('',#10066);
#10068=ORIENTED_EDGE('',*,*,#9780,.F.);
#10070=ORIENTED_EDGE('',*,*,#10069,.T.);
#10071=ORIENTED_EDGE('',*,*,#9916,.T.);
#10073=ORIENTED_EDGE('',*,*,#10072,.F.);
#10074=EDGE_LOOP('',(#10068,#10070,#10071,#10073));
#10075=FACE_OUTER_BOUND('',#10074,.F.);
#10077=CARTESIAN_POINT('',(-3.71E0,3.91E0,1.1E1));
#10078=DIRECTION('',(0.E0,1.E0,0.E0));
#10079=DIRECTION('',(-1.E0,0.E0,0.E0));
#10080=AXIS2_PLACEMENT_3D('',#10077,#10078,#10079);
#10081=PLANE('',#10080);
#10082=ORIENTED_EDGE('',*,*,#9786,.F.);
#10084=ORIENTED_EDGE('',*,*,#10083,.T.);
#10085=ORIENTED_EDGE('',*,*,#9918,.T.);
#10086=ORIENTED_EDGE('',*,*,#10069,.F.);
#10087=EDGE_LOOP('',(#10082,#10084,#10085,#10086));
#10088=FACE_OUTER_BOUND('',#10087,.F.);
#10090=CARTESIAN_POINT('',(-3.71E0,3.71E0,1.1E1));
#10091=DIRECTION('',(1.E0,0.E0,0.E0));
#10092=DIRECTION('',(0.E0,1.E0,0.E0));
#10093=AXIS2_PLACEMENT_3D('',#10090,#10091,#10092);
#10094=PLANE('',#10093);
#10095=ORIENTED_EDGE('',*,*,#9784,.F.);
#10097=ORIENTED_EDGE('',*,*,#10096,.T.);
#10098=ORIENTED_EDGE('',*,*,#9920,.T.);
#10099=ORIENTED_EDGE('',*,*,#10083,.F.);
#10100=EDGE_LOOP('',(#10095,#10097,#10098,#10099));
#10101=FACE_OUTER_BOUND('',#10100,.F.);
#10103=CARTESIAN_POINT('',(-4.11E0,3.71E0,1.1E1));
#10104=DIRECTION('',(0.E0,-1.E0,0.E0));
#10105=DIRECTION('',(1.E0,0.E0,0.E0));
#10106=AXIS2_PLACEMENT_3D('',#10103,#10104,#10105);
#10107=PLANE('',#10106);
#10108=ORIENTED_EDGE('',*,*,#9782,.F.);
#10109=ORIENTED_EDGE('',*,*,#10072,.T.);
#10110=ORIENTED_EDGE('',*,*,#9922,.T.);
#10111=ORIENTED_EDGE('',*,*,#10096,.F.);
#10112=EDGE_LOOP('',(#10108,#10109,#10110,#10111));
#10113=FACE_OUTER_BOUND('',#10112,.F.);
#10115=CARTESIAN_POINT('',(-6.65E0,-3.91E0,1.1E1));
#10116=DIRECTION('',(0.E0,-1.E0,0.E0));
#10117=DIRECTION('',(1.E0,0.E0,0.E0));
#10118=AXIS2_PLACEMENT_3D('',#10115,#10116,#10117);
#10119=PLANE('',#10118);
#10120=ORIENTED_EDGE('',*,*,#9790,.F.);
#10122=ORIENTED_EDGE('',*,*,#10121,.T.);
#10123=ORIENTED_EDGE('',*,*,#9932,.T.);
#10125=ORIENTED_EDGE('',*,*,#10124,.F.);
#10126=EDGE_LOOP('',(#10120,#10122,#10123,#10125));
#10127=FACE_OUTER_BOUND('',#10126,.F.);
#10129=CARTESIAN_POINT('',(-6.65E0,-3.71E0,1.1E1));
#10130=DIRECTION('',(-1.E0,0.E0,0.E0));
#10131=DIRECTION('',(0.E0,-1.E0,0.E0));
#10132=AXIS2_PLACEMENT_3D('',#10129,#10130,#10131);
#10133=PLANE('',#10132);
#10134=ORIENTED_EDGE('',*,*,#9796,.F.);
#10136=ORIENTED_EDGE('',*,*,#10135,.T.);
#10137=ORIENTED_EDGE('',*,*,#9934,.T.);
#10138=ORIENTED_EDGE('',*,*,#10121,.F.);
#10139=EDGE_LOOP('',(#10134,#10136,#10137,#10138));
#10140=FACE_OUTER_BOUND('',#10139,.F.);
#10142=CARTESIAN_POINT('',(-6.25E0,-3.71E0,1.1E1));
#10143=DIRECTION('',(0.E0,1.E0,0.E0));
#10144=DIRECTION('',(-1.E0,0.E0,0.E0));
#10145=AXIS2_PLACEMENT_3D('',#10142,#10143,#10144);
#10146=PLANE('',#10145);
#10147=ORIENTED_EDGE('',*,*,#9794,.F.);
#10149=ORIENTED_EDGE('',*,*,#10148,.T.);
#10150=ORIENTED_EDGE('',*,*,#9936,.T.);
#10151=ORIENTED_EDGE('',*,*,#10135,.F.);
#10152=EDGE_LOOP('',(#10147,#10149,#10150,#10151));
#10153=FACE_OUTER_BOUND('',#10152,.F.);
#10155=CARTESIAN_POINT('',(-6.25E0,-3.91E0,1.1E1));
#10156=DIRECTION('',(1.E0,0.E0,0.E0));
#10157=DIRECTION('',(0.E0,1.E0,0.E0));
#10158=AXIS2_PLACEMENT_3D('',#10155,#10156,#10157);
#10159=PLANE('',#10158);
#10160=ORIENTED_EDGE('',*,*,#9792,.F.);
#10161=ORIENTED_EDGE('',*,*,#10124,.T.);
#10162=ORIENTED_EDGE('',*,*,#9938,.T.);
#10163=ORIENTED_EDGE('',*,*,#10148,.F.);
#10164=EDGE_LOOP('',(#10160,#10161,#10162,#10163));
#10165=FACE_OUTER_BOUND('',#10164,.F.);
#10167=CARTESIAN_POINT('',(-4.11E0,-3.91E0,1.1E1));
#10168=DIRECTION('',(0.E0,-1.E0,0.E0));
#10169=DIRECTION('',(1.E0,0.E0,0.E0));
#10170=AXIS2_PLACEMENT_3D('',#10167,#10168,#10169);
#10171=PLANE('',#10170);
#10172=ORIENTED_EDGE('',*,*,#9800,.F.);
#10174=ORIENTED_EDGE('',*,*,#10173,.T.);
#10175=ORIENTED_EDGE('',*,*,#9948,.T.);
#10177=ORIENTED_EDGE('',*,*,#10176,.F.);
#10178=EDGE_LOOP('',(#10172,#10174,#10175,#10177));
#10179=FACE_OUTER_BOUND('',#10178,.F.);
#10181=CARTESIAN_POINT('',(-4.11E0,-3.71E0,1.1E1));
#10182=DIRECTION('',(-1.E0,0.E0,0.E0));
#10183=DIRECTION('',(0.E0,-1.E0,0.E0));
#10184=AXIS2_PLACEMENT_3D('',#10181,#10182,#10183);
#10185=PLANE('',#10184);
#10186=ORIENTED_EDGE('',*,*,#9806,.F.);
#10188=ORIENTED_EDGE('',*,*,#10187,.T.);
#10189=ORIENTED_EDGE('',*,*,#9950,.T.);
#10190=ORIENTED_EDGE('',*,*,#10173,.F.);
#10191=EDGE_LOOP('',(#10186,#10188,#10189,#10190));
#10192=FACE_OUTER_BOUND('',#10191,.F.);
#10194=CARTESIAN_POINT('',(-3.71E0,-3.71E0,1.1E1));
#10195=DIRECTION('',(0.E0,1.E0,0.E0));
#10196=DIRECTION('',(-1.E0,0.E0,0.E0));
#10197=AXIS2_PLACEMENT_3D('',#10194,#10195,#10196);
#10198=PLANE('',#10197);
#10199=ORIENTED_EDGE('',*,*,#9804,.F.);
#10201=ORIENTED_EDGE('',*,*,#10200,.T.);
#10202=ORIENTED_EDGE('',*,*,#9952,.T.);
#10203=ORIENTED_EDGE('',*,*,#10187,.F.);
#10204=EDGE_LOOP('',(#10199,#10201,#10202,#10203));
#10205=FACE_OUTER_BOUND('',#10204,.F.);
#10207=CARTESIAN_POINT('',(-3.71E0,-3.91E0,1.1E1));
#10208=DIRECTION('',(1.E0,0.E0,0.E0));
#10209=DIRECTION('',(0.E0,1.E0,0.E0));
#10210=AXIS2_PLACEMENT_3D('',#10207,#10208,#10209);
#10211=PLANE('',#10210);
#10212=ORIENTED_EDGE('',*,*,#9802,.F.);
#10213=ORIENTED_EDGE('',*,*,#10176,.T.);
#10214=ORIENTED_EDGE('',*,*,#9954,.T.);
#10215=ORIENTED_EDGE('',*,*,#10200,.F.);
#10216=EDGE_LOOP('',(#10212,#10213,#10214,#10215));
#10217=FACE_OUTER_BOUND('',#10216,.F.);
#10219=CARTESIAN_POINT('',(-7.45E0,-4.25E0,1.12E1));
#10220=DIRECTION('',(0.E0,1.E0,0.E0));
#10221=DIRECTION('',(-1.E0,0.E0,0.E0));
#10222=AXIS2_PLACEMENT_3D('',#10219,#10220,#10221);
#10223=PLANE('',#10222);
#10224=ORIENTED_EDGE('',*,*,#9513,.T.);
#10225=ORIENTED_EDGE('',*,*,#9684,.T.);
#10226=ORIENTED_EDGE('',*,*,#9626,.T.);
#10228=ORIENTED_EDGE('',*,*,#10227,.F.);
#10229=EDGE_LOOP('',(#10224,#10225,#10226,#10228));
#10230=FACE_OUTER_BOUND('',#10229,.F.);
#10232=CARTESIAN_POINT('',(-7.75E0,-5.25E0,0.E0));
#10233=DIRECTION('',(-1.E0,0.E0,0.E0));
#10234=DIRECTION('',(0.E0,1.E0,0.E0));
#10235=AXIS2_PLACEMENT_3D('',#10232,#10233,#10234);
#10236=PLANE('',#10235);
#10237=ORIENTED_EDGE('',*,*,#9515,.F.);
#10238=ORIENTED_EDGE('',*,*,#10227,.T.);
#10239=ORIENTED_EDGE('',*,*,#9635,.T.);
#10240=ORIENTED_EDGE('',*,*,#9464,.F.);
#10241=ORIENTED_EDGE('',*,*,#8379,.T.);
#10243=ORIENTED_EDGE('',*,*,#10242,.T.);
#10244=ORIENTED_EDGE('',*,*,#9614,.T.);
#10246=ORIENTED_EDGE('',*,*,#10245,.F.);
#10247=EDGE_LOOP('',(#10237,#10238,#10239,#10240,#10241,#10243,#10244,#10246));
#10248=FACE_OUTER_BOUND('',#10247,.F.);
#10250=CARTESIAN_POINT('',(-7.75E0,5.25E0,0.E0));
#10251=DIRECTION('',(0.E0,1.E0,0.E0));
#10252=DIRECTION('',(1.E0,0.E0,0.E0));
#10253=AXIS2_PLACEMENT_3D('',#10250,#10251,#10252);
#10254=PLANE('',#10253);
#10255=ORIENTED_EDGE('',*,*,#9499,.T.);
#10257=ORIENTED_EDGE('',*,*,#10256,.T.);
#10258=ORIENTED_EDGE('',*,*,#9616,.T.);
#10259=ORIENTED_EDGE('',*,*,#10242,.F.);
#10260=ORIENTED_EDGE('',*,*,#8377,.T.);
#10261=ORIENTED_EDGE('',*,*,#9445,.T.);
#10262=ORIENTED_EDGE('',*,*,#9594,.T.);
#10264=ORIENTED_EDGE('',*,*,#10263,.F.);
#10265=EDGE_LOOP('',(#10255,#10257,#10258,#10259,#10260,#10261,#10262,#10264));
#10266=FACE_OUTER_BOUND('',#10265,.F.);
#10268=CARTESIAN_POINT('',(-6.75E0,4.95E0,1.12E1));
#10269=DIRECTION('',(1.E0,0.E0,0.E0));
#10270=DIRECTION('',(0.E0,1.E0,0.E0));
#10271=AXIS2_PLACEMENT_3D('',#10268,#10269,#10270);
#10272=PLANE('',#10271);
#10273=ORIENTED_EDGE('',*,*,#9497,.T.);
#10274=ORIENTED_EDGE('',*,*,#9664,.T.);
#10275=ORIENTED_EDGE('',*,*,#9606,.T.);
#10276=ORIENTED_EDGE('',*,*,#10256,.F.);
#10277=EDGE_LOOP('',(#10273,#10274,#10275,#10276));
#10278=FACE_OUTER_BOUND('',#10277,.F.);
#10280=CARTESIAN_POINT('',(6.75E0,5.25E0,1.12E1));
#10281=DIRECTION('',(-1.E0,0.E0,0.E0));
#10282=DIRECTION('',(0.E0,-1.E0,0.E0));
#10283=AXIS2_PLACEMENT_3D('',#10280,#10281,#10282);
#10284=PLANE('',#10283);
#10285=ORIENTED_EDGE('',*,*,#9493,.F.);
#10286=ORIENTED_EDGE('',*,*,#10263,.T.);
#10287=ORIENTED_EDGE('',*,*,#9592,.T.);
#10288=ORIENTED_EDGE('',*,*,#9667,.F.);
#10289=EDGE_LOOP('',(#10285,#10286,#10287,#10288));
#10290=FACE_OUTER_BOUND('',#10289,.F.);
#10292=CARTESIAN_POINT('',(-7.75E0,4.25E0,1.12E1));
#10293=DIRECTION('',(0.E0,-1.E0,0.E0));
#10294=DIRECTION('',(1.E0,0.E0,0.E0));
#10295=AXIS2_PLACEMENT_3D('',#10292,#10293,#10294);
#10296=PLANE('',#10295);
#10297=ORIENTED_EDGE('',*,*,#9509,.F.);
#10298=ORIENTED_EDGE('',*,*,#10245,.T.);
#10299=ORIENTED_EDGE('',*,*,#9612,.T.);
#10300=ORIENTED_EDGE('',*,*,#9687,.F.);
#10301=EDGE_LOOP('',(#10297,#10298,#10299,#10300));
#10302=FACE_OUTER_BOUND('',#10301,.F.);
#10304=CARTESIAN_POINT('',(5.8E0,4.6E0,0.E0));
#10305=DIRECTION('',(0.E0,1.E0,0.E0));
#10306=DIRECTION('',(1.E0,0.E0,0.E0));
#10307=AXIS2_PLACEMENT_3D('',#10304,#10305,#10306);
#10308=PLANE('',#10307);
#10309=ORIENTED_EDGE('',*,*,#8385,.F.);
#10311=ORIENTED_EDGE('',*,*,#10310,.T.);
#10313=ORIENTED_EDGE('',*,*,#10312,.T.);
#10315=ORIENTED_EDGE('',*,*,#10314,.F.);
#10316=EDGE_LOOP('',(#10309,#10311,#10313,#10315));
#10317=FACE_OUTER_BOUND('',#10316,.F.);
#10319=CARTESIAN_POINT('',(5.000000047684E0,2.6E0,0.E0));
#10320=DIRECTION('',(-9.284766985186E-1,3.713906572708E-1,0.E0));
#10321=DIRECTION('',(3.713906572708E-1,9.284766985186E-1,0.E0));
#10322=AXIS2_PLACEMENT_3D('',#10319,#10320,#10321);
#10323=PLANE('',#10322);
#10324=ORIENTED_EDGE('',*,*,#8399,.F.);
#10326=ORIENTED_EDGE('',*,*,#10325,.T.);
#10328=ORIENTED_EDGE('',*,*,#10327,.T.);
#10329=ORIENTED_EDGE('',*,*,#10310,.F.);
#10330=EDGE_LOOP('',(#10324,#10326,#10328,#10329));
#10331=FACE_OUTER_BOUND('',#10330,.F.);
#10333=CARTESIAN_POINT('',(5.300000047684E0,2.6E0,0.E0));
#10334=DIRECTION('',(0.E0,-1.E0,0.E0));
#10335=DIRECTION('',(-1.E0,0.E0,0.E0));
#10336=AXIS2_PLACEMENT_3D('',#10333,#10334,#10335);
#10337=PLANE('',#10336);
#10338=ORIENTED_EDGE('',*,*,#8397,.F.);
#10340=ORIENTED_EDGE('',*,*,#10339,.T.);
#10342=ORIENTED_EDGE('',*,*,#10341,.T.);
#10343=ORIENTED_EDGE('',*,*,#10325,.F.);
#10344=EDGE_LOOP('',(#10338,#10340,#10342,#10343));
#10345=FACE_OUTER_BOUND('',#10344,.F.);
#10347=CARTESIAN_POINT('',(5.5E0,3.110638296604E0,0.E0));
#10348=DIRECTION('',(9.311282799845E-1,-3.646918236170E-1,0.E0));
#10349=DIRECTION('',(-3.646918236170E-1,-9.311282799845E-1,0.E0));
#10350=AXIS2_PLACEMENT_3D('',#10347,#10348,#10349);
#10351=PLANE('',#10350);
#10352=ORIENTED_EDGE('',*,*,#8395,.F.);
#10354=ORIENTED_EDGE('',*,*,#10353,.T.);
#10356=ORIENTED_EDGE('',*,*,#10355,.T.);
#10357=ORIENTED_EDGE('',*,*,#10339,.F.);
#10358=EDGE_LOOP('',(#10352,#10354,#10356,#10357));
#10359=FACE_OUTER_BOUND('',#10358,.F.);
#10361=CARTESIAN_POINT('',(6.500000011921E0,3.110638296604E0,0.E0));
#10362=DIRECTION('',(0.E0,-1.E0,0.E0));
#10363=DIRECTION('',(-1.E0,0.E0,0.E0));
#10364=AXIS2_PLACEMENT_3D('',#10361,#10362,#10363);
#10365=PLANE('',#10364);
#10366=ORIENTED_EDGE('',*,*,#8393,.F.);
#10368=ORIENTED_EDGE('',*,*,#10367,.T.);
#10370=ORIENTED_EDGE('',*,*,#10369,.T.);
#10371=ORIENTED_EDGE('',*,*,#10353,.F.);
#10372=EDGE_LOOP('',(#10366,#10368,#10370,#10371));
#10373=FACE_OUTER_BOUND('',#10372,.F.);
#10375=CARTESIAN_POINT('',(6.7E0,2.6E0,0.E0));
#10376=DIRECTION('',(-9.311282578402E-1,-3.646918801558E-1,0.E0));
#10377=DIRECTION('',(-3.646918801558E-1,9.311282578402E-1,0.E0));
#10378=AXIS2_PLACEMENT_3D('',#10375,#10376,#10377);
#10379=PLANE('',#10378);
#10380=ORIENTED_EDGE('',*,*,#8391,.F.);
#10382=ORIENTED_EDGE('',*,*,#10381,.T.);
#10384=ORIENTED_EDGE('',*,*,#10383,.T.);
#10385=ORIENTED_EDGE('',*,*,#10367,.F.);
#10386=EDGE_LOOP('',(#10380,#10382,#10384,#10385));
#10387=FACE_OUTER_BOUND('',#10386,.F.);
#10389=CARTESIAN_POINT('',(7.E0,2.6E0,0.E0));
#10390=DIRECTION('',(0.E0,-1.E0,0.E0));
#10391=DIRECTION('',(-1.E0,0.E0,0.E0));
#10392=AXIS2_PLACEMENT_3D('',#10389,#10390,#10391);
#10393=PLANE('',#10392);
#10394=ORIENTED_EDGE('',*,*,#8389,.F.);
#10396=ORIENTED_EDGE('',*,*,#10395,.T.);
#10398=ORIENTED_EDGE('',*,*,#10397,.T.);
#10399=ORIENTED_EDGE('',*,*,#10381,.F.);
#10400=EDGE_LOOP('',(#10394,#10396,#10398,#10399));
#10401=FACE_OUTER_BOUND('',#10400,.F.);
#10403=CARTESIAN_POINT('',(6.199999976158E0,4.6E0,0.E0));
#10404=DIRECTION('',(9.284766870686E-1,3.713906858957E-1,0.E0));
#10405=DIRECTION('',(3.713906858957E-1,-9.284766870686E-1,0.E0));
#10406=AXIS2_PLACEMENT_3D('',#10403,#10404,#10405);
#10407=PLANE('',#10406);
#10408=ORIENTED_EDGE('',*,*,#8387,.F.);
#10409=ORIENTED_EDGE('',*,*,#10314,.T.);
#10411=ORIENTED_EDGE('',*,*,#10410,.T.);
#10412=ORIENTED_EDGE('',*,*,#10395,.F.);
#10413=EDGE_LOOP('',(#10408,#10409,#10411,#10412));
#10414=FACE_OUTER_BOUND('',#10413,.F.);
#10416=CARTESIAN_POINT('',(0.E0,0.E0,1.E-2));
#10417=DIRECTION('',(0.E0,0.E0,-1.E0));
#10418=DIRECTION('',(-1.E0,0.E0,0.E0));
#10419=AXIS2_PLACEMENT_3D('',#10416,#10417,#10418);
#10420=PLANE('',#10419);
#10421=ORIENTED_EDGE('',*,*,#10312,.F.);
#10422=ORIENTED_EDGE('',*,*,#10327,.F.);
#10423=ORIENTED_EDGE('',*,*,#10341,.F.);
#10424=ORIENTED_EDGE('',*,*,#10355,.F.);
#10425=ORIENTED_EDGE('',*,*,#10369,.F.);
#10426=ORIENTED_EDGE('',*,*,#10383,.F.);
#10427=ORIENTED_EDGE('',*,*,#10397,.F.);
#10428=ORIENTED_EDGE('',*,*,#10410,.F.);
#10429=EDGE_LOOP('',(#10421,#10422,#10423,#10424,#10425,#10426,#10427,#10428));
#10430=FACE_OUTER_BOUND('',#10429,.F.);
#10432=ORIENTED_EDGE('',*,*,#10431,.F.);
#10434=ORIENTED_EDGE('',*,*,#10433,.F.);
#10436=ORIENTED_EDGE('',*,*,#10435,.F.);
#10437=EDGE_LOOP('',(#10432,#10434,#10436));
#10438=FACE_BOUND('',#10437,.F.);
#10440=CARTESIAN_POINT('',(0.E0,0.E0,1.E-2));
#10441=DIRECTION('',(0.E0,0.E0,-1.E0));
#10442=DIRECTION('',(-1.E0,0.E0,0.E0));
#10443=AXIS2_PLACEMENT_3D('',#10440,#10441,#10442);
#10444=PLANE('',#10443);
#10446=ORIENTED_EDGE('',*,*,#10445,.F.);
#10448=ORIENTED_EDGE('',*,*,#10447,.F.);
#10450=ORIENTED_EDGE('',*,*,#10449,.F.);
#10452=ORIENTED_EDGE('',*,*,#10451,.F.);
#10454=ORIENTED_EDGE('',*,*,#10453,.F.);
#10456=ORIENTED_EDGE('',*,*,#10455,.F.);
#10458=ORIENTED_EDGE('',*,*,#10457,.F.);
#10460=ORIENTED_EDGE('',*,*,#10459,.F.);
#10462=ORIENTED_EDGE('',*,*,#10461,.F.);
#10464=ORIENTED_EDGE('',*,*,#10463,.F.);
#10466=ORIENTED_EDGE('',*,*,#10465,.F.);
#10468=ORIENTED_EDGE('',*,*,#10467,.F.);
#10469=EDGE_LOOP('',(#10446,#10448,#10450,#10452,#10454,#10456,#10458,#10460,
#10462,#10464,#10466,#10468));
#10470=FACE_OUTER_BOUND('',#10469,.F.);
#10472=CARTESIAN_POINT('',(0.E0,0.E0,1.E-2));
#10473=DIRECTION('',(0.E0,0.E0,-1.E0));
#10474=DIRECTION('',(-1.E0,0.E0,0.E0));
#10475=AXIS2_PLACEMENT_3D('',#10472,#10473,#10474);
#10476=PLANE('',#10475);
#10478=ORIENTED_EDGE('',*,*,#10477,.F.);
#10480=ORIENTED_EDGE('',*,*,#10479,.F.);
#10482=ORIENTED_EDGE('',*,*,#10481,.F.);
#10484=ORIENTED_EDGE('',*,*,#10483,.F.);
#10485=EDGE_LOOP('',(#10478,#10480,#10482,#10484));
#10486=FACE_OUTER_BOUND('',#10485,.F.);
#10488=CARTESIAN_POINT('',(0.E0,0.E0,1.E-2));
#10489=DIRECTION('',(0.E0,0.E0,-1.E0));
#10490=DIRECTION('',(-1.E0,0.E0,0.E0));
#10491=AXIS2_PLACEMENT_3D('',#10488,#10489,#10490);
#10492=PLANE('',#10491);
#10494=ORIENTED_EDGE('',*,*,#10493,.F.);
#10496=ORIENTED_EDGE('',*,*,#10495,.F.);
#10498=ORIENTED_EDGE('',*,*,#10497,.F.);
#10500=ORIENTED_EDGE('',*,*,#10499,.F.);
#10502=ORIENTED_EDGE('',*,*,#10501,.F.);
#10504=ORIENTED_EDGE('',*,*,#10503,.F.);
#10506=ORIENTED_EDGE('',*,*,#10505,.F.);
#10508=ORIENTED_EDGE('',*,*,#10507,.F.);
#10510=ORIENTED_EDGE('',*,*,#10509,.F.);
#10512=ORIENTED_EDGE('',*,*,#10511,.F.);
#10514=ORIENTED_EDGE('',*,*,#10513,.F.);
#10516=ORIENTED_EDGE('',*,*,#10515,.F.);
#10518=ORIENTED_EDGE('',*,*,#10517,.F.);
#10520=ORIENTED_EDGE('',*,*,#10519,.F.);
#10522=ORIENTED_EDGE('',*,*,#10521,.F.);
#10524=ORIENTED_EDGE('',*,*,#10523,.F.);
#10526=ORIENTED_EDGE('',*,*,#10525,.F.);
#10528=ORIENTED_EDGE('',*,*,#10527,.F.);
#10530=ORIENTED_EDGE('',*,*,#10529,.F.);
#10532=ORIENTED_EDGE('',*,*,#10531,.F.);
#10534=ORIENTED_EDGE('',*,*,#10533,.F.);
#10536=ORIENTED_EDGE('',*,*,#10535,.F.);
#10538=ORIENTED_EDGE('',*,*,#10537,.F.);
#10540=ORIENTED_EDGE('',*,*,#10539,.F.);
#10542=ORIENTED_EDGE('',*,*,#10541,.F.);
#10544=ORIENTED_EDGE('',*,*,#10543,.F.);
#10546=ORIENTED_EDGE('',*,*,#10545,.F.);
#10548=ORIENTED_EDGE('',*,*,#10547,.F.);
#10550=ORIENTED_EDGE('',*,*,#10549,.F.);
#10552=ORIENTED_EDGE('',*,*,#10551,.F.);
#10554=ORIENTED_EDGE('',*,*,#10553,.F.);
#10556=ORIENTED_EDGE('',*,*,#10555,.F.);
#10558=ORIENTED_EDGE('',*,*,#10557,.F.);
#10560=ORIENTED_EDGE('',*,*,#10559,.F.);
#10562=ORIENTED_EDGE('',*,*,#10561,.F.);
#10564=ORIENTED_EDGE('',*,*,#10563,.F.);
#10566=ORIENTED_EDGE('',*,*,#10565,.F.);
#10568=ORIENTED_EDGE('',*,*,#10567,.F.);
#10570=ORIENTED_EDGE('',*,*,#10569,.F.);
#10572=ORIENTED_EDGE('',*,*,#10571,.F.);
#10573=EDGE_LOOP('',(#10494,#10496,#10498,#10500,#10502,#10504,#10506,#10508,
#10510,#10512,#10514,#10516,#10518,#10520,#10522,#10524,#10526,#10528,#10530,
#10532,#10534,#10536,#10538,#10540,#10542,#10544,#10546,#10548,#10550,#10552,
#10554,#10556,#10558,#10560,#10562,#10564,#10566,#10568,#10570,#10572));
#10574=FACE_OUTER_BOUND('',#10573,.F.);
#10576=CARTESIAN_POINT('',(0.E0,0.E0,1.E-2));
#10577=DIRECTION('',(0.E0,0.E0,-1.E0));
#10578=DIRECTION('',(-1.E0,0.E0,0.E0));
#10579=AXIS2_PLACEMENT_3D('',#10576,#10577,#10578);
#10580=PLANE('',#10579);
#10582=ORIENTED_EDGE('',*,*,#10581,.F.);
#10584=ORIENTED_EDGE('',*,*,#10583,.F.);
#10586=ORIENTED_EDGE('',*,*,#10585,.F.);
#10588=ORIENTED_EDGE('',*,*,#10587,.F.);
#10590=ORIENTED_EDGE('',*,*,#10589,.F.);
#10592=ORIENTED_EDGE('',*,*,#10591,.F.);
#10594=ORIENTED_EDGE('',*,*,#10593,.F.);
#10596=ORIENTED_EDGE('',*,*,#10595,.F.);
#10598=ORIENTED_EDGE('',*,*,#10597,.F.);
#10600=ORIENTED_EDGE('',*,*,#10599,.F.);
#10602=ORIENTED_EDGE('',*,*,#10601,.F.);
#10604=ORIENTED_EDGE('',*,*,#10603,.F.);
#10606=ORIENTED_EDGE('',*,*,#10605,.F.);
#10608=ORIENTED_EDGE('',*,*,#10607,.F.);
#10610=ORIENTED_EDGE('',*,*,#10609,.F.);
#10612=ORIENTED_EDGE('',*,*,#10611,.F.);
#10614=ORIENTED_EDGE('',*,*,#10613,.F.);
#10616=ORIENTED_EDGE('',*,*,#10615,.F.);
#10618=ORIENTED_EDGE('',*,*,#10617,.F.);
#10620=ORIENTED_EDGE('',*,*,#10619,.F.);
#10622=ORIENTED_EDGE('',*,*,#10621,.F.);
#10624=ORIENTED_EDGE('',*,*,#10623,.F.);
#10626=ORIENTED_EDGE('',*,*,#10625,.F.);
#10628=ORIENTED_EDGE('',*,*,#10627,.F.);
#10629=EDGE_LOOP('',(#10582,#10584,#10586,#10588,#10590,#10592,#10594,#10596,
#10598,#10600,#10602,#10604,#10606,#10608,#10610,#10612,#10614,#10616,#10618,
#10620,#10622,#10624,#10626,#10628));
#10630=FACE_OUTER_BOUND('',#10629,.F.);
#10632=ORIENTED_EDGE('',*,*,#10631,.F.);
#10634=ORIENTED_EDGE('',*,*,#10633,.F.);
#10636=ORIENTED_EDGE('',*,*,#10635,.F.);
#10638=ORIENTED_EDGE('',*,*,#10637,.F.);
#10640=ORIENTED_EDGE('',*,*,#10639,.F.);
#10642=ORIENTED_EDGE('',*,*,#10641,.F.);
#10644=ORIENTED_EDGE('',*,*,#10643,.F.);
#10646=ORIENTED_EDGE('',*,*,#10645,.F.);
#10648=ORIENTED_EDGE('',*,*,#10647,.F.);
#10650=ORIENTED_EDGE('',*,*,#10649,.F.);
#10652=ORIENTED_EDGE('',*,*,#10651,.F.);
#10654=ORIENTED_EDGE('',*,*,#10653,.F.);
#10656=ORIENTED_EDGE('',*,*,#10655,.F.);
#10658=ORIENTED_EDGE('',*,*,#10657,.F.);
#10660=ORIENTED_EDGE('',*,*,#10659,.F.);
#10662=ORIENTED_EDGE('',*,*,#10661,.F.);
#10664=ORIENTED_EDGE('',*,*,#10663,.F.);
#10666=ORIENTED_EDGE('',*,*,#10665,.F.);
#10668=ORIENTED_EDGE('',*,*,#10667,.F.);
#10670=ORIENTED_EDGE('',*,*,#10669,.F.);
#10671=EDGE_LOOP('',(#10632,#10634,#10636,#10638,#10640,#10642,#10644,#10646,
#10648,#10650,#10652,#10654,#10656,#10658,#10660,#10662,#10664,#10666,#10668,
#10670));
#10672=FACE_BOUND('',#10671,.F.);
#10674=CARTESIAN_POINT('',(0.E0,0.E0,1.E-2));
#10675=DIRECTION('',(0.E0,0.E0,-1.E0));
#10676=DIRECTION('',(-1.E0,0.E0,0.E0));
#10677=AXIS2_PLACEMENT_3D('',#10674,#10675,#10676);
#10678=PLANE('',#10677);
#10680=ORIENTED_EDGE('',*,*,#10679,.F.);
#10682=ORIENTED_EDGE('',*,*,#10681,.F.);
#10684=ORIENTED_EDGE('',*,*,#10683,.F.);
#10686=ORIENTED_EDGE('',*,*,#10685,.F.);
#10688=ORIENTED_EDGE('',*,*,#10687,.F.);
#10690=ORIENTED_EDGE('',*,*,#10689,.F.);
#10692=ORIENTED_EDGE('',*,*,#10691,.F.);
#10694=ORIENTED_EDGE('',*,*,#10693,.F.);
#10696=ORIENTED_EDGE('',*,*,#10695,.F.);
#10698=ORIENTED_EDGE('',*,*,#10697,.F.);
#10700=ORIENTED_EDGE('',*,*,#10699,.F.);
#10702=ORIENTED_EDGE('',*,*,#10701,.F.);
#10704=ORIENTED_EDGE('',*,*,#10703,.F.);
#10705=EDGE_LOOP('',(#10680,#10682,#10684,#10686,#10688,#10690,#10692,#10694,
#10696,#10698,#10700,#10702,#10704));
#10706=FACE_OUTER_BOUND('',#10705,.F.);
#10708=CARTESIAN_POINT('',(0.E0,0.E0,1.E-2));
#10709=DIRECTION('',(0.E0,0.E0,-1.E0));
#10710=DIRECTION('',(-1.E0,0.E0,0.E0));
#10711=AXIS2_PLACEMENT_3D('',#10708,#10709,#10710);
#10712=PLANE('',#10711);
#10714=ORIENTED_EDGE('',*,*,#10713,.F.);
#10716=ORIENTED_EDGE('',*,*,#10715,.F.);
#10718=ORIENTED_EDGE('',*,*,#10717,.F.);
#10720=ORIENTED_EDGE('',*,*,#10719,.F.);
#10722=ORIENTED_EDGE('',*,*,#10721,.F.);
#10724=ORIENTED_EDGE('',*,*,#10723,.F.);
#10726=ORIENTED_EDGE('',*,*,#10725,.F.);
#10728=ORIENTED_EDGE('',*,*,#10727,.F.);
#10730=ORIENTED_EDGE('',*,*,#10729,.F.);
#10732=ORIENTED_EDGE('',*,*,#10731,.F.);
#10734=ORIENTED_EDGE('',*,*,#10733,.F.);
#10736=ORIENTED_EDGE('',*,*,#10735,.F.);
#10738=ORIENTED_EDGE('',*,*,#10737,.F.);
#10739=EDGE_LOOP('',(#10714,#10716,#10718,#10720,#10722,#10724,#10726,#10728,
#10730,#10732,#10734,#10736,#10738));
#10740=FACE_OUTER_BOUND('',#10739,.F.);
#10742=CARTESIAN_POINT('',(0.E0,0.E0,1.E-2));
#10743=DIRECTION('',(0.E0,0.E0,-1.E0));
#10744=DIRECTION('',(-1.E0,0.E0,0.E0));
#10745=AXIS2_PLACEMENT_3D('',#10742,#10743,#10744);
#10746=PLANE('',#10745);
#10748=ORIENTED_EDGE('',*,*,#10747,.F.);
#10750=ORIENTED_EDGE('',*,*,#10749,.F.);
#10752=ORIENTED_EDGE('',*,*,#10751,.F.);
#10754=ORIENTED_EDGE('',*,*,#10753,.F.);
#10756=ORIENTED_EDGE('',*,*,#10755,.F.);
#10758=ORIENTED_EDGE('',*,*,#10757,.F.);
#10760=ORIENTED_EDGE('',*,*,#10759,.F.);
#10761=EDGE_LOOP('',(#10748,#10750,#10752,#10754,#10756,#10758,#10760));
#10762=FACE_OUTER_BOUND('',#10761,.F.);
#10764=CARTESIAN_POINT('',(0.E0,0.E0,1.E-2));
#10765=DIRECTION('',(0.E0,0.E0,-1.E0));
#10766=DIRECTION('',(-1.E0,0.E0,0.E0));
#10767=AXIS2_PLACEMENT_3D('',#10764,#10765,#10766);
#10768=PLANE('',#10767);
#10770=ORIENTED_EDGE('',*,*,#10769,.F.);
#10772=ORIENTED_EDGE('',*,*,#10771,.F.);
#10774=ORIENTED_EDGE('',*,*,#10773,.F.);
#10776=ORIENTED_EDGE('',*,*,#10775,.F.);
#10778=ORIENTED_EDGE('',*,*,#10777,.F.);
#10780=ORIENTED_EDGE('',*,*,#10779,.F.);
#10782=ORIENTED_EDGE('',*,*,#10781,.F.);
#10783=EDGE_LOOP('',(#10770,#10772,#10774,#10776,#10778,#10780,#10782));
#10784=FACE_OUTER_BOUND('',#10783,.F.);
#10786=CARTESIAN_POINT('',(0.E0,0.E0,1.E-2));
#10787=DIRECTION('',(0.E0,0.E0,-1.E0));
#10788=DIRECTION('',(-1.E0,0.E0,0.E0));
#10789=AXIS2_PLACEMENT_3D('',#10786,#10787,#10788);
#10790=PLANE('',#10789);
#10792=ORIENTED_EDGE('',*,*,#10791,.F.);
#10794=ORIENTED_EDGE('',*,*,#10793,.F.);
#10796=ORIENTED_EDGE('',*,*,#10795,.F.);
#10798=ORIENTED_EDGE('',*,*,#10797,.F.);
#10800=ORIENTED_EDGE('',*,*,#10799,.F.);
#10802=ORIENTED_EDGE('',*,*,#10801,.F.);
#10804=ORIENTED_EDGE('',*,*,#10803,.F.);
#10806=ORIENTED_EDGE('',*,*,#10805,.F.);
#10808=ORIENTED_EDGE('',*,*,#10807,.F.);
#10810=ORIENTED_EDGE('',*,*,#10809,.F.);
#10812=ORIENTED_EDGE('',*,*,#10811,.F.);
#10814=ORIENTED_EDGE('',*,*,#10813,.F.);
#10816=ORIENTED_EDGE('',*,*,#10815,.F.);
#10818=ORIENTED_EDGE('',*,*,#10817,.F.);
#10819=EDGE_LOOP('',(#10792,#10794,#10796,#10798,#10800,#10802,#10804,#10806,
#10808,#10810,#10812,#10814,#10816,#10818));
#10820=FACE_OUTER_BOUND('',#10819,.F.);
#10822=ORIENTED_EDGE('',*,*,#10821,.F.);
#10824=ORIENTED_EDGE('',*,*,#10823,.F.);
#10826=ORIENTED_EDGE('',*,*,#10825,.F.);
#10828=ORIENTED_EDGE('',*,*,#10827,.F.);
#10830=ORIENTED_EDGE('',*,*,#10829,.F.);
#10832=ORIENTED_EDGE('',*,*,#10831,.F.);
#10834=ORIENTED_EDGE('',*,*,#10833,.F.);
#10836=ORIENTED_EDGE('',*,*,#10835,.F.);
#10838=ORIENTED_EDGE('',*,*,#10837,.F.);
#10840=ORIENTED_EDGE('',*,*,#10839,.F.);
#10842=ORIENTED_EDGE('',*,*,#10841,.F.);
#10844=ORIENTED_EDGE('',*,*,#10843,.F.);
#10845=EDGE_LOOP('',(#10822,#10824,#10826,#10828,#10830,#10832,#10834,#10836,
#10838,#10840,#10842,#10844));
#10846=FACE_BOUND('',#10845,.F.);
#10848=CARTESIAN_POINT('',(0.E0,0.E0,1.E-2));
#10849=DIRECTION('',(0.E0,0.E0,-1.E0));
#10850=DIRECTION('',(-1.E0,0.E0,0.E0));
#10851=AXIS2_PLACEMENT_3D('',#10848,#10849,#10850);
#10852=PLANE('',#10851);
#10854=ORIENTED_EDGE('',*,*,#10853,.F.);
#10856=ORIENTED_EDGE('',*,*,#10855,.F.);
#10858=ORIENTED_EDGE('',*,*,#10857,.F.);
#10860=ORIENTED_EDGE('',*,*,#10859,.F.);
#10862=ORIENTED_EDGE('',*,*,#10861,.F.);
#10864=ORIENTED_EDGE('',*,*,#10863,.F.);
#10866=ORIENTED_EDGE('',*,*,#10865,.F.);
#10868=ORIENTED_EDGE('',*,*,#10867,.F.);
#10870=ORIENTED_EDGE('',*,*,#10869,.F.);
#10872=ORIENTED_EDGE('',*,*,#10871,.F.);
#10874=ORIENTED_EDGE('',*,*,#10873,.F.);
#10876=ORIENTED_EDGE('',*,*,#10875,.F.);
#10877=EDGE_LOOP('',(#10854,#10856,#10858,#10860,#10862,#10864,#10866,#10868,
#10870,#10872,#10874,#10876));
#10878=FACE_OUTER_BOUND('',#10877,.F.);
#10880=CARTESIAN_POINT('',(0.E0,0.E0,1.E-2));
#10881=DIRECTION('',(0.E0,0.E0,-1.E0));
#10882=DIRECTION('',(-1.E0,0.E0,0.E0));
#10883=AXIS2_PLACEMENT_3D('',#10880,#10881,#10882);
#10884=PLANE('',#10883);
#10886=ORIENTED_EDGE('',*,*,#10885,.F.);
#10888=ORIENTED_EDGE('',*,*,#10887,.F.);
#10890=ORIENTED_EDGE('',*,*,#10889,.F.);
#10892=ORIENTED_EDGE('',*,*,#10891,.F.);
#10894=ORIENTED_EDGE('',*,*,#10893,.F.);
#10896=ORIENTED_EDGE('',*,*,#10895,.F.);
#10898=ORIENTED_EDGE('',*,*,#10897,.F.);
#10900=ORIENTED_EDGE('',*,*,#10899,.F.);
#10902=ORIENTED_EDGE('',*,*,#10901,.F.);
#10904=ORIENTED_EDGE('',*,*,#10903,.F.);
#10906=ORIENTED_EDGE('',*,*,#10905,.F.);
#10908=ORIENTED_EDGE('',*,*,#10907,.F.);
#10909=EDGE_LOOP('',(#10886,#10888,#10890,#10892,#10894,#10896,#10898,#10900,
#10902,#10904,#10906,#10908));
#10910=FACE_OUTER_BOUND('',#10909,.F.);
#10912=CARTESIAN_POINT('',(0.E0,0.E0,1.E-2));
#10913=DIRECTION('',(0.E0,0.E0,-1.E0));
#10914=DIRECTION('',(-1.E0,0.E0,0.E0));
#10915=AXIS2_PLACEMENT_3D('',#10912,#10913,#10914);
#10916=PLANE('',#10915);
#10918=ORIENTED_EDGE('',*,*,#10917,.F.);
#10920=ORIENTED_EDGE('',*,*,#10919,.F.);
#10922=ORIENTED_EDGE('',*,*,#10921,.F.);
#10924=ORIENTED_EDGE('',*,*,#10923,.F.);
#10926=ORIENTED_EDGE('',*,*,#10925,.F.);
#10928=ORIENTED_EDGE('',*,*,#10927,.F.);
#10930=ORIENTED_EDGE('',*,*,#10929,.F.);
#10932=ORIENTED_EDGE('',*,*,#10931,.F.);
#10934=ORIENTED_EDGE('',*,*,#10933,.F.);
#10936=ORIENTED_EDGE('',*,*,#10935,.F.);
#10938=ORIENTED_EDGE('',*,*,#10937,.F.);
#10940=ORIENTED_EDGE('',*,*,#10939,.F.);
#10941=EDGE_LOOP('',(#10918,#10920,#10922,#10924,#10926,#10928,#10930,#10932,
#10934,#10936,#10938,#10940));
#10942=FACE_OUTER_BOUND('',#10941,.F.);
#10944=CARTESIAN_POINT('',(0.E0,0.E0,1.E-2));
#10945=DIRECTION('',(0.E0,0.E0,-1.E0));
#10946=DIRECTION('',(-1.E0,0.E0,0.E0));
#10947=AXIS2_PLACEMENT_3D('',#10944,#10945,#10946);
#10948=PLANE('',#10947);
#10950=ORIENTED_EDGE('',*,*,#10949,.F.);
#10952=ORIENTED_EDGE('',*,*,#10951,.F.);
#10954=ORIENTED_EDGE('',*,*,#10953,.F.);
#10956=ORIENTED_EDGE('',*,*,#10955,.F.);
#10958=ORIENTED_EDGE('',*,*,#10957,.F.);
#10960=ORIENTED_EDGE('',*,*,#10959,.F.);
#10962=ORIENTED_EDGE('',*,*,#10961,.F.);
#10964=ORIENTED_EDGE('',*,*,#10963,.F.);
#10966=ORIENTED_EDGE('',*,*,#10965,.F.);
#10968=ORIENTED_EDGE('',*,*,#10967,.F.);
#10970=ORIENTED_EDGE('',*,*,#10969,.F.);
#10972=ORIENTED_EDGE('',*,*,#10971,.F.);
#10973=EDGE_LOOP('',(#10950,#10952,#10954,#10956,#10958,#10960,#10962,#10964,
#10966,#10968,#10970,#10972));
#10974=FACE_OUTER_BOUND('',#10973,.F.);
#10976=CARTESIAN_POINT('',(0.E0,0.E0,1.E-2));
#10977=DIRECTION('',(0.E0,0.E0,-1.E0));
#10978=DIRECTION('',(-1.E0,0.E0,0.E0));
#10979=AXIS2_PLACEMENT_3D('',#10976,#10977,#10978);
#10980=PLANE('',#10979);
#10982=ORIENTED_EDGE('',*,*,#10981,.F.);
#10984=ORIENTED_EDGE('',*,*,#10983,.F.);
#10986=ORIENTED_EDGE('',*,*,#10985,.F.);
#10988=ORIENTED_EDGE('',*,*,#10987,.F.);
#10989=EDGE_LOOP('',(#10982,#10984,#10986,#10988));
#10990=FACE_OUTER_BOUND('',#10989,.F.);
#10992=CARTESIAN_POINT('',(0.E0,0.E0,1.E-2));
#10993=DIRECTION('',(0.E0,0.E0,-1.E0));
#10994=DIRECTION('',(-1.E0,0.E0,0.E0));
#10995=AXIS2_PLACEMENT_3D('',#10992,#10993,#10994);
#10996=PLANE('',#10995);
#10998=ORIENTED_EDGE('',*,*,#10997,.F.);
#11000=ORIENTED_EDGE('',*,*,#10999,.F.);
#11002=ORIENTED_EDGE('',*,*,#11001,.F.);
#11004=ORIENTED_EDGE('',*,*,#11003,.F.);
#11006=ORIENTED_EDGE('',*,*,#11005,.F.);
#11008=ORIENTED_EDGE('',*,*,#11007,.F.);
#11010=ORIENTED_EDGE('',*,*,#11009,.F.);
#11012=ORIENTED_EDGE('',*,*,#11011,.F.);
#11014=ORIENTED_EDGE('',*,*,#11013,.F.);
#11016=ORIENTED_EDGE('',*,*,#11015,.F.);
#11018=ORIENTED_EDGE('',*,*,#11017,.F.);
#11020=ORIENTED_EDGE('',*,*,#11019,.F.);
#11021=EDGE_LOOP('',(#10998,#11000,#11002,#11004,#11006,#11008,#11010,#11012,
#11014,#11016,#11018,#11020));
#11022=FACE_OUTER_BOUND('',#11021,.F.);
#11024=CARTESIAN_POINT('',(0.E0,0.E0,1.E-2));
#11025=DIRECTION('',(0.E0,0.E0,-1.E0));
#11026=DIRECTION('',(-1.E0,0.E0,0.E0));
#11027=AXIS2_PLACEMENT_3D('',#11024,#11025,#11026);
#11028=PLANE('',#11027);
#11030=ORIENTED_EDGE('',*,*,#11029,.F.);
#11032=ORIENTED_EDGE('',*,*,#11031,.F.);
#11034=ORIENTED_EDGE('',*,*,#11033,.F.);
#11036=ORIENTED_EDGE('',*,*,#11035,.F.);
#11038=ORIENTED_EDGE('',*,*,#11037,.F.);
#11040=ORIENTED_EDGE('',*,*,#11039,.F.);
#11042=ORIENTED_EDGE('',*,*,#11041,.F.);
#11044=ORIENTED_EDGE('',*,*,#11043,.F.);
#11046=ORIENTED_EDGE('',*,*,#11045,.F.);
#11048=ORIENTED_EDGE('',*,*,#11047,.F.);
#11050=ORIENTED_EDGE('',*,*,#11049,.F.);
#11052=ORIENTED_EDGE('',*,*,#11051,.F.);
#11053=EDGE_LOOP('',(#11030,#11032,#11034,#11036,#11038,#11040,#11042,#11044,
#11046,#11048,#11050,#11052));
#11054=FACE_OUTER_BOUND('',#11053,.F.);
#11056=CARTESIAN_POINT('',(0.E0,0.E0,1.E-2));
#11057=DIRECTION('',(0.E0,0.E0,-1.E0));
#11058=DIRECTION('',(-1.E0,0.E0,0.E0));
#11059=AXIS2_PLACEMENT_3D('',#11056,#11057,#11058);
#11060=PLANE('',#11059);
#11062=ORIENTED_EDGE('',*,*,#11061,.F.);
#11064=ORIENTED_EDGE('',*,*,#11063,.F.);
#11066=ORIENTED_EDGE('',*,*,#11065,.F.);
#11068=ORIENTED_EDGE('',*,*,#11067,.F.);
#11070=ORIENTED_EDGE('',*,*,#11069,.F.);
#11072=ORIENTED_EDGE('',*,*,#11071,.F.);
#11074=ORIENTED_EDGE('',*,*,#11073,.F.);
#11076=ORIENTED_EDGE('',*,*,#11075,.F.);
#11078=ORIENTED_EDGE('',*,*,#11077,.F.);
#11080=ORIENTED_EDGE('',*,*,#11079,.F.);
#11082=ORIENTED_EDGE('',*,*,#11081,.F.);
#11084=ORIENTED_EDGE('',*,*,#11083,.F.);
#11085=EDGE_LOOP('',(#11062,#11064,#11066,#11068,#11070,#11072,#11074,#11076,
#11078,#11080,#11082,#11084));
#11086=FACE_OUTER_BOUND('',#11085,.F.);
#11088=CARTESIAN_POINT('',(0.E0,0.E0,1.E-2));
#11089=DIRECTION('',(0.E0,0.E0,-1.E0));
#11090=DIRECTION('',(-1.E0,0.E0,0.E0));
#11091=AXIS2_PLACEMENT_3D('',#11088,#11089,#11090);
#11092=PLANE('',#11091);
#11094=ORIENTED_EDGE('',*,*,#11093,.F.);
#11096=ORIENTED_EDGE('',*,*,#11095,.F.);
#11098=ORIENTED_EDGE('',*,*,#11097,.F.);
#11100=ORIENTED_EDGE('',*,*,#11099,.F.);
#11102=ORIENTED_EDGE('',*,*,#11101,.F.);
#11104=ORIENTED_EDGE('',*,*,#11103,.F.);
#11106=ORIENTED_EDGE('',*,*,#11105,.F.);
#11108=ORIENTED_EDGE('',*,*,#11107,.F.);
#11110=ORIENTED_EDGE('',*,*,#11109,.F.);
#11112=ORIENTED_EDGE('',*,*,#11111,.F.);
#11114=ORIENTED_EDGE('',*,*,#11113,.F.);
#11116=ORIENTED_EDGE('',*,*,#11115,.F.);
#11117=EDGE_LOOP('',(#11094,#11096,#11098,#11100,#11102,#11104,#11106,#11108,
#11110,#11112,#11114,#11116));
#11118=FACE_OUTER_BOUND('',#11117,.F.);
#11120=CARTESIAN_POINT('',(0.E0,0.E0,1.E-2));
#11121=DIRECTION('',(0.E0,0.E0,-1.E0));
#11122=DIRECTION('',(-1.E0,0.E0,0.E0));
#11123=AXIS2_PLACEMENT_3D('',#11120,#11121,#11122);
#11124=PLANE('',#11123);
#11126=ORIENTED_EDGE('',*,*,#11125,.F.);
#11128=ORIENTED_EDGE('',*,*,#11127,.F.);
#11130=ORIENTED_EDGE('',*,*,#11129,.F.);
#11132=ORIENTED_EDGE('',*,*,#11131,.F.);
#11134=ORIENTED_EDGE('',*,*,#11133,.F.);
#11136=ORIENTED_EDGE('',*,*,#11135,.F.);
#11138=ORIENTED_EDGE('',*,*,#11137,.F.);
#11139=EDGE_LOOP('',(#11126,#11128,#11130,#11132,#11134,#11136,#11138));
#11140=FACE_OUTER_BOUND('',#11139,.F.);
#11142=CARTESIAN_POINT('',(0.E0,0.E0,1.E-2));
#11143=DIRECTION('',(0.E0,0.E0,-1.E0));
#11144=DIRECTION('',(-1.E0,0.E0,0.E0));
#11145=AXIS2_PLACEMENT_3D('',#11142,#11143,#11144);
#11146=PLANE('',#11145);
#11148=ORIENTED_EDGE('',*,*,#11147,.F.);
#11150=ORIENTED_EDGE('',*,*,#11149,.F.);
#11152=ORIENTED_EDGE('',*,*,#11151,.F.);
#11154=ORIENTED_EDGE('',*,*,#11153,.F.);
#11156=ORIENTED_EDGE('',*,*,#11155,.F.);
#11158=ORIENTED_EDGE('',*,*,#11157,.F.);
#11160=ORIENTED_EDGE('',*,*,#11159,.F.);
#11162=ORIENTED_EDGE('',*,*,#11161,.F.);
#11164=ORIENTED_EDGE('',*,*,#11163,.F.);
#11166=ORIENTED_EDGE('',*,*,#11165,.F.);
#11168=ORIENTED_EDGE('',*,*,#11167,.F.);
#11170=ORIENTED_EDGE('',*,*,#11169,.F.);
#11172=ORIENTED_EDGE('',*,*,#11171,.F.);
#11174=ORIENTED_EDGE('',*,*,#11173,.F.);
#11176=ORIENTED_EDGE('',*,*,#11175,.F.);
#11178=ORIENTED_EDGE('',*,*,#11177,.F.);
#11180=ORIENTED_EDGE('',*,*,#11179,.F.);
#11182=ORIENTED_EDGE('',*,*,#11181,.F.);
#11184=ORIENTED_EDGE('',*,*,#11183,.F.);
#11186=ORIENTED_EDGE('',*,*,#11185,.F.);
#11188=ORIENTED_EDGE('',*,*,#11187,.F.);
#11190=ORIENTED_EDGE('',*,*,#11189,.F.);
#11192=ORIENTED_EDGE('',*,*,#11191,.F.);
#11194=ORIENTED_EDGE('',*,*,#11193,.F.);
#11196=ORIENTED_EDGE('',*,*,#11195,.F.);
#11198=ORIENTED_EDGE('',*,*,#11197,.F.);
#11200=ORIENTED_EDGE('',*,*,#11199,.F.);
#11202=ORIENTED_EDGE('',*,*,#11201,.F.);
#11203=EDGE_LOOP('',(#11148,#11150,#11152,#11154,#11156,#11158,#11160,#11162,
#11164,#11166,#11168,#11170,#11172,#11174,#11176,#11178,#11180,#11182,#11184,
#11186,#11188,#11190,#11192,#11194,#11196,#11198,#11200,#11202));
#11204=FACE_OUTER_BOUND('',#11203,.F.);
#11206=CARTESIAN_POINT('',(0.E0,0.E0,1.E-2));
#11207=DIRECTION('',(0.E0,0.E0,-1.E0));
#11208=DIRECTION('',(-1.E0,0.E0,0.E0));
#11209=AXIS2_PLACEMENT_3D('',#11206,#11207,#11208);
#11210=PLANE('',#11209);
#11212=ORIENTED_EDGE('',*,*,#11211,.F.);
#11214=ORIENTED_EDGE('',*,*,#11213,.F.);
#11216=ORIENTED_EDGE('',*,*,#11215,.F.);
#11218=ORIENTED_EDGE('',*,*,#11217,.F.);
#11220=ORIENTED_EDGE('',*,*,#11219,.F.);
#11222=ORIENTED_EDGE('',*,*,#11221,.F.);
#11224=ORIENTED_EDGE('',*,*,#11223,.F.);
#11226=ORIENTED_EDGE('',*,*,#11225,.F.);
#11228=ORIENTED_EDGE('',*,*,#11227,.F.);
#11230=ORIENTED_EDGE('',*,*,#11229,.F.);
#11232=ORIENTED_EDGE('',*,*,#11231,.F.);
#11234=ORIENTED_EDGE('',*,*,#11233,.F.);
#11236=ORIENTED_EDGE('',*,*,#11235,.F.);
#11238=ORIENTED_EDGE('',*,*,#11237,.F.);
#11240=ORIENTED_EDGE('',*,*,#11239,.F.);
#11242=ORIENTED_EDGE('',*,*,#11241,.F.);
#11244=ORIENTED_EDGE('',*,*,#11243,.F.);
#11246=ORIENTED_EDGE('',*,*,#11245,.F.);
#11248=ORIENTED_EDGE('',*,*,#11247,.F.);
#11250=ORIENTED_EDGE('',*,*,#11249,.F.);
#11252=ORIENTED_EDGE('',*,*,#11251,.F.);
#11254=ORIENTED_EDGE('',*,*,#11253,.F.);
#11256=ORIENTED_EDGE('',*,*,#11255,.F.);
#11258=ORIENTED_EDGE('',*,*,#11257,.F.);
#11260=ORIENTED_EDGE('',*,*,#11259,.F.);
#11262=ORIENTED_EDGE('',*,*,#11261,.F.);
#11264=ORIENTED_EDGE('',*,*,#11263,.F.);
#11266=ORIENTED_EDGE('',*,*,#11265,.F.);
#11268=ORIENTED_EDGE('',*,*,#11267,.F.);
#11270=ORIENTED_EDGE('',*,*,#11269,.F.);
#11272=ORIENTED_EDGE('',*,*,#11271,.F.);
#11274=ORIENTED_EDGE('',*,*,#11273,.F.);
#11276=ORIENTED_EDGE('',*,*,#11275,.F.);
#11278=ORIENTED_EDGE('',*,*,#11277,.F.);
#11280=ORIENTED_EDGE('',*,*,#11279,.F.);
#11282=ORIENTED_EDGE('',*,*,#11281,.F.);
#11284=ORIENTED_EDGE('',*,*,#11283,.F.);
#11286=ORIENTED_EDGE('',*,*,#11285,.F.);
#11288=ORIENTED_EDGE('',*,*,#11287,.F.);
#11290=ORIENTED_EDGE('',*,*,#11289,.F.);
#11292=ORIENTED_EDGE('',*,*,#11291,.F.);
#11294=ORIENTED_EDGE('',*,*,#11293,.F.);
#11296=ORIENTED_EDGE('',*,*,#11295,.F.);
#11298=ORIENTED_EDGE('',*,*,#11297,.F.);
#11300=ORIENTED_EDGE('',*,*,#11299,.F.);
#11302=ORIENTED_EDGE('',*,*,#11301,.F.);
#11304=ORIENTED_EDGE('',*,*,#11303,.F.);
#11306=ORIENTED_EDGE('',*,*,#11305,.F.);
#11308=ORIENTED_EDGE('',*,*,#11307,.F.);
#11310=ORIENTED_EDGE('',*,*,#11309,.F.);
#11312=ORIENTED_EDGE('',*,*,#11311,.F.);
#11314=ORIENTED_EDGE('',*,*,#11313,.F.);
#11316=ORIENTED_EDGE('',*,*,#11315,.F.);
#11318=ORIENTED_EDGE('',*,*,#11317,.F.);
#11320=ORIENTED_EDGE('',*,*,#11319,.F.);
#11322=ORIENTED_EDGE('',*,*,#11321,.F.);
#11324=ORIENTED_EDGE('',*,*,#11323,.F.);
#11325=EDGE_LOOP('',(#11212,#11214,#11216,#11218,#11220,#11222,#11224,#11226,
#11228,#11230,#11232,#11234,#11236,#11238,#11240,#11242,#11244,#11246,#11248,
#11250,#11252,#11254,#11256,#11258,#11260,#11262,#11264,#11266,#11268,#11270,
#11272,#11274,#11276,#11278,#11280,#11282,#11284,#11286,#11288,#11290,#11292,
#11294,#11296,#11298,#11300,#11302,#11304,#11306,#11308,#11310,#11312,#11314,
#11316,#11318,#11320,#11322,#11324));
#11326=FACE_OUTER_BOUND('',#11325,.F.);
#11328=CARTESIAN_POINT('',(0.E0,0.E0,1.E-2));
#11329=DIRECTION('',(0.E0,0.E0,-1.E0));
#11330=DIRECTION('',(-1.E0,0.E0,0.E0));
#11331=AXIS2_PLACEMENT_3D('',#11328,#11329,#11330);
#11332=PLANE('',#11331);
#11334=ORIENTED_EDGE('',*,*,#11333,.F.);
#11336=ORIENTED_EDGE('',*,*,#11335,.F.);
#11338=ORIENTED_EDGE('',*,*,#11337,.F.);
#11340=ORIENTED_EDGE('',*,*,#11339,.F.);
#11342=ORIENTED_EDGE('',*,*,#11341,.F.);
#11344=ORIENTED_EDGE('',*,*,#11343,.F.);
#11346=ORIENTED_EDGE('',*,*,#11345,.F.);
#11347=EDGE_LOOP('',(#11334,#11336,#11338,#11340,#11342,#11344,#11346));
#11348=FACE_OUTER_BOUND('',#11347,.F.);
#11350=CARTESIAN_POINT('',(0.E0,0.E0,1.E-2));
#11351=DIRECTION('',(0.E0,0.E0,-1.E0));
#11352=DIRECTION('',(-1.E0,0.E0,0.E0));
#11353=AXIS2_PLACEMENT_3D('',#11350,#11351,#11352);
#11354=PLANE('',#11353);
#11356=ORIENTED_EDGE('',*,*,#11355,.F.);
#11358=ORIENTED_EDGE('',*,*,#11357,.F.);
#11360=ORIENTED_EDGE('',*,*,#11359,.F.);
#11362=ORIENTED_EDGE('',*,*,#11361,.F.);
#11364=ORIENTED_EDGE('',*,*,#11363,.F.);
#11366=ORIENTED_EDGE('',*,*,#11365,.F.);
#11368=ORIENTED_EDGE('',*,*,#11367,.F.);
#11370=ORIENTED_EDGE('',*,*,#11369,.F.);
#11372=ORIENTED_EDGE('',*,*,#11371,.F.);
#11374=ORIENTED_EDGE('',*,*,#11373,.F.);
#11376=ORIENTED_EDGE('',*,*,#11375,.F.);
#11378=ORIENTED_EDGE('',*,*,#11377,.F.);
#11380=ORIENTED_EDGE('',*,*,#11379,.F.);
#11382=ORIENTED_EDGE('',*,*,#11381,.F.);
#11384=ORIENTED_EDGE('',*,*,#11383,.F.);
#11386=ORIENTED_EDGE('',*,*,#11385,.F.);
#11388=ORIENTED_EDGE('',*,*,#11387,.F.);
#11390=ORIENTED_EDGE('',*,*,#11389,.F.);
#11392=ORIENTED_EDGE('',*,*,#11391,.F.);
#11394=ORIENTED_EDGE('',*,*,#11393,.F.);
#11396=ORIENTED_EDGE('',*,*,#11395,.F.);
#11398=ORIENTED_EDGE('',*,*,#11397,.F.);
#11400=ORIENTED_EDGE('',*,*,#11399,.F.);
#11402=ORIENTED_EDGE('',*,*,#11401,.F.);
#11404=ORIENTED_EDGE('',*,*,#11403,.F.);
#11406=ORIENTED_EDGE('',*,*,#11405,.F.);
#11407=EDGE_LOOP('',(#11356,#11358,#11360,#11362,#11364,#11366,#11368,#11370,
#11372,#11374,#11376,#11378,#11380,#11382,#11384,#11386,#11388,#11390,#11392,
#11394,#11396,#11398,#11400,#11402,#11404,#11406));
#11408=FACE_OUTER_BOUND('',#11407,.F.);
#11410=ORIENTED_EDGE('',*,*,#11409,.F.);
#11412=ORIENTED_EDGE('',*,*,#11411,.F.);
#11414=ORIENTED_EDGE('',*,*,#11413,.F.);
#11416=ORIENTED_EDGE('',*,*,#11415,.F.);
#11418=ORIENTED_EDGE('',*,*,#11417,.F.);
#11420=ORIENTED_EDGE('',*,*,#11419,.F.);
#11422=ORIENTED_EDGE('',*,*,#11421,.F.);
#11424=ORIENTED_EDGE('',*,*,#11423,.F.);
#11426=ORIENTED_EDGE('',*,*,#11425,.F.);
#11428=ORIENTED_EDGE('',*,*,#11427,.F.);
#11430=ORIENTED_EDGE('',*,*,#11429,.F.);
#11432=ORIENTED_EDGE('',*,*,#11431,.F.);
#11434=ORIENTED_EDGE('',*,*,#11433,.F.);
#11436=ORIENTED_EDGE('',*,*,#11435,.F.);
#11438=ORIENTED_EDGE('',*,*,#11437,.F.);
#11440=ORIENTED_EDGE('',*,*,#11439,.F.);
#11442=ORIENTED_EDGE('',*,*,#11441,.F.);
#11444=ORIENTED_EDGE('',*,*,#11443,.F.);
#11445=EDGE_LOOP('',(#11410,#11412,#11414,#11416,#11418,#11420,#11422,#11424,
#11426,#11428,#11430,#11432,#11434,#11436,#11438,#11440,#11442,#11444));
#11446=FACE_BOUND('',#11445,.F.);
#11448=CARTESIAN_POINT('',(0.E0,0.E0,1.E-2));
#11449=DIRECTION('',(0.E0,0.E0,-1.E0));
#11450=DIRECTION('',(-1.E0,0.E0,0.E0));
#11451=AXIS2_PLACEMENT_3D('',#11448,#11449,#11450);
#11452=PLANE('',#11451);
#11454=ORIENTED_EDGE('',*,*,#11453,.F.);
#11456=ORIENTED_EDGE('',*,*,#11455,.F.);
#11458=ORIENTED_EDGE('',*,*,#11457,.F.);
#11460=ORIENTED_EDGE('',*,*,#11459,.F.);
#11462=ORIENTED_EDGE('',*,*,#11461,.F.);
#11464=ORIENTED_EDGE('',*,*,#11463,.F.);
#11466=ORIENTED_EDGE('',*,*,#11465,.F.);
#11467=EDGE_LOOP('',(#11454,#11456,#11458,#11460,#11462,#11464,#11466));
#11468=FACE_OUTER_BOUND('',#11467,.F.);
#11470=CARTESIAN_POINT('',(0.E0,0.E0,1.E-2));
#11471=DIRECTION('',(0.E0,0.E0,-1.E0));
#11472=DIRECTION('',(-1.E0,0.E0,0.E0));
#11473=AXIS2_PLACEMENT_3D('',#11470,#11471,#11472);
#11474=PLANE('',#11473);
#11476=ORIENTED_EDGE('',*,*,#11475,.F.);
#11478=ORIENTED_EDGE('',*,*,#11477,.F.);
#11480=ORIENTED_EDGE('',*,*,#11479,.F.);
#11482=ORIENTED_EDGE('',*,*,#11481,.F.);
#11483=EDGE_LOOP('',(#11476,#11478,#11480,#11482));
#11484=FACE_OUTER_BOUND('',#11483,.F.);
#11486=CARTESIAN_POINT('',(0.E0,0.E0,1.E-2));
#11487=DIRECTION('',(0.E0,0.E0,-1.E0));
#11488=DIRECTION('',(-1.E0,0.E0,0.E0));
#11489=AXIS2_PLACEMENT_3D('',#11486,#11487,#11488);
#11490=PLANE('',#11489);
#11492=ORIENTED_EDGE('',*,*,#11491,.F.);
#11494=ORIENTED_EDGE('',*,*,#11493,.F.);
#11496=ORIENTED_EDGE('',*,*,#11495,.F.);
#11498=ORIENTED_EDGE('',*,*,#11497,.F.);
#11500=ORIENTED_EDGE('',*,*,#11499,.F.);
#11502=ORIENTED_EDGE('',*,*,#11501,.F.);
#11504=ORIENTED_EDGE('',*,*,#11503,.F.);
#11506=ORIENTED_EDGE('',*,*,#11505,.F.);
#11508=ORIENTED_EDGE('',*,*,#11507,.F.);
#11509=EDGE_LOOP('',(#11492,#11494,#11496,#11498,#11500,#11502,#11504,#11506,
#11508));
#11510=FACE_OUTER_BOUND('',#11509,.F.);
#11512=CARTESIAN_POINT('',(0.E0,0.E0,1.E-2));
#11513=DIRECTION('',(0.E0,0.E0,-1.E0));
#11514=DIRECTION('',(-1.E0,0.E0,0.E0));
#11515=AXIS2_PLACEMENT_3D('',#11512,#11513,#11514);
#11516=PLANE('',#11515);
#11518=ORIENTED_EDGE('',*,*,#11517,.F.);
#11520=ORIENTED_EDGE('',*,*,#11519,.F.);
#11522=ORIENTED_EDGE('',*,*,#11521,.F.);
#11524=ORIENTED_EDGE('',*,*,#11523,.F.);
#11526=ORIENTED_EDGE('',*,*,#11525,.F.);
#11528=ORIENTED_EDGE('',*,*,#11527,.F.);
#11530=ORIENTED_EDGE('',*,*,#11529,.F.);
#11532=ORIENTED_EDGE('',*,*,#11531,.F.);
#11534=ORIENTED_EDGE('',*,*,#11533,.F.);
#11535=EDGE_LOOP('',(#11518,#11520,#11522,#11524,#11526,#11528,#11530,#11532,
#11534));
#11536=FACE_OUTER_BOUND('',#11535,.F.);
#11538=CARTESIAN_POINT('',(0.E0,0.E0,1.E-2));
#11539=DIRECTION('',(0.E0,0.E0,-1.E0));
#11540=DIRECTION('',(-1.E0,0.E0,0.E0));
#11541=AXIS2_PLACEMENT_3D('',#11538,#11539,#11540);
#11542=PLANE('',#11541);
#11544=ORIENTED_EDGE('',*,*,#11543,.F.);
#11546=ORIENTED_EDGE('',*,*,#11545,.F.);
#11548=ORIENTED_EDGE('',*,*,#11547,.F.);
#11550=ORIENTED_EDGE('',*,*,#11549,.F.);
#11552=ORIENTED_EDGE('',*,*,#11551,.F.);
#11554=ORIENTED_EDGE('',*,*,#11553,.F.);
#11556=ORIENTED_EDGE('',*,*,#11555,.F.);
#11558=ORIENTED_EDGE('',*,*,#11557,.F.);
#11560=ORIENTED_EDGE('',*,*,#11559,.F.);
#11562=ORIENTED_EDGE('',*,*,#11561,.F.);
#11564=ORIENTED_EDGE('',*,*,#11563,.F.);
#11566=ORIENTED_EDGE('',*,*,#11565,.F.);
#11568=ORIENTED_EDGE('',*,*,#11567,.F.);
#11569=EDGE_LOOP('',(#11544,#11546,#11548,#11550,#11552,#11554,#11556,#11558,
#11560,#11562,#11564,#11566,#11568));
#11570=FACE_OUTER_BOUND('',#11569,.F.);
#11572=CARTESIAN_POINT('',(0.E0,0.E0,1.E-2));
#11573=DIRECTION('',(0.E0,0.E0,-1.E0));
#11574=DIRECTION('',(-1.E0,0.E0,0.E0));
#11575=AXIS2_PLACEMENT_3D('',#11572,#11573,#11574);
#11576=PLANE('',#11575);
#11578=ORIENTED_EDGE('',*,*,#11577,.F.);
#11580=ORIENTED_EDGE('',*,*,#11579,.F.);
#11582=ORIENTED_EDGE('',*,*,#11581,.F.);
#11584=ORIENTED_EDGE('',*,*,#11583,.F.);
#11586=ORIENTED_EDGE('',*,*,#11585,.F.);
#11588=ORIENTED_EDGE('',*,*,#11587,.F.);
#11590=ORIENTED_EDGE('',*,*,#11589,.F.);
#11592=ORIENTED_EDGE('',*,*,#11591,.F.);
#11594=ORIENTED_EDGE('',*,*,#11593,.F.);
#11596=ORIENTED_EDGE('',*,*,#11595,.F.);
#11598=ORIENTED_EDGE('',*,*,#11597,.F.);
#11600=ORIENTED_EDGE('',*,*,#11599,.F.);
#11602=ORIENTED_EDGE('',*,*,#11601,.F.);
#11603=EDGE_LOOP('',(#11578,#11580,#11582,#11584,#11586,#11588,#11590,#11592,
#11594,#11596,#11598,#11600,#11602));
#11604=FACE_OUTER_BOUND('',#11603,.F.);
#11606=CARTESIAN_POINT('',(6.000000023842E0,4.429787254333E0,0.E0));
#11607=DIRECTION('',(9.311282355933E-1,-3.646919369563E-1,0.E0));
#11608=DIRECTION('',(-3.646919369563E-1,-9.311282355933E-1,0.E0));
#11609=AXIS2_PLACEMENT_3D('',#11606,#11607,#11608);
#11610=PLANE('',#11609);
#11611=ORIENTED_EDGE('',*,*,#9295,.F.);
#11613=ORIENTED_EDGE('',*,*,#11612,.T.);
#11614=ORIENTED_EDGE('',*,*,#10431,.T.);
#11616=ORIENTED_EDGE('',*,*,#11615,.F.);
#11617=EDGE_LOOP('',(#11611,#11613,#11614,#11616));
#11618=FACE_OUTER_BOUND('',#11617,.F.);
#11620=CARTESIAN_POINT('',(6.449999988079E0,3.280851042271E0,0.E0));
#11621=DIRECTION('',(-9.311282651191E-1,-3.646918615713E-1,0.E0));
#11622=DIRECTION('',(-3.646918615713E-1,9.311282651191E-1,0.E0));
#11623=AXIS2_PLACEMENT_3D('',#11620,#11621,#11622);
#11624=PLANE('',#11623);
#11625=ORIENTED_EDGE('',*,*,#9299,.F.);
#11627=ORIENTED_EDGE('',*,*,#11626,.T.);
#11628=ORIENTED_EDGE('',*,*,#10433,.T.);
#11629=ORIENTED_EDGE('',*,*,#11612,.F.);
#11630=EDGE_LOOP('',(#11625,#11627,#11628,#11629));
#11631=FACE_OUTER_BOUND('',#11630,.F.);
#11633=CARTESIAN_POINT('',(5.549999952316E0,3.280851042271E0,0.E0));
#11634=DIRECTION('',(0.E0,1.E0,0.E0));
#11635=DIRECTION('',(1.E0,0.E0,0.E0));
#11636=AXIS2_PLACEMENT_3D('',#11633,#11634,#11635);
#11637=PLANE('',#11636);
#11638=ORIENTED_EDGE('',*,*,#9297,.F.);
#11639=ORIENTED_EDGE('',*,*,#11615,.T.);
#11640=ORIENTED_EDGE('',*,*,#10435,.T.);
#11641=ORIENTED_EDGE('',*,*,#11626,.F.);
#11642=EDGE_LOOP('',(#11638,#11639,#11640,#11641));
#11643=FACE_OUTER_BOUND('',#11642,.F.);
#11645=CARTESIAN_POINT('',(2.899999904633E0,2.6E0,0.E0));
#11646=DIRECTION('',(0.E0,-1.E0,0.E0));
#11647=DIRECTION('',(-1.E0,0.E0,0.E0));
#11648=AXIS2_PLACEMENT_3D('',#11645,#11646,#11647);
#11649=PLANE('',#11648);
#11650=ORIENTED_EDGE('',*,*,#8403,.F.);
#11652=ORIENTED_EDGE('',*,*,#11651,.T.);
#11653=ORIENTED_EDGE('',*,*,#10445,.T.);
#11655=ORIENTED_EDGE('',*,*,#11654,.F.);
#11656=EDGE_LOOP('',(#11650,#11652,#11653,#11655));
#11657=FACE_OUTER_BOUND('',#11656,.F.);
#11659=CARTESIAN_POINT('',(3.600000095367E0,3.408510661125E0,0.E0));
#11660=DIRECTION('',(7.560171289147E-1,-6.545518320100E-1,0.E0));
#11661=DIRECTION('',(-6.545518320100E-1,-7.560171289147E-1,0.E0));
#11662=AXIS2_PLACEMENT_3D('',#11659,#11660,#11661);
#11663=PLANE('',#11662);
#11664=ORIENTED_EDGE('',*,*,#8425,.F.);
#11666=ORIENTED_EDGE('',*,*,#11665,.T.);
#11667=ORIENTED_EDGE('',*,*,#10447,.T.);
#11668=ORIENTED_EDGE('',*,*,#11651,.F.);
#11669=EDGE_LOOP('',(#11664,#11666,#11667,#11668));
#11670=FACE_OUTER_BOUND('',#11669,.F.);
#11672=CARTESIAN_POINT('',(4.3E0,2.6E0,0.E0));
#11673=DIRECTION('',(-7.560172613009E-1,-6.545516791018E-1,0.E0));
#11674=DIRECTION('',(-6.545516791018E-1,7.560172613009E-1,0.E0));
#11675=AXIS2_PLACEMENT_3D('',#11672,#11673,#11674);
#11676=PLANE('',#11675);
#11677=ORIENTED_EDGE('',*,*,#8423,.F.);
#11679=ORIENTED_EDGE('',*,*,#11678,.T.);
#11680=ORIENTED_EDGE('',*,*,#10449,.T.);
#11681=ORIENTED_EDGE('',*,*,#11665,.F.);
#11682=EDGE_LOOP('',(#11677,#11679,#11680,#11681));
#11683=FACE_OUTER_BOUND('',#11682,.F.);
#11685=CARTESIAN_POINT('',(4.6E0,2.6E0,0.E0));
#11686=DIRECTION('',(0.E0,-1.E0,0.E0));
#11687=DIRECTION('',(-1.E0,0.E0,0.E0));
#11688=AXIS2_PLACEMENT_3D('',#11685,#11686,#11687);
#11689=PLANE('',#11688);
#11690=ORIENTED_EDGE('',*,*,#8421,.F.);
#11692=ORIENTED_EDGE('',*,*,#11691,.T.);
#11693=ORIENTED_EDGE('',*,*,#10451,.T.);
#11694=ORIENTED_EDGE('',*,*,#11678,.F.);
#11695=EDGE_LOOP('',(#11690,#11692,#11693,#11694));
#11696=FACE_OUTER_BOUND('',#11695,.F.);
#11698=CARTESIAN_POINT('',(3.750000095367E0,3.621276593208E0,0.E0));
#11699=DIRECTION('',(7.686149264229E-1,6.397117279524E-1,0.E0));
#11700=DIRECTION('',(6.397117279524E-1,-7.686149264229E-1,0.E0));
#11701=AXIS2_PLACEMENT_3D('',#11698,#11699,#11700);
#11702=PLANE('',#11701);
#11703=ORIENTED_EDGE('',*,*,#8419,.F.);
#11705=ORIENTED_EDGE('',*,*,#11704,.T.);
#11706=ORIENTED_EDGE('',*,*,#10453,.T.);
#11707=ORIENTED_EDGE('',*,*,#11691,.F.);
#11708=EDGE_LOOP('',(#11703,#11705,#11706,#11707));
#11709=FACE_OUTER_BOUND('',#11708,.F.);
#11711=CARTESIAN_POINT('',(4.6E0,4.6E0,0.E0));
#11712=DIRECTION('',(7.550117719595E-1,-6.557112353793E-1,0.E0));
#11713=DIRECTION('',(-6.557112353793E-1,-7.550117719595E-1,0.E0));
#11714=AXIS2_PLACEMENT_3D('',#11711,#11712,#11713);
#11715=PLANE('',#11714);
#11716=ORIENTED_EDGE('',*,*,#8417,.F.);
#11718=ORIENTED_EDGE('',*,*,#11717,.T.);
#11719=ORIENTED_EDGE('',*,*,#10455,.T.);
#11720=ORIENTED_EDGE('',*,*,#11704,.F.);
#11721=EDGE_LOOP('',(#11716,#11718,#11719,#11720));
#11722=FACE_OUTER_BOUND('',#11721,.F.);
#11724=CARTESIAN_POINT('',(4.3E0,4.6E0,0.E0));
#11725=DIRECTION('',(0.E0,1.E0,0.E0));
#11726=DIRECTION('',(1.E0,0.E0,0.E0));
#11727=AXIS2_PLACEMENT_3D('',#11724,#11725,#11726);
#11728=PLANE('',#11727);
#11729=ORIENTED_EDGE('',*,*,#8415,.F.);
#11731=ORIENTED_EDGE('',*,*,#11730,.T.);
#11732=ORIENTED_EDGE('',*,*,#10457,.T.);
#11733=ORIENTED_EDGE('',*,*,#11717,.F.);
#11734=EDGE_LOOP('',(#11729,#11731,#11732,#11733));
#11735=FACE_OUTER_BOUND('',#11734,.F.);
#11737=CARTESIAN_POINT('',(3.600000095367E0,3.791489338875E0,0.E0));
#11738=DIRECTION('',(-7.560172613009E-1,6.545516791018E-1,0.E0));
#11739=DIRECTION('',(6.545516791018E-1,7.560172613009E-1,0.E0));
#11740=AXIS2_PLACEMENT_3D('',#11737,#11738,#11739);
#11741=PLANE('',#11740);
#11742=ORIENTED_EDGE('',*,*,#8413,.F.);
#11744=ORIENTED_EDGE('',*,*,#11743,.T.);
#11745=ORIENTED_EDGE('',*,*,#10459,.T.);
#11746=ORIENTED_EDGE('',*,*,#11730,.F.);
#11747=EDGE_LOOP('',(#11742,#11744,#11745,#11746));
#11748=FACE_OUTER_BOUND('',#11747,.F.);
#11750=CARTESIAN_POINT('',(2.899999904633E0,4.6E0,0.E0));
#11751=DIRECTION('',(7.560171289147E-1,6.545518320100E-1,0.E0));
#11752=DIRECTION('',(6.545518320100E-1,-7.560171289147E-1,0.E0));
#11753=AXIS2_PLACEMENT_3D('',#11750,#11751,#11752);
#11754=PLANE('',#11753);
#11755=ORIENTED_EDGE('',*,*,#8411,.F.);
#11757=ORIENTED_EDGE('',*,*,#11756,.T.);
#11758=ORIENTED_EDGE('',*,*,#10461,.T.);
#11759=ORIENTED_EDGE('',*,*,#11743,.F.);
#11760=EDGE_LOOP('',(#11755,#11757,#11758,#11759));
#11761=FACE_OUTER_BOUND('',#11760,.F.);
#11763=CARTESIAN_POINT('',(2.599999904633E0,4.6E0,0.E0));
#11764=DIRECTION('',(0.E0,1.E0,0.E0));
#11765=DIRECTION('',(1.E0,0.E0,0.E0));
#11766=AXIS2_PLACEMENT_3D('',#11763,#11764,#11765);
#11767=PLANE('',#11766);
#11768=ORIENTED_EDGE('',*,*,#8409,.F.);
#11770=ORIENTED_EDGE('',*,*,#11769,.T.);
#11771=ORIENTED_EDGE('',*,*,#10463,.T.);
#11772=ORIENTED_EDGE('',*,*,#11756,.F.);
#11773=EDGE_LOOP('',(#11768,#11770,#11771,#11772));
#11774=FACE_OUTER_BOUND('',#11773,.F.);
#11776=CARTESIAN_POINT('',(3.450000095367E0,3.621276593208E0,0.E0));
#11777=DIRECTION('',(-7.550116626944E-1,-6.557113611914E-1,0.E0));
#11778=DIRECTION('',(-6.557113611914E-1,7.550116626944E-1,0.E0));
#11779=AXIS2_PLACEMENT_3D('',#11776,#11777,#11778);
#11780=PLANE('',#11779);
#11781=ORIENTED_EDGE('',*,*,#8407,.F.);
#11783=ORIENTED_EDGE('',*,*,#11782,.T.);
#11784=ORIENTED_EDGE('',*,*,#10465,.T.);
#11785=ORIENTED_EDGE('',*,*,#11769,.F.);
#11786=EDGE_LOOP('',(#11781,#11783,#11784,#11785));
#11787=FACE_OUTER_BOUND('',#11786,.F.);
#11789=CARTESIAN_POINT('',(2.599999904633E0,2.6E0,0.E0));
#11790=DIRECTION('',(-7.686148205512E-1,6.397118551575E-1,0.E0));
#11791=DIRECTION('',(6.397118551575E-1,7.686148205512E-1,0.E0));
#11792=AXIS2_PLACEMENT_3D('',#11789,#11790,#11791);
#11793=PLANE('',#11792);
#11794=ORIENTED_EDGE('',*,*,#8405,.F.);
#11795=ORIENTED_EDGE('',*,*,#11654,.T.);
#11796=ORIENTED_EDGE('',*,*,#10467,.T.);
#11797=ORIENTED_EDGE('',*,*,#11782,.F.);
#11798=EDGE_LOOP('',(#11794,#11795,#11796,#11797));
#11799=FACE_OUTER_BOUND('',#11798,.F.);
#11801=CARTESIAN_POINT('',(1.9E0,2.6E0,0.E0));
#11802=DIRECTION('',(-1.E0,0.E0,0.E0));
#11803=DIRECTION('',(0.E0,1.E0,0.E0));
#11804=AXIS2_PLACEMENT_3D('',#11801,#11802,#11803);
#11805=PLANE('',#11804);
#11806=ORIENTED_EDGE('',*,*,#8429,.F.);
#11808=ORIENTED_EDGE('',*,*,#11807,.T.);
#11809=ORIENTED_EDGE('',*,*,#10477,.T.);
#11811=ORIENTED_EDGE('',*,*,#11810,.F.);
#11812=EDGE_LOOP('',(#11806,#11808,#11809,#11811));
#11813=FACE_OUTER_BOUND('',#11812,.F.);
#11815=CARTESIAN_POINT('',(2.2E0,2.6E0,0.E0));
#11816=DIRECTION('',(0.E0,-1.E0,0.E0));
#11817=DIRECTION('',(-1.E0,0.E0,0.E0));
#11818=AXIS2_PLACEMENT_3D('',#11815,#11816,#11817);
#11819=PLANE('',#11818);
#11820=ORIENTED_EDGE('',*,*,#8435,.F.);
#11822=ORIENTED_EDGE('',*,*,#11821,.T.);
#11823=ORIENTED_EDGE('',*,*,#10479,.T.);
#11824=ORIENTED_EDGE('',*,*,#11807,.F.);
#11825=EDGE_LOOP('',(#11820,#11822,#11823,#11824));
#11826=FACE_OUTER_BOUND('',#11825,.F.);
#11828=CARTESIAN_POINT('',(2.2E0,4.6E0,0.E0));
#11829=DIRECTION('',(1.E0,0.E0,0.E0));
#11830=DIRECTION('',(0.E0,-1.E0,0.E0));
#11831=AXIS2_PLACEMENT_3D('',#11828,#11829,#11830);
#11832=PLANE('',#11831);
#11833=ORIENTED_EDGE('',*,*,#8433,.F.);
#11835=ORIENTED_EDGE('',*,*,#11834,.T.);
#11836=ORIENTED_EDGE('',*,*,#10481,.T.);
#11837=ORIENTED_EDGE('',*,*,#11821,.F.);
#11838=EDGE_LOOP('',(#11833,#11835,#11836,#11837));
#11839=FACE_OUTER_BOUND('',#11838,.F.);
#11841=CARTESIAN_POINT('',(1.9E0,4.6E0,0.E0));
#11842=DIRECTION('',(0.E0,1.E0,0.E0));
#11843=DIRECTION('',(1.E0,0.E0,0.E0));
#11844=AXIS2_PLACEMENT_3D('',#11841,#11842,#11843);
#11845=PLANE('',#11844);
#11846=ORIENTED_EDGE('',*,*,#8431,.F.);
#11847=ORIENTED_EDGE('',*,*,#11810,.T.);
#11848=ORIENTED_EDGE('',*,*,#10483,.T.);
#11849=ORIENTED_EDGE('',*,*,#11834,.F.);
#11850=EDGE_LOOP('',(#11846,#11847,#11848,#11849));
#11851=FACE_OUTER_BOUND('',#11850,.F.);
#11853=CARTESIAN_POINT('',(-4.500001907349E-1,3.110638296604E0,0.E0));
#11854=DIRECTION('',(0.E0,1.E0,0.E0));
#11855=DIRECTION('',(1.E0,0.E0,0.E0));
#11856=AXIS2_PLACEMENT_3D('',#11853,#11854,#11855);
#11857=PLANE('',#11856);
#11858=ORIENTED_EDGE('',*,*,#8439,.F.);
#11860=ORIENTED_EDGE('',*,*,#11859,.T.);
#11861=ORIENTED_EDGE('',*,*,#10493,.T.);
#11863=ORIENTED_EDGE('',*,*,#11862,.F.);
#11864=EDGE_LOOP('',(#11858,#11860,#11861,#11863));
#11865=FACE_OUTER_BOUND('',#11864,.F.);
#11867=CARTESIAN_POINT('',(-3.999998092651E-1,2.897872334719E0,0.E0));
#11868=DIRECTION('',(-9.734805777120E-1,-2.287696763506E-1,0.E0));
#11869=DIRECTION('',(-2.287696763506E-1,9.734805777120E-1,0.E0));
#11870=AXIS2_PLACEMENT_3D('',#11867,#11868,#11869);
#11871=PLANE('',#11870);
#11872=ORIENTED_EDGE('',*,*,#8517,.F.);
#11874=ORIENTED_EDGE('',*,*,#11873,.T.);
#11875=ORIENTED_EDGE('',*,*,#10495,.T.);
#11876=ORIENTED_EDGE('',*,*,#11859,.F.);
#11877=EDGE_LOOP('',(#11872,#11874,#11875,#11876));
#11878=FACE_OUTER_BOUND('',#11877,.F.);
#11880=CARTESIAN_POINT('',(-2.E-1,2.727659574151E0,0.E0));
#11881=DIRECTION('',(-6.481189760854E-1,-7.615390947535E-1,0.E0));
#11882=DIRECTION('',(-7.615390947535E-1,6.481189760854E-1,0.E0));
#11883=AXIS2_PLACEMENT_3D('',#11880,#11881,#11882);
#11884=PLANE('',#11883);
#11885=ORIENTED_EDGE('',*,*,#8515,.F.);
#11887=ORIENTED_EDGE('',*,*,#11886,.T.);
#11888=ORIENTED_EDGE('',*,*,#10497,.T.);
#11889=ORIENTED_EDGE('',*,*,#11873,.F.);
#11890=EDGE_LOOP('',(#11885,#11887,#11888,#11889));
#11891=FACE_OUTER_BOUND('',#11890,.F.);
#11893=CARTESIAN_POINT('',(-1.907348643471E-7,2.642553190142E0,0.E0));
#11894=DIRECTION('',(-3.915554842770E-1,-9.201544993818E-1,0.E0));
#11895=DIRECTION('',(-9.201544993818E-1,3.915554842770E-1,0.E0));
#11896=AXIS2_PLACEMENT_3D('',#11893,#11894,#11895);
#11897=PLANE('',#11896);
#11898=ORIENTED_EDGE('',*,*,#8513,.F.);
#11900=ORIENTED_EDGE('',*,*,#11899,.T.);
#11901=ORIENTED_EDGE('',*,*,#10499,.T.);
#11902=ORIENTED_EDGE('',*,*,#11886,.F.);
#11903=EDGE_LOOP('',(#11898,#11900,#11901,#11902));
#11904=FACE_OUTER_BOUND('',#11903,.F.);
#11906=CARTESIAN_POINT('',(2.5E-1,2.6E0,0.E0));
#11907=DIRECTION('',(-1.677992184686E-1,-9.858211918402E-1,0.E0));
#11908=DIRECTION('',(-9.858211918402E-1,1.677992184686E-1,0.E0));
#11909=AXIS2_PLACEMENT_3D('',#11906,#11907,#11908);
#11910=PLANE('',#11909);
#11911=ORIENTED_EDGE('',*,*,#8511,.F.);
#11913=ORIENTED_EDGE('',*,*,#11912,.T.);
#11914=ORIENTED_EDGE('',*,*,#10501,.T.);
#11915=ORIENTED_EDGE('',*,*,#11899,.F.);
#11916=EDGE_LOOP('',(#11911,#11913,#11914,#11915));
#11917=FACE_OUTER_BOUND('',#11916,.F.);
#11919=CARTESIAN_POINT('',(7.E-1,2.6E0,0.E0));
#11920=DIRECTION('',(0.E0,-1.E0,0.E0));
#11921=DIRECTION('',(-1.E0,0.E0,0.E0));
#11922=AXIS2_PLACEMENT_3D('',#11919,#11920,#11921);
#11923=PLANE('',#11922);
#11924=ORIENTED_EDGE('',*,*,#8509,.F.);
#11926=ORIENTED_EDGE('',*,*,#11925,.T.);
#11927=ORIENTED_EDGE('',*,*,#10503,.T.);
#11928=ORIENTED_EDGE('',*,*,#11912,.F.);
#11929=EDGE_LOOP('',(#11924,#11926,#11927,#11928));
#11930=FACE_OUTER_BOUND('',#11929,.F.);
#11932=CARTESIAN_POINT('',(9.500001907349E-1,2.642553190142E0,0.E0));
#11933=DIRECTION('',(1.677992184686E-1,-9.858211918402E-1,0.E0));
#11934=DIRECTION('',(-9.858211918402E-1,-1.677992184686E-1,0.E0));
#11935=AXIS2_PLACEMENT_3D('',#11932,#11933,#11934);
#11936=PLANE('',#11935);
#11937=ORIENTED_EDGE('',*,*,#8507,.F.);
#11939=ORIENTED_EDGE('',*,*,#11938,.T.);
#11940=ORIENTED_EDGE('',*,*,#10505,.T.);
#11941=ORIENTED_EDGE('',*,*,#11925,.F.);
#11942=EDGE_LOOP('',(#11937,#11939,#11940,#11941));
#11943=FACE_OUTER_BOUND('',#11942,.F.);
#11945=CARTESIAN_POINT('',(1.15E0,2.727659574151E0,0.E0));
#11946=DIRECTION('',(3.915554842770E-1,-9.201544993818E-1,0.E0));
#11947=DIRECTION('',(-9.201544993818E-1,-3.915554842770E-1,0.E0));
#11948=AXIS2_PLACEMENT_3D('',#11945,#11946,#11947);
#11949=PLANE('',#11948);
#11950=ORIENTED_EDGE('',*,*,#8505,.F.);
#11952=ORIENTED_EDGE('',*,*,#11951,.T.);
#11953=ORIENTED_EDGE('',*,*,#10507,.T.);
#11954=ORIENTED_EDGE('',*,*,#11938,.F.);
#11955=EDGE_LOOP('',(#11950,#11952,#11953,#11954));
#11956=FACE_OUTER_BOUND('',#11955,.F.);
#11958=CARTESIAN_POINT('',(1.349999809265E0,2.897872334719E0,0.E0));
#11959=DIRECTION('',(6.481189760854E-1,-7.615390947535E-1,0.E0));
#11960=DIRECTION('',(-7.615390947535E-1,-6.481189760854E-1,0.E0));
#11961=AXIS2_PLACEMENT_3D('',#11958,#11959,#11960);
#11962=PLANE('',#11961);
#11963=ORIENTED_EDGE('',*,*,#8503,.F.);
#11965=ORIENTED_EDGE('',*,*,#11964,.T.);
#11966=ORIENTED_EDGE('',*,*,#10509,.T.);
#11967=ORIENTED_EDGE('',*,*,#11951,.F.);
#11968=EDGE_LOOP('',(#11963,#11965,#11966,#11967));
#11969=FACE_OUTER_BOUND('',#11968,.F.);
#11971=CARTESIAN_POINT('',(1.45E0,3.068085110188E0,0.E0));
#11972=DIRECTION('',(8.622107369932E-1,-5.065497458430E-1,0.E0));
#11973=DIRECTION('',(-5.065497458430E-1,-8.622107369932E-1,0.E0));
#11974=AXIS2_PLACEMENT_3D('',#11971,#11972,#11973);
#11975=PLANE('',#11974);
#11976=ORIENTED_EDGE('',*,*,#8501,.F.);
#11978=ORIENTED_EDGE('',*,*,#11977,.T.);
#11979=ORIENTED_EDGE('',*,*,#10511,.T.);
#11980=ORIENTED_EDGE('',*,*,#11964,.F.);
#11981=EDGE_LOOP('',(#11976,#11978,#11979,#11980));
#11982=FACE_OUTER_BOUND('',#11981,.F.);
#11984=CARTESIAN_POINT('',(1.499999809265E0,3.280851042271E0,0.E0));
#11985=DIRECTION('',(9.734811536182E-1,-2.287672256905E-1,0.E0));
#11986=DIRECTION('',(-2.287672256905E-1,-9.734811536182E-1,0.E0));
#11987=AXIS2_PLACEMENT_3D('',#11984,#11985,#11986);
#11988=PLANE('',#11987);
#11989=ORIENTED_EDGE('',*,*,#8499,.F.);
#11991=ORIENTED_EDGE('',*,*,#11990,.T.);
#11992=ORIENTED_EDGE('',*,*,#10513,.T.);
#11993=ORIENTED_EDGE('',*,*,#11977,.F.);
#11994=EDGE_LOOP('',(#11989,#11991,#11992,#11993));
#11995=FACE_OUTER_BOUND('',#11994,.F.);
#11997=CARTESIAN_POINT('',(1.499999809265E0,3.919148898125E0,0.E0));
#11998=DIRECTION('',(1.E0,0.E0,0.E0));
#11999=DIRECTION('',(0.E0,-1.E0,0.E0));
#12000=AXIS2_PLACEMENT_3D('',#11997,#11998,#11999);
#12001=PLANE('',#12000);
#12002=ORIENTED_EDGE('',*,*,#8497,.F.);
#12004=ORIENTED_EDGE('',*,*,#12003,.T.);
#12005=ORIENTED_EDGE('',*,*,#10515,.T.);
#12006=ORIENTED_EDGE('',*,*,#11990,.F.);
#12007=EDGE_LOOP('',(#12002,#12004,#12005,#12006));
#12008=FACE_OUTER_BOUND('',#12007,.F.);
#12010=CARTESIAN_POINT('',(1.45E0,4.131914949417E0,0.E0));
#12011=DIRECTION('',(9.734811821627E-1,2.287671042240E-1,0.E0));
#12012=DIRECTION('',(2.287671042240E-1,-9.734811821627E-1,0.E0));
#12013=AXIS2_PLACEMENT_3D('',#12010,#12011,#12012);
#12014=PLANE('',#12013);
#12015=ORIENTED_EDGE('',*,*,#8495,.F.);
#12017=ORIENTED_EDGE('',*,*,#12016,.T.);
#12018=ORIENTED_EDGE('',*,*,#10517,.T.);
#12019=ORIENTED_EDGE('',*,*,#12003,.F.);
#12020=EDGE_LOOP('',(#12015,#12017,#12018,#12019));
#12021=FACE_OUTER_BOUND('',#12020,.F.);
#12023=CARTESIAN_POINT('',(1.349999809265E0,4.302127695084E0,0.E0));
#12024=DIRECTION('',(8.622106982571E-1,5.065498117766E-1,0.E0));
#12025=DIRECTION('',(5.065498117766E-1,-8.622106982571E-1,0.E0));
#12026=AXIS2_PLACEMENT_3D('',#12023,#12024,#12025);
#12027=PLANE('',#12026);
#12028=ORIENTED_EDGE('',*,*,#8493,.F.);
#12030=ORIENTED_EDGE('',*,*,#12029,.T.);
#12031=ORIENTED_EDGE('',*,*,#10519,.T.);
#12032=ORIENTED_EDGE('',*,*,#12016,.F.);
#12033=EDGE_LOOP('',(#12028,#12030,#12031,#12032));
#12034=FACE_OUTER_BOUND('',#12033,.F.);
#12036=CARTESIAN_POINT('',(1.15E0,4.472340440750E0,0.E0));
#12037=DIRECTION('',(6.481189431800E-1,7.615391227581E-1,0.E0));
#12038=DIRECTION('',(7.615391227581E-1,-6.481189431800E-1,0.E0));
#12039=AXIS2_PLACEMENT_3D('',#12036,#12037,#12038);
#12040=PLANE('',#12039);
#12041=ORIENTED_EDGE('',*,*,#8491,.F.);
#12043=ORIENTED_EDGE('',*,*,#12042,.T.);
#12044=ORIENTED_EDGE('',*,*,#10521,.T.);
#12045=ORIENTED_EDGE('',*,*,#12029,.F.);
#12046=EDGE_LOOP('',(#12041,#12043,#12044,#12045));
#12047=FACE_OUTER_BOUND('',#12046,.F.);
#12049=CARTESIAN_POINT('',(9.500001907349E-1,4.557446813583E0,0.E0));
#12050=DIRECTION('',(3.915554407424E-1,9.201545179072E-1,0.E0));
#12051=DIRECTION('',(9.201545179072E-1,-3.915554407424E-1,0.E0));
#12052=AXIS2_PLACEMENT_3D('',#12049,#12050,#12051);
#12053=PLANE('',#12052);
#12054=ORIENTED_EDGE('',*,*,#8489,.F.);
#12056=ORIENTED_EDGE('',*,*,#12055,.T.);
#12057=ORIENTED_EDGE('',*,*,#10523,.T.);
#12058=ORIENTED_EDGE('',*,*,#12042,.F.);
#12059=EDGE_LOOP('',(#12054,#12056,#12057,#12058));
#12060=FACE_OUTER_BOUND('',#12059,.F.);
#12062=CARTESIAN_POINT('',(7.E-1,4.6E0,0.E0));
#12063=DIRECTION('',(1.677992041923E-1,9.858211942702E-1,0.E0));
#12064=DIRECTION('',(9.858211942702E-1,-1.677992041923E-1,0.E0));
#12065=AXIS2_PLACEMENT_3D('',#12062,#12063,#12064);
#12066=PLANE('',#12065);
#12067=ORIENTED_EDGE('',*,*,#8487,.F.);
#12069=ORIENTED_EDGE('',*,*,#12068,.T.);
#12070=ORIENTED_EDGE('',*,*,#10525,.T.);
#12071=ORIENTED_EDGE('',*,*,#12055,.F.);
#12072=EDGE_LOOP('',(#12067,#12069,#12070,#12071));
#12073=FACE_OUTER_BOUND('',#12072,.F.);
#12075=CARTESIAN_POINT('',(2.5E-1,4.6E0,0.E0));
#12076=DIRECTION('',(0.E0,1.E0,0.E0));
#12077=DIRECTION('',(1.E0,0.E0,0.E0));
#12078=AXIS2_PLACEMENT_3D('',#12075,#12076,#12077);
#12079=PLANE('',#12078);
#12080=ORIENTED_EDGE('',*,*,#8485,.F.);
#12082=ORIENTED_EDGE('',*,*,#12081,.T.);
#12083=ORIENTED_EDGE('',*,*,#10527,.T.);
#12084=ORIENTED_EDGE('',*,*,#12068,.F.);
#12085=EDGE_LOOP('',(#12080,#12082,#12083,#12084));
#12086=FACE_OUTER_BOUND('',#12085,.F.);
#12088=CARTESIAN_POINT('',(-1.907348643471E-7,4.557446813583E0,0.E0));
#12089=DIRECTION('',(-1.677992041923E-1,9.858211942702E-1,0.E0));
#12090=DIRECTION('',(9.858211942702E-1,1.677992041923E-1,0.E0));
#12091=AXIS2_PLACEMENT_3D('',#12088,#12089,#12090);
#12092=PLANE('',#12091);
#12093=ORIENTED_EDGE('',*,*,#8483,.F.);
#12095=ORIENTED_EDGE('',*,*,#12094,.T.);
#12096=ORIENTED_EDGE('',*,*,#10529,.T.);
#12097=ORIENTED_EDGE('',*,*,#12081,.F.);
#12098=EDGE_LOOP('',(#12093,#12095,#12096,#12097));
#12099=FACE_OUTER_BOUND('',#12098,.F.);
#12101=CARTESIAN_POINT('',(-2.E-1,4.472340440750E0,0.E0));
#12102=DIRECTION('',(-3.915554407424E-1,9.201545179072E-1,0.E0));
#12103=DIRECTION('',(9.201545179072E-1,3.915554407424E-1,0.E0));
#12104=AXIS2_PLACEMENT_3D('',#12101,#12102,#12103);
#12105=PLANE('',#12104);
#12106=ORIENTED_EDGE('',*,*,#8481,.F.);
#12108=ORIENTED_EDGE('',*,*,#12107,.T.);
#12109=ORIENTED_EDGE('',*,*,#10531,.T.);
#12110=ORIENTED_EDGE('',*,*,#12094,.F.);
#12111=EDGE_LOOP('',(#12106,#12108,#12109,#12110));
#12112=FACE_OUTER_BOUND('',#12111,.F.);
#12114=CARTESIAN_POINT('',(-3.999998092651E-1,4.302127695084E0,0.E0));
#12115=DIRECTION('',(-6.481189431800E-1,7.615391227581E-1,0.E0));
#12116=DIRECTION('',(7.615391227581E-1,6.481189431800E-1,0.E0));
#12117=AXIS2_PLACEMENT_3D('',#12114,#12115,#12116);
#12118=PLANE('',#12117);
#12119=ORIENTED_EDGE('',*,*,#8479,.F.);
#12121=ORIENTED_EDGE('',*,*,#12120,.T.);
#12122=ORIENTED_EDGE('',*,*,#10533,.T.);
#12123=ORIENTED_EDGE('',*,*,#12107,.F.);
#12124=EDGE_LOOP('',(#12119,#12121,#12122,#12123));
#12125=FACE_OUTER_BOUND('',#12124,.F.);
#12127=CARTESIAN_POINT('',(-4.500001907349E-1,4.089361643791E0,0.E0));
#12128=DIRECTION('',(-9.734805991208E-1,2.287695852499E-1,0.E0));
#12129=DIRECTION('',(2.287695852499E-1,9.734805991208E-1,0.E0));
#12130=AXIS2_PLACEMENT_3D('',#12127,#12128,#12129);
#12131=PLANE('',#12130);
#12132=ORIENTED_EDGE('',*,*,#8477,.F.);
#12134=ORIENTED_EDGE('',*,*,#12133,.T.);
#12135=ORIENTED_EDGE('',*,*,#10535,.T.);
#12136=ORIENTED_EDGE('',*,*,#12120,.F.);
#12137=EDGE_LOOP('',(#12132,#12134,#12135,#12136));
#12138=FACE_OUTER_BOUND('',#12137,.F.);
#12140=CARTESIAN_POINT('',(-1.500001907349E-1,4.089361643791E0,0.E0));
#12141=DIRECTION('',(0.E0,-1.E0,0.E0));
#12142=DIRECTION('',(-1.E0,0.E0,0.E0));
#12143=AXIS2_PLACEMENT_3D('',#12140,#12141,#12142);
#12144=PLANE('',#12143);
#12145=ORIENTED_EDGE('',*,*,#8475,.F.);
#12147=ORIENTED_EDGE('',*,*,#12146,.T.);
#12148=ORIENTED_EDGE('',*,*,#10537,.T.);
#12149=ORIENTED_EDGE('',*,*,#12133,.F.);
#12150=EDGE_LOOP('',(#12145,#12147,#12148,#12149));
#12151=FACE_OUTER_BOUND('',#12150,.F.);
#12153=CARTESIAN_POINT('',(-9.999980926514E-2,4.217021322250E0,0.E0));
#12154=DIRECTION('',(9.311274068191E-1,-3.646940529681E-1,0.E0));
#12155=DIRECTION('',(-3.646940529681E-1,-9.311274068191E-1,0.E0));
#12156=AXIS2_PLACEMENT_3D('',#12153,#12154,#12155);
#12157=PLANE('',#12156);
#12158=ORIENTED_EDGE('',*,*,#8473,.F.);
#12160=ORIENTED_EDGE('',*,*,#12159,.T.);
#12161=ORIENTED_EDGE('',*,*,#10539,.T.);
#12162=ORIENTED_EDGE('',*,*,#12146,.F.);
#12163=EDGE_LOOP('',(#12158,#12160,#12161,#12162));
#12164=FACE_OUTER_BOUND('',#12163,.F.);
#12166=CARTESIAN_POINT('',(5.000019073486E-2,4.302127695084E0,0.E0));
#12167=DIRECTION('',(4.934793735083E-1,-8.697574994916E-1,0.E0));
#12168=DIRECTION('',(-8.697574994916E-1,-4.934793735083E-1,0.E0));
#12169=AXIS2_PLACEMENT_3D('',#12166,#12167,#12168);
#12170=PLANE('',#12169);
#12171=ORIENTED_EDGE('',*,*,#8471,.F.);
#12173=ORIENTED_EDGE('',*,*,#12172,.T.);
#12174=ORIENTED_EDGE('',*,*,#10541,.T.);
#12175=ORIENTED_EDGE('',*,*,#12159,.F.);
#12176=EDGE_LOOP('',(#12171,#12173,#12174,#12175));
#12177=FACE_OUTER_BOUND('',#12176,.F.);
#12179=CARTESIAN_POINT('',(2.5E-1,4.344680881500E0,0.E0));
#12180=DIRECTION('',(2.081078106026E-1,-9.781058936364E-1,0.E0));
#12181=DIRECTION('',(-9.781058936364E-1,-2.081078106026E-1,0.E0));
#12182=AXIS2_PLACEMENT_3D('',#12179,#12180,#12181);
#12183=PLANE('',#12182);
#12184=ORIENTED_EDGE('',*,*,#8469,.F.);
#12186=ORIENTED_EDGE('',*,*,#12185,.T.);
#12187=ORIENTED_EDGE('',*,*,#10543,.T.);
#12188=ORIENTED_EDGE('',*,*,#12172,.F.);
#12189=EDGE_LOOP('',(#12184,#12186,#12187,#12188));
#12190=FACE_OUTER_BOUND('',#12189,.F.);
#12192=CARTESIAN_POINT('',(7.E-1,4.344680881500E0,0.E0));
#12193=DIRECTION('',(0.E0,-1.E0,0.E0));
#12194=DIRECTION('',(-1.E0,0.E0,0.E0));
#12195=AXIS2_PLACEMENT_3D('',#12192,#12193,#12194);
#12196=PLANE('',#12195);
#12197=ORIENTED_EDGE('',*,*,#8467,.F.);
#12199=ORIENTED_EDGE('',*,*,#12198,.T.);
#12200=ORIENTED_EDGE('',*,*,#10545,.T.);
#12201=ORIENTED_EDGE('',*,*,#12185,.F.);
#12202=EDGE_LOOP('',(#12197,#12199,#12200,#12201));
#12203=FACE_OUTER_BOUND('',#12202,.F.);
#12205=CARTESIAN_POINT('',(8.999998092651E-1,4.302127695084E0,0.E0));
#12206=DIRECTION('',(-2.081078106026E-1,-9.781058936364E-1,0.E0));
#12207=DIRECTION('',(-9.781058936364E-1,2.081078106026E-1,0.E0));
#12208=AXIS2_PLACEMENT_3D('',#12205,#12206,#12207);
#12209=PLANE('',#12208);
#12210=ORIENTED_EDGE('',*,*,#8465,.F.);
#12212=ORIENTED_EDGE('',*,*,#12211,.T.);
#12213=ORIENTED_EDGE('',*,*,#10547,.T.);
#12214=ORIENTED_EDGE('',*,*,#12198,.F.);
#12215=EDGE_LOOP('',(#12210,#12212,#12213,#12214));
#12216=FACE_OUTER_BOUND('',#12215,.F.);
#12218=CARTESIAN_POINT('',(1.049999809265E0,4.217021322250E0,0.E0));
#12219=DIRECTION('',(-4.934793735083E-1,-8.697574994916E-1,0.E0));
#12220=DIRECTION('',(-8.697574994916E-1,4.934793735083E-1,0.E0));
#12221=AXIS2_PLACEMENT_3D('',#12218,#12219,#12220);
#12222=PLANE('',#12221);
#12223=ORIENTED_EDGE('',*,*,#8463,.F.);
#12225=ORIENTED_EDGE('',*,*,#12224,.T.);
#12226=ORIENTED_EDGE('',*,*,#10549,.T.);
#12227=ORIENTED_EDGE('',*,*,#12211,.F.);
#12228=EDGE_LOOP('',(#12223,#12225,#12226,#12227));
#12229=FACE_OUTER_BOUND('',#12228,.F.);
#12231=CARTESIAN_POINT('',(1.15E0,4.089361643791E0,0.E0));
#12232=DIRECTION('',(-7.872277264022E-1,-6.166623928728E-1,0.E0));
#12233=DIRECTION('',(-6.166623928728E-1,7.872277264022E-1,0.E0));
#12234=AXIS2_PLACEMENT_3D('',#12231,#12232,#12233);
#12235=PLANE('',#12234);
#12236=ORIENTED_EDGE('',*,*,#8461,.F.);
#12238=ORIENTED_EDGE('',*,*,#12237,.T.);
#12239=ORIENTED_EDGE('',*,*,#10551,.T.);
#12240=ORIENTED_EDGE('',*,*,#12224,.F.);
#12241=EDGE_LOOP('',(#12236,#12238,#12239,#12240));
#12242=FACE_OUTER_BOUND('',#12241,.F.);
#12244=CARTESIAN_POINT('',(1.199999809265E0,3.919148898125E0,0.E0));
#12245=DIRECTION('',(-9.594612160392E-1,-2.818406906687E-1,0.E0));
#12246=DIRECTION('',(-2.818406906687E-1,9.594612160392E-1,0.E0));
#12247=AXIS2_PLACEMENT_3D('',#12244,#12245,#12246);
#12248=PLANE('',#12247);
#12249=ORIENTED_EDGE('',*,*,#8459,.F.);
#12251=ORIENTED_EDGE('',*,*,#12250,.T.);
#12252=ORIENTED_EDGE('',*,*,#10553,.T.);
#12253=ORIENTED_EDGE('',*,*,#12237,.F.);
#12254=EDGE_LOOP('',(#12249,#12251,#12252,#12253));
#12255=FACE_OUTER_BOUND('',#12254,.F.);
#12257=CARTESIAN_POINT('',(1.199999809265E0,3.280851042271E0,0.E0));
#12258=DIRECTION('',(-1.E0,0.E0,0.E0));
#12259=DIRECTION('',(0.E0,1.E0,0.E0));
#12260=AXIS2_PLACEMENT_3D('',#12257,#12258,#12259);
#12261=PLANE('',#12260);
#12262=ORIENTED_EDGE('',*,*,#8457,.F.);
#12264=ORIENTED_EDGE('',*,*,#12263,.T.);
#12265=ORIENTED_EDGE('',*,*,#10555,.T.);
#12266=ORIENTED_EDGE('',*,*,#12250,.F.);
#12267=EDGE_LOOP('',(#12262,#12264,#12265,#12266));
#12268=FACE_OUTER_BOUND('',#12267,.F.);
#12270=CARTESIAN_POINT('',(1.15E0,3.110638296604E0,0.E0));
#12271=DIRECTION('',(-9.594612160392E-1,2.818406906687E-1,0.E0));
#12272=DIRECTION('',(2.818406906687E-1,9.594612160392E-1,0.E0));
#12273=AXIS2_PLACEMENT_3D('',#12270,#12271,#12272);
#12274=PLANE('',#12273);
#12275=ORIENTED_EDGE('',*,*,#8455,.F.);
#12277=ORIENTED_EDGE('',*,*,#12276,.T.);
#12278=ORIENTED_EDGE('',*,*,#10557,.T.);
#12279=ORIENTED_EDGE('',*,*,#12263,.F.);
#12280=EDGE_LOOP('',(#12275,#12277,#12278,#12279));
#12281=FACE_OUTER_BOUND('',#12280,.F.);
#12283=CARTESIAN_POINT('',(1.049999809265E0,2.982978737354E0,0.E0));
#12284=DIRECTION('',(-7.872274468570E-1,6.166627497384E-1,0.E0));
#12285=DIRECTION('',(6.166627497384E-1,7.872274468570E-1,0.E0));
#12286=AXIS2_PLACEMENT_3D('',#12283,#12284,#12285);
#12287=PLANE('',#12286);
#12288=ORIENTED_EDGE('',*,*,#8453,.F.);
#12290=ORIENTED_EDGE('',*,*,#12289,.T.);
#12291=ORIENTED_EDGE('',*,*,#10559,.T.);
#12292=ORIENTED_EDGE('',*,*,#12276,.F.);
#12293=EDGE_LOOP('',(#12288,#12290,#12291,#12292));
#12294=FACE_OUTER_BOUND('',#12293,.F.);
#12296=CARTESIAN_POINT('',(8.999998092651E-1,2.897872334719E0,0.E0));
#12297=DIRECTION('',(-4.934795042317E-1,8.697574253223E-1,0.E0));
#12298=DIRECTION('',(8.697574253223E-1,4.934795042317E-1,0.E0));
#12299=AXIS2_PLACEMENT_3D('',#12296,#12297,#12298);
#12300=PLANE('',#12299);
#12301=ORIENTED_EDGE('',*,*,#8451,.F.);
#12303=ORIENTED_EDGE('',*,*,#12302,.T.);
#12304=ORIENTED_EDGE('',*,*,#10561,.T.);
#12305=ORIENTED_EDGE('',*,*,#12289,.F.);
#12306=EDGE_LOOP('',(#12301,#12303,#12304,#12305));
#12307=FACE_OUTER_BOUND('',#12306,.F.);
#12309=CARTESIAN_POINT('',(7.E-1,2.855319148302E0,0.E0));
#12310=DIRECTION('',(-2.081078106026E-1,9.781058936364E-1,0.E0));
#12311=DIRECTION('',(9.781058936364E-1,2.081078106026E-1,0.E0));
#12312=AXIS2_PLACEMENT_3D('',#12309,#12310,#12311);
#12313=PLANE('',#12312);
#12314=ORIENTED_EDGE('',*,*,#8449,.F.);
#12316=ORIENTED_EDGE('',*,*,#12315,.T.);
#12317=ORIENTED_EDGE('',*,*,#10563,.T.);
#12318=ORIENTED_EDGE('',*,*,#12302,.F.);
#12319=EDGE_LOOP('',(#12314,#12316,#12317,#12318));
#12320=FACE_OUTER_BOUND('',#12319,.F.);
#12322=CARTESIAN_POINT('',(2.5E-1,2.855319148302E0,0.E0));
#12323=DIRECTION('',(0.E0,1.E0,0.E0));
#12324=DIRECTION('',(1.E0,0.E0,0.E0));
#12325=AXIS2_PLACEMENT_3D('',#12322,#12323,#12324);
#12326=PLANE('',#12325);
#12327=ORIENTED_EDGE('',*,*,#8447,.F.);
#12329=ORIENTED_EDGE('',*,*,#12328,.T.);
#12330=ORIENTED_EDGE('',*,*,#10565,.T.);
#12331=ORIENTED_EDGE('',*,*,#12315,.F.);
#12332=EDGE_LOOP('',(#12327,#12329,#12330,#12331));
#12333=FACE_OUTER_BOUND('',#12332,.F.);
#12335=CARTESIAN_POINT('',(5.000019073486E-2,2.897872334719E0,0.E0));
#12336=DIRECTION('',(2.081078106026E-1,9.781058936364E-1,0.E0));
#12337=DIRECTION('',(9.781058936364E-1,-2.081078106026E-1,0.E0));
#12338=AXIS2_PLACEMENT_3D('',#12335,#12336,#12337);
#12339=PLANE('',#12338);
#12340=ORIENTED_EDGE('',*,*,#8445,.F.);
#12342=ORIENTED_EDGE('',*,*,#12341,.T.);
#12343=ORIENTED_EDGE('',*,*,#10567,.T.);
#12344=ORIENTED_EDGE('',*,*,#12328,.F.);
#12345=EDGE_LOOP('',(#12340,#12342,#12343,#12344));
#12346=FACE_OUTER_BOUND('',#12345,.F.);
#12348=CARTESIAN_POINT('',(-9.999980926514E-2,2.982978737354E0,0.E0));
#12349=DIRECTION('',(4.934795042317E-1,8.697574253223E-1,0.E0));
#12350=DIRECTION('',(8.697574253223E-1,-4.934795042317E-1,0.E0));
#12351=AXIS2_PLACEMENT_3D('',#12348,#12349,#12350);
#12352=PLANE('',#12351);
#12353=ORIENTED_EDGE('',*,*,#8443,.F.);
#12355=ORIENTED_EDGE('',*,*,#12354,.T.);
#12356=ORIENTED_EDGE('',*,*,#10569,.T.);
#12357=ORIENTED_EDGE('',*,*,#12341,.F.);
#12358=EDGE_LOOP('',(#12353,#12355,#12356,#12357));
#12359=FACE_OUTER_BOUND('',#12358,.F.);
#12361=CARTESIAN_POINT('',(-1.500001907349E-1,3.110638296604E0,0.E0));
#12362=DIRECTION('',(9.311272911751E-1,3.646943482274E-1,0.E0));
#12363=DIRECTION('',(3.646943482274E-1,-9.311272911751E-1,0.E0));
#12364=AXIS2_PLACEMENT_3D('',#12361,#12362,#12363);
#12365=PLANE('',#12364);
#12366=ORIENTED_EDGE('',*,*,#8441,.F.);
#12367=ORIENTED_EDGE('',*,*,#11862,.T.);
#12368=ORIENTED_EDGE('',*,*,#10571,.T.);
#12369=ORIENTED_EDGE('',*,*,#12354,.F.);
#12370=EDGE_LOOP('',(#12366,#12367,#12368,#12369));
#12371=FACE_OUTER_BOUND('',#12370,.F.);
#12373=CARTESIAN_POINT('',(-1.650000190735E0,4.6E0,0.E0));
#12374=DIRECTION('',(1.677992041923E-1,9.858211942702E-1,0.E0));
#12375=DIRECTION('',(9.858211942702E-1,-1.677992041923E-1,0.E0));
#12376=AXIS2_PLACEMENT_3D('',#12373,#12374,#12375);
#12377=PLANE('',#12376);
#12378=ORIENTED_EDGE('',*,*,#8521,.F.);
#12380=ORIENTED_EDGE('',*,*,#12379,.T.);
#12381=ORIENTED_EDGE('',*,*,#10581,.T.);
#12383=ORIENTED_EDGE('',*,*,#12382,.F.);
#12384=EDGE_LOOP('',(#12378,#12380,#12381,#12383));
#12385=FACE_OUTER_BOUND('',#12384,.F.);
#12387=CARTESIAN_POINT('',(-2.049999809265E0,4.6E0,0.E0));
#12388=DIRECTION('',(0.E0,1.E0,0.E0));
#12389=DIRECTION('',(1.E0,0.E0,0.E0));
#12390=AXIS2_PLACEMENT_3D('',#12387,#12388,#12389);
#12391=PLANE('',#12390);
#12392=ORIENTED_EDGE('',*,*,#8567,.F.);
#12394=ORIENTED_EDGE('',*,*,#12393,.T.);
#12395=ORIENTED_EDGE('',*,*,#10583,.T.);
#12396=ORIENTED_EDGE('',*,*,#12379,.F.);
#12397=EDGE_LOOP('',(#12392,#12394,#12395,#12396));
#12398=FACE_OUTER_BOUND('',#12397,.F.);
#12400=CARTESIAN_POINT('',(-2.3E0,4.557446813583E0,0.E0));
#12401=DIRECTION('',(-1.677992041923E-1,9.858211942702E-1,0.E0));
#12402=DIRECTION('',(9.858211942702E-1,1.677992041923E-1,0.E0));
#12403=AXIS2_PLACEMENT_3D('',#12400,#12401,#12402);
#12404=PLANE('',#12403);
#12405=ORIENTED_EDGE('',*,*,#8565,.F.);
#12407=ORIENTED_EDGE('',*,*,#12406,.T.);
#12408=ORIENTED_EDGE('',*,*,#10585,.T.);
#12409=ORIENTED_EDGE('',*,*,#12393,.F.);
#12410=EDGE_LOOP('',(#12405,#12407,#12408,#12409));
#12411=FACE_OUTER_BOUND('',#12410,.F.);
#12413=CARTESIAN_POINT('',(-2.499999809265E0,4.472340440750E0,0.E0));
#12414=DIRECTION('',(-3.915554407424E-1,9.201545179072E-1,0.E0));
#12415=DIRECTION('',(9.201545179072E-1,3.915554407424E-1,0.E0));
#12416=AXIS2_PLACEMENT_3D('',#12413,#12414,#12415);
#12417=PLANE('',#12416);
#12418=ORIENTED_EDGE('',*,*,#8563,.F.);
#12420=ORIENTED_EDGE('',*,*,#12419,.T.);
#12421=ORIENTED_EDGE('',*,*,#10587,.T.);
#12422=ORIENTED_EDGE('',*,*,#12406,.F.);
#12423=EDGE_LOOP('',(#12418,#12420,#12421,#12422));
#12424=FACE_OUTER_BOUND('',#12423,.F.);
#12426=CARTESIAN_POINT('',(-2.699999618530E0,4.302127695084E0,0.E0));
#12427=DIRECTION('',(-6.481189431800E-1,7.615391227581E-1,0.E0));
#12428=DIRECTION('',(7.615391227581E-1,6.481189431800E-1,0.E0));
#12429=AXIS2_PLACEMENT_3D('',#12426,#12427,#12428);
#12430=PLANE('',#12429);
#12431=ORIENTED_EDGE('',*,*,#8561,.F.);
#12433=ORIENTED_EDGE('',*,*,#12432,.T.);
#12434=ORIENTED_EDGE('',*,*,#10589,.T.);
#12435=ORIENTED_EDGE('',*,*,#12419,.F.);
#12436=EDGE_LOOP('',(#12431,#12433,#12434,#12435));
#12437=FACE_OUTER_BOUND('',#12436,.F.);
#12439=CARTESIAN_POINT('',(-2.800000381470E0,4.131914949417E0,0.E0));
#12440=DIRECTION('',(-8.622094323306E-1,5.065519665348E-1,0.E0));
#12441=DIRECTION('',(5.065519665348E-1,8.622094323306E-1,0.E0));
#12442=AXIS2_PLACEMENT_3D('',#12439,#12440,#12441);
#12443=PLANE('',#12442);
#12444=ORIENTED_EDGE('',*,*,#8559,.F.);
#12446=ORIENTED_EDGE('',*,*,#12445,.T.);
#12447=ORIENTED_EDGE('',*,*,#10591,.T.);
#12448=ORIENTED_EDGE('',*,*,#12432,.F.);
#12449=EDGE_LOOP('',(#12444,#12446,#12447,#12448));
#12450=FACE_OUTER_BOUND('',#12449,.F.);
#12452=CARTESIAN_POINT('',(-2.849999618530E0,3.919148898125E0,0.E0));
#12453=DIRECTION('',(-9.734817651991E-1,2.287646231936E-1,0.E0));
#12454=DIRECTION('',(2.287646231936E-1,9.734817651991E-1,0.E0));
#12455=AXIS2_PLACEMENT_3D('',#12452,#12453,#12454);
#12456=PLANE('',#12455);
#12457=ORIENTED_EDGE('',*,*,#8557,.F.);
#12459=ORIENTED_EDGE('',*,*,#12458,.T.);
#12460=ORIENTED_EDGE('',*,*,#10593,.T.);
#12461=ORIENTED_EDGE('',*,*,#12445,.F.);
#12462=EDGE_LOOP('',(#12457,#12459,#12460,#12461));
#12463=FACE_OUTER_BOUND('',#12462,.F.);
#12465=CARTESIAN_POINT('',(-2.849999618530E0,3.280851042271E0,0.E0));
#12466=DIRECTION('',(-1.E0,0.E0,0.E0));
#12467=DIRECTION('',(0.E0,1.E0,0.E0));
#12468=AXIS2_PLACEMENT_3D('',#12465,#12466,#12467);
#12469=PLANE('',#12468);
#12470=ORIENTED_EDGE('',*,*,#8555,.F.);
#12472=ORIENTED_EDGE('',*,*,#12471,.T.);
#12473=ORIENTED_EDGE('',*,*,#10595,.T.);
#12474=ORIENTED_EDGE('',*,*,#12458,.F.);
#12475=EDGE_LOOP('',(#12470,#12472,#12473,#12474));
#12476=FACE_OUTER_BOUND('',#12475,.F.);
#12478=CARTESIAN_POINT('',(-2.800000381470E0,3.068085110188E0,0.E0));
#12479=DIRECTION('',(-9.734817366551E-1,-2.287647446590E-1,0.E0));
#12480=DIRECTION('',(-2.287647446590E-1,9.734817366551E-1,0.E0));
#12481=AXIS2_PLACEMENT_3D('',#12478,#12479,#12480);
#12482=PLANE('',#12481);
#12483=ORIENTED_EDGE('',*,*,#8553,.F.);
#12485=ORIENTED_EDGE('',*,*,#12484,.T.);
#12486=ORIENTED_EDGE('',*,*,#10597,.T.);
#12487=ORIENTED_EDGE('',*,*,#12471,.F.);
#12488=EDGE_LOOP('',(#12483,#12485,#12486,#12487));
#12489=FACE_OUTER_BOUND('',#12488,.F.);
#12491=CARTESIAN_POINT('',(-2.699999618530E0,2.897872334719E0,0.E0));
#12492=DIRECTION('',(-8.622094710669E-1,-5.065519006010E-1,0.E0));
#12493=DIRECTION('',(-5.065519006010E-1,8.622094710669E-1,0.E0));
#12494=AXIS2_PLACEMENT_3D('',#12491,#12492,#12493);
#12495=PLANE('',#12494);
#12496=ORIENTED_EDGE('',*,*,#8551,.F.);
#12498=ORIENTED_EDGE('',*,*,#12497,.T.);
#12499=ORIENTED_EDGE('',*,*,#10599,.T.);
#12500=ORIENTED_EDGE('',*,*,#12484,.F.);
#12501=EDGE_LOOP('',(#12496,#12498,#12499,#12500));
#12502=FACE_OUTER_BOUND('',#12501,.F.);
#12504=CARTESIAN_POINT('',(-2.499999809265E0,2.727659574151E0,0.E0));
#12505=DIRECTION('',(-6.481189760854E-1,-7.615390947535E-1,0.E0));
#12506=DIRECTION('',(-7.615390947535E-1,6.481189760854E-1,0.E0));
#12507=AXIS2_PLACEMENT_3D('',#12504,#12505,#12506);
#12508=PLANE('',#12507);
#12509=ORIENTED_EDGE('',*,*,#8549,.F.);
#12511=ORIENTED_EDGE('',*,*,#12510,.T.);
#12512=ORIENTED_EDGE('',*,*,#10601,.T.);
#12513=ORIENTED_EDGE('',*,*,#12497,.F.);
#12514=EDGE_LOOP('',(#12509,#12511,#12512,#12513));
#12515=FACE_OUTER_BOUND('',#12514,.F.);
#12517=CARTESIAN_POINT('',(-2.3E0,2.642553190142E0,0.E0));
#12518=DIRECTION('',(-3.915554842770E-1,-9.201544993818E-1,0.E0));
#12519=DIRECTION('',(-9.201544993818E-1,3.915554842770E-1,0.E0));
#12520=AXIS2_PLACEMENT_3D('',#12517,#12518,#12519);
#12521=PLANE('',#12520);
#12522=ORIENTED_EDGE('',*,*,#8547,.F.);
#12524=ORIENTED_EDGE('',*,*,#12523,.T.);
#12525=ORIENTED_EDGE('',*,*,#10603,.T.);
#12526=ORIENTED_EDGE('',*,*,#12510,.F.);
#12527=EDGE_LOOP('',(#12522,#12524,#12525,#12526));
#12528=FACE_OUTER_BOUND('',#12527,.F.);
#12530=CARTESIAN_POINT('',(-2.049999809265E0,2.6E0,0.E0));
#12531=DIRECTION('',(-1.677992184686E-1,-9.858211918402E-1,0.E0));
#12532=DIRECTION('',(-9.858211918402E-1,1.677992184686E-1,0.E0));
#12533=AXIS2_PLACEMENT_3D('',#12530,#12531,#12532);
#12534=PLANE('',#12533);
#12535=ORIENTED_EDGE('',*,*,#8545,.F.);
#12537=ORIENTED_EDGE('',*,*,#12536,.T.);
#12538=ORIENTED_EDGE('',*,*,#10605,.T.);
#12539=ORIENTED_EDGE('',*,*,#12523,.F.);
#12540=EDGE_LOOP('',(#12535,#12537,#12538,#12539));
#12541=FACE_OUTER_BOUND('',#12540,.F.);
#12543=CARTESIAN_POINT('',(-1.650000190735E0,2.6E0,0.E0));
#12544=DIRECTION('',(0.E0,-1.E0,0.E0));
#12545=DIRECTION('',(-1.E0,0.E0,0.E0));
#12546=AXIS2_PLACEMENT_3D('',#12543,#12544,#12545);
#12547=PLANE('',#12546);
#12548=ORIENTED_EDGE('',*,*,#8543,.F.);
#12550=ORIENTED_EDGE('',*,*,#12549,.T.);
#12551=ORIENTED_EDGE('',*,*,#10607,.T.);
#12552=ORIENTED_EDGE('',*,*,#12536,.F.);
#12553=EDGE_LOOP('',(#12548,#12550,#12551,#12552));
#12554=FACE_OUTER_BOUND('',#12553,.F.);
#12556=CARTESIAN_POINT('',(-1.4E0,2.642553190142E0,0.E0));
#12557=DIRECTION('',(1.677992184686E-1,-9.858211918402E-1,0.E0));
#12558=DIRECTION('',(-9.858211918402E-1,-1.677992184686E-1,0.E0));
#12559=AXIS2_PLACEMENT_3D('',#12556,#12557,#12558);
#12560=PLANE('',#12559);
#12561=ORIENTED_EDGE('',*,*,#8541,.F.);
#12563=ORIENTED_EDGE('',*,*,#12562,.T.);
#12564=ORIENTED_EDGE('',*,*,#10609,.T.);
#12565=ORIENTED_EDGE('',*,*,#12549,.F.);
#12566=EDGE_LOOP('',(#12561,#12563,#12564,#12565));
#12567=FACE_OUTER_BOUND('',#12566,.F.);
#12569=CARTESIAN_POINT('',(-1.200000190735E0,2.727659574151E0,0.E0));
#12570=DIRECTION('',(3.915554842770E-1,-9.201544993818E-1,0.E0));
#12571=DIRECTION('',(-9.201544993818E-1,-3.915554842770E-1,0.E0));
#12572=AXIS2_PLACEMENT_3D('',#12569,#12570,#12571);
#12573=PLANE('',#12572);
#12574=ORIENTED_EDGE('',*,*,#8539,.F.);
#12576=ORIENTED_EDGE('',*,*,#12575,.T.);
#12577=ORIENTED_EDGE('',*,*,#10611,.T.);
#12578=ORIENTED_EDGE('',*,*,#12562,.F.);
#12579=EDGE_LOOP('',(#12574,#12576,#12577,#12578));
#12580=FACE_OUTER_BOUND('',#12579,.F.);
#12582=CARTESIAN_POINT('',(-9.999998092651E-1,2.897872334719E0,0.E0));
#12583=DIRECTION('',(6.481179007092E-1,-7.615400099669E-1,0.E0));
#12584=DIRECTION('',(-7.615400099669E-1,-6.481179007092E-1,0.E0));
#12585=AXIS2_PLACEMENT_3D('',#12582,#12583,#12584);
#12586=PLANE('',#12585);
#12587=ORIENTED_EDGE('',*,*,#8537,.F.);
#12589=ORIENTED_EDGE('',*,*,#12588,.T.);
#12590=ORIENTED_EDGE('',*,*,#10613,.T.);
#12591=ORIENTED_EDGE('',*,*,#12575,.F.);
#12592=EDGE_LOOP('',(#12587,#12589,#12590,#12591));
#12593=FACE_OUTER_BOUND('',#12592,.F.);
#12595=CARTESIAN_POINT('',(-9.000001907349E-1,3.068085110188E0,0.E0));
#12596=DIRECTION('',(8.622120029179E-1,-5.065475910755E-1,0.E0));
#12597=DIRECTION('',(-5.065475910755E-1,-8.622120029179E-1,0.E0));
#12598=AXIS2_PLACEMENT_3D('',#12595,#12596,#12597);
#12599=PLANE('',#12598);
#12600=ORIENTED_EDGE('',*,*,#8535,.F.);
#12602=ORIENTED_EDGE('',*,*,#12601,.T.);
#12603=ORIENTED_EDGE('',*,*,#10615,.T.);
#12604=ORIENTED_EDGE('',*,*,#12588,.F.);
#12605=EDGE_LOOP('',(#12600,#12602,#12603,#12604));
#12606=FACE_OUTER_BOUND('',#12605,.F.);
#12608=CARTESIAN_POINT('',(-8.499998092651E-1,3.280851042271E0,0.E0));
#12609=DIRECTION('',(9.734805705757E-1,-2.287697067176E-1,0.E0));
#12610=DIRECTION('',(-2.287697067176E-1,-9.734805705757E-1,0.E0));
#12611=AXIS2_PLACEMENT_3D('',#12608,#12609,#12610);
#12612=PLANE('',#12611);
#12613=ORIENTED_EDGE('',*,*,#8533,.F.);
#12615=ORIENTED_EDGE('',*,*,#12614,.T.);
#12616=ORIENTED_EDGE('',*,*,#10617,.T.);
#12617=ORIENTED_EDGE('',*,*,#12601,.F.);
#12618=EDGE_LOOP('',(#12613,#12615,#12616,#12617));
#12619=FACE_OUTER_BOUND('',#12618,.F.);
#12621=CARTESIAN_POINT('',(-8.499998092651E-1,3.919148898125E0,0.E0));
#12622=DIRECTION('',(1.E0,0.E0,0.E0));
#12623=DIRECTION('',(0.E0,-1.E0,0.E0));
#12624=AXIS2_PLACEMENT_3D('',#12621,#12622,#12623);
#12625=PLANE('',#12624);
#12626=ORIENTED_EDGE('',*,*,#8531,.F.);
#12628=ORIENTED_EDGE('',*,*,#12627,.T.);
#12629=ORIENTED_EDGE('',*,*,#10619,.T.);
#12630=ORIENTED_EDGE('',*,*,#12614,.F.);
#12631=EDGE_LOOP('',(#12626,#12628,#12629,#12630));
#12632=FACE_OUTER_BOUND('',#12631,.F.);
#12634=CARTESIAN_POINT('',(-9.000001907349E-1,4.131914949417E0,0.E0));
#12635=DIRECTION('',(9.734805991208E-1,2.287695852499E-1,0.E0));
#12636=DIRECTION('',(2.287695852499E-1,-9.734805991208E-1,0.E0));
#12637=AXIS2_PLACEMENT_3D('',#12634,#12635,#12636);
#12638=PLANE('',#12637);
#12639=ORIENTED_EDGE('',*,*,#8529,.F.);
#12641=ORIENTED_EDGE('',*,*,#12640,.T.);
#12642=ORIENTED_EDGE('',*,*,#10621,.T.);
#12643=ORIENTED_EDGE('',*,*,#12627,.F.);
#12644=EDGE_LOOP('',(#12639,#12641,#12642,#12643));
#12645=FACE_OUTER_BOUND('',#12644,.F.);
#12647=CARTESIAN_POINT('',(-9.999998092651E-1,4.302127695084E0,0.E0));
#12648=DIRECTION('',(8.622119641820E-1,5.065476570090E-1,0.E0));
#12649=DIRECTION('',(5.065476570090E-1,-8.622119641820E-1,0.E0));
#12650=AXIS2_PLACEMENT_3D('',#12647,#12648,#12649);
#12651=PLANE('',#12650);
#12652=ORIENTED_EDGE('',*,*,#8527,.F.);
#12654=ORIENTED_EDGE('',*,*,#12653,.T.);
#12655=ORIENTED_EDGE('',*,*,#10623,.T.);
#12656=ORIENTED_EDGE('',*,*,#12640,.F.);
#12657=EDGE_LOOP('',(#12652,#12654,#12655,#12656));
#12658=FACE_OUTER_BOUND('',#12657,.F.);
#12660=CARTESIAN_POINT('',(-1.200000190735E0,4.472340440750E0,0.E0));
#12661=DIRECTION('',(6.481178678037E-1,7.615400379714E-1,0.E0));
#12662=DIRECTION('',(7.615400379714E-1,-6.481178678037E-1,0.E0));
#12663=AXIS2_PLACEMENT_3D('',#12660,#12661,#12662);
#12664=PLANE('',#12663);
#12665=ORIENTED_EDGE('',*,*,#8525,.F.);
#12667=ORIENTED_EDGE('',*,*,#12666,.T.);
#12668=ORIENTED_EDGE('',*,*,#10625,.T.);
#12669=ORIENTED_EDGE('',*,*,#12653,.F.);
#12670=EDGE_LOOP('',(#12665,#12667,#12668,#12669));
#12671=FACE_OUTER_BOUND('',#12670,.F.);
#12673=CARTESIAN_POINT('',(-1.4E0,4.557446813583E0,0.E0));
#12674=DIRECTION('',(3.915554407424E-1,9.201545179072E-1,0.E0));
#12675=DIRECTION('',(9.201545179072E-1,-3.915554407424E-1,0.E0));
#12676=AXIS2_PLACEMENT_3D('',#12673,#12674,#12675);
#12677=PLANE('',#12676);
#12678=ORIENTED_EDGE('',*,*,#8523,.F.);
#12679=ORIENTED_EDGE('',*,*,#12382,.T.);
#12680=ORIENTED_EDGE('',*,*,#10627,.T.);
#12681=ORIENTED_EDGE('',*,*,#12666,.F.);
#12682=EDGE_LOOP('',(#12678,#12679,#12680,#12681));
#12683=FACE_OUTER_BOUND('',#12682,.F.);
#12685=CARTESIAN_POINT('',(-1.650000190735E0,4.344680881500E0,0.E0));
#12686=DIRECTION('',(0.E0,-1.E0,0.E0));
#12687=DIRECTION('',(-1.E0,0.E0,0.E0));
#12688=AXIS2_PLACEMENT_3D('',#12685,#12686,#12687);
#12689=PLANE('',#12688);
#12690=ORIENTED_EDGE('',*,*,#9309,.F.);
#12692=ORIENTED_EDGE('',*,*,#12691,.T.);
#12693=ORIENTED_EDGE('',*,*,#10631,.T.);
#12695=ORIENTED_EDGE('',*,*,#12694,.F.);
#12696=EDGE_LOOP('',(#12690,#12692,#12693,#12695));
#12697=FACE_OUTER_BOUND('',#12696,.F.);
#12699=CARTESIAN_POINT('',(-1.449999809265E0,4.302127695084E0,0.E0));
#12700=DIRECTION('',(-2.081072409885E-1,-9.781060148308E-1,0.E0));
#12701=DIRECTION('',(-9.781060148308E-1,2.081072409885E-1,0.E0));
#12702=AXIS2_PLACEMENT_3D('',#12699,#12700,#12701);
#12703=PLANE('',#12702);
#12704=ORIENTED_EDGE('',*,*,#9347,.F.);
#12706=ORIENTED_EDGE('',*,*,#12705,.T.);
#12707=ORIENTED_EDGE('',*,*,#10633,.T.);
#12708=ORIENTED_EDGE('',*,*,#12691,.F.);
#12709=EDGE_LOOP('',(#12704,#12706,#12707,#12708));
#12710=FACE_OUTER_BOUND('',#12709,.F.);
#12712=CARTESIAN_POINT('',(-1.299999809265E0,4.217021322250E0,0.E0));
#12713=DIRECTION('',(-4.934793735083E-1,-8.697574994916E-1,0.E0));
#12714=DIRECTION('',(-8.697574994916E-1,4.934793735083E-1,0.E0));
#12715=AXIS2_PLACEMENT_3D('',#12712,#12713,#12714);
#12716=PLANE('',#12715);
#12717=ORIENTED_EDGE('',*,*,#9345,.F.);
#12719=ORIENTED_EDGE('',*,*,#12718,.T.);
#12720=ORIENTED_EDGE('',*,*,#10635,.T.);
#12721=ORIENTED_EDGE('',*,*,#12705,.F.);
#12722=EDGE_LOOP('',(#12717,#12719,#12720,#12721));
#12723=FACE_OUTER_BOUND('',#12722,.F.);
#12725=CARTESIAN_POINT('',(-1.200000190735E0,4.089361643791E0,0.E0));
#12726=DIRECTION('',(-7.872294393574E-1,-6.166602061176E-1,0.E0));
#12727=DIRECTION('',(-6.166602061176E-1,7.872294393574E-1,0.E0));
#12728=AXIS2_PLACEMENT_3D('',#12725,#12726,#12727);
#12729=PLANE('',#12728);
#12730=ORIENTED_EDGE('',*,*,#9343,.F.);
#12732=ORIENTED_EDGE('',*,*,#12731,.T.);
#12733=ORIENTED_EDGE('',*,*,#10637,.T.);
#12734=ORIENTED_EDGE('',*,*,#12718,.F.);
#12735=EDGE_LOOP('',(#12730,#12732,#12733,#12734));
#12736=FACE_OUTER_BOUND('',#12735,.F.);
#12738=CARTESIAN_POINT('',(-1.149999809265E0,3.919148898125E0,0.E0));
#12739=DIRECTION('',(-9.594603438319E-1,-2.818436598788E-1,0.E0));
#12740=DIRECTION('',(-2.818436598788E-1,9.594603438319E-1,0.E0));
#12741=AXIS2_PLACEMENT_3D('',#12738,#12739,#12740);
#12742=PLANE('',#12741);
#12743=ORIENTED_EDGE('',*,*,#9341,.F.);
#12745=ORIENTED_EDGE('',*,*,#12744,.T.);
#12746=ORIENTED_EDGE('',*,*,#10639,.T.);
#12747=ORIENTED_EDGE('',*,*,#12731,.F.);
#12748=EDGE_LOOP('',(#12743,#12745,#12746,#12747));
#12749=FACE_OUTER_BOUND('',#12748,.F.);
#12751=CARTESIAN_POINT('',(-1.149999809265E0,3.280851042271E0,0.E0));
#12752=DIRECTION('',(-1.E0,0.E0,0.E0));
#12753=DIRECTION('',(0.E0,1.E0,0.E0));
#12754=AXIS2_PLACEMENT_3D('',#12751,#12752,#12753);
#12755=PLANE('',#12754);
#12756=ORIENTED_EDGE('',*,*,#9339,.F.);
#12758=ORIENTED_EDGE('',*,*,#12757,.T.);
#12759=ORIENTED_EDGE('',*,*,#10641,.T.);
#12760=ORIENTED_EDGE('',*,*,#12744,.F.);
#12761=EDGE_LOOP('',(#12756,#12758,#12759,#12760));
#12762=FACE_OUTER_BOUND('',#12761,.F.);
#12764=CARTESIAN_POINT('',(-1.200000190735E0,3.110638296604E0,0.E0));
#12765=DIRECTION('',(-9.594603438319E-1,2.818436598788E-1,0.E0));
#12766=DIRECTION('',(2.818436598788E-1,9.594603438319E-1,0.E0));
#12767=AXIS2_PLACEMENT_3D('',#12764,#12765,#12766);
#12768=PLANE('',#12767);
#12769=ORIENTED_EDGE('',*,*,#9337,.F.);
#12771=ORIENTED_EDGE('',*,*,#12770,.T.);
#12772=ORIENTED_EDGE('',*,*,#10643,.T.);
#12773=ORIENTED_EDGE('',*,*,#12757,.F.);
#12774=EDGE_LOOP('',(#12769,#12771,#12772,#12773));
#12775=FACE_OUTER_BOUND('',#12774,.F.);
#12777=CARTESIAN_POINT('',(-1.299999809265E0,2.982978737354E0,0.E0));
#12778=DIRECTION('',(-7.872291598136E-1,6.166605629836E-1,0.E0));
#12779=DIRECTION('',(6.166605629836E-1,7.872291598136E-1,0.E0));
#12780=AXIS2_PLACEMENT_3D('',#12777,#12778,#12779);
#12781=PLANE('',#12780);
#12782=ORIENTED_EDGE('',*,*,#9335,.F.);
#12784=ORIENTED_EDGE('',*,*,#12783,.T.);
#12785=ORIENTED_EDGE('',*,*,#10645,.T.);
#12786=ORIENTED_EDGE('',*,*,#12770,.F.);
#12787=EDGE_LOOP('',(#12782,#12784,#12785,#12786));
#12788=FACE_OUTER_BOUND('',#12787,.F.);
#12790=CARTESIAN_POINT('',(-1.449999809265E0,2.897872334719E0,0.E0));
#12791=DIRECTION('',(-4.934795042317E-1,8.697574253223E-1,0.E0));
#12792=DIRECTION('',(8.697574253223E-1,4.934795042317E-1,0.E0));
#12793=AXIS2_PLACEMENT_3D('',#12790,#12791,#12792);
#12794=PLANE('',#12793);
#12795=ORIENTED_EDGE('',*,*,#9333,.F.);
#12797=ORIENTED_EDGE('',*,*,#12796,.T.);
#12798=ORIENTED_EDGE('',*,*,#10647,.T.);
#12799=ORIENTED_EDGE('',*,*,#12783,.F.);
#12800=EDGE_LOOP('',(#12795,#12797,#12798,#12799));
#12801=FACE_OUTER_BOUND('',#12800,.F.);
#12803=CARTESIAN_POINT('',(-1.650000190735E0,2.855319148302E0,0.E0));
#12804=DIRECTION('',(-2.081072409885E-1,9.781060148308E-1,0.E0));
#12805=DIRECTION('',(9.781060148308E-1,2.081072409885E-1,0.E0));
#12806=AXIS2_PLACEMENT_3D('',#12803,#12804,#12805);
#12807=PLANE('',#12806);
#12808=ORIENTED_EDGE('',*,*,#9331,.F.);
#12810=ORIENTED_EDGE('',*,*,#12809,.T.);
#12811=ORIENTED_EDGE('',*,*,#10649,.T.);
#12812=ORIENTED_EDGE('',*,*,#12796,.F.);
#12813=EDGE_LOOP('',(#12808,#12810,#12811,#12812));
#12814=FACE_OUTER_BOUND('',#12813,.F.);
#12816=CARTESIAN_POINT('',(-2.049999809265E0,2.855319148302E0,0.E0));
#12817=DIRECTION('',(0.E0,1.E0,0.E0));
#12818=DIRECTION('',(1.E0,0.E0,0.E0));
#12819=AXIS2_PLACEMENT_3D('',#12816,#12817,#12818);
#12820=PLANE('',#12819);
#12821=ORIENTED_EDGE('',*,*,#9329,.F.);
#12823=ORIENTED_EDGE('',*,*,#12822,.T.);
#12824=ORIENTED_EDGE('',*,*,#10651,.T.);
#12825=ORIENTED_EDGE('',*,*,#12809,.F.);
#12826=EDGE_LOOP('',(#12821,#12823,#12824,#12825));
#12827=FACE_OUTER_BOUND('',#12826,.F.);
#12829=CARTESIAN_POINT('',(-2.250000190735E0,2.897872334719E0,0.E0));
#12830=DIRECTION('',(2.081072409885E-1,9.781060148308E-1,0.E0));
#12831=DIRECTION('',(9.781060148308E-1,-2.081072409885E-1,0.E0));
#12832=AXIS2_PLACEMENT_3D('',#12829,#12830,#12831);
#12833=PLANE('',#12832);
#12834=ORIENTED_EDGE('',*,*,#9327,.F.);
#12836=ORIENTED_EDGE('',*,*,#12835,.T.);
#12837=ORIENTED_EDGE('',*,*,#10653,.T.);
#12838=ORIENTED_EDGE('',*,*,#12822,.F.);
#12839=EDGE_LOOP('',(#12834,#12836,#12837,#12838));
#12840=FACE_OUTER_BOUND('',#12839,.F.);
#12842=CARTESIAN_POINT('',(-2.400000190735E0,2.982978737354E0,0.E0));
#12843=DIRECTION('',(4.934795042317E-1,8.697574253223E-1,0.E0));
#12844=DIRECTION('',(8.697574253223E-1,-4.934795042317E-1,0.E0));
#12845=AXIS2_PLACEMENT_3D('',#12842,#12843,#12844);
#12846=PLANE('',#12845);
#12847=ORIENTED_EDGE('',*,*,#9325,.F.);
#12849=ORIENTED_EDGE('',*,*,#12848,.T.);
#12850=ORIENTED_EDGE('',*,*,#10655,.T.);
#12851=ORIENTED_EDGE('',*,*,#12835,.F.);
#12852=EDGE_LOOP('',(#12847,#12849,#12850,#12851));
#12853=FACE_OUTER_BOUND('',#12852,.F.);
#12855=CARTESIAN_POINT('',(-2.499999809265E0,3.110638296604E0,0.E0));
#12856=DIRECTION('',(7.872291598136E-1,6.166605629836E-1,0.E0));
#12857=DIRECTION('',(6.166605629836E-1,-7.872291598136E-1,0.E0));
#12858=AXIS2_PLACEMENT_3D('',#12855,#12856,#12857);
#12859=PLANE('',#12858);
#12860=ORIENTED_EDGE('',*,*,#9323,.F.);
#12862=ORIENTED_EDGE('',*,*,#12861,.T.);
#12863=ORIENTED_EDGE('',*,*,#10657,.T.);
#12864=ORIENTED_EDGE('',*,*,#12848,.F.);
#12865=EDGE_LOOP('',(#12860,#12862,#12863,#12864));
#12866=FACE_OUTER_BOUND('',#12865,.F.);
#12868=CARTESIAN_POINT('',(-2.550000190735E0,3.280851042271E0,0.E0));
#12869=DIRECTION('',(9.594603438319E-1,2.818436598788E-1,0.E0));
#12870=DIRECTION('',(2.818436598788E-1,-9.594603438319E-1,0.E0));
#12871=AXIS2_PLACEMENT_3D('',#12868,#12869,#12870);
#12872=PLANE('',#12871);
#12873=ORIENTED_EDGE('',*,*,#9321,.F.);
#12875=ORIENTED_EDGE('',*,*,#12874,.T.);
#12876=ORIENTED_EDGE('',*,*,#10659,.T.);
#12877=ORIENTED_EDGE('',*,*,#12861,.F.);
#12878=EDGE_LOOP('',(#12873,#12875,#12876,#12877));
#12879=FACE_OUTER_BOUND('',#12878,.F.);
#12881=CARTESIAN_POINT('',(-2.550000190735E0,3.919148898125E0,0.E0));
#12882=DIRECTION('',(1.E0,0.E0,0.E0));
#12883=DIRECTION('',(0.E0,-1.E0,0.E0));
#12884=AXIS2_PLACEMENT_3D('',#12881,#12882,#12883);
#12885=PLANE('',#12884);
#12886=ORIENTED_EDGE('',*,*,#9319,.F.);
#12888=ORIENTED_EDGE('',*,*,#12887,.T.);
#12889=ORIENTED_EDGE('',*,*,#10661,.T.);
#12890=ORIENTED_EDGE('',*,*,#12874,.F.);
#12891=EDGE_LOOP('',(#12886,#12888,#12889,#12890));
#12892=FACE_OUTER_BOUND('',#12891,.F.);
#12894=CARTESIAN_POINT('',(-2.499999809265E0,4.089361643791E0,0.E0));
#12895=DIRECTION('',(9.594603438319E-1,-2.818436598788E-1,0.E0));
#12896=DIRECTION('',(-2.818436598788E-1,-9.594603438319E-1,0.E0));
#12897=AXIS2_PLACEMENT_3D('',#12894,#12895,#12896);
#12898=PLANE('',#12897);
#12899=ORIENTED_EDGE('',*,*,#9317,.F.);
#12901=ORIENTED_EDGE('',*,*,#12900,.T.);
#12902=ORIENTED_EDGE('',*,*,#10663,.T.);
#12903=ORIENTED_EDGE('',*,*,#12887,.F.);
#12904=EDGE_LOOP('',(#12899,#12901,#12902,#12903));
#12905=FACE_OUTER_BOUND('',#12904,.F.);
#12907=CARTESIAN_POINT('',(-2.400000190735E0,4.217021322250E0,0.E0));
#12908=DIRECTION('',(7.872294393574E-1,-6.166602061176E-1,0.E0));
#12909=DIRECTION('',(-6.166602061176E-1,-7.872294393574E-1,0.E0));
#12910=AXIS2_PLACEMENT_3D('',#12907,#12908,#12909);
#12911=PLANE('',#12910);
#12912=ORIENTED_EDGE('',*,*,#9315,.F.);
#12914=ORIENTED_EDGE('',*,*,#12913,.T.);
#12915=ORIENTED_EDGE('',*,*,#10665,.T.);
#12916=ORIENTED_EDGE('',*,*,#12900,.F.);
#12917=EDGE_LOOP('',(#12912,#12914,#12915,#12916));
#12918=FACE_OUTER_BOUND('',#12917,.F.);
#12920=CARTESIAN_POINT('',(-2.250000190735E0,4.302127695084E0,0.E0));
#12921=DIRECTION('',(4.934793735083E-1,-8.697574994916E-1,0.E0));
#12922=DIRECTION('',(-8.697574994916E-1,-4.934793735083E-1,0.E0));
#12923=AXIS2_PLACEMENT_3D('',#12920,#12921,#12922);
#12924=PLANE('',#12923);
#12925=ORIENTED_EDGE('',*,*,#9313,.F.);
#12927=ORIENTED_EDGE('',*,*,#12926,.T.);
#12928=ORIENTED_EDGE('',*,*,#10667,.T.);
#12929=ORIENTED_EDGE('',*,*,#12913,.F.);
#12930=EDGE_LOOP('',(#12925,#12927,#12928,#12929));
#12931=FACE_OUTER_BOUND('',#12930,.F.);
#12933=CARTESIAN_POINT('',(-2.049999809265E0,4.344680881500E0,0.E0));
#12934=DIRECTION('',(2.081072409885E-1,-9.781060148308E-1,0.E0));
#12935=DIRECTION('',(-9.781060148308E-1,-2.081072409885E-1,0.E0));
#12936=AXIS2_PLACEMENT_3D('',#12933,#12934,#12935);
#12937=PLANE('',#12936);
#12938=ORIENTED_EDGE('',*,*,#9311,.F.);
#12939=ORIENTED_EDGE('',*,*,#12694,.T.);
#12940=ORIENTED_EDGE('',*,*,#10669,.T.);
#12941=ORIENTED_EDGE('',*,*,#12926,.F.);
#12942=EDGE_LOOP('',(#12938,#12939,#12940,#12941));
#12943=FACE_OUTER_BOUND('',#12942,.F.);
#12945=CARTESIAN_POINT('',(-5.350000381470E0,4.174468135834E0,0.E0));
#12946=DIRECTION('',(1.E0,0.E0,0.E0));
#12947=DIRECTION('',(0.E0,-1.E0,0.E0));
#12948=AXIS2_PLACEMENT_3D('',#12945,#12946,#12947);
#12949=PLANE('',#12948);
#12950=ORIENTED_EDGE('',*,*,#8571,.F.);
#12952=ORIENTED_EDGE('',*,*,#12951,.T.);
#12953=ORIENTED_EDGE('',*,*,#10679,.T.);
#12955=ORIENTED_EDGE('',*,*,#12954,.F.);
#12956=EDGE_LOOP('',(#12950,#12952,#12953,#12955));
#12957=FACE_OUTER_BOUND('',#12956,.F.);
#12959=CARTESIAN_POINT('',(-4.649999618530E0,2.6E0,0.E0));
#12960=DIRECTION('',(-9.137604618607E-1,-4.062533917891E-1,0.E0));
#12961=DIRECTION('',(-4.062533917891E-1,9.137604618607E-1,0.E0));
#12962=AXIS2_PLACEMENT_3D('',#12959,#12960,#12961);
#12963=PLANE('',#12962);
#12964=ORIENTED_EDGE('',*,*,#8595,.F.);
#12966=ORIENTED_EDGE('',*,*,#12965,.T.);
#12967=ORIENTED_EDGE('',*,*,#10681,.T.);
#12968=ORIENTED_EDGE('',*,*,#12951,.F.);
#12969=EDGE_LOOP('',(#12964,#12966,#12967,#12968));
#12970=FACE_OUTER_BOUND('',#12969,.F.);
#12972=CARTESIAN_POINT('',(-4.25E0,2.6E0,0.E0));
#12973=DIRECTION('',(0.E0,-1.E0,0.E0));
#12974=DIRECTION('',(-1.E0,0.E0,0.E0));
#12975=AXIS2_PLACEMENT_3D('',#12972,#12973,#12974);
#12976=PLANE('',#12975);
#12977=ORIENTED_EDGE('',*,*,#8593,.F.);
#12979=ORIENTED_EDGE('',*,*,#12978,.T.);
#12980=ORIENTED_EDGE('',*,*,#10683,.T.);
#12981=ORIENTED_EDGE('',*,*,#12965,.F.);
#12982=EDGE_LOOP('',(#12977,#12979,#12980,#12981));
#12983=FACE_OUTER_BOUND('',#12982,.F.);
#12985=CARTESIAN_POINT('',(-3.550000381470E0,4.174468135834E0,0.E0));
#12986=DIRECTION('',(9.137607084129E-1,-4.062528372340E-1,0.E0));
#12987=DIRECTION('',(-4.062528372340E-1,-9.137607084129E-1,0.E0));
#12988=AXIS2_PLACEMENT_3D('',#12985,#12986,#12987);
#12989=PLANE('',#12988);
#12990=ORIENTED_EDGE('',*,*,#8591,.F.);
#12992=ORIENTED_EDGE('',*,*,#12991,.T.);
#12993=ORIENTED_EDGE('',*,*,#10685,.T.);
#12994=ORIENTED_EDGE('',*,*,#12978,.F.);
#12995=EDGE_LOOP('',(#12990,#12992,#12993,#12994));
#12996=FACE_OUTER_BOUND('',#12995,.F.);
#12998=CARTESIAN_POINT('',(-3.550000381470E0,2.6E0,0.E0));
#12999=DIRECTION('',(-1.E0,0.E0,0.E0));
#13000=DIRECTION('',(0.E0,1.E0,0.E0));
#13001=AXIS2_PLACEMENT_3D('',#12998,#12999,#13000);
#13002=PLANE('',#13001);
#13003=ORIENTED_EDGE('',*,*,#8589,.F.);
#13005=ORIENTED_EDGE('',*,*,#13004,.T.);
#13006=ORIENTED_EDGE('',*,*,#10687,.T.);
#13007=ORIENTED_EDGE('',*,*,#12991,.F.);
#13008=EDGE_LOOP('',(#13003,#13005,#13006,#13007));
#13009=FACE_OUTER_BOUND('',#13008,.F.);
#13011=CARTESIAN_POINT('',(-3.250000381470E0,2.6E0,0.E0));
#13012=DIRECTION('',(0.E0,-1.E0,0.E0));
#13013=DIRECTION('',(-1.E0,0.E0,0.E0));
#13014=AXIS2_PLACEMENT_3D('',#13011,#13012,#13013);
#13015=PLANE('',#13014);
#13016=ORIENTED_EDGE('',*,*,#8587,.F.);
#13018=ORIENTED_EDGE('',*,*,#13017,.T.);
#13019=ORIENTED_EDGE('',*,*,#10689,.T.);
#13020=ORIENTED_EDGE('',*,*,#13004,.F.);
#13021=EDGE_LOOP('',(#13016,#13018,#13019,#13020));
#13022=FACE_OUTER_BOUND('',#13021,.F.);
#13024=CARTESIAN_POINT('',(-3.250000381470E0,4.6E0,0.E0));
#13025=DIRECTION('',(1.E0,0.E0,0.E0));
#13026=DIRECTION('',(0.E0,-1.E0,0.E0));
#13027=AXIS2_PLACEMENT_3D('',#13024,#13025,#13026);
#13028=PLANE('',#13027);
#13029=ORIENTED_EDGE('',*,*,#8585,.F.);
#13031=ORIENTED_EDGE('',*,*,#13030,.T.);
#13032=ORIENTED_EDGE('',*,*,#10691,.T.);
#13033=ORIENTED_EDGE('',*,*,#13017,.F.);
#13034=EDGE_LOOP('',(#13029,#13031,#13032,#13033));
#13035=FACE_OUTER_BOUND('',#13034,.F.);
#13037=CARTESIAN_POINT('',(-3.700000381470E0,4.6E0,0.E0));
#13038=DIRECTION('',(0.E0,1.E0,0.E0));
#13039=DIRECTION('',(1.E0,0.E0,0.E0));
#13040=AXIS2_PLACEMENT_3D('',#13037,#13038,#13039);
#13041=PLANE('',#13040);
#13042=ORIENTED_EDGE('',*,*,#8583,.F.);
#13044=ORIENTED_EDGE('',*,*,#13043,.T.);
#13045=ORIENTED_EDGE('',*,*,#10693,.T.);
#13046=ORIENTED_EDGE('',*,*,#13030,.F.);
#13047=EDGE_LOOP('',(#13042,#13044,#13045,#13046));
#13048=FACE_OUTER_BOUND('',#13047,.F.);
#13050=CARTESIAN_POINT('',(-4.450000381470E0,2.812765961885E0,0.E0));
#13051=DIRECTION('',(-9.220996375239E-1,3.869525274219E-1,0.E0));
#13052=DIRECTION('',(3.869525274219E-1,9.220996375239E-1,0.E0));
#13053=AXIS2_PLACEMENT_3D('',#13050,#13051,#13052);
#13054=PLANE('',#13053);
#13055=ORIENTED_EDGE('',*,*,#8581,.F.);
#13057=ORIENTED_EDGE('',*,*,#13056,.T.);
#13058=ORIENTED_EDGE('',*,*,#10695,.T.);
#13059=ORIENTED_EDGE('',*,*,#13043,.F.);
#13060=EDGE_LOOP('',(#13055,#13057,#13058,#13059));
#13061=FACE_OUTER_BOUND('',#13060,.F.);
#13063=CARTESIAN_POINT('',(-5.200000381470E0,4.6E0,0.E0));
#13064=DIRECTION('',(9.220996375239E-1,3.869525274219E-1,0.E0));
#13065=DIRECTION('',(3.869525274219E-1,-9.220996375239E-1,0.E0));
#13066=AXIS2_PLACEMENT_3D('',#13063,#13064,#13065);
#13067=PLANE('',#13066);
#13068=ORIENTED_EDGE('',*,*,#8579,.F.);
#13070=ORIENTED_EDGE('',*,*,#13069,.T.);
#13071=ORIENTED_EDGE('',*,*,#10697,.T.);
#13072=ORIENTED_EDGE('',*,*,#13056,.F.);
#13073=EDGE_LOOP('',(#13068,#13070,#13071,#13072));
#13074=FACE_OUTER_BOUND('',#13073,.F.);
#13076=CARTESIAN_POINT('',(-5.650000381470E0,4.6E0,0.E0));
#13077=DIRECTION('',(0.E0,1.E0,0.E0));
#13078=DIRECTION('',(1.E0,0.E0,0.E0));
#13079=AXIS2_PLACEMENT_3D('',#13076,#13077,#13078);
#13080=PLANE('',#13079);
#13081=ORIENTED_EDGE('',*,*,#8577,.F.);
#13083=ORIENTED_EDGE('',*,*,#13082,.T.);
#13084=ORIENTED_EDGE('',*,*,#10699,.T.);
#13085=ORIENTED_EDGE('',*,*,#13069,.F.);
#13086=EDGE_LOOP('',(#13081,#13083,#13084,#13085));
#13087=FACE_OUTER_BOUND('',#13086,.F.);
#13089=CARTESIAN_POINT('',(-5.650000381470E0,2.6E0,0.E0));
#13090=DIRECTION('',(-1.E0,0.E0,0.E0));
#13091=DIRECTION('',(0.E0,1.E0,0.E0));
#13092=AXIS2_PLACEMENT_3D('',#13089,#13090,#13091);
#13093=PLANE('',#13092);
#13094=ORIENTED_EDGE('',*,*,#8575,.F.);
#13096=ORIENTED_EDGE('',*,*,#13095,.T.);
#13097=ORIENTED_EDGE('',*,*,#10701,.T.);
#13098=ORIENTED_EDGE('',*,*,#13082,.F.);
#13099=EDGE_LOOP('',(#13094,#13096,#13097,#13098));
#13100=FACE_OUTER_BOUND('',#13099,.F.);
#13102=CARTESIAN_POINT('',(-5.350000381470E0,2.6E0,0.E0));
#13103=DIRECTION('',(0.E0,-1.E0,0.E0));
#13104=DIRECTION('',(-1.E0,0.E0,0.E0));
#13105=AXIS2_PLACEMENT_3D('',#13102,#13103,#13104);
#13106=PLANE('',#13105);
#13107=ORIENTED_EDGE('',*,*,#8573,.F.);
#13108=ORIENTED_EDGE('',*,*,#12954,.T.);
#13109=ORIENTED_EDGE('',*,*,#10703,.T.);
#13110=ORIENTED_EDGE('',*,*,#13095,.F.);
#13111=EDGE_LOOP('',(#13107,#13108,#13109,#13110));
#13112=FACE_OUTER_BOUND('',#13111,.F.);
#13114=CARTESIAN_POINT('',(6.266666650772E0,4.E-1,0.E0));
#13115=DIRECTION('',(-9.794071088548E-1,-2.018953073368E-1,0.E0));
#13116=DIRECTION('',(-2.018953073368E-1,9.794071088548E-1,0.E0));
#13117=AXIS2_PLACEMENT_3D('',#13114,#13115,#13116);
#13118=PLANE('',#13117);
#13119=ORIENTED_EDGE('',*,*,#8599,.F.);
#13121=ORIENTED_EDGE('',*,*,#13120,.T.);
#13122=ORIENTED_EDGE('',*,*,#10713,.T.);
#13124=ORIENTED_EDGE('',*,*,#13123,.F.);
#13125=EDGE_LOOP('',(#13119,#13121,#13122,#13124));
#13126=FACE_OUTER_BOUND('',#13125,.F.);
#13128=CARTESIAN_POINT('',(6.533333325386E0,4.E-1,0.E0));
#13129=DIRECTION('',(0.E0,-1.E0,0.E0));
#13130=DIRECTION('',(-1.E0,0.E0,0.E0));
#13131=AXIS2_PLACEMENT_3D('',#13128,#13129,#13130);
#13132=PLANE('',#13131);
#13133=ORIENTED_EDGE('',*,*,#8623,.F.);
#13135=ORIENTED_EDGE('',*,*,#13134,.T.);
#13136=ORIENTED_EDGE('',*,*,#10715,.T.);
#13137=ORIENTED_EDGE('',*,*,#13120,.F.);
#13138=EDGE_LOOP('',(#13133,#13135,#13136,#13137));
#13139=FACE_OUTER_BOUND('',#13138,.F.);
#13141=CARTESIAN_POINT('',(6.8E0,2.E0,0.E0));
#13142=DIRECTION('',(9.863939230376E-1,-1.643989920724E-1,0.E0));
#13143=DIRECTION('',(-1.643989920724E-1,-9.863939230376E-1,0.E0));
#13144=AXIS2_PLACEMENT_3D('',#13141,#13142,#13143);
#13145=PLANE('',#13144);
#13146=ORIENTED_EDGE('',*,*,#8621,.F.);
#13148=ORIENTED_EDGE('',*,*,#13147,.T.);
#13149=ORIENTED_EDGE('',*,*,#10717,.T.);
#13150=ORIENTED_EDGE('',*,*,#13134,.F.);
#13151=EDGE_LOOP('',(#13146,#13148,#13149,#13150));
#13152=FACE_OUTER_BOUND('',#13151,.F.);
#13154=CARTESIAN_POINT('',(6.6E0,2.E0,0.E0));
#13155=DIRECTION('',(0.E0,1.E0,0.E0));
#13156=DIRECTION('',(1.E0,0.E0,0.E0));
#13157=AXIS2_PLACEMENT_3D('',#13154,#13155,#13156);
#13158=PLANE('',#13157);
#13159=ORIENTED_EDGE('',*,*,#8619,.F.);
#13161=ORIENTED_EDGE('',*,*,#13160,.T.);
#13162=ORIENTED_EDGE('',*,*,#10719,.T.);
#13163=ORIENTED_EDGE('',*,*,#13147,.F.);
#13164=EDGE_LOOP('',(#13159,#13161,#13162,#13163));
#13165=FACE_OUTER_BOUND('',#13164,.F.);
#13167=CARTESIAN_POINT('',(6.4E0,7.744680881500E-1,0.E0));
#13168=DIRECTION('',(-9.869440001101E-1,1.610637781958E-1,0.E0));
#13169=DIRECTION('',(1.610637781958E-1,9.869440001101E-1,0.E0));
#13170=AXIS2_PLACEMENT_3D('',#13167,#13168,#13169);
#13171=PLANE('',#13170);
#13172=ORIENTED_EDGE('',*,*,#8617,.F.);
#13174=ORIENTED_EDGE('',*,*,#13173,.T.);
#13175=ORIENTED_EDGE('',*,*,#10721,.T.);
#13176=ORIENTED_EDGE('',*,*,#13160,.F.);
#13177=EDGE_LOOP('',(#13172,#13174,#13175,#13176));
#13178=FACE_OUTER_BOUND('',#13177,.F.);
#13180=CARTESIAN_POINT('',(6.133333349228E0,2.E0,0.E0));
#13181=DIRECTION('',(9.771355200986E-1,2.126174389876E-1,0.E0));
#13182=DIRECTION('',(2.126174389876E-1,-9.771355200986E-1,0.E0));
#13183=AXIS2_PLACEMENT_3D('',#13180,#13181,#13182);
#13184=PLANE('',#13183);
#13185=ORIENTED_EDGE('',*,*,#8615,.F.);
#13187=ORIENTED_EDGE('',*,*,#13186,.T.);
#13188=ORIENTED_EDGE('',*,*,#10723,.T.);
#13189=ORIENTED_EDGE('',*,*,#13173,.F.);
#13190=EDGE_LOOP('',(#13185,#13187,#13188,#13189));
#13191=FACE_OUTER_BOUND('',#13190,.F.);
#13193=CARTESIAN_POINT('',(5.866666698456E0,2.E0,0.E0));
#13194=DIRECTION('',(0.E0,1.E0,0.E0));
#13195=DIRECTION('',(1.E0,0.E0,0.E0));
#13196=AXIS2_PLACEMENT_3D('',#13193,#13194,#13195);
#13197=PLANE('',#13196);
#13198=ORIENTED_EDGE('',*,*,#8613,.F.);
#13200=ORIENTED_EDGE('',*,*,#13199,.T.);
#13201=ORIENTED_EDGE('',*,*,#10725,.T.);
#13202=ORIENTED_EDGE('',*,*,#13186,.F.);
#13203=EDGE_LOOP('',(#13198,#13200,#13201,#13202));
#13204=FACE_OUTER_BOUND('',#13203,.F.);
#13206=CARTESIAN_POINT('',(5.6E0,7.744680881500E-1,0.E0));
#13207=DIRECTION('',(-9.771355121999E-1,2.126174752879E-1,0.E0));
#13208=DIRECTION('',(2.126174752879E-1,9.771355121999E-1,0.E0));
#13209=AXIS2_PLACEMENT_3D('',#13206,#13207,#13208);
#13210=PLANE('',#13209);
#13211=ORIENTED_EDGE('',*,*,#8611,.F.);
#13213=ORIENTED_EDGE('',*,*,#13212,.T.);
#13214=ORIENTED_EDGE('',*,*,#10727,.T.);
#13215=ORIENTED_EDGE('',*,*,#13199,.F.);
#13216=EDGE_LOOP('',(#13211,#13213,#13214,#13215));
#13217=FACE_OUTER_BOUND('',#13216,.F.);
#13219=CARTESIAN_POINT('',(5.4E0,2.E0,0.E0));
#13220=DIRECTION('',(9.869440001101E-1,1.610637781958E-1,0.E0));
#13221=DIRECTION('',(1.610637781958E-1,-9.869440001101E-1,0.E0));
#13222=AXIS2_PLACEMENT_3D('',#13219,#13220,#13221);
#13223=PLANE('',#13222);
#13224=ORIENTED_EDGE('',*,*,#8609,.F.);
#13226=ORIENTED_EDGE('',*,*,#13225,.T.);
#13227=ORIENTED_EDGE('',*,*,#10729,.T.);
#13228=ORIENTED_EDGE('',*,*,#13212,.F.);
#13229=EDGE_LOOP('',(#13224,#13226,#13227,#13228));
#13230=FACE_OUTER_BOUND('',#13229,.F.);
#13232=CARTESIAN_POINT('',(5.2E0,2.E0,0.E0));
#13233=DIRECTION('',(0.E0,1.E0,0.E0));
#13234=DIRECTION('',(1.E0,0.E0,0.E0));
#13235=AXIS2_PLACEMENT_3D('',#13232,#13233,#13234);
#13236=PLANE('',#13235);
#13237=ORIENTED_EDGE('',*,*,#8607,.F.);
#13239=ORIENTED_EDGE('',*,*,#13238,.T.);
#13240=ORIENTED_EDGE('',*,*,#10731,.T.);
#13241=ORIENTED_EDGE('',*,*,#13225,.F.);
#13242=EDGE_LOOP('',(#13237,#13239,#13240,#13241));
#13243=FACE_OUTER_BOUND('',#13242,.F.);
#13245=CARTESIAN_POINT('',(5.466666698456E0,4.E-1,0.E0));
#13246=DIRECTION('',(-9.863939206541E-1,-1.643990063736E-1,0.E0));
#13247=DIRECTION('',(-1.643990063736E-1,9.863939206541E-1,0.E0));
#13248=AXIS2_PLACEMENT_3D('',#13245,#13246,#13247);
#13249=PLANE('',#13248);
#13250=ORIENTED_EDGE('',*,*,#8605,.F.);
#13252=ORIENTED_EDGE('',*,*,#13251,.T.);
#13253=ORIENTED_EDGE('',*,*,#10733,.T.);
#13254=ORIENTED_EDGE('',*,*,#13238,.F.);
#13255=EDGE_LOOP('',(#13250,#13252,#13253,#13254));
#13256=FACE_OUTER_BOUND('',#13255,.F.);
#13258=CARTESIAN_POINT('',(5.733333301544E0,4.E-1,0.E0));
#13259=DIRECTION('',(0.E0,-1.E0,0.E0));
#13260=DIRECTION('',(-1.E0,0.E0,0.E0));
#13261=AXIS2_PLACEMENT_3D('',#13258,#13259,#13260);
#13262=PLANE('',#13261);
#13263=ORIENTED_EDGE('',*,*,#8603,.F.);
#13265=ORIENTED_EDGE('',*,*,#13264,.T.);
#13266=ORIENTED_EDGE('',*,*,#10735,.T.);
#13267=ORIENTED_EDGE('',*,*,#13251,.F.);
#13268=EDGE_LOOP('',(#13263,#13265,#13266,#13267));
#13269=FACE_OUTER_BOUND('',#13268,.F.);
#13271=CARTESIAN_POINT('',(6.E0,1.693617057800E0,0.E0));
#13272=DIRECTION('',(9.794071017162E-1,-2.018953419669E-1,0.E0));
#13273=DIRECTION('',(-2.018953419669E-1,-9.794071017162E-1,0.E0));
#13274=AXIS2_PLACEMENT_3D('',#13271,#13272,#13273);
#13275=PLANE('',#13274);
#13276=ORIENTED_EDGE('',*,*,#8601,.F.);
#13277=ORIENTED_EDGE('',*,*,#13123,.T.);
#13278=ORIENTED_EDGE('',*,*,#10737,.T.);
#13279=ORIENTED_EDGE('',*,*,#13264,.F.);
#13280=EDGE_LOOP('',(#13276,#13277,#13278,#13279));
#13281=FACE_OUTER_BOUND('',#13280,.F.);
#13283=CARTESIAN_POINT('',(4.533333396912E0,4.E-1,0.E0));
#13284=DIRECTION('',(-1.E0,0.E0,0.E0));
#13285=DIRECTION('',(0.E0,1.E0,0.E0));
#13286=AXIS2_PLACEMENT_3D('',#13283,#13284,#13285);
#13287=PLANE('',#13286);
#13288=ORIENTED_EDGE('',*,*,#8627,.F.);
#13290=ORIENTED_EDGE('',*,*,#13289,.T.);
#13291=ORIENTED_EDGE('',*,*,#10747,.T.);
#13293=ORIENTED_EDGE('',*,*,#13292,.F.);
#13294=EDGE_LOOP('',(#13288,#13290,#13291,#13293));
#13295=FACE_OUTER_BOUND('',#13294,.F.);
#13297=CARTESIAN_POINT('',(4.733333396912E0,4.E-1,0.E0));
#13298=DIRECTION('',(0.E0,-1.E0,0.E0));
#13299=DIRECTION('',(-1.E0,0.E0,0.E0));
#13300=AXIS2_PLACEMENT_3D('',#13297,#13298,#13299);
#13301=PLANE('',#13300);
#13302=ORIENTED_EDGE('',*,*,#8639,.F.);
#13304=ORIENTED_EDGE('',*,*,#13303,.T.);
#13305=ORIENTED_EDGE('',*,*,#10749,.T.);
#13306=ORIENTED_EDGE('',*,*,#13289,.F.);
#13307=EDGE_LOOP('',(#13302,#13304,#13305,#13306));
#13308=FACE_OUTER_BOUND('',#13307,.F.);
#13310=CARTESIAN_POINT('',(4.733333396912E0,1.727659606934E0,0.E0));
#13311=DIRECTION('',(1.E0,0.E0,0.E0));
#13312=DIRECTION('',(0.E0,-1.E0,0.E0));
#13313=AXIS2_PLACEMENT_3D('',#13310,#13311,#13312);
#13314=PLANE('',#13313);
#13315=ORIENTED_EDGE('',*,*,#8637,.F.);
#13317=ORIENTED_EDGE('',*,*,#13316,.T.);
#13318=ORIENTED_EDGE('',*,*,#10751,.T.);
#13319=ORIENTED_EDGE('',*,*,#13303,.F.);
#13320=EDGE_LOOP('',(#13315,#13317,#13318,#13319));
#13321=FACE_OUTER_BOUND('',#13320,.F.);
#13323=CARTESIAN_POINT('',(4.933333396912E0,1.489361667633E0,0.E0));
#13324=DIRECTION('',(-7.659743427825E-1,-6.428711427642E-1,0.E0));
#13325=DIRECTION('',(-6.428711427642E-1,7.659743427825E-1,0.E0));
#13326=AXIS2_PLACEMENT_3D('',#13323,#13324,#13325);
#13327=PLANE('',#13326);
#13328=ORIENTED_EDGE('',*,*,#8635,.F.);
#13330=ORIENTED_EDGE('',*,*,#13329,.T.);
#13331=ORIENTED_EDGE('',*,*,#10753,.T.);
#13332=ORIENTED_EDGE('',*,*,#13316,.F.);
#13333=EDGE_LOOP('',(#13328,#13330,#13331,#13332));
#13334=FACE_OUTER_BOUND('',#13333,.F.);
#13336=CARTESIAN_POINT('',(4.933333396912E0,1.761702156067E0,0.E0));
#13337=DIRECTION('',(1.E0,0.E0,0.E0));
#13338=DIRECTION('',(0.E0,-1.E0,0.E0));
#13339=AXIS2_PLACEMENT_3D('',#13336,#13337,#13338);
#13340=PLANE('',#13339);
#13341=ORIENTED_EDGE('',*,*,#8633,.F.);
#13343=ORIENTED_EDGE('',*,*,#13342,.T.);
#13344=ORIENTED_EDGE('',*,*,#10755,.T.);
#13345=ORIENTED_EDGE('',*,*,#13329,.F.);
#13346=EDGE_LOOP('',(#13341,#13343,#13344,#13345));
#13347=FACE_OUTER_BOUND('',#13346,.F.);
#13349=CARTESIAN_POINT('',(4.733333396912E0,2.E0,0.E0));
#13350=DIRECTION('',(7.659742160926E-1,6.428712937139E-1,0.E0));
#13351=DIRECTION('',(6.428712937139E-1,-7.659742160926E-1,0.E0));
#13352=AXIS2_PLACEMENT_3D('',#13349,#13350,#13351);
#13353=PLANE('',#13352);
#13354=ORIENTED_EDGE('',*,*,#8631,.F.);
#13356=ORIENTED_EDGE('',*,*,#13355,.T.);
#13357=ORIENTED_EDGE('',*,*,#10757,.T.);
#13358=ORIENTED_EDGE('',*,*,#13342,.F.);
#13359=EDGE_LOOP('',(#13354,#13356,#13357,#13358));
#13360=FACE_OUTER_BOUND('',#13359,.F.);
#13362=CARTESIAN_POINT('',(4.533333396912E0,2.E0,0.E0));
#13363=DIRECTION('',(0.E0,1.E0,0.E0));
#13364=DIRECTION('',(1.E0,0.E0,0.E0));
#13365=AXIS2_PLACEMENT_3D('',#13362,#13363,#13364);
#13366=PLANE('',#13365);
#13367=ORIENTED_EDGE('',*,*,#8629,.F.);
#13368=ORIENTED_EDGE('',*,*,#13292,.T.);
#13369=ORIENTED_EDGE('',*,*,#10759,.T.);
#13370=ORIENTED_EDGE('',*,*,#13355,.F.);
#13371=EDGE_LOOP('',(#13367,#13368,#13369,#13370));
#13372=FACE_OUTER_BOUND('',#13371,.F.);
#13374=CARTESIAN_POINT('',(3.866666603088E0,4.E-1,0.E0));
#13375=DIRECTION('',(-1.E0,0.E0,0.E0));
#13376=DIRECTION('',(0.E0,1.E0,0.E0));
#13377=AXIS2_PLACEMENT_3D('',#13374,#13375,#13376);
#13378=PLANE('',#13377);
#13379=ORIENTED_EDGE('',*,*,#8643,.F.);
#13381=ORIENTED_EDGE('',*,*,#13380,.T.);
#13382=ORIENTED_EDGE('',*,*,#10769,.T.);
#13384=ORIENTED_EDGE('',*,*,#13383,.F.);
#13385=EDGE_LOOP('',(#13379,#13381,#13382,#13384));
#13386=FACE_OUTER_BOUND('',#13385,.F.);
#13388=CARTESIAN_POINT('',(4.066666603088E0,4.E-1,0.E0));
#13389=DIRECTION('',(0.E0,-1.E0,0.E0));
#13390=DIRECTION('',(-1.E0,0.E0,0.E0));
#13391=AXIS2_PLACEMENT_3D('',#13388,#13389,#13390);
#13392=PLANE('',#13391);
#13393=ORIENTED_EDGE('',*,*,#8655,.F.);
#13395=ORIENTED_EDGE('',*,*,#13394,.T.);
#13396=ORIENTED_EDGE('',*,*,#10771,.T.);
#13397=ORIENTED_EDGE('',*,*,#13380,.F.);
#13398=EDGE_LOOP('',(#13393,#13395,#13396,#13397));
#13399=FACE_OUTER_BOUND('',#13398,.F.);
#13401=CARTESIAN_POINT('',(4.066666603088E0,1.727659606934E0,0.E0));
#13402=DIRECTION('',(1.E0,0.E0,0.E0));
#13403=DIRECTION('',(0.E0,-1.E0,0.E0));
#13404=AXIS2_PLACEMENT_3D('',#13401,#13402,#13403);
#13405=PLANE('',#13404);
#13406=ORIENTED_EDGE('',*,*,#8653,.F.);
#13408=ORIENTED_EDGE('',*,*,#13407,.T.);
#13409=ORIENTED_EDGE('',*,*,#10773,.T.);
#13410=ORIENTED_EDGE('',*,*,#13394,.F.);
#13411=EDGE_LOOP('',(#13406,#13408,#13409,#13410));
#13412=FACE_OUTER_BOUND('',#13411,.F.);
#13414=CARTESIAN_POINT('',(4.266666603088E0,1.489361667633E0,0.E0));
#13415=DIRECTION('',(-7.659743427825E-1,-6.428711427642E-1,0.E0));
#13416=DIRECTION('',(-6.428711427642E-1,7.659743427825E-1,0.E0));
#13417=AXIS2_PLACEMENT_3D('',#13414,#13415,#13416);
#13418=PLANE('',#13417);
#13419=ORIENTED_EDGE('',*,*,#8651,.F.);
#13421=ORIENTED_EDGE('',*,*,#13420,.T.);
#13422=ORIENTED_EDGE('',*,*,#10775,.T.);
#13423=ORIENTED_EDGE('',*,*,#13407,.F.);
#13424=EDGE_LOOP('',(#13419,#13421,#13422,#13423));
#13425=FACE_OUTER_BOUND('',#13424,.F.);
#13427=CARTESIAN_POINT('',(4.266666603088E0,1.761702156067E0,0.E0));
#13428=DIRECTION('',(1.E0,0.E0,0.E0));
#13429=DIRECTION('',(0.E0,-1.E0,0.E0));
#13430=AXIS2_PLACEMENT_3D('',#13427,#13428,#13429);
#13431=PLANE('',#13430);
#13432=ORIENTED_EDGE('',*,*,#8649,.F.);
#13434=ORIENTED_EDGE('',*,*,#13433,.T.);
#13435=ORIENTED_EDGE('',*,*,#10777,.T.);
#13436=ORIENTED_EDGE('',*,*,#13420,.F.);
#13437=EDGE_LOOP('',(#13432,#13434,#13435,#13436));
#13438=FACE_OUTER_BOUND('',#13437,.F.);
#13440=CARTESIAN_POINT('',(4.066666603088E0,2.E0,0.E0));
#13441=DIRECTION('',(7.659742160926E-1,6.428712937139E-1,0.E0));
#13442=DIRECTION('',(6.428712937139E-1,-7.659742160926E-1,0.E0));
#13443=AXIS2_PLACEMENT_3D('',#13440,#13441,#13442);
#13444=PLANE('',#13443);
#13445=ORIENTED_EDGE('',*,*,#8647,.F.);
#13447=ORIENTED_EDGE('',*,*,#13446,.T.);
#13448=ORIENTED_EDGE('',*,*,#10779,.T.);
#13449=ORIENTED_EDGE('',*,*,#13433,.F.);
#13450=EDGE_LOOP('',(#13445,#13447,#13448,#13449));
#13451=FACE_OUTER_BOUND('',#13450,.F.);
#13453=CARTESIAN_POINT('',(3.866666603088E0,2.E0,0.E0));
#13454=DIRECTION('',(0.E0,1.E0,0.E0));
#13455=DIRECTION('',(1.E0,0.E0,0.E0));
#13456=AXIS2_PLACEMENT_3D('',#13453,#13454,#13455);
#13457=PLANE('',#13456);
#13458=ORIENTED_EDGE('',*,*,#8645,.F.);
#13459=ORIENTED_EDGE('',*,*,#13383,.T.);
#13460=ORIENTED_EDGE('',*,*,#10781,.T.);
#13461=ORIENTED_EDGE('',*,*,#13446,.F.);
#13462=EDGE_LOOP('',(#13458,#13459,#13460,#13461));
#13463=FACE_OUTER_BOUND('',#13462,.F.);
#13465=CARTESIAN_POINT('',(6.1E0,-2.8E0,0.E0));
#13466=DIRECTION('',(0.E0,1.E0,0.E0));
#13467=DIRECTION('',(1.E0,0.E0,0.E0));
#13468=AXIS2_PLACEMENT_3D('',#13465,#13466,#13467);
#13469=PLANE('',#13468);
#13470=ORIENTED_EDGE('',*,*,#8659,.F.);
#13472=ORIENTED_EDGE('',*,*,#13471,.T.);
#13473=ORIENTED_EDGE('',*,*,#10791,.T.);
#13475=ORIENTED_EDGE('',*,*,#13474,.F.);
#13476=EDGE_LOOP('',(#13470,#13472,#13473,#13475));
#13477=FACE_OUTER_BOUND('',#13476,.F.);
#13479=CARTESIAN_POINT('',(5.954166638851E0,-2.829787230492E0,0.E0));
#13480=DIRECTION('',(-2.001233184181E-1,9.797707167625E-1,0.E0));
#13481=DIRECTION('',(9.797707167625E-1,2.001233184181E-1,0.E0));
#13482=AXIS2_PLACEMENT_3D('',#13479,#13480,#13481);
#13483=PLANE('',#13482);
#13484=ORIENTED_EDGE('',*,*,#8685,.F.);
#13486=ORIENTED_EDGE('',*,*,#13485,.T.);
#13487=ORIENTED_EDGE('',*,*,#10793,.T.);
#13488=ORIENTED_EDGE('',*,*,#13471,.F.);
#13489=EDGE_LOOP('',(#13484,#13486,#13487,#13488));
#13490=FACE_OUTER_BOUND('',#13489,.F.);
#13492=CARTESIAN_POINT('',(5.8375E0,-2.889361691475E0,0.E0));
#13493=DIRECTION('',(-4.547771995497E-1,8.906052429498E-1,0.E0));
#13494=DIRECTION('',(8.906052429498E-1,4.547771995497E-1,0.E0));
#13495=AXIS2_PLACEMENT_3D('',#13492,#13493,#13494);
#13496=PLANE('',#13495);
#13497=ORIENTED_EDGE('',*,*,#8683,.F.);
#13499=ORIENTED_EDGE('',*,*,#13498,.T.);
#13500=ORIENTED_EDGE('',*,*,#10795,.T.);
#13501=ORIENTED_EDGE('',*,*,#13485,.F.);
#13502=EDGE_LOOP('',(#13497,#13499,#13500,#13501));
#13503=FACE_OUTER_BOUND('',#13502,.F.);
#13505=CARTESIAN_POINT('',(5.720833361149E0,-3.008510613441E0,0.E0));
#13506=DIRECTION('',(-7.145104681851E-1,6.996247500295E-1,0.E0));
#13507=DIRECTION('',(6.996247500295E-1,7.145104681851E-1,0.E0));
#13508=AXIS2_PLACEMENT_3D('',#13505,#13506,#13507);
#13509=PLANE('',#13508);
#13510=ORIENTED_EDGE('',*,*,#8681,.F.);
#13512=ORIENTED_EDGE('',*,*,#13511,.T.);
#13513=ORIENTED_EDGE('',*,*,#10797,.T.);
#13514=ORIENTED_EDGE('',*,*,#13498,.F.);
#13515=EDGE_LOOP('',(#13510,#13512,#13513,#13514));
#13516=FACE_OUTER_BOUND('',#13515,.F.);
#13518=CARTESIAN_POINT('',(5.6625E0,-3.127659535408E0,0.E0));
#13519=DIRECTION('',(-8.981380143666E-1,4.397136649566E-1,0.E0));
#13520=DIRECTION('',(4.397136649566E-1,8.981380143666E-1,0.E0));
#13521=AXIS2_PLACEMENT_3D('',#13518,#13519,#13520);
#13522=PLANE('',#13521);
#13523=ORIENTED_EDGE('',*,*,#8679,.F.);
#13525=ORIENTED_EDGE('',*,*,#13524,.T.);
#13526=ORIENTED_EDGE('',*,*,#10799,.T.);
#13527=ORIENTED_EDGE('',*,*,#13511,.F.);
#13528=EDGE_LOOP('',(#13523,#13525,#13526,#13527));
#13529=FACE_OUTER_BOUND('',#13528,.F.);
#13531=CARTESIAN_POINT('',(5.633333361149E0,-3.276595771313E0,0.E0));
#13532=DIRECTION('',(-9.813591893677E-1,1.921825732045E-1,0.E0));
#13533=DIRECTION('',(1.921825732045E-1,9.813591893677E-1,0.E0));
#13534=AXIS2_PLACEMENT_3D('',#13531,#13532,#13533);
#13535=PLANE('',#13534);
#13536=ORIENTED_EDGE('',*,*,#8677,.F.);
#13538=ORIENTED_EDGE('',*,*,#13537,.T.);
#13539=ORIENTED_EDGE('',*,*,#10801,.T.);
#13540=ORIENTED_EDGE('',*,*,#13524,.F.);
#13541=EDGE_LOOP('',(#13536,#13538,#13539,#13540));
#13542=FACE_OUTER_BOUND('',#13541,.F.);
#13544=CARTESIAN_POINT('',(5.633333361149E0,-3.723404270411E0,0.E0));
#13545=DIRECTION('',(-1.E0,0.E0,0.E0));
#13546=DIRECTION('',(0.E0,1.E0,0.E0));
#13547=AXIS2_PLACEMENT_3D('',#13544,#13545,#13546);
#13548=PLANE('',#13547);
#13549=ORIENTED_EDGE('',*,*,#8675,.F.);
#13551=ORIENTED_EDGE('',*,*,#13550,.T.);
#13552=ORIENTED_EDGE('',*,*,#10803,.T.);
#13553=ORIENTED_EDGE('',*,*,#13537,.F.);
#13554=EDGE_LOOP('',(#13549,#13551,#13552,#13553));
#13555=FACE_OUTER_BOUND('',#13554,.F.);
#13557=CARTESIAN_POINT('',(5.6625E0,-3.872340422869E0,0.E0));
#13558=DIRECTION('',(-9.813591690599E-1,-1.921826769043E-1,0.E0));
#13559=DIRECTION('',(-1.921826769043E-1,9.813591690599E-1,0.E0));
#13560=AXIS2_PLACEMENT_3D('',#13557,#13558,#13559);
#13561=PLANE('',#13560);
#13562=ORIENTED_EDGE('',*,*,#8673,.F.);
#13564=ORIENTED_EDGE('',*,*,#13563,.T.);
#13565=ORIENTED_EDGE('',*,*,#10805,.T.);
#13566=ORIENTED_EDGE('',*,*,#13550,.F.);
#13567=EDGE_LOOP('',(#13562,#13564,#13565,#13566));
#13568=FACE_OUTER_BOUND('',#13567,.F.);
#13570=CARTESIAN_POINT('',(5.720833361149E0,-3.991489365697E0,0.E0));
#13571=DIRECTION('',(-8.981380447713E-1,-4.397136028534E-1,0.E0));
#13572=DIRECTION('',(-4.397136028534E-1,8.981380447713E-1,0.E0));
#13573=AXIS2_PLACEMENT_3D('',#13570,#13571,#13572);
#13574=PLANE('',#13573);
#13575=ORIENTED_EDGE('',*,*,#8671,.F.);
#13577=ORIENTED_EDGE('',*,*,#13576,.T.);
#13578=ORIENTED_EDGE('',*,*,#10807,.T.);
#13579=ORIENTED_EDGE('',*,*,#13563,.F.);
#13580=EDGE_LOOP('',(#13575,#13577,#13578,#13579));
#13581=FACE_OUTER_BOUND('',#13580,.F.);
#13583=CARTESIAN_POINT('',(5.8375E0,-4.110638298094E0,0.E0));
#13584=DIRECTION('',(-7.145104988024E-1,-6.996247187608E-1,0.E0));
#13585=DIRECTION('',(-6.996247187608E-1,7.145104988024E-1,0.E0));
#13586=AXIS2_PLACEMENT_3D('',#13583,#13584,#13585);
#13587=PLANE('',#13586);
#13588=ORIENTED_EDGE('',*,*,#8669,.F.);
#13590=ORIENTED_EDGE('',*,*,#13589,.T.);
#13591=ORIENTED_EDGE('',*,*,#10809,.T.);
#13592=ORIENTED_EDGE('',*,*,#13576,.F.);
#13593=EDGE_LOOP('',(#13588,#13590,#13591,#13592));
#13594=FACE_OUTER_BOUND('',#13593,.F.);
#13596=CARTESIAN_POINT('',(5.954166638851E0,-4.170212766901E0,0.E0));
#13597=DIRECTION('',(-4.547772469181E-1,-8.906052187617E-1,0.E0));
#13598=DIRECTION('',(-8.906052187617E-1,4.547772469181E-1,0.E0));
#13599=AXIS2_PLACEMENT_3D('',#13596,#13597,#13598);
#13600=PLANE('',#13599);
#13601=ORIENTED_EDGE('',*,*,#8667,.F.);
#13603=ORIENTED_EDGE('',*,*,#13602,.T.);
#13604=ORIENTED_EDGE('',*,*,#10811,.T.);
#13605=ORIENTED_EDGE('',*,*,#13589,.F.);
#13606=EDGE_LOOP('',(#13601,#13603,#13604,#13605));
#13607=FACE_OUTER_BOUND('',#13606,.F.);
#13609=CARTESIAN_POINT('',(6.1E0,-4.2E0,0.E0));
#13610=DIRECTION('',(-2.001233352361E-1,-9.797707133274E-1,0.E0));
#13611=DIRECTION('',(-9.797707133274E-1,2.001233352361E-1,0.E0));
#13612=AXIS2_PLACEMENT_3D('',#13609,#13610,#13611);
#13613=PLANE('',#13612);
#13614=ORIENTED_EDGE('',*,*,#8665,.F.);
#13616=ORIENTED_EDGE('',*,*,#13615,.T.);
#13617=ORIENTED_EDGE('',*,*,#10813,.T.);
#13618=ORIENTED_EDGE('',*,*,#13602,.F.);
#13619=EDGE_LOOP('',(#13614,#13616,#13617,#13618));
#13620=FACE_OUTER_BOUND('',#13619,.F.);
#13622=CARTESIAN_POINT('',(6.8E0,-4.2E0,0.E0));
#13623=DIRECTION('',(0.E0,-1.E0,0.E0));
#13624=DIRECTION('',(-1.E0,0.E0,0.E0));
#13625=AXIS2_PLACEMENT_3D('',#13622,#13623,#13624);
#13626=PLANE('',#13625);
#13627=ORIENTED_EDGE('',*,*,#8663,.F.);
#13629=ORIENTED_EDGE('',*,*,#13628,.T.);
#13630=ORIENTED_EDGE('',*,*,#10815,.T.);
#13631=ORIENTED_EDGE('',*,*,#13615,.F.);
#13632=EDGE_LOOP('',(#13627,#13629,#13630,#13631));
#13633=FACE_OUTER_BOUND('',#13632,.F.);
#13635=CARTESIAN_POINT('',(6.8E0,-2.8E0,0.E0));
#13636=DIRECTION('',(1.E0,0.E0,0.E0));
#13637=DIRECTION('',(0.E0,-1.E0,0.E0));
#13638=AXIS2_PLACEMENT_3D('',#13635,#13636,#13637);
#13639=PLANE('',#13638);
#13640=ORIENTED_EDGE('',*,*,#8661,.F.);
#13641=ORIENTED_EDGE('',*,*,#13474,.T.);
#13642=ORIENTED_EDGE('',*,*,#10817,.T.);
#13643=ORIENTED_EDGE('',*,*,#13628,.F.);
#13644=EDGE_LOOP('',(#13640,#13641,#13642,#13643));
#13645=FACE_OUTER_BOUND('',#13644,.F.);
#13647=CARTESIAN_POINT('',(6.625E0,-2.978723382950E0,0.E0));
#13648=DIRECTION('',(0.E0,-1.E0,0.E0));
#13649=DIRECTION('',(-1.E0,0.E0,0.E0));
#13650=AXIS2_PLACEMENT_3D('',#13647,#13648,#13649);
#13651=PLANE('',#13650);
#13652=ORIENTED_EDGE('',*,*,#9357,.F.);
#13654=ORIENTED_EDGE('',*,*,#13653,.T.);
#13655=ORIENTED_EDGE('',*,*,#10821,.T.);
#13657=ORIENTED_EDGE('',*,*,#13656,.F.);
#13658=EDGE_LOOP('',(#13652,#13654,#13655,#13657));
#13659=FACE_OUTER_BOUND('',#13658,.F.);
#13661=CARTESIAN_POINT('',(6.625E0,-4.021276596189E0,0.E0));
#13662=DIRECTION('',(-1.E0,0.E0,0.E0));
#13663=DIRECTION('',(0.E0,1.E0,0.E0));
#13664=AXIS2_PLACEMENT_3D('',#13661,#13662,#13663);
#13665=PLANE('',#13664);
#13666=ORIENTED_EDGE('',*,*,#9379,.F.);
#13668=ORIENTED_EDGE('',*,*,#13667,.T.);
#13669=ORIENTED_EDGE('',*,*,#10823,.T.);
#13670=ORIENTED_EDGE('',*,*,#13653,.F.);
#13671=EDGE_LOOP('',(#13666,#13668,#13669,#13670));
#13672=FACE_OUTER_BOUND('',#13671,.F.);
#13674=CARTESIAN_POINT('',(6.1E0,-4.021276596189E0,0.E0));
#13675=DIRECTION('',(0.E0,1.E0,0.E0));
#13676=DIRECTION('',(1.E0,0.E0,0.E0));
#13677=AXIS2_PLACEMENT_3D('',#13674,#13675,#13676);
#13678=PLANE('',#13677);
#13679=ORIENTED_EDGE('',*,*,#9377,.F.);
#13681=ORIENTED_EDGE('',*,*,#13680,.T.);
#13682=ORIENTED_EDGE('',*,*,#10825,.T.);
#13683=ORIENTED_EDGE('',*,*,#13667,.F.);
#13684=EDGE_LOOP('',(#13679,#13681,#13682,#13683));
#13685=FACE_OUTER_BOUND('',#13684,.F.);
#13687=CARTESIAN_POINT('',(5.983333361149E0,-3.991489365697E0,0.E0));
#13688=DIRECTION('',(2.473832729514E-1,9.689177035558E-1,0.E0));
#13689=DIRECTION('',(9.689177035558E-1,-2.473832729514E-1,0.E0));
#13690=AXIS2_PLACEMENT_3D('',#13687,#13688,#13689);
#13691=PLANE('',#13690);
#13692=ORIENTED_EDGE('',*,*,#9375,.F.);
#13694=ORIENTED_EDGE('',*,*,#13693,.T.);
#13695=ORIENTED_EDGE('',*,*,#10827,.T.);
#13696=ORIENTED_EDGE('',*,*,#13680,.F.);
#13697=EDGE_LOOP('',(#13692,#13694,#13695,#13696));
#13698=FACE_OUTER_BOUND('',#13697,.F.);
#13700=CARTESIAN_POINT('',(5.895833361149E0,-3.931914883852E0,0.E0));
#13701=DIRECTION('',(5.627910658975E-1,8.265991871191E-1,0.E0));
#13702=DIRECTION('',(8.265991871191E-1,-5.627910658975E-1,0.E0));
#13703=AXIS2_PLACEMENT_3D('',#13700,#13701,#13702);
#13704=PLANE('',#13703);
#13705=ORIENTED_EDGE('',*,*,#9373,.F.);
#13707=ORIENTED_EDGE('',*,*,#13706,.T.);
#13708=ORIENTED_EDGE('',*,*,#10829,.T.);
#13709=ORIENTED_EDGE('',*,*,#13693,.F.);
#13710=EDGE_LOOP('',(#13705,#13707,#13708,#13709));
#13711=FACE_OUTER_BOUND('',#13710,.F.);
#13713=CARTESIAN_POINT('',(5.8375E0,-3.842553192377E0,0.E0));
#13714=DIRECTION('',(8.373790012342E-1,5.466227293958E-1,0.E0));
#13715=DIRECTION('',(5.466227293958E-1,-8.373790012342E-1,0.E0));
#13716=AXIS2_PLACEMENT_3D('',#13713,#13714,#13715);
#13717=PLANE('',#13716);
#13718=ORIENTED_EDGE('',*,*,#9371,.F.);
#13720=ORIENTED_EDGE('',*,*,#13719,.T.);
#13721=ORIENTED_EDGE('',*,*,#10831,.T.);
#13722=ORIENTED_EDGE('',*,*,#13706,.F.);
#13723=EDGE_LOOP('',(#13718,#13720,#13721,#13722));
#13724=FACE_OUTER_BOUND('',#13723,.F.);
#13726=CARTESIAN_POINT('',(5.808333361149E0,-3.723404270411E0,0.E0));
#13727=DIRECTION('',(9.713212062349E-1,2.377711385310E-1,0.E0));
#13728=DIRECTION('',(2.377711385310E-1,-9.713212062349E-1,0.E0));
#13729=AXIS2_PLACEMENT_3D('',#13726,#13727,#13728);
#13730=PLANE('',#13729);
#13731=ORIENTED_EDGE('',*,*,#9369,.F.);
#13733=ORIENTED_EDGE('',*,*,#13732,.T.);
#13734=ORIENTED_EDGE('',*,*,#10833,.T.);
#13735=ORIENTED_EDGE('',*,*,#13719,.F.);
#13736=EDGE_LOOP('',(#13731,#13733,#13734,#13735));
#13737=FACE_OUTER_BOUND('',#13736,.F.);
#13739=CARTESIAN_POINT('',(5.808333361149E0,-3.276595771313E0,0.E0));
#13740=DIRECTION('',(1.E0,0.E0,0.E0));
#13741=DIRECTION('',(0.E0,-1.E0,0.E0));
#13742=AXIS2_PLACEMENT_3D('',#13739,#13740,#13741);
#13743=PLANE('',#13742);
#13744=ORIENTED_EDGE('',*,*,#9367,.F.);
#13746=ORIENTED_EDGE('',*,*,#13745,.T.);
#13747=ORIENTED_EDGE('',*,*,#10835,.T.);
#13748=ORIENTED_EDGE('',*,*,#13732,.F.);
#13749=EDGE_LOOP('',(#13744,#13746,#13747,#13748));
#13750=FACE_OUTER_BOUND('',#13749,.F.);
#13752=CARTESIAN_POINT('',(5.8375E0,-3.157446849346E0,0.E0));
#13753=DIRECTION('',(9.713212062349E-1,-2.377711385310E-1,0.E0));
#13754=DIRECTION('',(-2.377711385310E-1,-9.713212062349E-1,0.E0));
#13755=AXIS2_PLACEMENT_3D('',#13752,#13753,#13754);
#13756=PLANE('',#13755);
#13757=ORIENTED_EDGE('',*,*,#9365,.F.);
#13759=ORIENTED_EDGE('',*,*,#13758,.T.);
#13760=ORIENTED_EDGE('',*,*,#10837,.T.);
#13761=ORIENTED_EDGE('',*,*,#13745,.F.);
#13762=EDGE_LOOP('',(#13757,#13759,#13760,#13761));
#13763=FACE_OUTER_BOUND('',#13762,.F.);
#13765=CARTESIAN_POINT('',(5.895833361149E0,-3.068085074425E0,0.E0));
#13766=DIRECTION('',(8.373792348777E-1,-5.466223714738E-1,0.E0));
#13767=DIRECTION('',(-5.466223714738E-1,-8.373792348777E-1,0.E0));
#13768=AXIS2_PLACEMENT_3D('',#13765,#13766,#13767);
#13769=PLANE('',#13768);
#13770=ORIENTED_EDGE('',*,*,#9363,.F.);
#13772=ORIENTED_EDGE('',*,*,#13771,.T.);
#13773=ORIENTED_EDGE('',*,*,#10839,.T.);
#13774=ORIENTED_EDGE('',*,*,#13758,.F.);
#13775=EDGE_LOOP('',(#13770,#13772,#13773,#13774));
#13776=FACE_OUTER_BOUND('',#13775,.F.);
#13778=CARTESIAN_POINT('',(5.983333361149E0,-3.008510613441E0,0.E0));
#13779=DIRECTION('',(5.627909312417E-1,-8.265992787996E-1,0.E0));
#13780=DIRECTION('',(-8.265992787996E-1,-5.627909312417E-1,0.E0));
#13781=AXIS2_PLACEMENT_3D('',#13778,#13779,#13780);
#13782=PLANE('',#13781);
#13783=ORIENTED_EDGE('',*,*,#9361,.F.);
#13785=ORIENTED_EDGE('',*,*,#13784,.T.);
#13786=ORIENTED_EDGE('',*,*,#10841,.T.);
#13787=ORIENTED_EDGE('',*,*,#13771,.F.);
#13788=EDGE_LOOP('',(#13783,#13785,#13786,#13787));
#13789=FACE_OUTER_BOUND('',#13788,.F.);
#13791=CARTESIAN_POINT('',(6.1E0,-2.978723382950E0,0.E0));
#13792=DIRECTION('',(2.473832729514E-1,-9.689177035558E-1,0.E0));
#13793=DIRECTION('',(-9.689177035558E-1,-2.473832729514E-1,0.E0));
#13794=AXIS2_PLACEMENT_3D('',#13791,#13792,#13793);
#13795=PLANE('',#13794);
#13796=ORIENTED_EDGE('',*,*,#9359,.F.);
#13797=ORIENTED_EDGE('',*,*,#13656,.T.);
#13798=ORIENTED_EDGE('',*,*,#10843,.T.);
#13799=ORIENTED_EDGE('',*,*,#13784,.F.);
#13800=EDGE_LOOP('',(#13796,#13797,#13798,#13799));
#13801=FACE_OUTER_BOUND('',#13800,.F.);
#13803=CARTESIAN_POINT('',(5.225E0,-3.246808540821E0,0.E0));
#13804=DIRECTION('',(0.E0,1.E0,0.E0));
#13805=DIRECTION('',(1.E0,0.E0,0.E0));
#13806=AXIS2_PLACEMENT_3D('',#13803,#13804,#13805);
#13807=PLANE('',#13806);
#13808=ORIENTED_EDGE('',*,*,#8689,.F.);
#13810=ORIENTED_EDGE('',*,*,#13809,.T.);
#13811=ORIENTED_EDGE('',*,*,#10853,.T.);
#13813=ORIENTED_EDGE('',*,*,#13812,.F.);
#13814=EDGE_LOOP('',(#13808,#13810,#13811,#13813));
#13815=FACE_OUTER_BOUND('',#13814,.F.);
#13817=CARTESIAN_POINT('',(4.904166722298E0,-3.634042537212E0,0.E0));
#13818=DIRECTION('',(-7.700388995144E-1,6.379969382643E-1,0.E0));
#13819=DIRECTION('',(6.379969382643E-1,7.700388995144E-1,0.E0));
#13820=AXIS2_PLACEMENT_3D('',#13817,#13818,#13819);
#13821=PLANE('',#13820);
#13822=ORIENTED_EDGE('',*,*,#8711,.F.);
#13824=ORIENTED_EDGE('',*,*,#13823,.T.);
#13825=ORIENTED_EDGE('',*,*,#10855,.T.);
#13826=ORIENTED_EDGE('',*,*,#13809,.F.);
#13827=EDGE_LOOP('',(#13822,#13824,#13825,#13826));
#13828=FACE_OUTER_BOUND('',#13827,.F.);
#13830=CARTESIAN_POINT('',(4.583333277702E0,-3.246808540821E0,0.E0));
#13831=DIRECTION('',(7.700387364690E-1,6.379971350541E-1,0.E0));
#13832=DIRECTION('',(6.379971350541E-1,-7.700387364690E-1,0.E0));
#13833=AXIS2_PLACEMENT_3D('',#13830,#13831,#13832);
#13834=PLANE('',#13833);
#13835=ORIENTED_EDGE('',*,*,#8709,.F.);
#13837=ORIENTED_EDGE('',*,*,#13836,.T.);
#13838=ORIENTED_EDGE('',*,*,#10857,.T.);
#13839=ORIENTED_EDGE('',*,*,#13823,.F.);
#13840=EDGE_LOOP('',(#13835,#13837,#13838,#13839));
#13841=FACE_OUTER_BOUND('',#13840,.F.);
#13843=CARTESIAN_POINT('',(4.408333277702E0,-3.246808540821E0,0.E0));
#13844=DIRECTION('',(0.E0,1.E0,0.E0));
#13845=DIRECTION('',(1.E0,0.E0,0.E0));
#13846=AXIS2_PLACEMENT_3D('',#13843,#13844,#13845);
#13847=PLANE('',#13846);
#13848=ORIENTED_EDGE('',*,*,#8707,.F.);
#13850=ORIENTED_EDGE('',*,*,#13849,.T.);
#13851=ORIENTED_EDGE('',*,*,#10859,.T.);
#13852=ORIENTED_EDGE('',*,*,#13836,.F.);
#13853=EDGE_LOOP('',(#13848,#13850,#13851,#13852));
#13854=FACE_OUTER_BOUND('',#13853,.F.);
#13856=CARTESIAN_POINT('',(4.816666722298E0,-3.723404270411E0,0.E0));
#13857=DIRECTION('',(-7.593960820128E-1,-6.506286119005E-1,0.E0));
#13858=DIRECTION('',(-6.506286119005E-1,7.593960820128E-1,0.E0));
#13859=AXIS2_PLACEMENT_3D('',#13856,#13857,#13858);
#13860=PLANE('',#13859);
#13861=ORIENTED_EDGE('',*,*,#8705,.F.);
#13863=ORIENTED_EDGE('',*,*,#13862,.T.);
#13864=ORIENTED_EDGE('',*,*,#10861,.T.);
#13865=ORIENTED_EDGE('',*,*,#13849,.F.);
#13866=EDGE_LOOP('',(#13861,#13863,#13864,#13865));
#13867=FACE_OUTER_BOUND('',#13866,.F.);
#13869=CARTESIAN_POINT('',(4.408333277702E0,-4.2E0,0.E0));
#13870=DIRECTION('',(-7.593960820128E-1,6.506286119005E-1,0.E0));
#13871=DIRECTION('',(6.506286119005E-1,7.593960820128E-1,0.E0));
#13872=AXIS2_PLACEMENT_3D('',#13869,#13870,#13871);
#13873=PLANE('',#13872);
#13874=ORIENTED_EDGE('',*,*,#8703,.F.);
#13876=ORIENTED_EDGE('',*,*,#13875,.T.);
#13877=ORIENTED_EDGE('',*,*,#10863,.T.);
#13878=ORIENTED_EDGE('',*,*,#13862,.F.);
#13879=EDGE_LOOP('',(#13874,#13876,#13877,#13878));
#13880=FACE_OUTER_BOUND('',#13879,.F.);
#13882=CARTESIAN_POINT('',(4.583333277702E0,-4.2E0,0.E0));
#13883=DIRECTION('',(0.E0,-1.E0,0.E0));
#13884=DIRECTION('',(-1.E0,0.E0,0.E0));
#13885=AXIS2_PLACEMENT_3D('',#13882,#13883,#13884);
#13886=PLANE('',#13885);
#13887=ORIENTED_EDGE('',*,*,#8701,.F.);
#13889=ORIENTED_EDGE('',*,*,#13888,.T.);
#13890=ORIENTED_EDGE('',*,*,#10865,.T.);
#13891=ORIENTED_EDGE('',*,*,#13875,.F.);
#13892=EDGE_LOOP('',(#13887,#13889,#13890,#13891));
#13893=FACE_OUTER_BOUND('',#13892,.F.);
#13895=CARTESIAN_POINT('',(4.904166722298E0,-3.812765961885E0,0.E0));
#13896=DIRECTION('',(7.700387702408E-1,-6.379970942927E-1,0.E0));
#13897=DIRECTION('',(-6.379970942927E-1,-7.700387702408E-1,0.E0));
#13898=AXIS2_PLACEMENT_3D('',#13895,#13896,#13897);
#13899=PLANE('',#13898);
#13900=ORIENTED_EDGE('',*,*,#8699,.F.);
#13902=ORIENTED_EDGE('',*,*,#13901,.T.);
#13903=ORIENTED_EDGE('',*,*,#10867,.T.);
#13904=ORIENTED_EDGE('',*,*,#13888,.F.);
#13905=EDGE_LOOP('',(#13900,#13902,#13903,#13904));
#13906=FACE_OUTER_BOUND('',#13905,.F.);
#13908=CARTESIAN_POINT('',(5.225E0,-4.2E0,0.E0));
#13909=DIRECTION('',(-7.700389332862E-1,-6.379968975030E-1,0.E0));
#13910=DIRECTION('',(-6.379968975030E-1,7.700389332862E-1,0.E0));
#13911=AXIS2_PLACEMENT_3D('',#13908,#13909,#13910);
#13912=PLANE('',#13911);
#13913=ORIENTED_EDGE('',*,*,#8697,.F.);
#13915=ORIENTED_EDGE('',*,*,#13914,.T.);
#13916=ORIENTED_EDGE('',*,*,#10869,.T.);
#13917=ORIENTED_EDGE('',*,*,#13901,.F.);
#13918=EDGE_LOOP('',(#13913,#13915,#13916,#13917));
#13919=FACE_OUTER_BOUND('',#13918,.F.);
#13921=CARTESIAN_POINT('',(5.4E0,-4.2E0,0.E0));
#13922=DIRECTION('',(0.E0,-1.E0,0.E0));
#13923=DIRECTION('',(-1.E0,0.E0,0.E0));
#13924=AXIS2_PLACEMENT_3D('',#13921,#13922,#13923);
#13925=PLANE('',#13924);
#13926=ORIENTED_EDGE('',*,*,#8695,.F.);
#13928=ORIENTED_EDGE('',*,*,#13927,.T.);
#13929=ORIENTED_EDGE('',*,*,#10871,.T.);
#13930=ORIENTED_EDGE('',*,*,#13914,.F.);
#13931=EDGE_LOOP('',(#13926,#13928,#13929,#13930));
#13932=FACE_OUTER_BOUND('',#13931,.F.);
#13934=CARTESIAN_POINT('',(4.991666722298E0,-3.723404270411E0,0.E0));
#13935=DIRECTION('',(7.593962134015E-1,6.506284585472E-1,0.E0));
#13936=DIRECTION('',(6.506284585472E-1,-7.593962134015E-1,0.E0));
#13937=AXIS2_PLACEMENT_3D('',#13934,#13935,#13936);
#13938=PLANE('',#13937);
#13939=ORIENTED_EDGE('',*,*,#8693,.F.);
#13941=ORIENTED_EDGE('',*,*,#13940,.T.);
#13942=ORIENTED_EDGE('',*,*,#10873,.T.);
#13943=ORIENTED_EDGE('',*,*,#13927,.F.);
#13944=EDGE_LOOP('',(#13939,#13941,#13942,#13943));
#13945=FACE_OUTER_BOUND('',#13944,.F.);
#13947=CARTESIAN_POINT('',(5.4E0,-3.246808540821E0,0.E0));
#13948=DIRECTION('',(7.593962134015E-1,-6.506284585472E-1,0.E0));
#13949=DIRECTION('',(-6.506284585472E-1,-7.593962134015E-1,0.E0));
#13950=AXIS2_PLACEMENT_3D('',#13947,#13948,#13949);
#13951=PLANE('',#13950);
#13952=ORIENTED_EDGE('',*,*,#8691,.F.);
#13953=ORIENTED_EDGE('',*,*,#13812,.T.);
#13954=ORIENTED_EDGE('',*,*,#10875,.T.);
#13955=ORIENTED_EDGE('',*,*,#13940,.F.);
#13956=EDGE_LOOP('',(#13952,#13953,#13954,#13955));
#13957=FACE_OUTER_BOUND('',#13956,.F.);
#13959=CARTESIAN_POINT('',(4.E0,-3.246808540821E0,0.E0));
#13960=DIRECTION('',(0.E0,1.E0,0.E0));
#13961=DIRECTION('',(1.E0,0.E0,0.E0));
#13962=AXIS2_PLACEMENT_3D('',#13959,#13960,#13961);
#13963=PLANE('',#13962);
#13964=ORIENTED_EDGE('',*,*,#8715,.F.);
#13966=ORIENTED_EDGE('',*,*,#13965,.T.);
#13967=ORIENTED_EDGE('',*,*,#10885,.T.);
#13969=ORIENTED_EDGE('',*,*,#13968,.F.);
#13970=EDGE_LOOP('',(#13964,#13966,#13967,#13969));
#13971=FACE_OUTER_BOUND('',#13970,.F.);
#13973=CARTESIAN_POINT('',(3.679166555405E0,-3.634042537212E0,0.E0));
#13974=DIRECTION('',(-7.700387364690E-1,6.379971350541E-1,0.E0));
#13975=DIRECTION('',(6.379971350541E-1,7.700387364690E-1,0.E0));
#13976=AXIS2_PLACEMENT_3D('',#13973,#13974,#13975);
#13977=PLANE('',#13976);
#13978=ORIENTED_EDGE('',*,*,#8737,.F.);
#13980=ORIENTED_EDGE('',*,*,#13979,.T.);
#13981=ORIENTED_EDGE('',*,*,#10887,.T.);
#13982=ORIENTED_EDGE('',*,*,#13965,.F.);
#13983=EDGE_LOOP('',(#13978,#13980,#13981,#13982));
#13984=FACE_OUTER_BOUND('',#13983,.F.);
#13986=CARTESIAN_POINT('',(3.358333444595E0,-3.246808540821E0,0.E0));
#13987=DIRECTION('',(7.700390625598E-1,6.379967414744E-1,0.E0));
#13988=DIRECTION('',(6.379967414744E-1,-7.700390625598E-1,0.E0));
#13989=AXIS2_PLACEMENT_3D('',#13986,#13987,#13988);
#13990=PLANE('',#13989);
#13991=ORIENTED_EDGE('',*,*,#8735,.F.);
#13993=ORIENTED_EDGE('',*,*,#13992,.T.);
#13994=ORIENTED_EDGE('',*,*,#10889,.T.);
#13995=ORIENTED_EDGE('',*,*,#13979,.F.);
#13996=EDGE_LOOP('',(#13991,#13993,#13994,#13995));
#13997=FACE_OUTER_BOUND('',#13996,.F.);
#13999=CARTESIAN_POINT('',(3.183333444595E0,-3.246808540821E0,0.E0));
#14000=DIRECTION('',(0.E0,1.E0,0.E0));
#14001=DIRECTION('',(1.E0,0.E0,0.E0));
#14002=AXIS2_PLACEMENT_3D('',#13999,#14000,#14001);
#14003=PLANE('',#14002);
#14004=ORIENTED_EDGE('',*,*,#8733,.F.);
#14006=ORIENTED_EDGE('',*,*,#14005,.T.);
#14007=ORIENTED_EDGE('',*,*,#10891,.T.);
#14008=ORIENTED_EDGE('',*,*,#13992,.F.);
#14009=EDGE_LOOP('',(#14004,#14006,#14007,#14008));
#14010=FACE_OUTER_BOUND('',#14009,.F.);
#14012=CARTESIAN_POINT('',(3.591666555405E0,-3.723404270411E0,0.E0));
#14013=DIRECTION('',(-7.593963447902E-1,-6.506283051938E-1,0.E0));
#14014=DIRECTION('',(-6.506283051938E-1,7.593963447902E-1,0.E0));
#14015=AXIS2_PLACEMENT_3D('',#14012,#14013,#14014);
#14016=PLANE('',#14015);
#14017=ORIENTED_EDGE('',*,*,#8731,.F.);
#14019=ORIENTED_EDGE('',*,*,#14018,.T.);
#14020=ORIENTED_EDGE('',*,*,#10893,.T.);
#14021=ORIENTED_EDGE('',*,*,#14005,.F.);
#14022=EDGE_LOOP('',(#14017,#14019,#14020,#14021));
#14023=FACE_OUTER_BOUND('',#14022,.F.);
#14025=CARTESIAN_POINT('',(3.183333444595E0,-4.2E0,0.E0));
#14026=DIRECTION('',(-7.593963447902E-1,6.506283051938E-1,0.E0));
#14027=DIRECTION('',(6.506283051938E-1,7.593963447902E-1,0.E0));
#14028=AXIS2_PLACEMENT_3D('',#14025,#14026,#14027);
#14029=PLANE('',#14028);
#14030=ORIENTED_EDGE('',*,*,#8729,.F.);
#14032=ORIENTED_EDGE('',*,*,#14031,.T.);
#14033=ORIENTED_EDGE('',*,*,#10895,.T.);
#14034=ORIENTED_EDGE('',*,*,#14018,.F.);
#14035=EDGE_LOOP('',(#14030,#14032,#14033,#14034));
#14036=FACE_OUTER_BOUND('',#14035,.F.);
#14038=CARTESIAN_POINT('',(3.358333444595E0,-4.2E0,0.E0));
#14039=DIRECTION('',(0.E0,-1.E0,0.E0));
#14040=DIRECTION('',(-1.E0,0.E0,0.E0));
#14041=AXIS2_PLACEMENT_3D('',#14038,#14039,#14040);
#14042=PLANE('',#14041);
#14043=ORIENTED_EDGE('',*,*,#8727,.F.);
#14045=ORIENTED_EDGE('',*,*,#14044,.T.);
#14046=ORIENTED_EDGE('',*,*,#10897,.T.);
#14047=ORIENTED_EDGE('',*,*,#14031,.F.);
#14048=EDGE_LOOP('',(#14043,#14045,#14046,#14047));
#14049=FACE_OUTER_BOUND('',#14048,.F.);
#14051=CARTESIAN_POINT('',(3.679166555405E0,-3.812765961885E0,0.E0));
#14052=DIRECTION('',(7.700390963316E-1,-6.379967007131E-1,0.E0));
#14053=DIRECTION('',(-6.379967007131E-1,-7.700390963316E-1,0.E0));
#14054=AXIS2_PLACEMENT_3D('',#14051,#14052,#14053);
#14055=PLANE('',#14054);
#14056=ORIENTED_EDGE('',*,*,#8725,.F.);
#14058=ORIENTED_EDGE('',*,*,#14057,.T.);
#14059=ORIENTED_EDGE('',*,*,#10899,.T.);
#14060=ORIENTED_EDGE('',*,*,#14044,.F.);
#14061=EDGE_LOOP('',(#14056,#14058,#14059,#14060));
#14062=FACE_OUTER_BOUND('',#14061,.F.);
#14064=CARTESIAN_POINT('',(4.E0,-4.2E0,0.E0));
#14065=DIRECTION('',(-7.700387702408E-1,-6.379970942927E-1,0.E0));
#14066=DIRECTION('',(-6.379970942927E-1,7.700387702408E-1,0.E0));
#14067=AXIS2_PLACEMENT_3D('',#14064,#14065,#14066);
#14068=PLANE('',#14067);
#14069=ORIENTED_EDGE('',*,*,#8723,.F.);
#14071=ORIENTED_EDGE('',*,*,#14070,.T.);
#14072=ORIENTED_EDGE('',*,*,#10901,.T.);
#14073=ORIENTED_EDGE('',*,*,#14057,.F.);
#14074=EDGE_LOOP('',(#14069,#14071,#14072,#14073));
#14075=FACE_OUTER_BOUND('',#14074,.F.);
#14077=CARTESIAN_POINT('',(4.175E0,-4.2E0,0.E0));
#14078=DIRECTION('',(0.E0,-1.E0,0.E0));
#14079=DIRECTION('',(-1.E0,0.E0,0.E0));
#14080=AXIS2_PLACEMENT_3D('',#14077,#14078,#14079);
#14081=PLANE('',#14080);
#14082=ORIENTED_EDGE('',*,*,#8721,.F.);
#14084=ORIENTED_EDGE('',*,*,#14083,.T.);
#14085=ORIENTED_EDGE('',*,*,#10903,.T.);
#14086=ORIENTED_EDGE('',*,*,#14070,.F.);
#14087=EDGE_LOOP('',(#14082,#14084,#14085,#14086));
#14088=FACE_OUTER_BOUND('',#14087,.F.);
#14090=CARTESIAN_POINT('',(3.766666555405E0,-3.723404270411E0,0.E0));
#14091=DIRECTION('',(7.593960820128E-1,6.506286119005E-1,0.E0));
#14092=DIRECTION('',(6.506286119005E-1,-7.593960820128E-1,0.E0));
#14093=AXIS2_PLACEMENT_3D('',#14090,#14091,#14092);
#14094=PLANE('',#14093);
#14095=ORIENTED_EDGE('',*,*,#8719,.F.);
#14097=ORIENTED_EDGE('',*,*,#14096,.T.);
#14098=ORIENTED_EDGE('',*,*,#10905,.T.);
#14099=ORIENTED_EDGE('',*,*,#14083,.F.);
#14100=EDGE_LOOP('',(#14095,#14097,#14098,#14099));
#14101=FACE_OUTER_BOUND('',#14100,.F.);
#14103=CARTESIAN_POINT('',(4.175E0,-3.246808540821E0,0.E0));
#14104=DIRECTION('',(7.593960820128E-1,-6.506286119005E-1,0.E0));
#14105=DIRECTION('',(-6.506286119005E-1,-7.593960820128E-1,0.E0));
#14106=AXIS2_PLACEMENT_3D('',#14103,#14104,#14105);
#14107=PLANE('',#14106);
#14108=ORIENTED_EDGE('',*,*,#8717,.F.);
#14109=ORIENTED_EDGE('',*,*,#13968,.T.);
#14110=ORIENTED_EDGE('',*,*,#10907,.T.);
#14111=ORIENTED_EDGE('',*,*,#14096,.F.);
#14112=EDGE_LOOP('',(#14108,#14109,#14110,#14111));
#14113=FACE_OUTER_BOUND('',#14112,.F.);
#14115=CARTESIAN_POINT('',(2.775E0,-3.246808540821E0,0.E0));
#14116=DIRECTION('',(0.E0,1.E0,0.E0));
#14117=DIRECTION('',(1.E0,0.E0,0.E0));
#14118=AXIS2_PLACEMENT_3D('',#14115,#14116,#14117);
#14119=PLANE('',#14118);
#14120=ORIENTED_EDGE('',*,*,#8741,.F.);
#14122=ORIENTED_EDGE('',*,*,#14121,.T.);
#14123=ORIENTED_EDGE('',*,*,#10917,.T.);
#14125=ORIENTED_EDGE('',*,*,#14124,.F.);
#14126=EDGE_LOOP('',(#14120,#14122,#14123,#14125));
#14127=FACE_OUTER_BOUND('',#14126,.F.);
#14129=CARTESIAN_POINT('',(2.454166555405E0,-3.634042537212E0,0.E0));
#14130=DIRECTION('',(-7.700387364690E-1,6.379971350541E-1,0.E0));
#14131=DIRECTION('',(6.379971350541E-1,7.700387364690E-1,0.E0));
#14132=AXIS2_PLACEMENT_3D('',#14129,#14130,#14131);
#14133=PLANE('',#14132);
#14134=ORIENTED_EDGE('',*,*,#8763,.F.);
#14136=ORIENTED_EDGE('',*,*,#14135,.T.);
#14137=ORIENTED_EDGE('',*,*,#10919,.T.);
#14138=ORIENTED_EDGE('',*,*,#14121,.F.);
#14139=EDGE_LOOP('',(#14134,#14136,#14137,#14138));
#14140=FACE_OUTER_BOUND('',#14139,.F.);
#14142=CARTESIAN_POINT('',(2.133333444595E0,-3.246808540821E0,0.E0));
#14143=DIRECTION('',(7.700390625598E-1,6.379967414744E-1,0.E0));
#14144=DIRECTION('',(6.379967414744E-1,-7.700390625598E-1,0.E0));
#14145=AXIS2_PLACEMENT_3D('',#14142,#14143,#14144);
#14146=PLANE('',#14145);
#14147=ORIENTED_EDGE('',*,*,#8761,.F.);
#14149=ORIENTED_EDGE('',*,*,#14148,.T.);
#14150=ORIENTED_EDGE('',*,*,#10921,.T.);
#14151=ORIENTED_EDGE('',*,*,#14135,.F.);
#14152=EDGE_LOOP('',(#14147,#14149,#14150,#14151));
#14153=FACE_OUTER_BOUND('',#14152,.F.);
#14155=CARTESIAN_POINT('',(1.958333444595E0,-3.246808540821E0,0.E0));
#14156=DIRECTION('',(0.E0,1.E0,0.E0));
#14157=DIRECTION('',(1.E0,0.E0,0.E0));
#14158=AXIS2_PLACEMENT_3D('',#14155,#14156,#14157);
#14159=PLANE('',#14158);
#14160=ORIENTED_EDGE('',*,*,#8759,.F.);
#14162=ORIENTED_EDGE('',*,*,#14161,.T.);
#14163=ORIENTED_EDGE('',*,*,#10923,.T.);
#14164=ORIENTED_EDGE('',*,*,#14148,.F.);
#14165=EDGE_LOOP('',(#14160,#14162,#14163,#14164));
#14166=FACE_OUTER_BOUND('',#14165,.F.);
#14168=CARTESIAN_POINT('',(2.366666555405E0,-3.723404270411E0,0.E0));
#14169=DIRECTION('',(-7.593963447902E-1,-6.506283051938E-1,0.E0));
#14170=DIRECTION('',(-6.506283051938E-1,7.593963447902E-1,0.E0));
#14171=AXIS2_PLACEMENT_3D('',#14168,#14169,#14170);
#14172=PLANE('',#14171);
#14173=ORIENTED_EDGE('',*,*,#8757,.F.);
#14175=ORIENTED_EDGE('',*,*,#14174,.T.);
#14176=ORIENTED_EDGE('',*,*,#10925,.T.);
#14177=ORIENTED_EDGE('',*,*,#14161,.F.);
#14178=EDGE_LOOP('',(#14173,#14175,#14176,#14177));
#14179=FACE_OUTER_BOUND('',#14178,.F.);
#14181=CARTESIAN_POINT('',(1.958333444595E0,-4.2E0,0.E0));
#14182=DIRECTION('',(-7.593963447902E-1,6.506283051938E-1,0.E0));
#14183=DIRECTION('',(6.506283051938E-1,7.593963447902E-1,0.E0));
#14184=AXIS2_PLACEMENT_3D('',#14181,#14182,#14183);
#14185=PLANE('',#14184);
#14186=ORIENTED_EDGE('',*,*,#8755,.F.);
#14188=ORIENTED_EDGE('',*,*,#14187,.T.);
#14189=ORIENTED_EDGE('',*,*,#10927,.T.);
#14190=ORIENTED_EDGE('',*,*,#14174,.F.);
#14191=EDGE_LOOP('',(#14186,#14188,#14189,#14190));
#14192=FACE_OUTER_BOUND('',#14191,.F.);
#14194=CARTESIAN_POINT('',(2.133333444595E0,-4.2E0,0.E0));
#14195=DIRECTION('',(0.E0,-1.E0,0.E0));
#14196=DIRECTION('',(-1.E0,0.E0,0.E0));
#14197=AXIS2_PLACEMENT_3D('',#14194,#14195,#14196);
#14198=PLANE('',#14197);
#14199=ORIENTED_EDGE('',*,*,#8753,.F.);
#14201=ORIENTED_EDGE('',*,*,#14200,.T.);
#14202=ORIENTED_EDGE('',*,*,#10929,.T.);
#14203=ORIENTED_EDGE('',*,*,#14187,.F.);
#14204=EDGE_LOOP('',(#14199,#14201,#14202,#14203));
#14205=FACE_OUTER_BOUND('',#14204,.F.);
#14207=CARTESIAN_POINT('',(2.454166555405E0,-3.812765961885E0,0.E0));
#14208=DIRECTION('',(7.700390963316E-1,-6.379967007131E-1,0.E0));
#14209=DIRECTION('',(-6.379967007131E-1,-7.700390963316E-1,0.E0));
#14210=AXIS2_PLACEMENT_3D('',#14207,#14208,#14209);
#14211=PLANE('',#14210);
#14212=ORIENTED_EDGE('',*,*,#8751,.F.);
#14214=ORIENTED_EDGE('',*,*,#14213,.T.);
#14215=ORIENTED_EDGE('',*,*,#10931,.T.);
#14216=ORIENTED_EDGE('',*,*,#14200,.F.);
#14217=EDGE_LOOP('',(#14212,#14214,#14215,#14216));
#14218=FACE_OUTER_BOUND('',#14217,.F.);
#14220=CARTESIAN_POINT('',(2.775E0,-4.2E0,0.E0));
#14221=DIRECTION('',(-7.700387702408E-1,-6.379970942927E-1,0.E0));
#14222=DIRECTION('',(-6.379970942927E-1,7.700387702408E-1,0.E0));
#14223=AXIS2_PLACEMENT_3D('',#14220,#14221,#14222);
#14224=PLANE('',#14223);
#14225=ORIENTED_EDGE('',*,*,#8749,.F.);
#14227=ORIENTED_EDGE('',*,*,#14226,.T.);
#14228=ORIENTED_EDGE('',*,*,#10933,.T.);
#14229=ORIENTED_EDGE('',*,*,#14213,.F.);
#14230=EDGE_LOOP('',(#14225,#14227,#14228,#14229));
#14231=FACE_OUTER_BOUND('',#14230,.F.);
#14233=CARTESIAN_POINT('',(2.95E0,-4.2E0,0.E0));
#14234=DIRECTION('',(0.E0,-1.E0,0.E0));
#14235=DIRECTION('',(-1.E0,0.E0,0.E0));
#14236=AXIS2_PLACEMENT_3D('',#14233,#14234,#14235);
#14237=PLANE('',#14236);
#14238=ORIENTED_EDGE('',*,*,#8747,.F.);
#14240=ORIENTED_EDGE('',*,*,#14239,.T.);
#14241=ORIENTED_EDGE('',*,*,#10935,.T.);
#14242=ORIENTED_EDGE('',*,*,#14226,.F.);
#14243=EDGE_LOOP('',(#14238,#14240,#14241,#14242));
#14244=FACE_OUTER_BOUND('',#14243,.F.);
#14246=CARTESIAN_POINT('',(2.541666555405E0,-3.723404270411E0,0.E0));
#14247=DIRECTION('',(7.593960820128E-1,6.506286119005E-1,0.E0));
#14248=DIRECTION('',(6.506286119005E-1,-7.593960820128E-1,0.E0));
#14249=AXIS2_PLACEMENT_3D('',#14246,#14247,#14248);
#14250=PLANE('',#14249);
#14251=ORIENTED_EDGE('',*,*,#8745,.F.);
#14253=ORIENTED_EDGE('',*,*,#14252,.T.);
#14254=ORIENTED_EDGE('',*,*,#10937,.T.);
#14255=ORIENTED_EDGE('',*,*,#14239,.F.);
#14256=EDGE_LOOP('',(#14251,#14253,#14254,#14255));
#14257=FACE_OUTER_BOUND('',#14256,.F.);
#14259=CARTESIAN_POINT('',(2.95E0,-3.246808540821E0,0.E0));
#14260=DIRECTION('',(7.593960820128E-1,-6.506286119005E-1,0.E0));
#14261=DIRECTION('',(-6.506286119005E-1,-7.593960820128E-1,0.E0));
#14262=AXIS2_PLACEMENT_3D('',#14259,#14260,#14261);
#14263=PLANE('',#14262);
#14264=ORIENTED_EDGE('',*,*,#8743,.F.);
#14265=ORIENTED_EDGE('',*,*,#14124,.T.);
#14266=ORIENTED_EDGE('',*,*,#10939,.T.);
#14267=ORIENTED_EDGE('',*,*,#14252,.F.);
#14268=EDGE_LOOP('',(#14264,#14265,#14266,#14267));
#14269=FACE_OUTER_BOUND('',#14268,.F.);
#14271=CARTESIAN_POINT('',(1.55E0,-3.246808540821E0,0.E0));
#14272=DIRECTION('',(0.E0,1.E0,0.E0));
#14273=DIRECTION('',(1.E0,0.E0,0.E0));
#14274=AXIS2_PLACEMENT_3D('',#14271,#14272,#14273);
#14275=PLANE('',#14274);
#14276=ORIENTED_EDGE('',*,*,#8767,.F.);
#14278=ORIENTED_EDGE('',*,*,#14277,.T.);
#14279=ORIENTED_EDGE('',*,*,#10949,.T.);
#14281=ORIENTED_EDGE('',*,*,#14280,.F.);
#14282=EDGE_LOOP('',(#14276,#14278,#14279,#14281));
#14283=FACE_OUTER_BOUND('',#14282,.F.);
#14285=CARTESIAN_POINT('',(1.229166555405E0,-3.634042537212E0,0.E0));
#14286=DIRECTION('',(-7.700387364690E-1,6.379971350541E-1,0.E0));
#14287=DIRECTION('',(6.379971350541E-1,7.700387364690E-1,0.E0));
#14288=AXIS2_PLACEMENT_3D('',#14285,#14286,#14287);
#14289=PLANE('',#14288);
#14290=ORIENTED_EDGE('',*,*,#8789,.F.);
#14292=ORIENTED_EDGE('',*,*,#14291,.T.);
#14293=ORIENTED_EDGE('',*,*,#10951,.T.);
#14294=ORIENTED_EDGE('',*,*,#14277,.F.);
#14295=EDGE_LOOP('',(#14290,#14292,#14293,#14294));
#14296=FACE_OUTER_BOUND('',#14295,.F.);
#14298=CARTESIAN_POINT('',(9.083331108093E-1,-3.246808540821E0,0.E0));
#14299=DIRECTION('',(7.700387364690E-1,6.379971350541E-1,0.E0));
#14300=DIRECTION('',(6.379971350541E-1,-7.700387364690E-1,0.E0));
#14301=AXIS2_PLACEMENT_3D('',#14298,#14299,#14300);
#14302=PLANE('',#14301);
#14303=ORIENTED_EDGE('',*,*,#8787,.F.);
#14305=ORIENTED_EDGE('',*,*,#14304,.T.);
#14306=ORIENTED_EDGE('',*,*,#10953,.T.);
#14307=ORIENTED_EDGE('',*,*,#14291,.F.);
#14308=EDGE_LOOP('',(#14303,#14305,#14306,#14307));
#14309=FACE_OUTER_BOUND('',#14308,.F.);
#14311=CARTESIAN_POINT('',(7.333331108093E-1,-3.246808540821E0,0.E0));
#14312=DIRECTION('',(0.E0,1.E0,0.E0));
#14313=DIRECTION('',(1.E0,0.E0,0.E0));
#14314=AXIS2_PLACEMENT_3D('',#14311,#14312,#14313);
#14315=PLANE('',#14314);
#14316=ORIENTED_EDGE('',*,*,#8785,.F.);
#14318=ORIENTED_EDGE('',*,*,#14317,.T.);
#14319=ORIENTED_EDGE('',*,*,#10955,.T.);
#14320=ORIENTED_EDGE('',*,*,#14304,.F.);
#14321=EDGE_LOOP('',(#14316,#14318,#14319,#14320));
#14322=FACE_OUTER_BOUND('',#14321,.F.);
#14324=CARTESIAN_POINT('',(1.141666889191E0,-3.723404270411E0,0.E0));
#14325=DIRECTION('',(-7.593958192356E-1,-6.506289186069E-1,0.E0));
#14326=DIRECTION('',(-6.506289186069E-1,7.593958192356E-1,0.E0));
#14327=AXIS2_PLACEMENT_3D('',#14324,#14325,#14326);
#14328=PLANE('',#14327);
#14329=ORIENTED_EDGE('',*,*,#8783,.F.);
#14331=ORIENTED_EDGE('',*,*,#14330,.T.);
#14332=ORIENTED_EDGE('',*,*,#10957,.T.);
#14333=ORIENTED_EDGE('',*,*,#14317,.F.);
#14334=EDGE_LOOP('',(#14329,#14331,#14332,#14333));
#14335=FACE_OUTER_BOUND('',#14334,.F.);
#14337=CARTESIAN_POINT('',(7.333331108093E-1,-4.2E0,0.E0));
#14338=DIRECTION('',(-7.593958192356E-1,6.506289186069E-1,0.E0));
#14339=DIRECTION('',(6.506289186069E-1,7.593958192356E-1,0.E0));
#14340=AXIS2_PLACEMENT_3D('',#14337,#14338,#14339);
#14341=PLANE('',#14340);
#14342=ORIENTED_EDGE('',*,*,#8781,.F.);
#14344=ORIENTED_EDGE('',*,*,#14343,.T.);
#14345=ORIENTED_EDGE('',*,*,#10959,.T.);
#14346=ORIENTED_EDGE('',*,*,#14330,.F.);
#14347=EDGE_LOOP('',(#14342,#14344,#14345,#14346));
#14348=FACE_OUTER_BOUND('',#14347,.F.);
#14350=CARTESIAN_POINT('',(9.083331108093E-1,-4.2E0,0.E0));
#14351=DIRECTION('',(0.E0,-1.E0,0.E0));
#14352=DIRECTION('',(-1.E0,0.E0,0.E0));
#14353=AXIS2_PLACEMENT_3D('',#14350,#14351,#14352);
#14354=PLANE('',#14353);
#14355=ORIENTED_EDGE('',*,*,#8779,.F.);
#14357=ORIENTED_EDGE('',*,*,#14356,.T.);
#14358=ORIENTED_EDGE('',*,*,#10961,.T.);
#14359=ORIENTED_EDGE('',*,*,#14343,.F.);
#14360=EDGE_LOOP('',(#14355,#14357,#14358,#14359));
#14361=FACE_OUTER_BOUND('',#14360,.F.);
#14363=CARTESIAN_POINT('',(1.229166555405E0,-3.812765961885E0,0.E0));
#14364=DIRECTION('',(7.700387702408E-1,-6.379970942927E-1,0.E0));
#14365=DIRECTION('',(-6.379970942927E-1,-7.700387702408E-1,0.E0));
#14366=AXIS2_PLACEMENT_3D('',#14363,#14364,#14365);
#14367=PLANE('',#14366);
#14368=ORIENTED_EDGE('',*,*,#8777,.F.);
#14370=ORIENTED_EDGE('',*,*,#14369,.T.);
#14371=ORIENTED_EDGE('',*,*,#10963,.T.);
#14372=ORIENTED_EDGE('',*,*,#14356,.F.);
#14373=EDGE_LOOP('',(#14368,#14370,#14371,#14372));
#14374=FACE_OUTER_BOUND('',#14373,.F.);
#14376=CARTESIAN_POINT('',(1.55E0,-4.2E0,0.E0));
#14377=DIRECTION('',(-7.700387702408E-1,-6.379970942927E-1,0.E0));
#14378=DIRECTION('',(-6.379970942927E-1,7.700387702408E-1,0.E0));
#14379=AXIS2_PLACEMENT_3D('',#14376,#14377,#14378);
#14380=PLANE('',#14379);
#14381=ORIENTED_EDGE('',*,*,#8775,.F.);
#14383=ORIENTED_EDGE('',*,*,#14382,.T.);
#14384=ORIENTED_EDGE('',*,*,#10965,.T.);
#14385=ORIENTED_EDGE('',*,*,#14369,.F.);
#14386=EDGE_LOOP('',(#14381,#14383,#14384,#14385));
#14387=FACE_OUTER_BOUND('',#14386,.F.);
#14389=CARTESIAN_POINT('',(1.725E0,-4.2E0,0.E0));
#14390=DIRECTION('',(0.E0,-1.E0,0.E0));
#14391=DIRECTION('',(-1.E0,0.E0,0.E0));
#14392=AXIS2_PLACEMENT_3D('',#14389,#14390,#14391);
#14393=PLANE('',#14392);
#14394=ORIENTED_EDGE('',*,*,#8773,.F.);
#14396=ORIENTED_EDGE('',*,*,#14395,.T.);
#14397=ORIENTED_EDGE('',*,*,#10967,.T.);
#14398=ORIENTED_EDGE('',*,*,#14382,.F.);
#14399=EDGE_LOOP('',(#14394,#14396,#14397,#14398));
#14400=FACE_OUTER_BOUND('',#14399,.F.);
#14402=CARTESIAN_POINT('',(1.316666555405E0,-3.723404270411E0,0.E0));
#14403=DIRECTION('',(7.593960820128E-1,6.506286119005E-1,0.E0));
#14404=DIRECTION('',(6.506286119005E-1,-7.593960820128E-1,0.E0));
#14405=AXIS2_PLACEMENT_3D('',#14402,#14403,#14404);
#14406=PLANE('',#14405);
#14407=ORIENTED_EDGE('',*,*,#8771,.F.);
#14409=ORIENTED_EDGE('',*,*,#14408,.T.);
#14410=ORIENTED_EDGE('',*,*,#10969,.T.);
#14411=ORIENTED_EDGE('',*,*,#14395,.F.);
#14412=EDGE_LOOP('',(#14407,#14409,#14410,#14411));
#14413=FACE_OUTER_BOUND('',#14412,.F.);
#14415=CARTESIAN_POINT('',(1.725E0,-3.246808540821E0,0.E0));
#14416=DIRECTION('',(7.593960820128E-1,-6.506286119005E-1,0.E0));
#14417=DIRECTION('',(-6.506286119005E-1,-7.593960820128E-1,0.E0));
#14418=AXIS2_PLACEMENT_3D('',#14415,#14416,#14417);
#14419=PLANE('',#14418);
#14420=ORIENTED_EDGE('',*,*,#8769,.F.);
#14421=ORIENTED_EDGE('',*,*,#14280,.T.);
#14422=ORIENTED_EDGE('',*,*,#10971,.T.);
#14423=ORIENTED_EDGE('',*,*,#14408,.F.);
#14424=EDGE_LOOP('',(#14420,#14421,#14422,#14423));
#14425=FACE_OUTER_BOUND('',#14424,.F.);
#14427=CARTESIAN_POINT('',(9.166688919068E-2,-3.693617039919E0,0.E0));
#14428=DIRECTION('',(-1.E0,0.E0,0.E0));
#14429=DIRECTION('',(0.E0,1.E0,0.E0));
#14430=AXIS2_PLACEMENT_3D('',#14427,#14428,#14429);
#14431=PLANE('',#14430);
#14432=ORIENTED_EDGE('',*,*,#8793,.F.);
#14434=ORIENTED_EDGE('',*,*,#14433,.T.);
#14435=ORIENTED_EDGE('',*,*,#10981,.T.);
#14437=ORIENTED_EDGE('',*,*,#14436,.F.);
#14438=EDGE_LOOP('',(#14432,#14434,#14435,#14437));
#14439=FACE_OUTER_BOUND('',#14438,.F.);
#14441=CARTESIAN_POINT('',(5.E-1,-3.693617039919E0,0.E0));
#14442=DIRECTION('',(0.E0,-1.E0,0.E0));
#14443=DIRECTION('',(-1.E0,0.E0,0.E0));
#14444=AXIS2_PLACEMENT_3D('',#14441,#14442,#14443);
#14445=PLANE('',#14444);
#14446=ORIENTED_EDGE('',*,*,#8799,.F.);
#14448=ORIENTED_EDGE('',*,*,#14447,.T.);
#14449=ORIENTED_EDGE('',*,*,#10983,.T.);
#14450=ORIENTED_EDGE('',*,*,#14433,.F.);
#14451=EDGE_LOOP('',(#14446,#14448,#14449,#14450));
#14452=FACE_OUTER_BOUND('',#14451,.F.);
#14454=CARTESIAN_POINT('',(5.E-1,-3.544680845737E0,0.E0));
#14455=DIRECTION('',(1.E0,0.E0,0.E0));
#14456=DIRECTION('',(0.E0,-1.E0,0.E0));
#14457=AXIS2_PLACEMENT_3D('',#14454,#14455,#14456);
#14458=PLANE('',#14457);
#14459=ORIENTED_EDGE('',*,*,#8797,.F.);
#14461=ORIENTED_EDGE('',*,*,#14460,.T.);
#14462=ORIENTED_EDGE('',*,*,#10985,.T.);
#14463=ORIENTED_EDGE('',*,*,#14447,.F.);
#14464=EDGE_LOOP('',(#14459,#14461,#14462,#14463));
#14465=FACE_OUTER_BOUND('',#14464,.F.);
#14467=CARTESIAN_POINT('',(9.166688919068E-2,-3.544680845737E0,0.E0));
#14468=DIRECTION('',(0.E0,1.E0,0.E0));
#14469=DIRECTION('',(1.E0,0.E0,0.E0));
#14470=AXIS2_PLACEMENT_3D('',#14467,#14468,#14469);
#14471=PLANE('',#14470);
#14472=ORIENTED_EDGE('',*,*,#8795,.F.);
#14473=ORIENTED_EDGE('',*,*,#14436,.T.);
#14474=ORIENTED_EDGE('',*,*,#10987,.T.);
#14475=ORIENTED_EDGE('',*,*,#14460,.F.);
#14476=EDGE_LOOP('',(#14472,#14473,#14474,#14475));
#14477=FACE_OUTER_BOUND('',#14476,.F.);
#14479=CARTESIAN_POINT('',(-3.166668891907E-1,-3.246808540821E0,0.E0));
#14480=DIRECTION('',(0.E0,1.E0,0.E0));
#14481=DIRECTION('',(1.E0,0.E0,0.E0));
#14482=AXIS2_PLACEMENT_3D('',#14479,#14480,#14481);
#14483=PLANE('',#14482);
#14484=ORIENTED_EDGE('',*,*,#8803,.F.);
#14486=ORIENTED_EDGE('',*,*,#14485,.T.);
#14487=ORIENTED_EDGE('',*,*,#10997,.T.);
#14489=ORIENTED_EDGE('',*,*,#14488,.F.);
#14490=EDGE_LOOP('',(#14484,#14486,#14487,#14489));
#14491=FACE_OUTER_BOUND('',#14490,.F.);
#14493=CARTESIAN_POINT('',(-6.375E-1,-3.634042537212E0,0.E0));
#14494=DIRECTION('',(-7.700390625598E-1,6.379967414744E-1,0.E0));
#14495=DIRECTION('',(6.379967414744E-1,7.700390625598E-1,0.E0));
#14496=AXIS2_PLACEMENT_3D('',#14493,#14494,#14495);
#14497=PLANE('',#14496);
#14498=ORIENTED_EDGE('',*,*,#8825,.F.);
#14500=ORIENTED_EDGE('',*,*,#14499,.T.);
#14501=ORIENTED_EDGE('',*,*,#10999,.T.);
#14502=ORIENTED_EDGE('',*,*,#14485,.F.);
#14503=EDGE_LOOP('',(#14498,#14500,#14501,#14502));
#14504=FACE_OUTER_BOUND('',#14503,.F.);
#14506=CARTESIAN_POINT('',(-9.583331108093E-1,-3.246808540821E0,0.E0));
#14507=DIRECTION('',(7.700390625598E-1,6.379967414744E-1,0.E0));
#14508=DIRECTION('',(6.379967414744E-1,-7.700390625598E-1,0.E0));
#14509=AXIS2_PLACEMENT_3D('',#14506,#14507,#14508);
#14510=PLANE('',#14509);
#14511=ORIENTED_EDGE('',*,*,#8823,.F.);
#14513=ORIENTED_EDGE('',*,*,#14512,.T.);
#14514=ORIENTED_EDGE('',*,*,#11001,.T.);
#14515=ORIENTED_EDGE('',*,*,#14499,.F.);
#14516=EDGE_LOOP('',(#14511,#14513,#14514,#14515));
#14517=FACE_OUTER_BOUND('',#14516,.F.);
#14519=CARTESIAN_POINT('',(-1.133333110809E0,-3.246808540821E0,0.E0));
#14520=DIRECTION('',(0.E0,1.E0,0.E0));
#14521=DIRECTION('',(1.E0,0.E0,0.E0));
#14522=AXIS2_PLACEMENT_3D('',#14519,#14520,#14521);
#14523=PLANE('',#14522);
#14524=ORIENTED_EDGE('',*,*,#8821,.F.);
#14526=ORIENTED_EDGE('',*,*,#14525,.T.);
#14527=ORIENTED_EDGE('',*,*,#11003,.T.);
#14528=ORIENTED_EDGE('',*,*,#14512,.F.);
#14529=EDGE_LOOP('',(#14524,#14526,#14527,#14528));
#14530=FACE_OUTER_BOUND('',#14529,.F.);
#14532=CARTESIAN_POINT('',(-7.25E-1,-3.723404270411E0,0.E0));
#14533=DIRECTION('',(-7.593963447902E-1,-6.506283051938E-1,0.E0));
#14534=DIRECTION('',(-6.506283051938E-1,7.593963447902E-1,0.E0));
#14535=AXIS2_PLACEMENT_3D('',#14532,#14533,#14534);
#14536=PLANE('',#14535);
#14537=ORIENTED_EDGE('',*,*,#8819,.F.);
#14539=ORIENTED_EDGE('',*,*,#14538,.T.);
#14540=ORIENTED_EDGE('',*,*,#11005,.T.);
#14541=ORIENTED_EDGE('',*,*,#14525,.F.);
#14542=EDGE_LOOP('',(#14537,#14539,#14540,#14541));
#14543=FACE_OUTER_BOUND('',#14542,.F.);
#14545=CARTESIAN_POINT('',(-1.133333110809E0,-4.2E0,0.E0));
#14546=DIRECTION('',(-7.593963447902E-1,6.506283051938E-1,0.E0));
#14547=DIRECTION('',(6.506283051938E-1,7.593963447902E-1,0.E0));
#14548=AXIS2_PLACEMENT_3D('',#14545,#14546,#14547);
#14549=PLANE('',#14548);
#14550=ORIENTED_EDGE('',*,*,#8817,.F.);
#14552=ORIENTED_EDGE('',*,*,#14551,.T.);
#14553=ORIENTED_EDGE('',*,*,#11007,.T.);
#14554=ORIENTED_EDGE('',*,*,#14538,.F.);
#14555=EDGE_LOOP('',(#14550,#14552,#14553,#14554));
#14556=FACE_OUTER_BOUND('',#14555,.F.);
#14558=CARTESIAN_POINT('',(-9.583331108093E-1,-4.2E0,0.E0));
#14559=DIRECTION('',(0.E0,-1.E0,0.E0));
#14560=DIRECTION('',(-1.E0,0.E0,0.E0));
#14561=AXIS2_PLACEMENT_3D('',#14558,#14559,#14560);
#14562=PLANE('',#14561);
#14563=ORIENTED_EDGE('',*,*,#8815,.F.);
#14565=ORIENTED_EDGE('',*,*,#14564,.T.);
#14566=ORIENTED_EDGE('',*,*,#11009,.T.);
#14567=ORIENTED_EDGE('',*,*,#14551,.F.);
#14568=EDGE_LOOP('',(#14563,#14565,#14566,#14567));
#14569=FACE_OUTER_BOUND('',#14568,.F.);
#14571=CARTESIAN_POINT('',(-6.375E-1,-3.812765961885E0,0.E0));
#14572=DIRECTION('',(7.700390963316E-1,-6.379967007131E-1,0.E0));
#14573=DIRECTION('',(-6.379967007131E-1,-7.700390963316E-1,0.E0));
#14574=AXIS2_PLACEMENT_3D('',#14571,#14572,#14573);
#14575=PLANE('',#14574);
#14576=ORIENTED_EDGE('',*,*,#8813,.F.);
#14578=ORIENTED_EDGE('',*,*,#14577,.T.);
#14579=ORIENTED_EDGE('',*,*,#11011,.T.);
#14580=ORIENTED_EDGE('',*,*,#14564,.F.);
#14581=EDGE_LOOP('',(#14576,#14578,#14579,#14580));
#14582=FACE_OUTER_BOUND('',#14581,.F.);
#14584=CARTESIAN_POINT('',(-3.166668891907E-1,-4.2E0,0.E0));
#14585=DIRECTION('',(-7.700390963316E-1,-6.379967007131E-1,0.E0));
#14586=DIRECTION('',(-6.379967007131E-1,7.700390963316E-1,0.E0));
#14587=AXIS2_PLACEMENT_3D('',#14584,#14585,#14586);
#14588=PLANE('',#14587);
#14589=ORIENTED_EDGE('',*,*,#8811,.F.);
#14591=ORIENTED_EDGE('',*,*,#14590,.T.);
#14592=ORIENTED_EDGE('',*,*,#11013,.T.);
#14593=ORIENTED_EDGE('',*,*,#14577,.F.);
#14594=EDGE_LOOP('',(#14589,#14591,#14592,#14593));
#14595=FACE_OUTER_BOUND('',#14594,.F.);
#14597=CARTESIAN_POINT('',(-1.416668891907E-1,-4.2E0,0.E0));
#14598=DIRECTION('',(0.E0,-1.E0,0.E0));
#14599=DIRECTION('',(-1.E0,0.E0,0.E0));
#14600=AXIS2_PLACEMENT_3D('',#14597,#14598,#14599);
#14601=PLANE('',#14600);
#14602=ORIENTED_EDGE('',*,*,#8809,.F.);
#14604=ORIENTED_EDGE('',*,*,#14603,.T.);
#14605=ORIENTED_EDGE('',*,*,#11015,.T.);
#14606=ORIENTED_EDGE('',*,*,#14590,.F.);
#14607=EDGE_LOOP('',(#14602,#14604,#14605,#14606));
#14608=FACE_OUTER_BOUND('',#14607,.F.);
#14610=CARTESIAN_POINT('',(-5.5E-1,-3.723404270411E0,0.E0));
#14611=DIRECTION('',(7.593963447902E-1,6.506283051938E-1,0.E0));
#14612=DIRECTION('',(6.506283051938E-1,-7.593963447902E-1,0.E0));
#14613=AXIS2_PLACEMENT_3D('',#14610,#14611,#14612);
#14614=PLANE('',#14613);
#14615=ORIENTED_EDGE('',*,*,#8807,.F.);
#14617=ORIENTED_EDGE('',*,*,#14616,.T.);
#14618=ORIENTED_EDGE('',*,*,#11017,.T.);
#14619=ORIENTED_EDGE('',*,*,#14603,.F.);
#14620=EDGE_LOOP('',(#14615,#14617,#14618,#14619));
#14621=FACE_OUTER_BOUND('',#14620,.F.);
#14623=CARTESIAN_POINT('',(-1.416668891907E-1,-3.246808540821E0,0.E0));
#14624=DIRECTION('',(7.593963447902E-1,-6.506283051938E-1,0.E0));
#14625=DIRECTION('',(-6.506283051938E-1,-7.593963447902E-1,0.E0));
#14626=AXIS2_PLACEMENT_3D('',#14623,#14624,#14625);
#14627=PLANE('',#14626);
#14628=ORIENTED_EDGE('',*,*,#8805,.F.);
#14629=ORIENTED_EDGE('',*,*,#14488,.T.);
#14630=ORIENTED_EDGE('',*,*,#11019,.T.);
#14631=ORIENTED_EDGE('',*,*,#14616,.F.);
#14632=EDGE_LOOP('',(#14628,#14629,#14630,#14631));
#14633=FACE_OUTER_BOUND('',#14632,.F.);
#14635=CARTESIAN_POINT('',(-1.541666889191E0,-3.246808540821E0,0.E0));
#14636=DIRECTION('',(0.E0,1.E0,0.E0));
#14637=DIRECTION('',(1.E0,0.E0,0.E0));
#14638=AXIS2_PLACEMENT_3D('',#14635,#14636,#14637);
#14639=PLANE('',#14638);
#14640=ORIENTED_EDGE('',*,*,#8829,.F.);
#14642=ORIENTED_EDGE('',*,*,#14641,.T.);
#14643=ORIENTED_EDGE('',*,*,#11029,.T.);
#14645=ORIENTED_EDGE('',*,*,#14644,.F.);
#14646=EDGE_LOOP('',(#14640,#14642,#14643,#14645));
#14647=FACE_OUTER_BOUND('',#14646,.F.);
#14649=CARTESIAN_POINT('',(-1.8625E0,-3.634042537212E0,0.E0));
#14650=DIRECTION('',(-7.700390625598E-1,6.379967414744E-1,0.E0));
#14651=DIRECTION('',(6.379967414744E-1,7.700390625598E-1,0.E0));
#14652=AXIS2_PLACEMENT_3D('',#14649,#14650,#14651);
#14653=PLANE('',#14652);
#14654=ORIENTED_EDGE('',*,*,#8851,.F.);
#14656=ORIENTED_EDGE('',*,*,#14655,.T.);
#14657=ORIENTED_EDGE('',*,*,#11031,.T.);
#14658=ORIENTED_EDGE('',*,*,#14641,.F.);
#14659=EDGE_LOOP('',(#14654,#14656,#14657,#14658));
#14660=FACE_OUTER_BOUND('',#14659,.F.);
#14662=CARTESIAN_POINT('',(-2.183333110809E0,-3.246808540821E0,0.E0));
#14663=DIRECTION('',(7.700390625598E-1,6.379967414744E-1,0.E0));
#14664=DIRECTION('',(6.379967414744E-1,-7.700390625598E-1,0.E0));
#14665=AXIS2_PLACEMENT_3D('',#14662,#14663,#14664);
#14666=PLANE('',#14665);
#14667=ORIENTED_EDGE('',*,*,#8849,.F.);
#14669=ORIENTED_EDGE('',*,*,#14668,.T.);
#14670=ORIENTED_EDGE('',*,*,#11033,.T.);
#14671=ORIENTED_EDGE('',*,*,#14655,.F.);
#14672=EDGE_LOOP('',(#14667,#14669,#14670,#14671));
#14673=FACE_OUTER_BOUND('',#14672,.F.);
#14675=CARTESIAN_POINT('',(-2.358333110809E0,-3.246808540821E0,0.E0));
#14676=DIRECTION('',(0.E0,1.E0,0.E0));
#14677=DIRECTION('',(1.E0,0.E0,0.E0));
#14678=AXIS2_PLACEMENT_3D('',#14675,#14676,#14677);
#14679=PLANE('',#14678);
#14680=ORIENTED_EDGE('',*,*,#8847,.F.);
#14682=ORIENTED_EDGE('',*,*,#14681,.T.);
#14683=ORIENTED_EDGE('',*,*,#11035,.T.);
#14684=ORIENTED_EDGE('',*,*,#14668,.F.);
#14685=EDGE_LOOP('',(#14680,#14682,#14683,#14684));
#14686=FACE_OUTER_BOUND('',#14685,.F.);
#14688=CARTESIAN_POINT('',(-1.95E0,-3.723404270411E0,0.E0));
#14689=DIRECTION('',(-7.593963447902E-1,-6.506283051938E-1,0.E0));
#14690=DIRECTION('',(-6.506283051938E-1,7.593963447902E-1,0.E0));
#14691=AXIS2_PLACEMENT_3D('',#14688,#14689,#14690);
#14692=PLANE('',#14691);
#14693=ORIENTED_EDGE('',*,*,#8845,.F.);
#14695=ORIENTED_EDGE('',*,*,#14694,.T.);
#14696=ORIENTED_EDGE('',*,*,#11037,.T.);
#14697=ORIENTED_EDGE('',*,*,#14681,.F.);
#14698=EDGE_LOOP('',(#14693,#14695,#14696,#14697));
#14699=FACE_OUTER_BOUND('',#14698,.F.);
#14701=CARTESIAN_POINT('',(-2.358333110809E0,-4.2E0,0.E0));
#14702=DIRECTION('',(-7.593963447902E-1,6.506283051938E-1,0.E0));
#14703=DIRECTION('',(6.506283051938E-1,7.593963447902E-1,0.E0));
#14704=AXIS2_PLACEMENT_3D('',#14701,#14702,#14703);
#14705=PLANE('',#14704);
#14706=ORIENTED_EDGE('',*,*,#8843,.F.);
#14708=ORIENTED_EDGE('',*,*,#14707,.T.);
#14709=ORIENTED_EDGE('',*,*,#11039,.T.);
#14710=ORIENTED_EDGE('',*,*,#14694,.F.);
#14711=EDGE_LOOP('',(#14706,#14708,#14709,#14710));
#14712=FACE_OUTER_BOUND('',#14711,.F.);
#14714=CARTESIAN_POINT('',(-2.183333110809E0,-4.2E0,0.E0));
#14715=DIRECTION('',(0.E0,-1.E0,0.E0));
#14716=DIRECTION('',(-1.E0,0.E0,0.E0));
#14717=AXIS2_PLACEMENT_3D('',#14714,#14715,#14716);
#14718=PLANE('',#14717);
#14719=ORIENTED_EDGE('',*,*,#8841,.F.);
#14721=ORIENTED_EDGE('',*,*,#14720,.T.);
#14722=ORIENTED_EDGE('',*,*,#11041,.T.);
#14723=ORIENTED_EDGE('',*,*,#14707,.F.);
#14724=EDGE_LOOP('',(#14719,#14721,#14722,#14723));
#14725=FACE_OUTER_BOUND('',#14724,.F.);
#14727=CARTESIAN_POINT('',(-1.8625E0,-3.812765961885E0,0.E0));
#14728=DIRECTION('',(7.700390963316E-1,-6.379967007131E-1,0.E0));
#14729=DIRECTION('',(-6.379967007131E-1,-7.700390963316E-1,0.E0));
#14730=AXIS2_PLACEMENT_3D('',#14727,#14728,#14729);
#14731=PLANE('',#14730);
#14732=ORIENTED_EDGE('',*,*,#8839,.F.);
#14734=ORIENTED_EDGE('',*,*,#14733,.T.);
#14735=ORIENTED_EDGE('',*,*,#11043,.T.);
#14736=ORIENTED_EDGE('',*,*,#14720,.F.);
#14737=EDGE_LOOP('',(#14732,#14734,#14735,#14736));
#14738=FACE_OUTER_BOUND('',#14737,.F.);
#14740=CARTESIAN_POINT('',(-1.541666889191E0,-4.2E0,0.E0));
#14741=DIRECTION('',(-7.700390963316E-1,-6.379967007131E-1,0.E0));
#14742=DIRECTION('',(-6.379967007131E-1,7.700390963316E-1,0.E0));
#14743=AXIS2_PLACEMENT_3D('',#14740,#14741,#14742);
#14744=PLANE('',#14743);
#14745=ORIENTED_EDGE('',*,*,#8837,.F.);
#14747=ORIENTED_EDGE('',*,*,#14746,.T.);
#14748=ORIENTED_EDGE('',*,*,#11045,.T.);
#14749=ORIENTED_EDGE('',*,*,#14733,.F.);
#14750=EDGE_LOOP('',(#14745,#14747,#14748,#14749));
#14751=FACE_OUTER_BOUND('',#14750,.F.);
#14753=CARTESIAN_POINT('',(-1.366666889191E0,-4.2E0,0.E0));
#14754=DIRECTION('',(0.E0,-1.E0,0.E0));
#14755=DIRECTION('',(-1.E0,0.E0,0.E0));
#14756=AXIS2_PLACEMENT_3D('',#14753,#14754,#14755);
#14757=PLANE('',#14756);
#14758=ORIENTED_EDGE('',*,*,#8835,.F.);
#14760=ORIENTED_EDGE('',*,*,#14759,.T.);
#14761=ORIENTED_EDGE('',*,*,#11047,.T.);
#14762=ORIENTED_EDGE('',*,*,#14746,.F.);
#14763=EDGE_LOOP('',(#14758,#14760,#14761,#14762));
#14764=FACE_OUTER_BOUND('',#14763,.F.);
#14766=CARTESIAN_POINT('',(-1.775E0,-3.723404270411E0,0.E0));
#14767=DIRECTION('',(7.593963447902E-1,6.506283051938E-1,0.E0));
#14768=DIRECTION('',(6.506283051938E-1,-7.593963447902E-1,0.E0));
#14769=AXIS2_PLACEMENT_3D('',#14766,#14767,#14768);
#14770=PLANE('',#14769);
#14771=ORIENTED_EDGE('',*,*,#8833,.F.);
#14773=ORIENTED_EDGE('',*,*,#14772,.T.);
#14774=ORIENTED_EDGE('',*,*,#11049,.T.);
#14775=ORIENTED_EDGE('',*,*,#14759,.F.);
#14776=EDGE_LOOP('',(#14771,#14773,#14774,#14775));
#14777=FACE_OUTER_BOUND('',#14776,.F.);
#14779=CARTESIAN_POINT('',(-1.366666889191E0,-3.246808540821E0,0.E0));
#14780=DIRECTION('',(7.593963447902E-1,-6.506283051938E-1,0.E0));
#14781=DIRECTION('',(-6.506283051938E-1,-7.593963447902E-1,0.E0));
#14782=AXIS2_PLACEMENT_3D('',#14779,#14780,#14781);
#14783=PLANE('',#14782);
#14784=ORIENTED_EDGE('',*,*,#8831,.F.);
#14785=ORIENTED_EDGE('',*,*,#14644,.T.);
#14786=ORIENTED_EDGE('',*,*,#11051,.T.);
#14787=ORIENTED_EDGE('',*,*,#14772,.F.);
#14788=EDGE_LOOP('',(#14784,#14785,#14786,#14787));
#14789=FACE_OUTER_BOUND('',#14788,.F.);
#14791=CARTESIAN_POINT('',(-2.766666889191E0,-3.246808540821E0,0.E0));
#14792=DIRECTION('',(0.E0,1.E0,0.E0));
#14793=DIRECTION('',(1.E0,0.E0,0.E0));
#14794=AXIS2_PLACEMENT_3D('',#14791,#14792,#14793);
#14795=PLANE('',#14794);
#14796=ORIENTED_EDGE('',*,*,#8855,.F.);
#14798=ORIENTED_EDGE('',*,*,#14797,.T.);
#14799=ORIENTED_EDGE('',*,*,#11061,.T.);
#14801=ORIENTED_EDGE('',*,*,#14800,.F.);
#14802=EDGE_LOOP('',(#14796,#14798,#14799,#14801));
#14803=FACE_OUTER_BOUND('',#14802,.F.);
#14805=CARTESIAN_POINT('',(-3.0875E0,-3.634042537212E0,0.E0));
#14806=DIRECTION('',(-7.700390625598E-1,6.379967414744E-1,0.E0));
#14807=DIRECTION('',(6.379967414744E-1,7.700390625598E-1,0.E0));
#14808=AXIS2_PLACEMENT_3D('',#14805,#14806,#14807);
#14809=PLANE('',#14808);
#14810=ORIENTED_EDGE('',*,*,#8877,.F.);
#14812=ORIENTED_EDGE('',*,*,#14811,.T.);
#14813=ORIENTED_EDGE('',*,*,#11063,.T.);
#14814=ORIENTED_EDGE('',*,*,#14797,.F.);
#14815=EDGE_LOOP('',(#14810,#14812,#14813,#14814));
#14816=FACE_OUTER_BOUND('',#14815,.F.);
#14818=CARTESIAN_POINT('',(-3.408333110809E0,-3.246808540821E0,0.E0));
#14819=DIRECTION('',(7.700390625598E-1,6.379967414744E-1,0.E0));
#14820=DIRECTION('',(6.379967414744E-1,-7.700390625598E-1,0.E0));
#14821=AXIS2_PLACEMENT_3D('',#14818,#14819,#14820);
#14822=PLANE('',#14821);
#14823=ORIENTED_EDGE('',*,*,#8875,.F.);
#14825=ORIENTED_EDGE('',*,*,#14824,.T.);
#14826=ORIENTED_EDGE('',*,*,#11065,.T.);
#14827=ORIENTED_EDGE('',*,*,#14811,.F.);
#14828=EDGE_LOOP('',(#14823,#14825,#14826,#14827));
#14829=FACE_OUTER_BOUND('',#14828,.F.);
#14831=CARTESIAN_POINT('',(-3.583333110809E0,-3.246808540821E0,0.E0));
#14832=DIRECTION('',(0.E0,1.E0,0.E0));
#14833=DIRECTION('',(1.E0,0.E0,0.E0));
#14834=AXIS2_PLACEMENT_3D('',#14831,#14832,#14833);
#14835=PLANE('',#14834);
#14836=ORIENTED_EDGE('',*,*,#8873,.F.);
#14838=ORIENTED_EDGE('',*,*,#14837,.T.);
#14839=ORIENTED_EDGE('',*,*,#11067,.T.);
#14840=ORIENTED_EDGE('',*,*,#14824,.F.);
#14841=EDGE_LOOP('',(#14836,#14838,#14839,#14840));
#14842=FACE_OUTER_BOUND('',#14841,.F.);
#14844=CARTESIAN_POINT('',(-3.175E0,-3.723404270411E0,0.E0));
#14845=DIRECTION('',(-7.593963447902E-1,-6.506283051938E-1,0.E0));
#14846=DIRECTION('',(-6.506283051938E-1,7.593963447902E-1,0.E0));
#14847=AXIS2_PLACEMENT_3D('',#14844,#14845,#14846);
#14848=PLANE('',#14847);
#14849=ORIENTED_EDGE('',*,*,#8871,.F.);
#14851=ORIENTED_EDGE('',*,*,#14850,.T.);
#14852=ORIENTED_EDGE('',*,*,#11069,.T.);
#14853=ORIENTED_EDGE('',*,*,#14837,.F.);
#14854=EDGE_LOOP('',(#14849,#14851,#14852,#14853));
#14855=FACE_OUTER_BOUND('',#14854,.F.);
#14857=CARTESIAN_POINT('',(-3.583333110809E0,-4.2E0,0.E0));
#14858=DIRECTION('',(-7.593963447902E-1,6.506283051938E-1,0.E0));
#14859=DIRECTION('',(6.506283051938E-1,7.593963447902E-1,0.E0));
#14860=AXIS2_PLACEMENT_3D('',#14857,#14858,#14859);
#14861=PLANE('',#14860);
#14862=ORIENTED_EDGE('',*,*,#8869,.F.);
#14864=ORIENTED_EDGE('',*,*,#14863,.T.);
#14865=ORIENTED_EDGE('',*,*,#11071,.T.);
#14866=ORIENTED_EDGE('',*,*,#14850,.F.);
#14867=EDGE_LOOP('',(#14862,#14864,#14865,#14866));
#14868=FACE_OUTER_BOUND('',#14867,.F.);
#14870=CARTESIAN_POINT('',(-3.408333110809E0,-4.2E0,0.E0));
#14871=DIRECTION('',(0.E0,-1.E0,0.E0));
#14872=DIRECTION('',(-1.E0,0.E0,0.E0));
#14873=AXIS2_PLACEMENT_3D('',#14870,#14871,#14872);
#14874=PLANE('',#14873);
#14875=ORIENTED_EDGE('',*,*,#8867,.F.);
#14877=ORIENTED_EDGE('',*,*,#14876,.T.);
#14878=ORIENTED_EDGE('',*,*,#11073,.T.);
#14879=ORIENTED_EDGE('',*,*,#14863,.F.);
#14880=EDGE_LOOP('',(#14875,#14877,#14878,#14879));
#14881=FACE_OUTER_BOUND('',#14880,.F.);
#14883=CARTESIAN_POINT('',(-3.0875E0,-3.812765961885E0,0.E0));
#14884=DIRECTION('',(7.700390963316E-1,-6.379967007131E-1,0.E0));
#14885=DIRECTION('',(-6.379967007131E-1,-7.700390963316E-1,0.E0));
#14886=AXIS2_PLACEMENT_3D('',#14883,#14884,#14885);
#14887=PLANE('',#14886);
#14888=ORIENTED_EDGE('',*,*,#8865,.F.);
#14890=ORIENTED_EDGE('',*,*,#14889,.T.);
#14891=ORIENTED_EDGE('',*,*,#11075,.T.);
#14892=ORIENTED_EDGE('',*,*,#14876,.F.);
#14893=EDGE_LOOP('',(#14888,#14890,#14891,#14892));
#14894=FACE_OUTER_BOUND('',#14893,.F.);
#14896=CARTESIAN_POINT('',(-2.766666889191E0,-4.2E0,0.E0));
#14897=DIRECTION('',(-7.700390963316E-1,-6.379967007131E-1,0.E0));
#14898=DIRECTION('',(-6.379967007131E-1,7.700390963316E-1,0.E0));
#14899=AXIS2_PLACEMENT_3D('',#14896,#14897,#14898);
#14900=PLANE('',#14899);
#14901=ORIENTED_EDGE('',*,*,#8863,.F.);
#14903=ORIENTED_EDGE('',*,*,#14902,.T.);
#14904=ORIENTED_EDGE('',*,*,#11077,.T.);
#14905=ORIENTED_EDGE('',*,*,#14889,.F.);
#14906=EDGE_LOOP('',(#14901,#14903,#14904,#14905));
#14907=FACE_OUTER_BOUND('',#14906,.F.);
#14909=CARTESIAN_POINT('',(-2.591666889191E0,-4.2E0,0.E0));
#14910=DIRECTION('',(0.E0,-1.E0,0.E0));
#14911=DIRECTION('',(-1.E0,0.E0,0.E0));
#14912=AXIS2_PLACEMENT_3D('',#14909,#14910,#14911);
#14913=PLANE('',#14912);
#14914=ORIENTED_EDGE('',*,*,#8861,.F.);
#14916=ORIENTED_EDGE('',*,*,#14915,.T.);
#14917=ORIENTED_EDGE('',*,*,#11079,.T.);
#14918=ORIENTED_EDGE('',*,*,#14902,.F.);
#14919=EDGE_LOOP('',(#14914,#14916,#14917,#14918));
#14920=FACE_OUTER_BOUND('',#14919,.F.);
#14922=CARTESIAN_POINT('',(-3.E0,-3.723404270411E0,0.E0));
#14923=DIRECTION('',(7.593963447902E-1,6.506283051938E-1,0.E0));
#14924=DIRECTION('',(6.506283051938E-1,-7.593963447902E-1,0.E0));
#14925=AXIS2_PLACEMENT_3D('',#14922,#14923,#14924);
#14926=PLANE('',#14925);
#14927=ORIENTED_EDGE('',*,*,#8859,.F.);
#14929=ORIENTED_EDGE('',*,*,#14928,.T.);
#14930=ORIENTED_EDGE('',*,*,#11081,.T.);
#14931=ORIENTED_EDGE('',*,*,#14915,.F.);
#14932=EDGE_LOOP('',(#14927,#14929,#14930,#14931));
#14933=FACE_OUTER_BOUND('',#14932,.F.);
#14935=CARTESIAN_POINT('',(-2.591666889191E0,-3.246808540821E0,0.E0));
#14936=DIRECTION('',(7.593963447902E-1,-6.506283051938E-1,0.E0));
#14937=DIRECTION('',(-6.506283051938E-1,-7.593963447902E-1,0.E0));
#14938=AXIS2_PLACEMENT_3D('',#14935,#14936,#14937);
#14939=PLANE('',#14938);
#14940=ORIENTED_EDGE('',*,*,#8857,.F.);
#14941=ORIENTED_EDGE('',*,*,#14800,.T.);
#14942=ORIENTED_EDGE('',*,*,#11083,.T.);
#14943=ORIENTED_EDGE('',*,*,#14928,.F.);
#14944=EDGE_LOOP('',(#14940,#14941,#14942,#14943));
#14945=FACE_OUTER_BOUND('',#14944,.F.);
#14947=CARTESIAN_POINT('',(-3.991666889191E0,-3.246808540821E0,0.E0));
#14948=DIRECTION('',(0.E0,1.E0,0.E0));
#14949=DIRECTION('',(1.E0,0.E0,0.E0));
#14950=AXIS2_PLACEMENT_3D('',#14947,#14948,#14949);
#14951=PLANE('',#14950);
#14952=ORIENTED_EDGE('',*,*,#8881,.F.);
#14954=ORIENTED_EDGE('',*,*,#14953,.T.);
#14955=ORIENTED_EDGE('',*,*,#11093,.T.);
#14957=ORIENTED_EDGE('',*,*,#14956,.F.);
#14958=EDGE_LOOP('',(#14952,#14954,#14955,#14957));
#14959=FACE_OUTER_BOUND('',#14958,.F.);
#14961=CARTESIAN_POINT('',(-4.3125E0,-3.634042537212E0,0.E0));
#14962=DIRECTION('',(-7.700390625598E-1,6.379967414744E-1,0.E0));
#14963=DIRECTION('',(6.379967414744E-1,7.700390625598E-1,0.E0));
#14964=AXIS2_PLACEMENT_3D('',#14961,#14962,#14963);
#14965=PLANE('',#14964);
#14966=ORIENTED_EDGE('',*,*,#8903,.F.);
#14968=ORIENTED_EDGE('',*,*,#14967,.T.);
#14969=ORIENTED_EDGE('',*,*,#11095,.T.);
#14970=ORIENTED_EDGE('',*,*,#14953,.F.);
#14971=EDGE_LOOP('',(#14966,#14968,#14969,#14970));
#14972=FACE_OUTER_BOUND('',#14971,.F.);
#14974=CARTESIAN_POINT('',(-4.633333778381E0,-3.246808540821E0,0.E0));
#14975=DIRECTION('',(7.700384103783E-1,6.379975286332E-1,0.E0));
#14976=DIRECTION('',(6.379975286332E-1,-7.700384103783E-1,0.E0));
#14977=AXIS2_PLACEMENT_3D('',#14974,#14975,#14976);
#14978=PLANE('',#14977);
#14979=ORIENTED_EDGE('',*,*,#8901,.F.);
#14981=ORIENTED_EDGE('',*,*,#14980,.T.);
#14982=ORIENTED_EDGE('',*,*,#11097,.T.);
#14983=ORIENTED_EDGE('',*,*,#14967,.F.);
#14984=EDGE_LOOP('',(#14979,#14981,#14982,#14983));
#14985=FACE_OUTER_BOUND('',#14984,.F.);
#14987=CARTESIAN_POINT('',(-4.808333778381E0,-3.246808540821E0,0.E0));
#14988=DIRECTION('',(0.E0,1.E0,0.E0));
#14989=DIRECTION('',(1.E0,0.E0,0.E0));
#14990=AXIS2_PLACEMENT_3D('',#14987,#14988,#14989);
#14991=PLANE('',#14990);
#14992=ORIENTED_EDGE('',*,*,#8899,.F.);
#14994=ORIENTED_EDGE('',*,*,#14993,.T.);
#14995=ORIENTED_EDGE('',*,*,#11099,.T.);
#14996=ORIENTED_EDGE('',*,*,#14980,.F.);
#14997=EDGE_LOOP('',(#14992,#14994,#14995,#14996));
#14998=FACE_OUTER_BOUND('',#14997,.F.);
#15000=CARTESIAN_POINT('',(-4.4E0,-3.723404270411E0,0.E0));
#15001=DIRECTION('',(-7.593958192356E-1,-6.506289186069E-1,0.E0));
#15002=DIRECTION('',(-6.506289186069E-1,7.593958192356E-1,0.E0));
#15003=AXIS2_PLACEMENT_3D('',#15000,#15001,#15002);
#15004=PLANE('',#15003);
#15005=ORIENTED_EDGE('',*,*,#8897,.F.);
#15007=ORIENTED_EDGE('',*,*,#15006,.T.);
#15008=ORIENTED_EDGE('',*,*,#11101,.T.);
#15009=ORIENTED_EDGE('',*,*,#14993,.F.);
#15010=EDGE_LOOP('',(#15005,#15007,#15008,#15009));
#15011=FACE_OUTER_BOUND('',#15010,.F.);
#15013=CARTESIAN_POINT('',(-4.808333778381E0,-4.2E0,0.E0));
#15014=DIRECTION('',(-7.593958192356E-1,6.506289186069E-1,0.E0));
#15015=DIRECTION('',(6.506289186069E-1,7.593958192356E-1,0.E0));
#15016=AXIS2_PLACEMENT_3D('',#15013,#15014,#15015);
#15017=PLANE('',#15016);
#15018=ORIENTED_EDGE('',*,*,#8895,.F.);
#15020=ORIENTED_EDGE('',*,*,#15019,.T.);
#15021=ORIENTED_EDGE('',*,*,#11103,.T.);
#15022=ORIENTED_EDGE('',*,*,#15006,.F.);
#15023=EDGE_LOOP('',(#15018,#15020,#15021,#15022));
#15024=FACE_OUTER_BOUND('',#15023,.F.);
#15026=CARTESIAN_POINT('',(-4.633333778381E0,-4.2E0,0.E0));
#15027=DIRECTION('',(0.E0,-1.E0,0.E0));
#15028=DIRECTION('',(-1.E0,0.E0,0.E0));
#15029=AXIS2_PLACEMENT_3D('',#15026,#15027,#15028);
#15030=PLANE('',#15029);
#15031=ORIENTED_EDGE('',*,*,#8893,.F.);
#15033=ORIENTED_EDGE('',*,*,#15032,.T.);
#15034=ORIENTED_EDGE('',*,*,#11105,.T.);
#15035=ORIENTED_EDGE('',*,*,#15019,.F.);
#15036=EDGE_LOOP('',(#15031,#15033,#15034,#15035));
#15037=FACE_OUTER_BOUND('',#15036,.F.);
#15039=CARTESIAN_POINT('',(-4.3125E0,-3.812765961885E0,0.E0));
#15040=DIRECTION('',(7.700384441501E-1,-6.379974878719E-1,0.E0));
#15041=DIRECTION('',(-6.379974878719E-1,-7.700384441501E-1,0.E0));
#15042=AXIS2_PLACEMENT_3D('',#15039,#15040,#15041);
#15043=PLANE('',#15042);
#15044=ORIENTED_EDGE('',*,*,#8891,.F.);
#15046=ORIENTED_EDGE('',*,*,#15045,.T.);
#15047=ORIENTED_EDGE('',*,*,#11107,.T.);
#15048=ORIENTED_EDGE('',*,*,#15032,.F.);
#15049=EDGE_LOOP('',(#15044,#15046,#15047,#15048));
#15050=FACE_OUTER_BOUND('',#15049,.F.);
#15052=CARTESIAN_POINT('',(-3.991666889191E0,-4.2E0,0.E0));
#15053=DIRECTION('',(-7.700390963316E-1,-6.379967007131E-1,0.E0));
#15054=DIRECTION('',(-6.379967007131E-1,7.700390963316E-1,0.E0));
#15055=AXIS2_PLACEMENT_3D('',#15052,#15053,#15054);
#15056=PLANE('',#15055);
#15057=ORIENTED_EDGE('',*,*,#8889,.F.);
#15059=ORIENTED_EDGE('',*,*,#15058,.T.);
#15060=ORIENTED_EDGE('',*,*,#11109,.T.);
#15061=ORIENTED_EDGE('',*,*,#15045,.F.);
#15062=EDGE_LOOP('',(#15057,#15059,#15060,#15061));
#15063=FACE_OUTER_BOUND('',#15062,.F.);
#15065=CARTESIAN_POINT('',(-3.816666889191E0,-4.2E0,0.E0));
#15066=DIRECTION('',(0.E0,-1.E0,0.E0));
#15067=DIRECTION('',(-1.E0,0.E0,0.E0));
#15068=AXIS2_PLACEMENT_3D('',#15065,#15066,#15067);
#15069=PLANE('',#15068);
#15070=ORIENTED_EDGE('',*,*,#8887,.F.);
#15072=ORIENTED_EDGE('',*,*,#15071,.T.);
#15073=ORIENTED_EDGE('',*,*,#11111,.T.);
#15074=ORIENTED_EDGE('',*,*,#15058,.F.);
#15075=EDGE_LOOP('',(#15070,#15072,#15073,#15074));
#15076=FACE_OUTER_BOUND('',#15075,.F.);
#15078=CARTESIAN_POINT('',(-4.225E0,-3.723404270411E0,0.E0));
#15079=DIRECTION('',(7.593963447902E-1,6.506283051938E-1,0.E0));
#15080=DIRECTION('',(6.506283051938E-1,-7.593963447902E-1,0.E0));
#15081=AXIS2_PLACEMENT_3D('',#15078,#15079,#15080);
#15082=PLANE('',#15081);
#15083=ORIENTED_EDGE('',*,*,#8885,.F.);
#15085=ORIENTED_EDGE('',*,*,#15084,.T.);
#15086=ORIENTED_EDGE('',*,*,#11113,.T.);
#15087=ORIENTED_EDGE('',*,*,#15071,.F.);
#15088=EDGE_LOOP('',(#15083,#15085,#15086,#15087));
#15089=FACE_OUTER_BOUND('',#15088,.F.);
#15091=CARTESIAN_POINT('',(-3.816666889191E0,-3.246808540821E0,0.E0));
#15092=DIRECTION('',(7.593963447902E-1,-6.506283051938E-1,0.E0));
#15093=DIRECTION('',(-6.506283051938E-1,-7.593963447902E-1,0.E0));
#15094=AXIS2_PLACEMENT_3D('',#15091,#15092,#15093);
#15095=PLANE('',#15094);
#15096=ORIENTED_EDGE('',*,*,#8883,.F.);
#15097=ORIENTED_EDGE('',*,*,#14956,.T.);
#15098=ORIENTED_EDGE('',*,*,#11115,.T.);
#15099=ORIENTED_EDGE('',*,*,#15084,.F.);
#15100=EDGE_LOOP('',(#15096,#15097,#15098,#15099));
#15101=FACE_OUTER_BOUND('',#15100,.F.);
#15103=CARTESIAN_POINT('',(6.1E0,-2.E0,0.E0));
#15104=DIRECTION('',(-9.486833037051E-1,-3.162277490531E-1,0.E0));
#15105=DIRECTION('',(-3.162277490531E-1,9.486833037051E-1,0.E0));
#15106=AXIS2_PLACEMENT_3D('',#15103,#15104,#15105);
#15107=PLANE('',#15106);
#15108=ORIENTED_EDGE('',*,*,#8907,.F.);
#15110=ORIENTED_EDGE('',*,*,#15109,.T.);
#15111=ORIENTED_EDGE('',*,*,#11125,.T.);
#15113=ORIENTED_EDGE('',*,*,#15112,.F.);
#15114=EDGE_LOOP('',(#15108,#15110,#15111,#15113));
#15115=FACE_OUTER_BOUND('',#15114,.F.);
#15117=CARTESIAN_POINT('',(6.333333319426E0,-2.E0,0.E0));
#15118=DIRECTION('',(0.E0,-1.E0,0.E0));
#15119=DIRECTION('',(-1.E0,0.E0,0.E0));
#15120=AXIS2_PLACEMENT_3D('',#15117,#15118,#15119);
#15121=PLANE('',#15120);
#15122=ORIENTED_EDGE('',*,*,#8919,.F.);
#15124=ORIENTED_EDGE('',*,*,#15123,.T.);
#15125=ORIENTED_EDGE('',*,*,#11127,.T.);
#15126=ORIENTED_EDGE('',*,*,#15109,.F.);
#15127=EDGE_LOOP('',(#15122,#15124,#15125,#15126));
#15128=FACE_OUTER_BOUND('',#15127,.F.);
#15130=CARTESIAN_POINT('',(6.8E0,-6.E-1,0.E0));
#15131=DIRECTION('',(9.486832952232E-1,-3.162277744987E-1,0.E0));
#15132=DIRECTION('',(-3.162277744987E-1,-9.486832952232E-1,0.E0));
#15133=AXIS2_PLACEMENT_3D('',#15130,#15131,#15132);
#15134=PLANE('',#15133);
#15135=ORIENTED_EDGE('',*,*,#8917,.F.);
#15137=ORIENTED_EDGE('',*,*,#15136,.T.);
#15138=ORIENTED_EDGE('',*,*,#11129,.T.);
#15139=ORIENTED_EDGE('',*,*,#15123,.F.);
#15140=EDGE_LOOP('',(#15135,#15137,#15138,#15139));
#15141=FACE_OUTER_BOUND('',#15140,.F.);
#15143=CARTESIAN_POINT('',(6.625E0,-6.E-1,0.E0));
#15144=DIRECTION('',(0.E0,1.E0,0.E0));
#15145=DIRECTION('',(1.E0,0.E0,0.E0));
#15146=AXIS2_PLACEMENT_3D('',#15143,#15144,#15145);
#15147=PLANE('',#15146);
#15148=ORIENTED_EDGE('',*,*,#8915,.F.);
#15150=ORIENTED_EDGE('',*,*,#15149,.T.);
#15151=ORIENTED_EDGE('',*,*,#11131,.T.);
#15152=ORIENTED_EDGE('',*,*,#15136,.F.);
#15153=EDGE_LOOP('',(#15148,#15150,#15151,#15152));
#15154=FACE_OUTER_BOUND('',#15153,.F.);
#15156=CARTESIAN_POINT('',(6.216666680574E0,-1.821276596189E0,0.E0));
#15157=DIRECTION('',(-9.483937603239E-1,3.170950573229E-1,0.E0));
#15158=DIRECTION('',(3.170950573229E-1,9.483937603239E-1,0.E0));
#15159=AXIS2_PLACEMENT_3D('',#15156,#15157,#15158);
#15160=PLANE('',#15159);
#15161=ORIENTED_EDGE('',*,*,#8913,.F.);
#15163=ORIENTED_EDGE('',*,*,#15162,.T.);
#15164=ORIENTED_EDGE('',*,*,#11133,.T.);
#15165=ORIENTED_EDGE('',*,*,#15149,.F.);
#15166=EDGE_LOOP('',(#15161,#15163,#15164,#15165));
#15167=FACE_OUTER_BOUND('',#15166,.F.);
#15169=CARTESIAN_POINT('',(5.808333361149E0,-6.E-1,0.E0));
#15170=DIRECTION('',(9.483937603239E-1,3.170950573229E-1,0.E0));
#15171=DIRECTION('',(3.170950573229E-1,-9.483937603239E-1,0.E0));
#15172=AXIS2_PLACEMENT_3D('',#15169,#15170,#15171);
#15173=PLANE('',#15172);
#15174=ORIENTED_EDGE('',*,*,#8911,.F.);
#15176=ORIENTED_EDGE('',*,*,#15175,.T.);
#15177=ORIENTED_EDGE('',*,*,#11135,.T.);
#15178=ORIENTED_EDGE('',*,*,#15162,.F.);
#15179=EDGE_LOOP('',(#15174,#15176,#15177,#15178));
#15180=FACE_OUTER_BOUND('',#15179,.F.);
#15182=CARTESIAN_POINT('',(5.633333361149E0,-6.E-1,0.E0));
#15183=DIRECTION('',(0.E0,1.E0,0.E0));
#15184=DIRECTION('',(1.E0,0.E0,0.E0));
#15185=AXIS2_PLACEMENT_3D('',#15182,#15183,#15184);
#15186=PLANE('',#15185);
#15187=ORIENTED_EDGE('',*,*,#8909,.F.);
#15188=ORIENTED_EDGE('',*,*,#15112,.T.);
#15189=ORIENTED_EDGE('',*,*,#11137,.T.);
#15190=ORIENTED_EDGE('',*,*,#15175,.F.);
#15191=EDGE_LOOP('',(#15187,#15188,#15189,#15190));
#15192=FACE_OUTER_BOUND('',#15191,.F.);
#15194=CARTESIAN_POINT('',(5.4E0,-1.851063826680E0,0.E0));
#15195=DIRECTION('',(1.E0,0.E0,0.E0));
#15196=DIRECTION('',(0.E0,-1.E0,0.E0));
#15197=AXIS2_PLACEMENT_3D('',#15194,#15195,#15196);
#15198=PLANE('',#15197);
#15199=ORIENTED_EDGE('',*,*,#8923,.F.);
#15201=ORIENTED_EDGE('',*,*,#15200,.T.);
#15202=ORIENTED_EDGE('',*,*,#11147,.T.);
#15204=ORIENTED_EDGE('',*,*,#15203,.F.);
#15205=EDGE_LOOP('',(#15199,#15201,#15202,#15204));
#15206=FACE_OUTER_BOUND('',#15205,.F.);
#15208=CARTESIAN_POINT('',(4.583333277702E0,-1.106383001804E0,0.E0));
#15209=DIRECTION('',(6.737898901451E-1,7.389229891797E-1,0.E0));
#15210=DIRECTION('',(7.389229891797E-1,-6.737898901451E-1,0.E0));
#15211=AXIS2_PLACEMENT_3D('',#15208,#15209,#15210);
#15212=PLANE('',#15211);
#15213=ORIENTED_EDGE('',*,*,#8977,.F.);
#15215=ORIENTED_EDGE('',*,*,#15214,.T.);
#15216=ORIENTED_EDGE('',*,*,#11149,.T.);
#15217=ORIENTED_EDGE('',*,*,#15200,.F.);
#15218=EDGE_LOOP('',(#15213,#15215,#15216,#15217));
#15219=FACE_OUTER_BOUND('',#15218,.F.);
#15221=CARTESIAN_POINT('',(4.525E0,-9.872340798378E-1,0.E0));
#15222=DIRECTION('',(8.981382627794E-1,4.397131575602E-1,0.E0));
#15223=DIRECTION('',(4.397131575602E-1,-8.981382627794E-1,0.E0));
#15224=AXIS2_PLACEMENT_3D('',#15221,#15222,#15223);
#15225=PLANE('',#15224);
#15226=ORIENTED_EDGE('',*,*,#8975,.F.);
#15228=ORIENTED_EDGE('',*,*,#15227,.T.);
#15229=ORIENTED_EDGE('',*,*,#11151,.T.);
#15230=ORIENTED_EDGE('',*,*,#15214,.F.);
#15231=EDGE_LOOP('',(#15226,#15228,#15229,#15230));
#15232=FACE_OUTER_BOUND('',#15231,.F.);
#15234=CARTESIAN_POINT('',(4.525E0,-9.276595354080E-1,0.E0));
#15235=DIRECTION('',(1.E0,0.E0,0.E0));
#15236=DIRECTION('',(0.E0,-1.E0,0.E0));
#15237=AXIS2_PLACEMENT_3D('',#15234,#15235,#15236);
#15238=PLANE('',#15237);
#15239=ORIENTED_EDGE('',*,*,#8973,.F.);
#15241=ORIENTED_EDGE('',*,*,#15240,.T.);
#15242=ORIENTED_EDGE('',*,*,#11153,.T.);
#15243=ORIENTED_EDGE('',*,*,#15227,.F.);
#15244=EDGE_LOOP('',(#15239,#15241,#15242,#15243));
#15245=FACE_OUTER_BOUND('',#15244,.F.);
#15247=CARTESIAN_POINT('',(4.583333277702E0,-8.382978439331E-1,0.E0));
#15248=DIRECTION('',(8.373793591563E-1,-5.466221810895E-1,0.E0));
#15249=DIRECTION('',(-5.466221810895E-1,-8.373793591563E-1,0.E0));
#15250=AXIS2_PLACEMENT_3D('',#15247,#15248,#15249);
#15251=PLANE('',#15250);
#15252=ORIENTED_EDGE('',*,*,#8971,.F.);
#15254=ORIENTED_EDGE('',*,*,#15253,.T.);
#15255=ORIENTED_EDGE('',*,*,#11155,.T.);
#15256=ORIENTED_EDGE('',*,*,#15240,.F.);
#15257=EDGE_LOOP('',(#15252,#15254,#15255,#15256));
#15258=FACE_OUTER_BOUND('',#15257,.F.);
#15260=CARTESIAN_POINT('',(4.670833277702E0,-7.787233829498E-1,0.E0));
#15261=DIRECTION('',(5.627909312417E-1,-8.265992787996E-1,0.E0));
#15262=DIRECTION('',(-8.265992787996E-1,-5.627909312417E-1,0.E0));
#15263=AXIS2_PLACEMENT_3D('',#15260,#15261,#15262);
#15264=PLANE('',#15263);
#15265=ORIENTED_EDGE('',*,*,#8969,.F.);
#15267=ORIENTED_EDGE('',*,*,#15266,.T.);
#15268=ORIENTED_EDGE('',*,*,#11157,.T.);
#15269=ORIENTED_EDGE('',*,*,#15253,.F.);
#15270=EDGE_LOOP('',(#15265,#15267,#15268,#15269));
#15271=FACE_OUTER_BOUND('',#15270,.F.);
#15273=CARTESIAN_POINT('',(4.816666722298E0,-7.489361524582E-1,0.E0));
#15274=DIRECTION('',(2.001232084928E-1,-9.797707392153E-1,0.E0));
#15275=DIRECTION('',(-9.797707392153E-1,-2.001232084928E-1,0.E0));
#15276=AXIS2_PLACEMENT_3D('',#15273,#15274,#15275);
#15277=PLANE('',#15276);
#15278=ORIENTED_EDGE('',*,*,#8967,.F.);
#15280=ORIENTED_EDGE('',*,*,#15279,.T.);
#15281=ORIENTED_EDGE('',*,*,#11159,.T.);
#15282=ORIENTED_EDGE('',*,*,#15266,.F.);
#15283=EDGE_LOOP('',(#15278,#15280,#15281,#15282));
#15284=FACE_OUTER_BOUND('',#15283,.F.);
#15286=CARTESIAN_POINT('',(4.933333277702E0,-7.489361524582E-1,0.E0));
#15287=DIRECTION('',(0.E0,-1.E0,0.E0));
#15288=DIRECTION('',(-1.E0,0.E0,0.E0));
#15289=AXIS2_PLACEMENT_3D('',#15286,#15287,#15288);
#15290=PLANE('',#15289);
#15291=ORIENTED_EDGE('',*,*,#8965,.F.);
#15293=ORIENTED_EDGE('',*,*,#15292,.T.);
#15294=ORIENTED_EDGE('',*,*,#11161,.T.);
#15295=ORIENTED_EDGE('',*,*,#15279,.F.);
#15296=EDGE_LOOP('',(#15291,#15293,#15294,#15295));
#15297=FACE_OUTER_BOUND('',#15296,.F.);
#15299=CARTESIAN_POINT('',(5.079166722298E0,-7.787233829498E-1,0.E0));
#15300=DIRECTION('',(-2.001232084928E-1,-9.797707392153E-1,0.E0));
#15301=DIRECTION('',(-9.797707392153E-1,2.001232084928E-1,0.E0));
#15302=AXIS2_PLACEMENT_3D('',#15299,#15300,#15301);
#15303=PLANE('',#15302);
#15304=ORIENTED_EDGE('',*,*,#8963,.F.);
#15306=ORIENTED_EDGE('',*,*,#15305,.T.);
#15307=ORIENTED_EDGE('',*,*,#11163,.T.);
#15308=ORIENTED_EDGE('',*,*,#15292,.F.);
#15309=EDGE_LOOP('',(#15304,#15306,#15307,#15308));
#15310=FACE_OUTER_BOUND('',#15309,.F.);
#15312=CARTESIAN_POINT('',(5.166666722298E0,-8.382978439331E-1,0.E0));
#15313=DIRECTION('',(-5.627909312417E-1,-8.265992787996E-1,0.E0));
#15314=DIRECTION('',(-8.265992787996E-1,5.627909312417E-1,0.E0));
#15315=AXIS2_PLACEMENT_3D('',#15312,#15313,#15314);
#15316=PLANE('',#15315);
#15317=ORIENTED_EDGE('',*,*,#8961,.F.);
#15319=ORIENTED_EDGE('',*,*,#15318,.T.);
#15320=ORIENTED_EDGE('',*,*,#11165,.T.);
#15321=ORIENTED_EDGE('',*,*,#15305,.F.);
#15322=EDGE_LOOP('',(#15317,#15319,#15320,#15321));
#15323=FACE_OUTER_BOUND('',#15322,.F.);
#15325=CARTESIAN_POINT('',(5.225E0,-9.276595354080E-1,0.E0));
#15326=DIRECTION('',(-8.373793591563E-1,-5.466221810895E-1,0.E0));
#15327=DIRECTION('',(-5.466221810895E-1,8.373793591563E-1,0.E0));
#15328=AXIS2_PLACEMENT_3D('',#15325,#15326,#15327);
#15329=PLANE('',#15328);
#15330=ORIENTED_EDGE('',*,*,#8959,.F.);
#15332=ORIENTED_EDGE('',*,*,#15331,.T.);
#15333=ORIENTED_EDGE('',*,*,#11167,.T.);
#15334=ORIENTED_EDGE('',*,*,#15318,.F.);
#15335=EDGE_LOOP('',(#15330,#15332,#15333,#15334));
#15336=FACE_OUTER_BOUND('',#15335,.F.);
#15338=CARTESIAN_POINT('',(5.370833277702E0,-9.276595354080E-1,0.E0));
#15339=DIRECTION('',(0.E0,-1.E0,0.E0));
#15340=DIRECTION('',(-1.E0,0.E0,0.E0));
#15341=AXIS2_PLACEMENT_3D('',#15338,#15339,#15340);
#15342=PLANE('',#15341);
#15343=ORIENTED_EDGE('',*,*,#8957,.F.);
#15345=ORIENTED_EDGE('',*,*,#15344,.T.);
#15346=ORIENTED_EDGE('',*,*,#11169,.T.);
#15347=ORIENTED_EDGE('',*,*,#15331,.F.);
#15348=EDGE_LOOP('',(#15343,#15345,#15346,#15347));
#15349=FACE_OUTER_BOUND('',#15348,.F.);
#15351=CARTESIAN_POINT('',(5.341666722298E0,-8.085106134415E-1,0.E0));
#15352=DIRECTION('',(9.713213633444E-1,2.377704967206E-1,0.E0));
#15353=DIRECTION('',(2.377704967206E-1,-9.713213633444E-1,0.E0));
#15354=AXIS2_PLACEMENT_3D('',#15351,#15352,#15353);
#15355=PLANE('',#15354);
#15356=ORIENTED_EDGE('',*,*,#8955,.F.);
#15358=ORIENTED_EDGE('',*,*,#15357,.T.);
#15359=ORIENTED_EDGE('',*,*,#11171,.T.);
#15360=ORIENTED_EDGE('',*,*,#15344,.F.);
#15361=EDGE_LOOP('',(#15356,#15358,#15359,#15360));
#15362=FACE_OUTER_BOUND('',#15361,.F.);
#15364=CARTESIAN_POINT('',(5.225E0,-6.893616914749E-1,0.E0));
#15365=DIRECTION('',(7.145102180353E-1,6.996250055017E-1,0.E0));
#15366=DIRECTION('',(6.996250055017E-1,-7.145102180353E-1,0.E0));
#15367=AXIS2_PLACEMENT_3D('',#15364,#15365,#15366);
#15368=PLANE('',#15367);
#15369=ORIENTED_EDGE('',*,*,#8953,.F.);
#15371=ORIENTED_EDGE('',*,*,#15370,.T.);
#15372=ORIENTED_EDGE('',*,*,#11173,.T.);
#15373=ORIENTED_EDGE('',*,*,#15357,.F.);
#15374=EDGE_LOOP('',(#15369,#15371,#15372,#15373));
#15375=FACE_OUTER_BOUND('',#15374,.F.);
#15377=CARTESIAN_POINT('',(5.108333277702E0,-6.297872304916E-1,0.E0));
#15378=DIRECTION('',(4.547769415434E-1,8.906053746977E-1,0.E0));
#15379=DIRECTION('',(8.906053746977E-1,-4.547769415434E-1,0.E0));
#15380=AXIS2_PLACEMENT_3D('',#15377,#15378,#15379);
#15381=PLANE('',#15380);
#15382=ORIENTED_EDGE('',*,*,#8951,.F.);
#15384=ORIENTED_EDGE('',*,*,#15383,.T.);
#15385=ORIENTED_EDGE('',*,*,#11175,.T.);
#15386=ORIENTED_EDGE('',*,*,#15370,.F.);
#15387=EDGE_LOOP('',(#15382,#15384,#15385,#15386));
#15388=FACE_OUTER_BOUND('',#15387,.F.);
#15390=CARTESIAN_POINT('',(4.904166722298E0,-6.E-1,0.E0));
#15391=DIRECTION('',(1.443683079492E-1,9.895240227806E-1,0.E0));
#15392=DIRECTION('',(9.895240227806E-1,-1.443683079492E-1,0.E0));
#15393=AXIS2_PLACEMENT_3D('',#15390,#15391,#15392);
#15394=PLANE('',#15393);
#15395=ORIENTED_EDGE('',*,*,#8949,.F.);
#15397=ORIENTED_EDGE('',*,*,#15396,.T.);
#15398=ORIENTED_EDGE('',*,*,#11177,.T.);
#15399=ORIENTED_EDGE('',*,*,#15383,.F.);
#15400=EDGE_LOOP('',(#15395,#15397,#15398,#15399));
#15401=FACE_OUTER_BOUND('',#15400,.F.);
#15403=CARTESIAN_POINT('',(4.7875E0,-6.E-1,0.E0));
#15404=DIRECTION('',(0.E0,1.E0,0.E0));
#15405=DIRECTION('',(1.E0,0.E0,0.E0));
#15406=AXIS2_PLACEMENT_3D('',#15403,#15404,#15405);
#15407=PLANE('',#15406);
#15408=ORIENTED_EDGE('',*,*,#8947,.F.);
#15410=ORIENTED_EDGE('',*,*,#15409,.T.);
#15411=ORIENTED_EDGE('',*,*,#11179,.T.);
#15412=ORIENTED_EDGE('',*,*,#15396,.F.);
#15413=EDGE_LOOP('',(#15408,#15410,#15411,#15412));
#15414=FACE_OUTER_BOUND('',#15413,.F.);
#15416=CARTESIAN_POINT('',(4.6125E0,-6.297872304916E-1,0.E0));
#15417=DIRECTION('',(-1.677993286083E-1,9.858211730931E-1,0.E0));
#15418=DIRECTION('',(9.858211730931E-1,1.677993286083E-1,0.E0));
#15419=AXIS2_PLACEMENT_3D('',#15416,#15417,#15418);
#15420=PLANE('',#15419);
#15421=ORIENTED_EDGE('',*,*,#8945,.F.);
#15423=ORIENTED_EDGE('',*,*,#15422,.T.);
#15424=ORIENTED_EDGE('',*,*,#11181,.T.);
#15425=ORIENTED_EDGE('',*,*,#15409,.F.);
#15426=EDGE_LOOP('',(#15421,#15423,#15424,#15425));
#15427=FACE_OUTER_BOUND('',#15426,.F.);
#15429=CARTESIAN_POINT('',(4.495833277702E0,-6.893616914749E-1,0.E0));
#15430=DIRECTION('',(-4.547769415434E-1,8.906053746977E-1,0.E0));
#15431=DIRECTION('',(8.906053746977E-1,4.547769415434E-1,0.E0));
#15432=AXIS2_PLACEMENT_3D('',#15429,#15430,#15431);
#15433=PLANE('',#15432);
#15434=ORIENTED_EDGE('',*,*,#8943,.F.);
#15436=ORIENTED_EDGE('',*,*,#15435,.T.);
#15437=ORIENTED_EDGE('',*,*,#11183,.T.);
#15438=ORIENTED_EDGE('',*,*,#15422,.F.);
#15439=EDGE_LOOP('',(#15434,#15436,#15437,#15438));
#15440=FACE_OUTER_BOUND('',#15439,.F.);
#15442=CARTESIAN_POINT('',(4.379166722298E0,-8.085106134415E-1,0.E0));
#15443=DIRECTION('',(-7.145107183351E-1,6.996244945571E-1,0.E0));
#15444=DIRECTION('',(6.996244945571E-1,7.145107183351E-1,0.E0));
#15445=AXIS2_PLACEMENT_3D('',#15442,#15443,#15444);
#15446=PLANE('',#15445);
#15447=ORIENTED_EDGE('',*,*,#8941,.F.);
#15449=ORIENTED_EDGE('',*,*,#15448,.T.);
#15450=ORIENTED_EDGE('',*,*,#11185,.T.);
#15451=ORIENTED_EDGE('',*,*,#15435,.F.);
#15452=EDGE_LOOP('',(#15447,#15449,#15450,#15451));
#15453=FACE_OUTER_BOUND('',#15452,.F.);
#15455=CARTESIAN_POINT('',(4.35E0,-9.276595354080E-1,0.E0));
#15456=DIRECTION('',(-9.713210491251E-1,2.377717803411E-1,0.E0));
#15457=DIRECTION('',(2.377717803411E-1,9.713210491251E-1,0.E0));
#15458=AXIS2_PLACEMENT_3D('',#15455,#15456,#15457);
#15459=PLANE('',#15458);
#15460=ORIENTED_EDGE('',*,*,#8939,.F.);
#15462=ORIENTED_EDGE('',*,*,#15461,.T.);
#15463=ORIENTED_EDGE('',*,*,#11187,.T.);
#15464=ORIENTED_EDGE('',*,*,#15448,.F.);
#15465=EDGE_LOOP('',(#15460,#15462,#15463,#15464));
#15466=FACE_OUTER_BOUND('',#15465,.F.);
#15468=CARTESIAN_POINT('',(4.35E0,-9.872340798378E-1,0.E0));
#15469=DIRECTION('',(-1.E0,0.E0,0.E0));
#15470=DIRECTION('',(0.E0,1.E0,0.E0));
#15471=AXIS2_PLACEMENT_3D('',#15468,#15469,#15470);
#15472=PLANE('',#15471);
#15473=ORIENTED_EDGE('',*,*,#8937,.F.);
#15475=ORIENTED_EDGE('',*,*,#15474,.T.);
#15476=ORIENTED_EDGE('',*,*,#11189,.T.);
#15477=ORIENTED_EDGE('',*,*,#15461,.F.);
#15478=EDGE_LOOP('',(#15473,#15475,#15476,#15477));
#15479=FACE_OUTER_BOUND('',#15478,.F.);
#15481=CARTESIAN_POINT('',(4.379166722298E0,-1.106383001804E0,0.E0));
#15482=DIRECTION('',(-9.713210491251E-1,-2.377717803411E-1,0.E0));
#15483=DIRECTION('',(-2.377717803411E-1,9.713210491251E-1,0.E0));
#15484=AXIS2_PLACEMENT_3D('',#15481,#15482,#15483);
#15485=PLANE('',#15484);
#15486=ORIENTED_EDGE('',*,*,#8935,.F.);
#15488=ORIENTED_EDGE('',*,*,#15487,.T.);
#15489=ORIENTED_EDGE('',*,*,#11191,.T.);
#15490=ORIENTED_EDGE('',*,*,#15474,.F.);
#15491=EDGE_LOOP('',(#15486,#15488,#15489,#15490));
#15492=FACE_OUTER_BOUND('',#15491,.F.);
#15494=CARTESIAN_POINT('',(4.4375E0,-1.195744693279E0,0.E0));
#15495=DIRECTION('',(-8.373793591563E-1,-5.466221810895E-1,0.E0));
#15496=DIRECTION('',(-5.466221810895E-1,8.373793591563E-1,0.E0));
#15497=AXIS2_PLACEMENT_3D('',#15494,#15495,#15496);
#15498=PLANE('',#15497);
#15499=ORIENTED_EDGE('',*,*,#8933,.F.);
#15501=ORIENTED_EDGE('',*,*,#15500,.T.);
#15502=ORIENTED_EDGE('',*,*,#11193,.T.);
#15503=ORIENTED_EDGE('',*,*,#15487,.F.);
#15504=EDGE_LOOP('',(#15499,#15501,#15502,#15503));
#15505=FACE_OUTER_BOUND('',#15504,.F.);
#15507=CARTESIAN_POINT('',(5.166666722298E0,-1.851063826680E0,0.E0));
#15508=DIRECTION('',(-6.684399486995E-1,-7.437661157801E-1,0.E0));
#15509=DIRECTION('',(-7.437661157801E-1,6.684399486995E-1,0.E0));
#15510=AXIS2_PLACEMENT_3D('',#15507,#15508,#15509);
#15511=PLANE('',#15510);
#15512=ORIENTED_EDGE('',*,*,#8931,.F.);
#15514=ORIENTED_EDGE('',*,*,#15513,.T.);
#15515=ORIENTED_EDGE('',*,*,#11195,.T.);
#15516=ORIENTED_EDGE('',*,*,#15500,.F.);
#15517=EDGE_LOOP('',(#15512,#15514,#15515,#15516));
#15518=FACE_OUTER_BOUND('',#15517,.F.);
#15520=CARTESIAN_POINT('',(4.35E0,-1.851063826680E0,0.E0));
#15521=DIRECTION('',(0.E0,1.E0,0.E0));
#15522=DIRECTION('',(1.E0,0.E0,0.E0));
#15523=AXIS2_PLACEMENT_3D('',#15520,#15521,#15522);
#15524=PLANE('',#15523);
#15525=ORIENTED_EDGE('',*,*,#8929,.F.);
#15527=ORIENTED_EDGE('',*,*,#15526,.T.);
#15528=ORIENTED_EDGE('',*,*,#11197,.T.);
#15529=ORIENTED_EDGE('',*,*,#15513,.F.);
#15530=EDGE_LOOP('',(#15525,#15527,#15528,#15529));
#15531=FACE_OUTER_BOUND('',#15530,.F.);
#15533=CARTESIAN_POINT('',(4.35E0,-2.E0,0.E0));
#15534=DIRECTION('',(-1.E0,0.E0,0.E0));
#15535=DIRECTION('',(0.E0,1.E0,0.E0));
#15536=AXIS2_PLACEMENT_3D('',#15533,#15534,#15535);
#15537=PLANE('',#15536);
#15538=ORIENTED_EDGE('',*,*,#8927,.F.);
#15540=ORIENTED_EDGE('',*,*,#15539,.T.);
#15541=ORIENTED_EDGE('',*,*,#11199,.T.);
#15542=ORIENTED_EDGE('',*,*,#15526,.F.);
#15543=EDGE_LOOP('',(#15538,#15540,#15541,#15542));
#15544=FACE_OUTER_BOUND('',#15543,.F.);
#15546=CARTESIAN_POINT('',(5.4E0,-2.E0,0.E0));
#15547=DIRECTION('',(0.E0,-1.E0,0.E0));
#15548=DIRECTION('',(-1.E0,0.E0,0.E0));
#15549=AXIS2_PLACEMENT_3D('',#15546,#15547,#15548);
#15550=PLANE('',#15549);
#15551=ORIENTED_EDGE('',*,*,#8925,.F.);
#15552=ORIENTED_EDGE('',*,*,#15203,.T.);
#15553=ORIENTED_EDGE('',*,*,#11201,.T.);
#15554=ORIENTED_EDGE('',*,*,#15539,.F.);
#15555=EDGE_LOOP('',(#15551,#15552,#15553,#15554));
#15556=FACE_OUTER_BOUND('',#15555,.F.);
#15558=CARTESIAN_POINT('',(3.154166555405E0,-1.851063826680E0,0.E0));
#15559=DIRECTION('',(-8.373800750004E-1,-5.466210844748E-1,0.E0));
#15560=DIRECTION('',(-5.466210844748E-1,8.373800750004E-1,0.E0));
#15561=AXIS2_PLACEMENT_3D('',#15558,#15559,#15560);
#15562=PLANE('',#15561);
#15563=ORIENTED_EDGE('',*,*,#8981,.F.);
#15565=ORIENTED_EDGE('',*,*,#15564,.T.);
#15566=ORIENTED_EDGE('',*,*,#11211,.T.);
#15568=ORIENTED_EDGE('',*,*,#15567,.F.);
#15569=EDGE_LOOP('',(#15563,#15565,#15566,#15568));
#15570=FACE_OUTER_BOUND('',#15569,.F.);
#15572=CARTESIAN_POINT('',(3.241666555405E0,-1.910638298094E0,0.E0));
#15573=DIRECTION('',(-5.627909985697E-1,-8.265992329593E-1,0.E0));
#15574=DIRECTION('',(-8.265992329593E-1,5.627909985697E-1,0.E0));
#15575=AXIS2_PLACEMENT_3D('',#15572,#15573,#15574);
#15576=PLANE('',#15575);
#15577=ORIENTED_EDGE('',*,*,#9093,.F.);
#15579=ORIENTED_EDGE('',*,*,#15578,.T.);
#15580=ORIENTED_EDGE('',*,*,#11213,.T.);
#15581=ORIENTED_EDGE('',*,*,#15564,.F.);
#15582=EDGE_LOOP('',(#15577,#15579,#15580,#15581));
#15583=FACE_OUTER_BOUND('',#15582,.F.);
#15585=CARTESIAN_POINT('',(3.358333444595E0,-1.970212766901E0,0.E0));
#15586=DIRECTION('',(-4.547764728998E-1,-8.906056140048E-1,0.E0));
#15587=DIRECTION('',(-8.906056140048E-1,4.547764728998E-1,0.E0));
#15588=AXIS2_PLACEMENT_3D('',#15585,#15586,#15587);
#15589=PLANE('',#15588);
#15590=ORIENTED_EDGE('',*,*,#9091,.F.);
#15592=ORIENTED_EDGE('',*,*,#15591,.T.);
#15593=ORIENTED_EDGE('',*,*,#11215,.T.);
#15594=ORIENTED_EDGE('',*,*,#15578,.F.);
#15595=EDGE_LOOP('',(#15590,#15592,#15593,#15594));
#15596=FACE_OUTER_BOUND('',#15595,.F.);
#15598=CARTESIAN_POINT('',(3.475E0,-2.E0,0.E0));
#15599=DIRECTION('',(-2.473834593969E-1,-9.689176559527E-1,0.E0));
#15600=DIRECTION('',(-9.689176559527E-1,2.473834593969E-1,0.E0));
#15601=AXIS2_PLACEMENT_3D('',#15598,#15599,#15600);
#15602=PLANE('',#15601);
#15603=ORIENTED_EDGE('',*,*,#9089,.F.);
#15605=ORIENTED_EDGE('',*,*,#15604,.T.);
#15606=ORIENTED_EDGE('',*,*,#11217,.T.);
#15607=ORIENTED_EDGE('',*,*,#15591,.F.);
#15608=EDGE_LOOP('',(#15603,#15605,#15606,#15607));
#15609=FACE_OUTER_BOUND('',#15608,.F.);
#15611=CARTESIAN_POINT('',(3.708333444595E0,-2.E0,0.E0));
#15612=DIRECTION('',(0.E0,-1.E0,0.E0));
#15613=DIRECTION('',(-1.E0,0.E0,0.E0));
#15614=AXIS2_PLACEMENT_3D('',#15611,#15612,#15613);
#15615=PLANE('',#15614);
#15616=ORIENTED_EDGE('',*,*,#9087,.F.);
#15618=ORIENTED_EDGE('',*,*,#15617,.T.);
#15619=ORIENTED_EDGE('',*,*,#11219,.T.);
#15620=ORIENTED_EDGE('',*,*,#15604,.F.);
#15621=EDGE_LOOP('',(#15616,#15618,#15619,#15620));
#15622=FACE_OUTER_BOUND('',#15621,.F.);
#15624=CARTESIAN_POINT('',(3.825E0,-1.970212766901E0,0.E0));
#15625=DIRECTION('',(2.473834593969E-1,-9.689176559527E-1,0.E0));
#15626=DIRECTION('',(-9.689176559527E-1,-2.473834593969E-1,0.E0));
#15627=AXIS2_PLACEMENT_3D('',#15624,#15625,#15626);
#15628=PLANE('',#15627);
#15629=ORIENTED_EDGE('',*,*,#9085,.F.);
#15631=ORIENTED_EDGE('',*,*,#15630,.T.);
#15632=ORIENTED_EDGE('',*,*,#11221,.T.);
#15633=ORIENTED_EDGE('',*,*,#15617,.F.);
#15634=EDGE_LOOP('',(#15629,#15631,#15632,#15633));
#15635=FACE_OUTER_BOUND('',#15634,.F.);
#15637=CARTESIAN_POINT('',(3.941666555405E0,-1.910638298094E0,0.E0));
#15638=DIRECTION('',(4.547775049247E-1,-8.906050870136E-1,0.E0));
#15639=DIRECTION('',(-8.906050870136E-1,-4.547775049247E-1,0.E0));
#15640=AXIS2_PLACEMENT_3D('',#15637,#15638,#15639);
#15641=PLANE('',#15640);
#15642=ORIENTED_EDGE('',*,*,#9083,.F.);
#15644=ORIENTED_EDGE('',*,*,#15643,.T.);
#15645=ORIENTED_EDGE('',*,*,#11223,.T.);
#15646=ORIENTED_EDGE('',*,*,#15630,.F.);
#15647=EDGE_LOOP('',(#15642,#15644,#15645,#15646));
#15648=FACE_OUTER_BOUND('',#15647,.F.);
#15650=CARTESIAN_POINT('',(4.029166722298E0,-1.851063826680E0,0.E0));
#15651=DIRECTION('',(5.627902651259E-1,-8.265997323248E-1,0.E0));
#15652=DIRECTION('',(-8.265997323248E-1,-5.627902651259E-1,0.E0));
#15653=AXIS2_PLACEMENT_3D('',#15650,#15651,#15652);
#15654=PLANE('',#15653);
#15655=ORIENTED_EDGE('',*,*,#9081,.F.);
#15657=ORIENTED_EDGE('',*,*,#15656,.T.);
#15658=ORIENTED_EDGE('',*,*,#11225,.T.);
#15659=ORIENTED_EDGE('',*,*,#15643,.F.);
#15660=EDGE_LOOP('',(#15655,#15657,#15658,#15659));
#15661=FACE_OUTER_BOUND('',#15660,.F.);
#15663=CARTESIAN_POINT('',(4.0875E0,-1.761702135205E0,0.E0));
#15664=DIRECTION('',(8.373793591563E-1,-5.466221810895E-1,0.E0));
#15665=DIRECTION('',(-5.466221810895E-1,-8.373793591563E-1,0.E0));
#15666=AXIS2_PLACEMENT_3D('',#15663,#15664,#15665);
#15667=PLANE('',#15666);
#15668=ORIENTED_EDGE('',*,*,#9079,.F.);
#15670=ORIENTED_EDGE('',*,*,#15669,.T.);
#15671=ORIENTED_EDGE('',*,*,#11227,.T.);
#15672=ORIENTED_EDGE('',*,*,#15656,.F.);
#15673=EDGE_LOOP('',(#15668,#15670,#15671,#15672));
#15674=FACE_OUTER_BOUND('',#15673,.F.);
#15676=CARTESIAN_POINT('',(4.116666722298E0,-1.672340422869E0,0.E0));
#15677=DIRECTION('',(9.506450389119E-1,-3.102805343431E-1,0.E0));
#15678=DIRECTION('',(-3.102805343431E-1,-9.506450389119E-1,0.E0));
#15679=AXIS2_PLACEMENT_3D('',#15676,#15677,#15678);
#15680=PLANE('',#15679);
#15681=ORIENTED_EDGE('',*,*,#9077,.F.);
#15683=ORIENTED_EDGE('',*,*,#15682,.T.);
#15684=ORIENTED_EDGE('',*,*,#11229,.T.);
#15685=ORIENTED_EDGE('',*,*,#15669,.F.);
#15686=EDGE_LOOP('',(#15681,#15683,#15684,#15685));
#15687=FACE_OUTER_BOUND('',#15686,.F.);
#15689=CARTESIAN_POINT('',(3.970833444595E0,-1.672340422869E0,0.E0));
#15690=DIRECTION('',(0.E0,1.E0,0.E0));
#15691=DIRECTION('',(1.E0,0.E0,0.E0));
#15692=AXIS2_PLACEMENT_3D('',#15689,#15690,#15691);
#15693=PLANE('',#15692);
#15694=ORIENTED_EDGE('',*,*,#9075,.F.);
#15696=ORIENTED_EDGE('',*,*,#15695,.T.);
#15697=ORIENTED_EDGE('',*,*,#11231,.T.);
#15698=ORIENTED_EDGE('',*,*,#15682,.F.);
#15699=EDGE_LOOP('',(#15694,#15696,#15697,#15698));
#15700=FACE_OUTER_BOUND('',#15699,.F.);
#15702=CARTESIAN_POINT('',(3.941666555405E0,-1.731914883852E0,0.E0));
#15703=DIRECTION('',(-8.981367723003E-1,4.397162019326E-1,0.E0));
#15704=DIRECTION('',(4.397162019326E-1,8.981367723003E-1,0.E0));
#15705=AXIS2_PLACEMENT_3D('',#15702,#15703,#15704);
#15706=PLANE('',#15705);
#15707=ORIENTED_EDGE('',*,*,#9073,.F.);
#15709=ORIENTED_EDGE('',*,*,#15708,.T.);
#15710=ORIENTED_EDGE('',*,*,#11233,.T.);
#15711=ORIENTED_EDGE('',*,*,#15695,.F.);
#15712=EDGE_LOOP('',(#15707,#15709,#15710,#15711));
#15713=FACE_OUTER_BOUND('',#15712,.F.);
#15715=CARTESIAN_POINT('',(3.883333444595E0,-1.791489365697E0,0.E0));
#15716=DIRECTION('',(-7.145118414048E-1,6.996233475895E-1,0.E0));
#15717=DIRECTION('',(6.996233475895E-1,7.145118414048E-1,0.E0));
#15718=AXIS2_PLACEMENT_3D('',#15715,#15716,#15717);
#15719=PLANE('',#15718);
#15720=ORIENTED_EDGE('',*,*,#9071,.F.);
#15722=ORIENTED_EDGE('',*,*,#15721,.T.);
#15723=ORIENTED_EDGE('',*,*,#11235,.T.);
#15724=ORIENTED_EDGE('',*,*,#15708,.F.);
#15725=EDGE_LOOP('',(#15720,#15722,#15723,#15724));
#15726=FACE_OUTER_BOUND('',#15725,.F.);
#15728=CARTESIAN_POINT('',(3.825E0,-1.821276596189E0,0.E0));
#15729=DIRECTION('',(-4.547764255314E-1,8.906056381928E-1,0.E0));
#15730=DIRECTION('',(8.906056381928E-1,4.547764255314E-1,0.E0));
#15731=AXIS2_PLACEMENT_3D('',#15728,#15729,#15730);
#15732=PLANE('',#15731);
#15733=ORIENTED_EDGE('',*,*,#9069,.F.);
#15735=ORIENTED_EDGE('',*,*,#15734,.T.);
#15736=ORIENTED_EDGE('',*,*,#11237,.T.);
#15737=ORIENTED_EDGE('',*,*,#15721,.F.);
#15738=EDGE_LOOP('',(#15733,#15735,#15736,#15737));
#15739=FACE_OUTER_BOUND('',#15738,.F.);
#15741=CARTESIAN_POINT('',(3.679166555405E0,-1.851063826680E0,0.E0));
#15742=DIRECTION('',(-2.001232084928E-1,9.797707392153E-1,0.E0));
#15743=DIRECTION('',(9.797707392153E-1,2.001232084928E-1,0.E0));
#15744=AXIS2_PLACEMENT_3D('',#15741,#15742,#15743);
#15745=PLANE('',#15744);
#15746=ORIENTED_EDGE('',*,*,#9067,.F.);
#15748=ORIENTED_EDGE('',*,*,#15747,.T.);
#15749=ORIENTED_EDGE('',*,*,#11239,.T.);
#15750=ORIENTED_EDGE('',*,*,#15734,.F.);
#15751=EDGE_LOOP('',(#15746,#15748,#15749,#15750));
#15752=FACE_OUTER_BOUND('',#15751,.F.);
#15754=CARTESIAN_POINT('',(3.504166555405E0,-1.851063826680E0,0.E0));
#15755=DIRECTION('',(0.E0,1.E0,0.E0));
#15756=DIRECTION('',(1.E0,0.E0,0.E0));
#15757=AXIS2_PLACEMENT_3D('',#15754,#15755,#15756);
#15758=PLANE('',#15757);
#15759=ORIENTED_EDGE('',*,*,#9065,.F.);
#15761=ORIENTED_EDGE('',*,*,#15760,.T.);
#15762=ORIENTED_EDGE('',*,*,#11241,.T.);
#15763=ORIENTED_EDGE('',*,*,#15747,.F.);
#15764=EDGE_LOOP('',(#15759,#15761,#15762,#15763));
#15765=FACE_OUTER_BOUND('',#15764,.F.);
#15767=CARTESIAN_POINT('',(3.358333444595E0,-1.821276596189E0,0.E0));
#15768=DIRECTION('',(2.001236481946E-1,9.797706494039E-1,0.E0));
#15769=DIRECTION('',(9.797706494039E-1,-2.001236481946E-1,0.E0));
#15770=AXIS2_PLACEMENT_3D('',#15767,#15768,#15769);
#15771=PLANE('',#15770);
#15772=ORIENTED_EDGE('',*,*,#9063,.F.);
#15774=ORIENTED_EDGE('',*,*,#15773,.T.);
#15775=ORIENTED_EDGE('',*,*,#11243,.T.);
#15776=ORIENTED_EDGE('',*,*,#15760,.F.);
#15777=EDGE_LOOP('',(#15772,#15774,#15775,#15776));
#15778=FACE_OUTER_BOUND('',#15777,.F.);
#15780=CARTESIAN_POINT('',(3.3E0,-1.791489365697E0,0.E0));
#15781=DIRECTION('',(4.547764255314E-1,8.906056381928E-1,0.E0));
#15782=DIRECTION('',(8.906056381928E-1,-4.547764255314E-1,0.E0));
#15783=AXIS2_PLACEMENT_3D('',#15780,#15781,#15782);
#15784=PLANE('',#15783);
#15785=ORIENTED_EDGE('',*,*,#9061,.F.);
#15787=ORIENTED_EDGE('',*,*,#15786,.T.);
#15788=ORIENTED_EDGE('',*,*,#11245,.T.);
#15789=ORIENTED_EDGE('',*,*,#15773,.F.);
#15790=EDGE_LOOP('',(#15785,#15787,#15788,#15789));
#15791=FACE_OUTER_BOUND('',#15790,.F.);
#15793=CARTESIAN_POINT('',(3.241666555405E0,-1.731914883852E0,0.E0));
#15794=DIRECTION('',(7.145098402051E-1,6.996253913704E-1,0.E0));
#15795=DIRECTION('',(6.996253913704E-1,-7.145098402051E-1,0.E0));
#15796=AXIS2_PLACEMENT_3D('',#15793,#15794,#15795);
#15797=PLANE('',#15796);
#15798=ORIENTED_EDGE('',*,*,#9059,.F.);
#15800=ORIENTED_EDGE('',*,*,#15799,.T.);
#15801=ORIENTED_EDGE('',*,*,#11247,.T.);
#15802=ORIENTED_EDGE('',*,*,#15786,.F.);
#15803=EDGE_LOOP('',(#15798,#15800,#15801,#15802));
#15804=FACE_OUTER_BOUND('',#15803,.F.);
#15806=CARTESIAN_POINT('',(3.2125E0,-1.672340422869E0,0.E0));
#15807=DIRECTION('',(8.981387596046E-1,4.397121427660E-1,0.E0));
#15808=DIRECTION('',(4.397121427660E-1,-8.981387596046E-1,0.E0));
#15809=AXIS2_PLACEMENT_3D('',#15806,#15807,#15808);
#15810=PLANE('',#15809);
#15811=ORIENTED_EDGE('',*,*,#9057,.F.);
#15813=ORIENTED_EDGE('',*,*,#15812,.T.);
#15814=ORIENTED_EDGE('',*,*,#11249,.T.);
#15815=ORIENTED_EDGE('',*,*,#15799,.F.);
#15816=EDGE_LOOP('',(#15811,#15813,#15814,#15815));
#15817=FACE_OUTER_BOUND('',#15816,.F.);
#15819=CARTESIAN_POINT('',(3.2125E0,-1.553191500902E0,0.E0));
#15820=DIRECTION('',(1.E0,0.E0,0.E0));
#15821=DIRECTION('',(0.E0,-1.E0,0.E0));
#15822=AXIS2_PLACEMENT_3D('',#15819,#15820,#15821);
#15823=PLANE('',#15822);
#15824=ORIENTED_EDGE('',*,*,#9055,.F.);
#15826=ORIENTED_EDGE('',*,*,#15825,.T.);
#15827=ORIENTED_EDGE('',*,*,#11251,.T.);
#15828=ORIENTED_EDGE('',*,*,#15812,.F.);
#15829=EDGE_LOOP('',(#15824,#15826,#15827,#15828));
#15830=FACE_OUTER_BOUND('',#15829,.F.);
#15832=CARTESIAN_POINT('',(3.270833444595E0,-1.434042537212E0,0.E0));
#15833=DIRECTION('',(8.981378267632E-1,-4.397140481462E-1,0.E0));
#15834=DIRECTION('',(-4.397140481462E-1,-8.981378267632E-1,0.E0));
#15835=AXIS2_PLACEMENT_3D('',#15832,#15833,#15834);
#15836=PLANE('',#15835);
#15837=ORIENTED_EDGE('',*,*,#9053,.F.);
#15839=ORIENTED_EDGE('',*,*,#15838,.T.);
#15840=ORIENTED_EDGE('',*,*,#11253,.T.);
#15841=ORIENTED_EDGE('',*,*,#15825,.F.);
#15842=EDGE_LOOP('',(#15837,#15839,#15840,#15841));
#15843=FACE_OUTER_BOUND('',#15842,.F.);
#15845=CARTESIAN_POINT('',(3.358333444595E0,-1.374468076229E0,0.E0));
#15846=DIRECTION('',(5.627909312417E-1,-8.265992787996E-1,0.E0));
#15847=DIRECTION('',(-8.265992787996E-1,-5.627909312417E-1,0.E0));
#15848=AXIS2_PLACEMENT_3D('',#15845,#15846,#15847);
#15849=PLANE('',#15848);
#15850=ORIENTED_EDGE('',*,*,#9051,.F.);
#15852=ORIENTED_EDGE('',*,*,#15851,.T.);
#15853=ORIENTED_EDGE('',*,*,#11255,.T.);
#15854=ORIENTED_EDGE('',*,*,#15838,.F.);
#15855=EDGE_LOOP('',(#15850,#15852,#15853,#15854));
#15856=FACE_OUTER_BOUND('',#15855,.F.);
#15858=CARTESIAN_POINT('',(3.533333444595E0,-1.344680845737E0,0.E0));
#15859=DIRECTION('',(1.677993286083E-1,-9.858211730931E-1,0.E0));
#15860=DIRECTION('',(-9.858211730931E-1,-1.677993286083E-1,0.E0));
#15861=AXIS2_PLACEMENT_3D('',#15858,#15859,#15860);
#15862=PLANE('',#15861);
#15863=ORIENTED_EDGE('',*,*,#9049,.F.);
#15865=ORIENTED_EDGE('',*,*,#15864,.T.);
#15866=ORIENTED_EDGE('',*,*,#11257,.T.);
#15867=ORIENTED_EDGE('',*,*,#15851,.F.);
#15868=EDGE_LOOP('',(#15863,#15865,#15866,#15867));
#15869=FACE_OUTER_BOUND('',#15868,.F.);
#15871=CARTESIAN_POINT('',(3.65E0,-1.344680845737E0,0.E0));
#15872=DIRECTION('',(0.E0,-1.E0,0.E0));
#15873=DIRECTION('',(-1.E0,0.E0,0.E0));
#15874=AXIS2_PLACEMENT_3D('',#15871,#15872,#15873);
#15875=PLANE('',#15874);
#15876=ORIENTED_EDGE('',*,*,#9047,.F.);
#15878=ORIENTED_EDGE('',*,*,#15877,.T.);
#15879=ORIENTED_EDGE('',*,*,#11259,.T.);
#15880=ORIENTED_EDGE('',*,*,#15864,.F.);
#15881=EDGE_LOOP('',(#15876,#15878,#15879,#15880));
#15882=FACE_OUTER_BOUND('',#15881,.F.);
#15884=CARTESIAN_POINT('',(3.65E0,-1.225531923771E0,0.E0));
#15885=DIRECTION('',(1.E0,0.E0,0.E0));
#15886=DIRECTION('',(0.E0,-1.E0,0.E0));
#15887=AXIS2_PLACEMENT_3D('',#15884,#15885,#15886);
#15888=PLANE('',#15887);
#15889=ORIENTED_EDGE('',*,*,#9045,.F.);
#15891=ORIENTED_EDGE('',*,*,#15890,.T.);
#15892=ORIENTED_EDGE('',*,*,#11261,.T.);
#15893=ORIENTED_EDGE('',*,*,#15877,.F.);
#15894=EDGE_LOOP('',(#15889,#15891,#15892,#15893));
#15895=FACE_OUTER_BOUND('',#15894,.F.);
#15897=CARTESIAN_POINT('',(3.533333444595E0,-1.225531923771E0,0.E0));
#15898=DIRECTION('',(0.E0,1.E0,0.E0));
#15899=DIRECTION('',(1.E0,0.E0,0.E0));
#15900=AXIS2_PLACEMENT_3D('',#15897,#15898,#15899);
#15901=PLANE('',#15900);
#15902=ORIENTED_EDGE('',*,*,#9043,.F.);
#15904=ORIENTED_EDGE('',*,*,#15903,.T.);
#15905=ORIENTED_EDGE('',*,*,#11263,.T.);
#15906=ORIENTED_EDGE('',*,*,#15890,.F.);
#15907=EDGE_LOOP('',(#15902,#15904,#15905,#15906));
#15908=FACE_OUTER_BOUND('',#15907,.F.);
#15910=CARTESIAN_POINT('',(3.358333444595E0,-1.165957462788E0,0.E0));
#15911=DIRECTION('',(3.222637633772E-1,9.466499177700E-1,0.E0));
#15912=DIRECTION('',(9.466499177700E-1,-3.222637633772E-1,0.E0));
#15913=AXIS2_PLACEMENT_3D('',#15910,#15911,#15912);
#15914=PLANE('',#15913);
#15915=ORIENTED_EDGE('',*,*,#9041,.F.);
#15917=ORIENTED_EDGE('',*,*,#15916,.T.);
#15918=ORIENTED_EDGE('',*,*,#11265,.T.);
#15919=ORIENTED_EDGE('',*,*,#15903,.F.);
#15920=EDGE_LOOP('',(#15915,#15917,#15918,#15919));
#15921=FACE_OUTER_BOUND('',#15920,.F.);
#15923=CARTESIAN_POINT('',(3.3E0,-1.106383001804E0,0.E0));
#15924=DIRECTION('',(7.145097177357E-1,6.996255164452E-1,0.E0));
#15925=DIRECTION('',(6.996255164452E-1,-7.145097177357E-1,0.E0));
#15926=AXIS2_PLACEMENT_3D('',#15923,#15924,#15925);
#15927=PLANE('',#15926);
#15928=ORIENTED_EDGE('',*,*,#9039,.F.);
#15930=ORIENTED_EDGE('',*,*,#15929,.T.);
#15931=ORIENTED_EDGE('',*,*,#11267,.T.);
#15932=ORIENTED_EDGE('',*,*,#15916,.F.);
#15933=EDGE_LOOP('',(#15928,#15930,#15931,#15932));
#15934=FACE_OUTER_BOUND('',#15933,.F.);
#15936=CARTESIAN_POINT('',(3.241666555405E0,-9.872340798378E-1,0.E0));
#15937=DIRECTION('',(8.981377659536E-1,4.397141723527E-1,0.E0));
#15938=DIRECTION('',(4.397141723527E-1,-8.981377659536E-1,0.E0));
#15939=AXIS2_PLACEMENT_3D('',#15936,#15937,#15938);
#15940=PLANE('',#15939);
#15941=ORIENTED_EDGE('',*,*,#9037,.F.);
#15943=ORIENTED_EDGE('',*,*,#15942,.T.);
#15944=ORIENTED_EDGE('',*,*,#11269,.T.);
#15945=ORIENTED_EDGE('',*,*,#15929,.F.);
#15946=EDGE_LOOP('',(#15941,#15943,#15944,#15945));
#15947=FACE_OUTER_BOUND('',#15946,.F.);
#15949=CARTESIAN_POINT('',(3.241666555405E0,-9.276595354080E-1,0.E0));
#15950=DIRECTION('',(1.E0,0.E0,0.E0));
#15951=DIRECTION('',(0.E0,-1.E0,0.E0));
#15952=AXIS2_PLACEMENT_3D('',#15949,#15950,#15951);
#15953=PLANE('',#15952);
#15954=ORIENTED_EDGE('',*,*,#9035,.F.);
#15956=ORIENTED_EDGE('',*,*,#15955,.T.);
#15957=ORIENTED_EDGE('',*,*,#11271,.T.);
#15958=ORIENTED_EDGE('',*,*,#15942,.F.);
#15959=EDGE_LOOP('',(#15954,#15956,#15957,#15958));
#15960=FACE_OUTER_BOUND('',#15959,.F.);
#15962=CARTESIAN_POINT('',(3.3E0,-8.382978439331E-1,0.E0));
#15963=DIRECTION('',(8.373786433120E-1,-5.466232777014E-1,0.E0));
#15964=DIRECTION('',(-5.466232777014E-1,-8.373786433120E-1,0.E0));
#15965=AXIS2_PLACEMENT_3D('',#15962,#15963,#15964);
#15966=PLANE('',#15965);
#15967=ORIENTED_EDGE('',*,*,#9033,.F.);
#15969=ORIENTED_EDGE('',*,*,#15968,.T.);
#15970=ORIENTED_EDGE('',*,*,#11273,.T.);
#15971=ORIENTED_EDGE('',*,*,#15955,.F.);
#15972=EDGE_LOOP('',(#15967,#15969,#15970,#15971));
#15973=FACE_OUTER_BOUND('',#15972,.F.);
#15975=CARTESIAN_POINT('',(3.3875E0,-7.787233829498E-1,0.E0));
#15976=DIRECTION('',(5.627909312417E-1,-8.265992787996E-1,0.E0));
#15977=DIRECTION('',(-8.265992787996E-1,-5.627909312417E-1,0.E0));
#15978=AXIS2_PLACEMENT_3D('',#15975,#15976,#15977);
#15979=PLANE('',#15978);
#15980=ORIENTED_EDGE('',*,*,#9031,.F.);
#15982=ORIENTED_EDGE('',*,*,#15981,.T.);
#15983=ORIENTED_EDGE('',*,*,#11275,.T.);
#15984=ORIENTED_EDGE('',*,*,#15968,.F.);
#15985=EDGE_LOOP('',(#15980,#15982,#15983,#15984));
#15986=FACE_OUTER_BOUND('',#15985,.F.);
#15988=CARTESIAN_POINT('',(3.533333444595E0,-7.489361524582E-1,0.E0));
#15989=DIRECTION('',(2.001232084928E-1,-9.797707392153E-1,0.E0));
#15990=DIRECTION('',(-9.797707392153E-1,-2.001232084928E-1,0.E0));
#15991=AXIS2_PLACEMENT_3D('',#15988,#15989,#15990);
#15992=PLANE('',#15991);
#15993=ORIENTED_EDGE('',*,*,#9029,.F.);
#15995=ORIENTED_EDGE('',*,*,#15994,.T.);
#15996=ORIENTED_EDGE('',*,*,#11277,.T.);
#15997=ORIENTED_EDGE('',*,*,#15981,.F.);
#15998=EDGE_LOOP('',(#15993,#15995,#15996,#15997));
#15999=FACE_OUTER_BOUND('',#15998,.F.);
#16001=CARTESIAN_POINT('',(3.65E0,-7.489361524582E-1,0.E0));
#16002=DIRECTION('',(0.E0,-1.E0,0.E0));
#16003=DIRECTION('',(-1.E0,0.E0,0.E0));
#16004=AXIS2_PLACEMENT_3D('',#16001,#16002,#16003);
#16005=PLANE('',#16004);
#16006=ORIENTED_EDGE('',*,*,#9027,.F.);
#16008=ORIENTED_EDGE('',*,*,#16007,.T.);
#16009=ORIENTED_EDGE('',*,*,#11279,.T.);
#16010=ORIENTED_EDGE('',*,*,#15994,.F.);
#16011=EDGE_LOOP('',(#16006,#16008,#16009,#16010));
#16012=FACE_OUTER_BOUND('',#16011,.F.);
#16014=CARTESIAN_POINT('',(3.795833444595E0,-7.787233829498E-1,0.E0));
#16015=DIRECTION('',(-2.001232084928E-1,-9.797707392153E-1,0.E0));
#16016=DIRECTION('',(-9.797707392153E-1,2.001232084928E-1,0.E0));
#16017=AXIS2_PLACEMENT_3D('',#16014,#16015,#16016);
#16018=PLANE('',#16017);
#16019=ORIENTED_EDGE('',*,*,#9025,.F.);
#16021=ORIENTED_EDGE('',*,*,#16020,.T.);
#16022=ORIENTED_EDGE('',*,*,#11281,.T.);
#16023=ORIENTED_EDGE('',*,*,#16007,.F.);
#16024=EDGE_LOOP('',(#16019,#16021,#16022,#16023));
#16025=FACE_OUTER_BOUND('',#16024,.F.);
#16027=CARTESIAN_POINT('',(3.883333444595E0,-8.382978439331E-1,0.E0));
#16028=DIRECTION('',(-5.627909312417E-1,-8.265992787996E-1,0.E0));
#16029=DIRECTION('',(-8.265992787996E-1,5.627909312417E-1,0.E0));
#16030=AXIS2_PLACEMENT_3D('',#16027,#16028,#16029);
#16031=PLANE('',#16030);
#16032=ORIENTED_EDGE('',*,*,#9023,.F.);
#16034=ORIENTED_EDGE('',*,*,#16033,.T.);
#16035=ORIENTED_EDGE('',*,*,#11283,.T.);
#16036=ORIENTED_EDGE('',*,*,#16020,.F.);
#16037=EDGE_LOOP('',(#16032,#16034,#16035,#16036));
#16038=FACE_OUTER_BOUND('',#16037,.F.);
#16040=CARTESIAN_POINT('',(3.941666555405E0,-9.276595354080E-1,0.E0));
#16041=DIRECTION('',(-8.373800750004E-1,-5.466210844748E-1,0.E0));
#16042=DIRECTION('',(-5.466210844748E-1,8.373800750004E-1,0.E0));
#16043=AXIS2_PLACEMENT_3D('',#16040,#16041,#16042);
#16044=PLANE('',#16043);
#16045=ORIENTED_EDGE('',*,*,#9021,.F.);
#16047=ORIENTED_EDGE('',*,*,#16046,.T.);
#16048=ORIENTED_EDGE('',*,*,#11285,.T.);
#16049=ORIENTED_EDGE('',*,*,#16033,.F.);
#16050=EDGE_LOOP('',(#16045,#16047,#16048,#16049));
#16051=FACE_OUTER_BOUND('',#16050,.F.);
#16053=CARTESIAN_POINT('',(4.0875E0,-9.276595354080E-1,0.E0));
#16054=DIRECTION('',(0.E0,-1.E0,0.E0));
#16055=DIRECTION('',(-1.E0,0.E0,0.E0));
#16056=AXIS2_PLACEMENT_3D('',#16053,#16054,#16055);
#16057=PLANE('',#16056);
#16058=ORIENTED_EDGE('',*,*,#9019,.F.);
#16060=ORIENTED_EDGE('',*,*,#16059,.T.);
#16061=ORIENTED_EDGE('',*,*,#11287,.T.);
#16062=ORIENTED_EDGE('',*,*,#16046,.F.);
#16063=EDGE_LOOP('',(#16058,#16060,#16061,#16062));
#16064=FACE_OUTER_BOUND('',#16063,.F.);
#16066=CARTESIAN_POINT('',(4.058333277702E0,-8.085106134415E-1,0.E0));
#16067=DIRECTION('',(9.713210491251E-1,2.377717803411E-1,0.E0));
#16068=DIRECTION('',(2.377717803411E-1,-9.713210491251E-1,0.E0));
#16069=AXIS2_PLACEMENT_3D('',#16066,#16067,#16068);
#16070=PLANE('',#16069);
#16071=ORIENTED_EDGE('',*,*,#9017,.F.);
#16073=ORIENTED_EDGE('',*,*,#16072,.T.);
#16074=ORIENTED_EDGE('',*,*,#11289,.T.);
#16075=ORIENTED_EDGE('',*,*,#16059,.F.);
#16076=EDGE_LOOP('',(#16071,#16073,#16074,#16075));
#16077=FACE_OUTER_BOUND('',#16076,.F.);
#16079=CARTESIAN_POINT('',(3.941666555405E0,-6.893616914749E-1,0.E0));
#16080=DIRECTION('',(7.145102180353E-1,6.996250055017E-1,0.E0));
#16081=DIRECTION('',(6.996250055017E-1,-7.145102180353E-1,0.E0));
#16082=AXIS2_PLACEMENT_3D('',#16079,#16080,#16081);
#16083=PLANE('',#16082);
#16084=ORIENTED_EDGE('',*,*,#9015,.F.);
#16086=ORIENTED_EDGE('',*,*,#16085,.T.);
#16087=ORIENTED_EDGE('',*,*,#11291,.T.);
#16088=ORIENTED_EDGE('',*,*,#16072,.F.);
#16089=EDGE_LOOP('',(#16084,#16086,#16087,#16088));
#16090=FACE_OUTER_BOUND('',#16089,.F.);
#16092=CARTESIAN_POINT('',(3.825E0,-6.297872304916E-1,0.E0));
#16093=DIRECTION('',(4.547774575564E-1,8.906051112017E-1,0.E0));
#16094=DIRECTION('',(8.906051112017E-1,-4.547774575564E-1,0.E0));
#16095=AXIS2_PLACEMENT_3D('',#16092,#16093,#16094);
#16096=PLANE('',#16095);
#16097=ORIENTED_EDGE('',*,*,#9013,.F.);
#16099=ORIENTED_EDGE('',*,*,#16098,.T.);
#16100=ORIENTED_EDGE('',*,*,#11293,.T.);
#16101=ORIENTED_EDGE('',*,*,#16085,.F.);
#16102=EDGE_LOOP('',(#16097,#16099,#16100,#16101));
#16103=FACE_OUTER_BOUND('',#16102,.F.);
#16105=CARTESIAN_POINT('',(3.620833444595E0,-6.E-1,0.E0));
#16106=DIRECTION('',(1.443683079492E-1,9.895240227806E-1,0.E0));
#16107=DIRECTION('',(9.895240227806E-1,-1.443683079492E-1,0.E0));
#16108=AXIS2_PLACEMENT_3D('',#16105,#16106,#16107);
#16109=PLANE('',#16108);
#16110=ORIENTED_EDGE('',*,*,#9011,.F.);
#16112=ORIENTED_EDGE('',*,*,#16111,.T.);
#16113=ORIENTED_EDGE('',*,*,#11295,.T.);
#16114=ORIENTED_EDGE('',*,*,#16098,.F.);
#16115=EDGE_LOOP('',(#16110,#16112,#16113,#16114));
#16116=FACE_OUTER_BOUND('',#16115,.F.);
#16118=CARTESIAN_POINT('',(3.5625E0,-6.E-1,0.E0));
#16119=DIRECTION('',(0.E0,1.E0,0.E0));
#16120=DIRECTION('',(1.E0,0.E0,0.E0));
#16121=AXIS2_PLACEMENT_3D('',#16118,#16119,#16120);
#16122=PLANE('',#16121);
#16123=ORIENTED_EDGE('',*,*,#9009,.F.);
#16125=ORIENTED_EDGE('',*,*,#16124,.T.);
#16126=ORIENTED_EDGE('',*,*,#11297,.T.);
#16127=ORIENTED_EDGE('',*,*,#16111,.F.);
#16128=EDGE_LOOP('',(#16123,#16125,#16126,#16127));
#16129=FACE_OUTER_BOUND('',#16128,.F.);
#16131=CARTESIAN_POINT('',(3.358333444595E0,-6.297872304916E-1,0.E0));
#16132=DIRECTION('',(-1.443683079492E-1,9.895240227806E-1,0.E0));
#16133=DIRECTION('',(9.895240227806E-1,1.443683079492E-1,0.E0));
#16134=AXIS2_PLACEMENT_3D('',#16131,#16132,#16133);
#16135=PLANE('',#16134);
#16136=ORIENTED_EDGE('',*,*,#9007,.F.);
#16138=ORIENTED_EDGE('',*,*,#16137,.T.);
#16139=ORIENTED_EDGE('',*,*,#11299,.T.);
#16140=ORIENTED_EDGE('',*,*,#16124,.F.);
#16141=EDGE_LOOP('',(#16136,#16138,#16139,#16140));
#16142=FACE_OUTER_BOUND('',#16141,.F.);
#16144=CARTESIAN_POINT('',(3.241666555405E0,-6.893616914749E-1,0.E0));
#16145=DIRECTION('',(-4.547764255314E-1,8.906056381928E-1,0.E0));
#16146=DIRECTION('',(8.906056381928E-1,4.547764255314E-1,0.E0));
#16147=AXIS2_PLACEMENT_3D('',#16144,#16145,#16146);
#16148=PLANE('',#16147);
#16149=ORIENTED_EDGE('',*,*,#9005,.F.);
#16151=ORIENTED_EDGE('',*,*,#16150,.T.);
#16152=ORIENTED_EDGE('',*,*,#11301,.T.);
#16153=ORIENTED_EDGE('',*,*,#16137,.F.);
#16154=EDGE_LOOP('',(#16149,#16151,#16152,#16153));
#16155=FACE_OUTER_BOUND('',#16154,.F.);
#16157=CARTESIAN_POINT('',(3.125E0,-8.085106134415E-1,0.E0));
#16158=DIRECTION('',(-7.145107183351E-1,6.996244945571E-1,0.E0));
#16159=DIRECTION('',(6.996244945571E-1,7.145107183351E-1,0.E0));
#16160=AXIS2_PLACEMENT_3D('',#16157,#16158,#16159);
#16161=PLANE('',#16160);
#16162=ORIENTED_EDGE('',*,*,#9003,.F.);
#16164=ORIENTED_EDGE('',*,*,#16163,.T.);
#16165=ORIENTED_EDGE('',*,*,#11303,.T.);
#16166=ORIENTED_EDGE('',*,*,#16150,.F.);
#16167=EDGE_LOOP('',(#16162,#16164,#16165,#16166));
#16168=FACE_OUTER_BOUND('',#16167,.F.);
#16170=CARTESIAN_POINT('',(3.095833444595E0,-9.276595354080E-1,0.E0));
#16171=DIRECTION('',(-9.713213633444E-1,2.377704967206E-1,0.E0));
#16172=DIRECTION('',(2.377704967206E-1,9.713213633444E-1,0.E0));
#16173=AXIS2_PLACEMENT_3D('',#16170,#16171,#16172);
#16174=PLANE('',#16173);
#16175=ORIENTED_EDGE('',*,*,#9001,.F.);
#16177=ORIENTED_EDGE('',*,*,#16176,.T.);
#16178=ORIENTED_EDGE('',*,*,#11305,.T.);
#16179=ORIENTED_EDGE('',*,*,#16163,.F.);
#16180=EDGE_LOOP('',(#16175,#16177,#16178,#16179));
#16181=FACE_OUTER_BOUND('',#16180,.F.);
#16183=CARTESIAN_POINT('',(3.095833444595E0,-9.872340798378E-1,0.E0));
#16184=DIRECTION('',(-1.E0,0.E0,0.E0));
#16185=DIRECTION('',(0.E0,1.E0,0.E0));
#16186=AXIS2_PLACEMENT_3D('',#16183,#16184,#16185);
#16187=PLANE('',#16186);
#16188=ORIENTED_EDGE('',*,*,#8999,.F.);
#16190=ORIENTED_EDGE('',*,*,#16189,.T.);
#16191=ORIENTED_EDGE('',*,*,#11307,.T.);
#16192=ORIENTED_EDGE('',*,*,#16176,.F.);
#16193=EDGE_LOOP('',(#16188,#16190,#16191,#16192));
#16194=FACE_OUTER_BOUND('',#16193,.F.);
#16196=CARTESIAN_POINT('',(3.125E0,-1.106383001804E0,0.E0));
#16197=DIRECTION('',(-9.713213633444E-1,-2.377704967206E-1,0.E0));
#16198=DIRECTION('',(-2.377704967206E-1,9.713213633444E-1,0.E0));
#16199=AXIS2_PLACEMENT_3D('',#16196,#16197,#16198);
#16200=PLANE('',#16199);
#16201=ORIENTED_EDGE('',*,*,#8997,.F.);
#16203=ORIENTED_EDGE('',*,*,#16202,.T.);
#16204=ORIENTED_EDGE('',*,*,#11309,.T.);
#16205=ORIENTED_EDGE('',*,*,#16189,.F.);
#16206=EDGE_LOOP('',(#16201,#16203,#16204,#16205));
#16207=FACE_OUTER_BOUND('',#16206,.F.);
#16209=CARTESIAN_POINT('',(3.183333444595E0,-1.195744693279E0,0.E0));
#16210=DIRECTION('',(-8.373786433120E-1,-5.466232777014E-1,0.E0));
#16211=DIRECTION('',(-5.466232777014E-1,8.373786433120E-1,0.E0));
#16212=AXIS2_PLACEMENT_3D('',#16209,#16210,#16211);
#16213=PLANE('',#16212);
#16214=ORIENTED_EDGE('',*,*,#8995,.F.);
#16216=ORIENTED_EDGE('',*,*,#16215,.T.);
#16217=ORIENTED_EDGE('',*,*,#11311,.T.);
#16218=ORIENTED_EDGE('',*,*,#16202,.F.);
#16219=EDGE_LOOP('',(#16214,#16216,#16217,#16218));
#16220=FACE_OUTER_BOUND('',#16219,.F.);
#16222=CARTESIAN_POINT('',(3.3E0,-1.285106384754E0,0.E0));
#16223=DIRECTION('',(-6.080771975856E-1,-7.938779010506E-1,0.E0));
#16224=DIRECTION('',(-7.938779010506E-1,6.080771975856E-1,0.E0));
#16225=AXIS2_PLACEMENT_3D('',#16222,#16223,#16224);
#16226=PLANE('',#16225);
#16227=ORIENTED_EDGE('',*,*,#8993,.F.);
#16229=ORIENTED_EDGE('',*,*,#16228,.T.);
#16230=ORIENTED_EDGE('',*,*,#11313,.T.);
#16231=ORIENTED_EDGE('',*,*,#16215,.F.);
#16232=EDGE_LOOP('',(#16227,#16229,#16230,#16231));
#16233=FACE_OUTER_BOUND('',#16232,.F.);
#16235=CARTESIAN_POINT('',(3.154166555405E0,-1.344680845737E0,0.E0));
#16236=DIRECTION('',(-3.781723472146E-1,9.257352082546E-1,0.E0));
#16237=DIRECTION('',(9.257352082546E-1,3.781723472146E-1,0.E0));
#16238=AXIS2_PLACEMENT_3D('',#16235,#16236,#16237);
#16239=PLANE('',#16238);
#16240=ORIENTED_EDGE('',*,*,#8991,.F.);
#16242=ORIENTED_EDGE('',*,*,#16241,.T.);
#16243=ORIENTED_EDGE('',*,*,#11315,.T.);
#16244=ORIENTED_EDGE('',*,*,#16228,.F.);
#16245=EDGE_LOOP('',(#16240,#16242,#16243,#16244));
#16246=FACE_OUTER_BOUND('',#16245,.F.);
#16248=CARTESIAN_POINT('',(3.095833444595E0,-1.434042537212E0,0.E0));
#16249=DIRECTION('',(-8.373800750004E-1,5.466210844748E-1,0.E0));
#16250=DIRECTION('',(5.466210844748E-1,8.373800750004E-1,0.E0));
#16251=AXIS2_PLACEMENT_3D('',#16248,#16249,#16250);
#16252=PLANE('',#16251);
#16253=ORIENTED_EDGE('',*,*,#8989,.F.);
#16255=ORIENTED_EDGE('',*,*,#16254,.T.);
#16256=ORIENTED_EDGE('',*,*,#11317,.T.);
#16257=ORIENTED_EDGE('',*,*,#16241,.F.);
#16258=EDGE_LOOP('',(#16253,#16255,#16256,#16257));
#16259=FACE_OUTER_BOUND('',#16258,.F.);
#16261=CARTESIAN_POINT('',(3.066666555405E0,-1.553191500902E0,0.E0));
#16262=DIRECTION('',(-9.713207541341E-1,2.377729854050E-1,0.E0));
#16263=DIRECTION('',(2.377729854050E-1,9.713207541341E-1,0.E0));
#16264=AXIS2_PLACEMENT_3D('',#16261,#16262,#16263);
#16265=PLANE('',#16264);
#16266=ORIENTED_EDGE('',*,*,#8987,.F.);
#16268=ORIENTED_EDGE('',*,*,#16267,.T.);
#16269=ORIENTED_EDGE('',*,*,#11319,.T.);
#16270=ORIENTED_EDGE('',*,*,#16254,.F.);
#16271=EDGE_LOOP('',(#16266,#16268,#16269,#16270));
#16272=FACE_OUTER_BOUND('',#16271,.F.);
#16274=CARTESIAN_POINT('',(3.066666555405E0,-1.672340422869E0,0.E0));
#16275=DIRECTION('',(-1.E0,0.E0,0.E0));
#16276=DIRECTION('',(0.E0,1.E0,0.E0));
#16277=AXIS2_PLACEMENT_3D('',#16274,#16275,#16276);
#16278=PLANE('',#16277);
#16279=ORIENTED_EDGE('',*,*,#8985,.F.);
#16281=ORIENTED_EDGE('',*,*,#16280,.T.);
#16282=ORIENTED_EDGE('',*,*,#11321,.T.);
#16283=ORIENTED_EDGE('',*,*,#16267,.F.);
#16284=EDGE_LOOP('',(#16279,#16281,#16282,#16283));
#16285=FACE_OUTER_BOUND('',#16284,.F.);
#16287=CARTESIAN_POINT('',(3.095833444595E0,-1.761702135205E0,0.E0));
#16288=DIRECTION('',(-9.506445152164E-1,-3.102821388495E-1,0.E0));
#16289=DIRECTION('',(-3.102821388495E-1,9.506445152164E-1,0.E0));
#16290=AXIS2_PLACEMENT_3D('',#16287,#16288,#16289);
#16291=PLANE('',#16290);
#16292=ORIENTED_EDGE('',*,*,#8983,.F.);
#16293=ORIENTED_EDGE('',*,*,#15567,.T.);
#16294=ORIENTED_EDGE('',*,*,#11323,.T.);
#16295=ORIENTED_EDGE('',*,*,#16280,.F.);
#16296=EDGE_LOOP('',(#16292,#16293,#16294,#16295));
#16297=FACE_OUTER_BOUND('',#16296,.F.);
#16299=CARTESIAN_POINT('',(2.483333444595E0,-2.E0,0.E0));
#16300=DIRECTION('',(-1.E0,0.E0,0.E0));
#16301=DIRECTION('',(0.E0,1.E0,0.E0));
#16302=AXIS2_PLACEMENT_3D('',#16299,#16300,#16301);
#16303=PLANE('',#16302);
#16304=ORIENTED_EDGE('',*,*,#9097,.F.);
#16306=ORIENTED_EDGE('',*,*,#16305,.T.);
#16307=ORIENTED_EDGE('',*,*,#11333,.T.);
#16309=ORIENTED_EDGE('',*,*,#16308,.F.);
#16310=EDGE_LOOP('',(#16304,#16306,#16307,#16309));
#16311=FACE_OUTER_BOUND('',#16310,.F.);
#16313=CARTESIAN_POINT('',(2.658333444595E0,-2.E0,0.E0));
#16314=DIRECTION('',(0.E0,-1.E0,0.E0));
#16315=DIRECTION('',(-1.E0,0.E0,0.E0));
#16316=AXIS2_PLACEMENT_3D('',#16313,#16314,#16315);
#16317=PLANE('',#16316);
#16318=ORIENTED_EDGE('',*,*,#9109,.F.);
#16320=ORIENTED_EDGE('',*,*,#16319,.T.);
#16321=ORIENTED_EDGE('',*,*,#11335,.T.);
#16322=ORIENTED_EDGE('',*,*,#16305,.F.);
#16323=EDGE_LOOP('',(#16318,#16320,#16321,#16322));
#16324=FACE_OUTER_BOUND('',#16323,.F.);
#16326=CARTESIAN_POINT('',(2.658333444595E0,-8.382978439331E-1,0.E0));
#16327=DIRECTION('',(1.E0,0.E0,0.E0));
#16328=DIRECTION('',(0.E0,-1.E0,0.E0));
#16329=AXIS2_PLACEMENT_3D('',#16326,#16327,#16328);
#16330=PLANE('',#16329);
#16331=ORIENTED_EDGE('',*,*,#9107,.F.);
#16333=ORIENTED_EDGE('',*,*,#16332,.T.);
#16334=ORIENTED_EDGE('',*,*,#11337,.T.);
#16335=ORIENTED_EDGE('',*,*,#16319,.F.);
#16336=EDGE_LOOP('',(#16331,#16333,#16334,#16335));
#16337=FACE_OUTER_BOUND('',#16336,.F.);
#16339=CARTESIAN_POINT('',(2.833333444595E0,-1.046808540821E0,0.E0));
#16340=DIRECTION('',(-7.659743427825E-1,-6.428711427642E-1,0.E0));
#16341=DIRECTION('',(-6.428711427642E-1,7.659743427825E-1,0.E0));
#16342=AXIS2_PLACEMENT_3D('',#16339,#16340,#16341);
#16343=PLANE('',#16342);
#16344=ORIENTED_EDGE('',*,*,#9105,.F.);
#16346=ORIENTED_EDGE('',*,*,#16345,.T.);
#16347=ORIENTED_EDGE('',*,*,#11339,.T.);
#16348=ORIENTED_EDGE('',*,*,#16332,.F.);
#16349=EDGE_LOOP('',(#16344,#16346,#16347,#16348));
#16350=FACE_OUTER_BOUND('',#16349,.F.);
#16352=CARTESIAN_POINT('',(2.833333444595E0,-8.085106134415E-1,0.E0));
#16353=DIRECTION('',(1.E0,0.E0,0.E0));
#16354=DIRECTION('',(0.E0,-1.E0,0.E0));
#16355=AXIS2_PLACEMENT_3D('',#16352,#16353,#16354);
#16356=PLANE('',#16355);
#16357=ORIENTED_EDGE('',*,*,#9103,.F.);
#16359=ORIENTED_EDGE('',*,*,#16358,.T.);
#16360=ORIENTED_EDGE('',*,*,#11341,.T.);
#16361=ORIENTED_EDGE('',*,*,#16345,.F.);
#16362=EDGE_LOOP('',(#16357,#16359,#16360,#16361));
#16363=FACE_OUTER_BOUND('',#16362,.F.);
#16365=CARTESIAN_POINT('',(2.658333444595E0,-6.E-1,0.E0));
#16366=DIRECTION('',(7.659742160926E-1,6.428712937139E-1,0.E0));
#16367=DIRECTION('',(6.428712937139E-1,-7.659742160926E-1,0.E0));
#16368=AXIS2_PLACEMENT_3D('',#16365,#16366,#16367);
#16369=PLANE('',#16368);
#16370=ORIENTED_EDGE('',*,*,#9101,.F.);
#16372=ORIENTED_EDGE('',*,*,#16371,.T.);
#16373=ORIENTED_EDGE('',*,*,#11343,.T.);
#16374=ORIENTED_EDGE('',*,*,#16358,.F.);
#16375=EDGE_LOOP('',(#16370,#16372,#16373,#16374));
#16376=FACE_OUTER_BOUND('',#16375,.F.);
#16378=CARTESIAN_POINT('',(2.483333444595E0,-6.E-1,0.E0));
#16379=DIRECTION('',(0.E0,1.E0,0.E0));
#16380=DIRECTION('',(1.E0,0.E0,0.E0));
#16381=AXIS2_PLACEMENT_3D('',#16378,#16379,#16380);
#16382=PLANE('',#16381);
#16383=ORIENTED_EDGE('',*,*,#9099,.F.);
#16384=ORIENTED_EDGE('',*,*,#16308,.T.);
#16385=ORIENTED_EDGE('',*,*,#11345,.T.);
#16386=ORIENTED_EDGE('',*,*,#16371,.F.);
#16387=EDGE_LOOP('',(#16383,#16384,#16385,#16386));
#16388=FACE_OUTER_BOUND('',#16387,.F.);
#16390=CARTESIAN_POINT('',(2.25E0,-1.165957462788E0,0.E0));
#16391=DIRECTION('',(1.E0,0.E0,0.E0));
#16392=DIRECTION('',(0.E0,-1.E0,0.E0));
#16393=AXIS2_PLACEMENT_3D('',#16390,#16391,#16392);
#16394=PLANE('',#16393);
#16395=ORIENTED_EDGE('',*,*,#9113,.F.);
#16397=ORIENTED_EDGE('',*,*,#16396,.T.);
#16398=ORIENTED_EDGE('',*,*,#11355,.T.);
#16400=ORIENTED_EDGE('',*,*,#16399,.F.);
#16401=EDGE_LOOP('',(#16395,#16397,#16398,#16400));
#16402=FACE_OUTER_BOUND('',#16401,.F.);
#16404=CARTESIAN_POINT('',(2.220833444595E0,-1.017021310329E0,0.E0));
#16405=DIRECTION('',(9.813592727596E-1,1.921821473726E-1,0.E0));
#16406=DIRECTION('',(1.921821473726E-1,-9.813592727596E-1,0.E0));
#16407=AXIS2_PLACEMENT_3D('',#16404,#16405,#16406);
#16408=PLANE('',#16407);
#16409=ORIENTED_EDGE('',*,*,#9163,.F.);
#16411=ORIENTED_EDGE('',*,*,#16410,.T.);
#16412=ORIENTED_EDGE('',*,*,#11357,.T.);
#16413=ORIENTED_EDGE('',*,*,#16396,.F.);
#16414=EDGE_LOOP('',(#16409,#16411,#16412,#16413));
#16415=FACE_OUTER_BOUND('',#16414,.F.);
#16417=CARTESIAN_POINT('',(2.191666555405E0,-9.276595354080E-1,0.E0));
#16418=DIRECTION('',(9.506445793151E-1,3.102819424634E-1,0.E0));
#16419=DIRECTION('',(3.102819424634E-1,-9.506445793151E-1,0.E0));
#16420=AXIS2_PLACEMENT_3D('',#16417,#16418,#16419);
#16421=PLANE('',#16420);
#16422=ORIENTED_EDGE('',*,*,#9161,.F.);
#16424=ORIENTED_EDGE('',*,*,#16423,.T.);
#16425=ORIENTED_EDGE('',*,*,#11359,.T.);
#16426=ORIENTED_EDGE('',*,*,#16410,.F.);
#16427=EDGE_LOOP('',(#16422,#16424,#16425,#16426));
#16428=FACE_OUTER_BOUND('',#16427,.F.);
#16430=CARTESIAN_POINT('',(2.133333444595E0,-8.085106134415E-1,0.E0));
#16431=DIRECTION('',(8.981387596046E-1,4.397121427660E-1,0.E0));
#16432=DIRECTION('',(4.397121427660E-1,-8.981387596046E-1,0.E0));
#16433=AXIS2_PLACEMENT_3D('',#16430,#16431,#16432);
#16434=PLANE('',#16433);
#16435=ORIENTED_EDGE('',*,*,#9159,.F.);
#16437=ORIENTED_EDGE('',*,*,#16436,.T.);
#16438=ORIENTED_EDGE('',*,*,#11361,.T.);
#16439=ORIENTED_EDGE('',*,*,#16423,.F.);
#16440=EDGE_LOOP('',(#16435,#16437,#16438,#16439));
#16441=FACE_OUTER_BOUND('',#16440,.F.);
#16443=CARTESIAN_POINT('',(2.045833444595E0,-7.191489219666E-1,0.E0));
#16444=DIRECTION('',(7.145103848018E-1,6.996248351869E-1,0.E0));
#16445=DIRECTION('',(6.996248351869E-1,-7.145103848018E-1,0.E0));
#16446=AXIS2_PLACEMENT_3D('',#16443,#16444,#16445);
#16447=PLANE('',#16446);
#16448=ORIENTED_EDGE('',*,*,#9157,.F.);
#16450=ORIENTED_EDGE('',*,*,#16449,.T.);
#16451=ORIENTED_EDGE('',*,*,#11363,.T.);
#16452=ORIENTED_EDGE('',*,*,#16436,.F.);
#16453=EDGE_LOOP('',(#16448,#16450,#16451,#16452));
#16454=FACE_OUTER_BOUND('',#16453,.F.);
#16456=CARTESIAN_POINT('',(1.9E0,-6.297872304916E-1,0.E0));
#16457=DIRECTION('',(5.224766387895E-1,8.526536001913E-1,0.E0));
#16458=DIRECTION('',(8.526536001913E-1,-5.224766387895E-1,0.E0));
#16459=AXIS2_PLACEMENT_3D('',#16456,#16457,#16458);
#16460=PLANE('',#16459);
#16461=ORIENTED_EDGE('',*,*,#9155,.F.);
#16463=ORIENTED_EDGE('',*,*,#16462,.T.);
#16464=ORIENTED_EDGE('',*,*,#11365,.T.);
#16465=ORIENTED_EDGE('',*,*,#16449,.F.);
#16466=EDGE_LOOP('',(#16461,#16463,#16464,#16465));
#16467=FACE_OUTER_BOUND('',#16466,.F.);
#16469=CARTESIAN_POINT('',(1.725E0,-6.E-1,0.E0));
#16470=DIRECTION('',(1.677993286083E-1,9.858211730931E-1,0.E0));
#16471=DIRECTION('',(9.858211730931E-1,-1.677993286083E-1,0.E0));
#16472=AXIS2_PLACEMENT_3D('',#16469,#16470,#16471);
#16473=PLANE('',#16472);
#16474=ORIENTED_EDGE('',*,*,#9153,.F.);
#16476=ORIENTED_EDGE('',*,*,#16475,.T.);
#16477=ORIENTED_EDGE('',*,*,#11367,.T.);
#16478=ORIENTED_EDGE('',*,*,#16462,.F.);
#16479=EDGE_LOOP('',(#16474,#16476,#16477,#16478));
#16480=FACE_OUTER_BOUND('',#16479,.F.);
#16482=CARTESIAN_POINT('',(1.55E0,-6.297872304916E-1,0.E0));
#16483=DIRECTION('',(-1.677993286083E-1,9.858211730931E-1,0.E0));
#16484=DIRECTION('',(9.858211730931E-1,1.677993286083E-1,0.E0));
#16485=AXIS2_PLACEMENT_3D('',#16482,#16483,#16484);
#16486=PLANE('',#16485);
#16487=ORIENTED_EDGE('',*,*,#9151,.F.);
#16489=ORIENTED_EDGE('',*,*,#16488,.T.);
#16490=ORIENTED_EDGE('',*,*,#11369,.T.);
#16491=ORIENTED_EDGE('',*,*,#16475,.F.);
#16492=EDGE_LOOP('',(#16487,#16489,#16490,#16491));
#16493=FACE_OUTER_BOUND('',#16492,.F.);
#16495=CARTESIAN_POINT('',(1.404166555405E0,-7.191489219666E-1,0.E0));
#16496=DIRECTION('',(-5.224766387895E-1,8.526536001913E-1,0.E0));
#16497=DIRECTION('',(8.526536001913E-1,5.224766387895E-1,0.E0));
#16498=AXIS2_PLACEMENT_3D('',#16495,#16496,#16497);
#16499=PLANE('',#16498);
#16500=ORIENTED_EDGE('',*,*,#9149,.F.);
#16502=ORIENTED_EDGE('',*,*,#16501,.T.);
#16503=ORIENTED_EDGE('',*,*,#11371,.T.);
#16504=ORIENTED_EDGE('',*,*,#16488,.F.);
#16505=EDGE_LOOP('',(#16500,#16502,#16503,#16504));
#16506=FACE_OUTER_BOUND('',#16505,.F.);
#16508=CARTESIAN_POINT('',(1.316666555405E0,-8.085106134415E-1,0.E0));
#16509=DIRECTION('',(-7.145103848018E-1,6.996248351869E-1,0.E0));
#16510=DIRECTION('',(6.996248351869E-1,7.145103848018E-1,0.E0));
#16511=AXIS2_PLACEMENT_3D('',#16508,#16509,#16510);
#16512=PLANE('',#16511);
#16513=ORIENTED_EDGE('',*,*,#9147,.F.);
#16515=ORIENTED_EDGE('',*,*,#16514,.T.);
#16516=ORIENTED_EDGE('',*,*,#11373,.T.);
#16517=ORIENTED_EDGE('',*,*,#16501,.F.);
#16518=EDGE_LOOP('',(#16513,#16515,#16516,#16517));
#16519=FACE_OUTER_BOUND('',#16518,.F.);
#16521=CARTESIAN_POINT('',(1.258333444595E0,-9.276595354080E-1,0.E0));
#16522=DIRECTION('',(-8.981387596046E-1,4.397121427660E-1,0.E0));
#16523=DIRECTION('',(4.397121427660E-1,8.981387596046E-1,0.E0));
#16524=AXIS2_PLACEMENT_3D('',#16521,#16522,#16523);
#16525=PLANE('',#16524);
#16526=ORIENTED_EDGE('',*,*,#9145,.F.);
#16528=ORIENTED_EDGE('',*,*,#16527,.T.);
#16529=ORIENTED_EDGE('',*,*,#11375,.T.);
#16530=ORIENTED_EDGE('',*,*,#16514,.F.);
#16531=EDGE_LOOP('',(#16526,#16528,#16529,#16530));
#16532=FACE_OUTER_BOUND('',#16531,.F.);
#16534=CARTESIAN_POINT('',(1.229166555405E0,-1.017021310329E0,0.E0));
#16535=DIRECTION('',(-9.506445793151E-1,3.102819424634E-1,0.E0));
#16536=DIRECTION('',(3.102819424634E-1,9.506445793151E-1,0.E0));
#16537=AXIS2_PLACEMENT_3D('',#16534,#16535,#16536);
#16538=PLANE('',#16537);
#16539=ORIENTED_EDGE('',*,*,#9143,.F.);
#16541=ORIENTED_EDGE('',*,*,#16540,.T.);
#16542=ORIENTED_EDGE('',*,*,#11377,.T.);
#16543=ORIENTED_EDGE('',*,*,#16527,.F.);
#16544=EDGE_LOOP('',(#16539,#16541,#16542,#16543));
#16545=FACE_OUTER_BOUND('',#16544,.F.);
#16547=CARTESIAN_POINT('',(1.2E0,-1.165957462788E0,0.E0));
#16548=DIRECTION('',(-9.813592727596E-1,1.921821473726E-1,0.E0));
#16549=DIRECTION('',(1.921821473726E-1,9.813592727596E-1,0.E0));
#16550=AXIS2_PLACEMENT_3D('',#16547,#16548,#16549);
#16551=PLANE('',#16550);
#16552=ORIENTED_EDGE('',*,*,#9141,.F.);
#16554=ORIENTED_EDGE('',*,*,#16553,.T.);
#16555=ORIENTED_EDGE('',*,*,#11379,.T.);
#16556=ORIENTED_EDGE('',*,*,#16540,.F.);
#16557=EDGE_LOOP('',(#16552,#16554,#16555,#16556));
#16558=FACE_OUTER_BOUND('',#16557,.F.);
#16560=CARTESIAN_POINT('',(1.2E0,-1.434042537212E0,0.E0));
#16561=DIRECTION('',(-1.E0,0.E0,0.E0));
#16562=DIRECTION('',(0.E0,1.E0,0.E0));
#16563=AXIS2_PLACEMENT_3D('',#16560,#16561,#16562);
#16564=PLANE('',#16563);
#16565=ORIENTED_EDGE('',*,*,#9139,.F.);
#16567=ORIENTED_EDGE('',*,*,#16566,.T.);
#16568=ORIENTED_EDGE('',*,*,#11381,.T.);
#16569=ORIENTED_EDGE('',*,*,#16553,.F.);
#16570=EDGE_LOOP('',(#16565,#16567,#16568,#16569));
#16571=FACE_OUTER_BOUND('',#16570,.F.);
#16573=CARTESIAN_POINT('',(1.229166555405E0,-1.582978731394E0,0.E0));
#16574=DIRECTION('',(-9.813592829135E-1,-1.921820955228E-1,0.E0));
#16575=DIRECTION('',(-1.921820955228E-1,9.813592829135E-1,0.E0));
#16576=AXIS2_PLACEMENT_3D('',#16573,#16574,#16575);
#16577=PLANE('',#16576);
#16578=ORIENTED_EDGE('',*,*,#9137,.F.);
#16580=ORIENTED_EDGE('',*,*,#16579,.T.);
#16581=ORIENTED_EDGE('',*,*,#11383,.T.);
#16582=ORIENTED_EDGE('',*,*,#16566,.F.);
#16583=EDGE_LOOP('',(#16578,#16580,#16581,#16582));
#16584=FACE_OUTER_BOUND('',#16583,.F.);
#16586=CARTESIAN_POINT('',(1.258333444595E0,-1.672340422869E0,0.E0));
#16587=DIRECTION('',(-9.506444938501E-1,-3.102822043116E-1,0.E0));
#16588=DIRECTION('',(-3.102822043116E-1,9.506444938501E-1,0.E0));
#16589=AXIS2_PLACEMENT_3D('',#16586,#16587,#16588);
#16590=PLANE('',#16589);
#16591=ORIENTED_EDGE('',*,*,#9135,.F.);
#16593=ORIENTED_EDGE('',*,*,#16592,.T.);
#16594=ORIENTED_EDGE('',*,*,#11385,.T.);
#16595=ORIENTED_EDGE('',*,*,#16579,.F.);
#16596=EDGE_LOOP('',(#16591,#16593,#16594,#16595));
#16597=FACE_OUTER_BOUND('',#16596,.F.);
#16599=CARTESIAN_POINT('',(1.316666555405E0,-1.791489365697E0,0.E0));
#16600=DIRECTION('',(-8.981387900092E-1,-4.397120806629E-1,0.E0));
#16601=DIRECTION('',(-4.397120806629E-1,8.981387900092E-1,0.E0));
#16602=AXIS2_PLACEMENT_3D('',#16599,#16600,#16601);
#16603=PLANE('',#16602);
#16604=ORIENTED_EDGE('',*,*,#9133,.F.);
#16606=ORIENTED_EDGE('',*,*,#16605,.T.);
#16607=ORIENTED_EDGE('',*,*,#11387,.T.);
#16608=ORIENTED_EDGE('',*,*,#16592,.F.);
#16609=EDGE_LOOP('',(#16604,#16606,#16607,#16608));
#16610=FACE_OUTER_BOUND('',#16609,.F.);
#16612=CARTESIAN_POINT('',(1.404166555405E0,-1.880851067603E0,0.E0));
#16613=DIRECTION('',(-7.145104256249E-1,-6.996247934953E-1,0.E0));
#16614=DIRECTION('',(-6.996247934953E-1,7.145104256249E-1,0.E0));
#16615=AXIS2_PLACEMENT_3D('',#16612,#16613,#16614);
#16616=PLANE('',#16615);
#16617=ORIENTED_EDGE('',*,*,#9131,.F.);
#16619=ORIENTED_EDGE('',*,*,#16618,.T.);
#16620=ORIENTED_EDGE('',*,*,#11389,.T.);
#16621=ORIENTED_EDGE('',*,*,#16605,.F.);
#16622=EDGE_LOOP('',(#16617,#16619,#16620,#16621));
#16623=FACE_OUTER_BOUND('',#16622,.F.);
#16625=CARTESIAN_POINT('',(1.55E0,-1.970212766901E0,0.E0));
#16626=DIRECTION('',(-5.224766720432E-1,-8.526535798146E-1,0.E0));
#16627=DIRECTION('',(-8.526535798146E-1,5.224766720432E-1,0.E0));
#16628=AXIS2_PLACEMENT_3D('',#16625,#16626,#16627);
#16629=PLANE('',#16628);
#16630=ORIENTED_EDGE('',*,*,#9129,.F.);
#16632=ORIENTED_EDGE('',*,*,#16631,.T.);
#16633=ORIENTED_EDGE('',*,*,#11391,.T.);
#16634=ORIENTED_EDGE('',*,*,#16618,.F.);
#16635=EDGE_LOOP('',(#16630,#16632,#16633,#16634));
#16636=FACE_OUTER_BOUND('',#16635,.F.);
#16638=CARTESIAN_POINT('',(1.725E0,-2.E0,0.E0));
#16639=DIRECTION('',(-1.677993428846E-1,-9.858211706631E-1,0.E0));
#16640=DIRECTION('',(-9.858211706631E-1,1.677993428846E-1,0.E0));
#16641=AXIS2_PLACEMENT_3D('',#16638,#16639,#16640);
#16642=PLANE('',#16641);
#16643=ORIENTED_EDGE('',*,*,#9127,.F.);
#16645=ORIENTED_EDGE('',*,*,#16644,.T.);
#16646=ORIENTED_EDGE('',*,*,#11393,.T.);
#16647=ORIENTED_EDGE('',*,*,#16631,.F.);
#16648=EDGE_LOOP('',(#16643,#16645,#16646,#16647));
#16649=FACE_OUTER_BOUND('',#16648,.F.);
#16651=CARTESIAN_POINT('',(1.9E0,-1.970212766901E0,0.E0));
#16652=DIRECTION('',(1.677993428846E-1,-9.858211706631E-1,0.E0));
#16653=DIRECTION('',(-9.858211706631E-1,-1.677993428846E-1,0.E0));
#16654=AXIS2_PLACEMENT_3D('',#16651,#16652,#16653);
#16655=PLANE('',#16654);
#16656=ORIENTED_EDGE('',*,*,#9125,.F.);
#16658=ORIENTED_EDGE('',*,*,#16657,.T.);
#16659=ORIENTED_EDGE('',*,*,#11395,.T.);
#16660=ORIENTED_EDGE('',*,*,#16644,.F.);
#16661=EDGE_LOOP('',(#16656,#16658,#16659,#16660));
#16662=FACE_OUTER_BOUND('',#16661,.F.);
#16664=CARTESIAN_POINT('',(2.045833444595E0,-1.880851067603E0,0.E0));
#16665=DIRECTION('',(5.224766720432E-1,-8.526535798146E-1,0.E0));
#16666=DIRECTION('',(-8.526535798146E-1,-5.224766720432E-1,0.E0));
#16667=AXIS2_PLACEMENT_3D('',#16664,#16665,#16666);
#16668=PLANE('',#16667);
#16669=ORIENTED_EDGE('',*,*,#9123,.F.);
#16671=ORIENTED_EDGE('',*,*,#16670,.T.);
#16672=ORIENTED_EDGE('',*,*,#11397,.T.);
#16673=ORIENTED_EDGE('',*,*,#16657,.F.);
#16674=EDGE_LOOP('',(#16669,#16671,#16672,#16673));
#16675=FACE_OUTER_BOUND('',#16674,.F.);
#16677=CARTESIAN_POINT('',(2.133333444595E0,-1.791489365697E0,0.E0));
#16678=DIRECTION('',(7.145104256249E-1,-6.996247934953E-1,0.E0));
#16679=DIRECTION('',(-6.996247934953E-1,-7.145104256249E-1,0.E0));
#16680=AXIS2_PLACEMENT_3D('',#16677,#16678,#16679);
#16681=PLANE('',#16680);
#16682=ORIENTED_EDGE('',*,*,#9121,.F.);
#16684=ORIENTED_EDGE('',*,*,#16683,.T.);
#16685=ORIENTED_EDGE('',*,*,#11399,.T.);
#16686=ORIENTED_EDGE('',*,*,#16670,.F.);
#16687=EDGE_LOOP('',(#16682,#16684,#16685,#16686));
#16688=FACE_OUTER_BOUND('',#16687,.F.);
#16690=CARTESIAN_POINT('',(2.191666555405E0,-1.672340422869E0,0.E0));
#16691=DIRECTION('',(8.981387900092E-1,-4.397120806629E-1,0.E0));
#16692=DIRECTION('',(-4.397120806629E-1,-8.981387900092E-1,0.E0));
#16693=AXIS2_PLACEMENT_3D('',#16690,#16691,#16692);
#16694=PLANE('',#16693);
#16695=ORIENTED_EDGE('',*,*,#9119,.F.);
#16697=ORIENTED_EDGE('',*,*,#16696,.T.);
#16698=ORIENTED_EDGE('',*,*,#11401,.T.);
#16699=ORIENTED_EDGE('',*,*,#16683,.F.);
#16700=EDGE_LOOP('',(#16695,#16697,#16698,#16699));
#16701=FACE_OUTER_BOUND('',#16700,.F.);
#16703=CARTESIAN_POINT('',(2.220833444595E0,-1.582978731394E0,0.E0));
#16704=DIRECTION('',(9.506444938501E-1,-3.102822043116E-1,0.E0));
#16705=DIRECTION('',(-3.102822043116E-1,-9.506444938501E-1,0.E0));
#16706=AXIS2_PLACEMENT_3D('',#16703,#16704,#16705);
#16707=PLANE('',#16706);
#16708=ORIENTED_EDGE('',*,*,#9117,.F.);
#16710=ORIENTED_EDGE('',*,*,#16709,.T.);
#16711=ORIENTED_EDGE('',*,*,#11403,.T.);
#16712=ORIENTED_EDGE('',*,*,#16696,.F.);
#16713=EDGE_LOOP('',(#16708,#16710,#16711,#16712));
#16714=FACE_OUTER_BOUND('',#16713,.F.);
#16716=CARTESIAN_POINT('',(2.25E0,-1.434042537212E0,0.E0));
#16717=DIRECTION('',(9.813592829135E-1,-1.921820955228E-1,0.E0));
#16718=DIRECTION('',(-1.921820955228E-1,-9.813592829135E-1,0.E0));
#16719=AXIS2_PLACEMENT_3D('',#16716,#16717,#16718);
#16720=PLANE('',#16719);
#16721=ORIENTED_EDGE('',*,*,#9115,.F.);
#16722=ORIENTED_EDGE('',*,*,#16399,.T.);
#16723=ORIENTED_EDGE('',*,*,#11405,.T.);
#16724=ORIENTED_EDGE('',*,*,#16709,.F.);
#16725=EDGE_LOOP('',(#16721,#16722,#16723,#16724));
#16726=FACE_OUTER_BOUND('',#16725,.F.);
#16728=CARTESIAN_POINT('',(2.104166555405E0,-1.195744693279E0,0.E0));
#16729=DIRECTION('',(-9.869440947885E-1,-1.610631980374E-1,0.E0));
#16730=DIRECTION('',(-1.610631980374E-1,9.869440947885E-1,0.E0));
#16731=AXIS2_PLACEMENT_3D('',#16728,#16729,#16730);
#16732=PLANE('',#16731);
#16733=ORIENTED_EDGE('',*,*,#9389,.F.);
#16735=ORIENTED_EDGE('',*,*,#16734,.T.);
#16736=ORIENTED_EDGE('',*,*,#11409,.T.);
#16738=ORIENTED_EDGE('',*,*,#16737,.F.);
#16739=EDGE_LOOP('',(#16733,#16735,#16736,#16738));
#16740=FACE_OUTER_BOUND('',#16739,.F.);
#16742=CARTESIAN_POINT('',(2.104166555405E0,-1.404255306721E0,0.E0));
#16743=DIRECTION('',(-1.E0,0.E0,0.E0));
#16744=DIRECTION('',(0.E0,1.E0,0.E0));
#16745=AXIS2_PLACEMENT_3D('',#16742,#16743,#16744);
#16746=PLANE('',#16745);
#16747=ORIENTED_EDGE('',*,*,#9423,.F.);
#16749=ORIENTED_EDGE('',*,*,#16748,.T.);
#16750=ORIENTED_EDGE('',*,*,#11411,.T.);
#16751=ORIENTED_EDGE('',*,*,#16734,.F.);
#16752=EDGE_LOOP('',(#16747,#16749,#16750,#16751));
#16753=FACE_OUTER_BOUND('',#16752,.F.);
#16755=CARTESIAN_POINT('',(2.075E0,-1.582978731394E0,0.E0));
#16756=DIRECTION('',(-9.869441007655E-1,1.610631614123E-1,0.E0));
#16757=DIRECTION('',(1.610631614123E-1,9.869441007655E-1,0.E0));
#16758=AXIS2_PLACEMENT_3D('',#16755,#16756,#16757);
#16759=PLANE('',#16758);
#16760=ORIENTED_EDGE('',*,*,#9421,.F.);
#16762=ORIENTED_EDGE('',*,*,#16761,.T.);
#16763=ORIENTED_EDGE('',*,*,#11413,.T.);
#16764=ORIENTED_EDGE('',*,*,#16748,.F.);
#16765=EDGE_LOOP('',(#16760,#16762,#16763,#16764));
#16766=FACE_OUTER_BOUND('',#16765,.F.);
#16768=CARTESIAN_POINT('',(1.958333444595E0,-1.761702135205E0,0.E0));
#16769=DIRECTION('',(-8.373793883617E-1,5.466221363492E-1,0.E0));
#16770=DIRECTION('',(5.466221363492E-1,8.373793883617E-1,0.E0));
#16771=AXIS2_PLACEMENT_3D('',#16768,#16769,#16770);
#16772=PLANE('',#16771);
#16773=ORIENTED_EDGE('',*,*,#9419,.F.);
#16775=ORIENTED_EDGE('',*,*,#16774,.T.);
#16776=ORIENTED_EDGE('',*,*,#11415,.T.);
#16777=ORIENTED_EDGE('',*,*,#16761,.F.);
#16778=EDGE_LOOP('',(#16773,#16775,#16776,#16777));
#16779=FACE_OUTER_BOUND('',#16778,.F.);
#16781=CARTESIAN_POINT('',(1.870833444595E0,-1.821276596189E0,0.E0));
#16782=DIRECTION('',(-5.627909312417E-1,8.265992787996E-1,0.E0));
#16783=DIRECTION('',(8.265992787996E-1,5.627909312417E-1,0.E0));
#16784=AXIS2_PLACEMENT_3D('',#16781,#16782,#16783);
#16785=PLANE('',#16784);
#16786=ORIENTED_EDGE('',*,*,#9417,.F.);
#16788=ORIENTED_EDGE('',*,*,#16787,.T.);
#16789=ORIENTED_EDGE('',*,*,#11417,.T.);
#16790=ORIENTED_EDGE('',*,*,#16774,.F.);
#16791=EDGE_LOOP('',(#16786,#16788,#16789,#16790));
#16792=FACE_OUTER_BOUND('',#16791,.F.);
#16794=CARTESIAN_POINT('',(1.725E0,-1.851063826680E0,0.E0));
#16795=DIRECTION('',(-2.001232084928E-1,9.797707392153E-1,0.E0));
#16796=DIRECTION('',(9.797707392153E-1,2.001232084928E-1,0.E0));
#16797=AXIS2_PLACEMENT_3D('',#16794,#16795,#16796);
#16798=PLANE('',#16797);
#16799=ORIENTED_EDGE('',*,*,#9415,.F.);
#16801=ORIENTED_EDGE('',*,*,#16800,.T.);
#16802=ORIENTED_EDGE('',*,*,#11419,.T.);
#16803=ORIENTED_EDGE('',*,*,#16787,.F.);
#16804=EDGE_LOOP('',(#16799,#16801,#16802,#16803));
#16805=FACE_OUTER_BOUND('',#16804,.F.);
#16807=CARTESIAN_POINT('',(1.579166555405E0,-1.821276596189E0,0.E0));
#16808=DIRECTION('',(2.001232084928E-1,9.797707392153E-1,0.E0));
#16809=DIRECTION('',(9.797707392153E-1,-2.001232084928E-1,0.E0));
#16810=AXIS2_PLACEMENT_3D('',#16807,#16808,#16809);
#16811=PLANE('',#16810);
#16812=ORIENTED_EDGE('',*,*,#9413,.F.);
#16814=ORIENTED_EDGE('',*,*,#16813,.T.);
#16815=ORIENTED_EDGE('',*,*,#11421,.T.);
#16816=ORIENTED_EDGE('',*,*,#16800,.F.);
#16817=EDGE_LOOP('',(#16812,#16814,#16815,#16816));
#16818=FACE_OUTER_BOUND('',#16817,.F.);
#16820=CARTESIAN_POINT('',(1.491666555405E0,-1.761702135205E0,0.E0));
#16821=DIRECTION('',(5.627909312417E-1,8.265992787996E-1,0.E0));
#16822=DIRECTION('',(8.265992787996E-1,-5.627909312417E-1,0.E0));
#16823=AXIS2_PLACEMENT_3D('',#16820,#16821,#16822);
#16824=PLANE('',#16823);
#16825=ORIENTED_EDGE('',*,*,#9411,.F.);
#16827=ORIENTED_EDGE('',*,*,#16826,.T.);
#16828=ORIENTED_EDGE('',*,*,#11423,.T.);
#16829=ORIENTED_EDGE('',*,*,#16813,.F.);
#16830=EDGE_LOOP('',(#16825,#16827,#16828,#16829));
#16831=FACE_OUTER_BOUND('',#16830,.F.);
#16833=CARTESIAN_POINT('',(1.375E0,-1.582978731394E0,0.E0));
#16834=DIRECTION('',(8.373793883617E-1,5.466221363492E-1,0.E0));
#16835=DIRECTION('',(5.466221363492E-1,-8.373793883617E-1,0.E0));
#16836=AXIS2_PLACEMENT_3D('',#16833,#16834,#16835);
#16837=PLANE('',#16836);
#16838=ORIENTED_EDGE('',*,*,#9409,.F.);
#16840=ORIENTED_EDGE('',*,*,#16839,.T.);
#16841=ORIENTED_EDGE('',*,*,#11425,.T.);
#16842=ORIENTED_EDGE('',*,*,#16826,.F.);
#16843=EDGE_LOOP('',(#16838,#16840,#16841,#16842));
#16844=FACE_OUTER_BOUND('',#16843,.F.);
#16846=CARTESIAN_POINT('',(1.345833444595E0,-1.404255306721E0,0.E0));
#16847=DIRECTION('',(9.869441007655E-1,1.610631614123E-1,0.E0));
#16848=DIRECTION('',(1.610631614123E-1,-9.869441007655E-1,0.E0));
#16849=AXIS2_PLACEMENT_3D('',#16846,#16847,#16848);
#16850=PLANE('',#16849);
#16851=ORIENTED_EDGE('',*,*,#9407,.F.);
#16853=ORIENTED_EDGE('',*,*,#16852,.T.);
#16854=ORIENTED_EDGE('',*,*,#11427,.T.);
#16855=ORIENTED_EDGE('',*,*,#16839,.F.);
#16856=EDGE_LOOP('',(#16851,#16853,#16854,#16855));
#16857=FACE_OUTER_BOUND('',#16856,.F.);
#16859=CARTESIAN_POINT('',(1.345833444595E0,-1.195744693279E0,0.E0));
#16860=DIRECTION('',(1.E0,0.E0,0.E0));
#16861=DIRECTION('',(0.E0,-1.E0,0.E0));
#16862=AXIS2_PLACEMENT_3D('',#16859,#16860,#16861);
#16863=PLANE('',#16862);
#16864=ORIENTED_EDGE('',*,*,#9405,.F.);
#16866=ORIENTED_EDGE('',*,*,#16865,.T.);
#16867=ORIENTED_EDGE('',*,*,#11429,.T.);
#16868=ORIENTED_EDGE('',*,*,#16852,.F.);
#16869=EDGE_LOOP('',(#16864,#16866,#16867,#16868));
#16870=FACE_OUTER_BOUND('',#16869,.F.);
#16872=CARTESIAN_POINT('',(1.375E0,-1.017021310329E0,0.E0));
#16873=DIRECTION('',(9.869440947885E-1,-1.610631980374E-1,0.E0));
#16874=DIRECTION('',(-1.610631980374E-1,-9.869440947885E-1,0.E0));
#16875=AXIS2_PLACEMENT_3D('',#16872,#16873,#16874);
#16876=PLANE('',#16875);
#16877=ORIENTED_EDGE('',*,*,#9403,.F.);
#16879=ORIENTED_EDGE('',*,*,#16878,.T.);
#16880=ORIENTED_EDGE('',*,*,#11431,.T.);
#16881=ORIENTED_EDGE('',*,*,#16865,.F.);
#16882=EDGE_LOOP('',(#16877,#16879,#16880,#16881));
#16883=FACE_OUTER_BOUND('',#16882,.F.);
#16885=CARTESIAN_POINT('',(1.491666555405E0,-8.382978439331E-1,0.E0));
#16886=DIRECTION('',(8.373794759779E-1,-5.466220021285E-1,0.E0));
#16887=DIRECTION('',(-5.466220021285E-1,-8.373794759779E-1,0.E0));
#16888=AXIS2_PLACEMENT_3D('',#16885,#16886,#16887);
#16889=PLANE('',#16888);
#16890=ORIENTED_EDGE('',*,*,#9401,.F.);
#16892=ORIENTED_EDGE('',*,*,#16891,.T.);
#16893=ORIENTED_EDGE('',*,*,#11433,.T.);
#16894=ORIENTED_EDGE('',*,*,#16878,.F.);
#16895=EDGE_LOOP('',(#16890,#16892,#16893,#16894));
#16896=FACE_OUTER_BOUND('',#16895,.F.);
#16898=CARTESIAN_POINT('',(1.579166555405E0,-7.787233829498E-1,0.E0));
#16899=DIRECTION('',(5.627909312417E-1,-8.265992787996E-1,0.E0));
#16900=DIRECTION('',(-8.265992787996E-1,-5.627909312417E-1,0.E0));
#16901=AXIS2_PLACEMENT_3D('',#16898,#16899,#16900);
#16902=PLANE('',#16901);
#16903=ORIENTED_EDGE('',*,*,#9399,.F.);
#16905=ORIENTED_EDGE('',*,*,#16904,.T.);
#16906=ORIENTED_EDGE('',*,*,#11435,.T.);
#16907=ORIENTED_EDGE('',*,*,#16891,.F.);
#16908=EDGE_LOOP('',(#16903,#16905,#16906,#16907));
#16909=FACE_OUTER_BOUND('',#16908,.F.);
#16911=CARTESIAN_POINT('',(1.725E0,-7.489361524582E-1,0.E0));
#16912=DIRECTION('',(2.001232084928E-1,-9.797707392153E-1,0.E0));
#16913=DIRECTION('',(-9.797707392153E-1,-2.001232084928E-1,0.E0));
#16914=AXIS2_PLACEMENT_3D('',#16911,#16912,#16913);
#16915=PLANE('',#16914);
#16916=ORIENTED_EDGE('',*,*,#9397,.F.);
#16918=ORIENTED_EDGE('',*,*,#16917,.T.);
#16919=ORIENTED_EDGE('',*,*,#11437,.T.);
#16920=ORIENTED_EDGE('',*,*,#16904,.F.);
#16921=EDGE_LOOP('',(#16916,#16918,#16919,#16920));
#16922=FACE_OUTER_BOUND('',#16921,.F.);
#16924=CARTESIAN_POINT('',(1.870833444595E0,-7.787233829498E-1,0.E0));
#16925=DIRECTION('',(-2.001232084928E-1,-9.797707392153E-1,0.E0));
#16926=DIRECTION('',(-9.797707392153E-1,2.001232084928E-1,0.E0));
#16927=AXIS2_PLACEMENT_3D('',#16924,#16925,#16926);
#16928=PLANE('',#16927);
#16929=ORIENTED_EDGE('',*,*,#9395,.F.);
#16931=ORIENTED_EDGE('',*,*,#16930,.T.);
#16932=ORIENTED_EDGE('',*,*,#11439,.T.);
#16933=ORIENTED_EDGE('',*,*,#16917,.F.);
#16934=EDGE_LOOP('',(#16929,#16931,#16932,#16933));
#16935=FACE_OUTER_BOUND('',#16934,.F.);
#16937=CARTESIAN_POINT('',(1.958333444595E0,-8.382978439331E-1,0.E0));
#16938=DIRECTION('',(-5.627909312417E-1,-8.265992787996E-1,0.E0));
#16939=DIRECTION('',(-8.265992787996E-1,5.627909312417E-1,0.E0));
#16940=AXIS2_PLACEMENT_3D('',#16937,#16938,#16939);
#16941=PLANE('',#16940);
#16942=ORIENTED_EDGE('',*,*,#9393,.F.);
#16944=ORIENTED_EDGE('',*,*,#16943,.T.);
#16945=ORIENTED_EDGE('',*,*,#11441,.T.);
#16946=ORIENTED_EDGE('',*,*,#16930,.F.);
#16947=EDGE_LOOP('',(#16942,#16944,#16945,#16946));
#16948=FACE_OUTER_BOUND('',#16947,.F.);
#16950=CARTESIAN_POINT('',(2.075E0,-1.017021310329E0,0.E0));
#16951=DIRECTION('',(-8.373794759779E-1,-5.466220021285E-1,0.E0));
#16952=DIRECTION('',(-5.466220021285E-1,8.373794759779E-1,0.E0));
#16953=AXIS2_PLACEMENT_3D('',#16950,#16951,#16952);
#16954=PLANE('',#16953);
#16955=ORIENTED_EDGE('',*,*,#9391,.F.);
#16956=ORIENTED_EDGE('',*,*,#16737,.T.);
#16957=ORIENTED_EDGE('',*,*,#11443,.T.);
#16958=ORIENTED_EDGE('',*,*,#16943,.F.);
#16959=EDGE_LOOP('',(#16955,#16956,#16957,#16958));
#16960=FACE_OUTER_BOUND('',#16959,.F.);
#16962=CARTESIAN_POINT('',(6.166668891907E-1,-2.E0,0.E0));
#16963=DIRECTION('',(-1.E0,0.E0,0.E0));
#16964=DIRECTION('',(0.E0,1.E0,0.E0));
#16965=AXIS2_PLACEMENT_3D('',#16962,#16963,#16964);
#16966=PLANE('',#16965);
#16967=ORIENTED_EDGE('',*,*,#9167,.F.);
#16969=ORIENTED_EDGE('',*,*,#16968,.T.);
#16970=ORIENTED_EDGE('',*,*,#11453,.T.);
#16972=ORIENTED_EDGE('',*,*,#16971,.F.);
#16973=EDGE_LOOP('',(#16967,#16969,#16970,#16972));
#16974=FACE_OUTER_BOUND('',#16973,.F.);
#16976=CARTESIAN_POINT('',(7.916668891907E-1,-2.E0,0.E0));
#16977=DIRECTION('',(0.E0,-1.E0,0.E0));
#16978=DIRECTION('',(-1.E0,0.E0,0.E0));
#16979=AXIS2_PLACEMENT_3D('',#16976,#16977,#16978);
#16980=PLANE('',#16979);
#16981=ORIENTED_EDGE('',*,*,#9179,.F.);
#16983=ORIENTED_EDGE('',*,*,#16982,.T.);
#16984=ORIENTED_EDGE('',*,*,#11455,.T.);
#16985=ORIENTED_EDGE('',*,*,#16968,.F.);
#16986=EDGE_LOOP('',(#16981,#16983,#16984,#16985));
#16987=FACE_OUTER_BOUND('',#16986,.F.);
#16989=CARTESIAN_POINT('',(7.916668891907E-1,-8.382978439331E-1,0.E0));
#16990=DIRECTION('',(1.E0,0.E0,0.E0));
#16991=DIRECTION('',(0.E0,-1.E0,0.E0));
#16992=AXIS2_PLACEMENT_3D('',#16989,#16990,#16991);
#16993=PLANE('',#16992);
#16994=ORIENTED_EDGE('',*,*,#9177,.F.);
#16996=ORIENTED_EDGE('',*,*,#16995,.T.);
#16997=ORIENTED_EDGE('',*,*,#11457,.T.);
#16998=ORIENTED_EDGE('',*,*,#16982,.F.);
#16999=EDGE_LOOP('',(#16994,#16996,#16997,#16998));
#17000=FACE_OUTER_BOUND('',#16999,.F.);
#17002=CARTESIAN_POINT('',(9.666668891907E-1,-1.046808540821E0,0.E0));
#17003=DIRECTION('',(-7.659743427825E-1,-6.428711427642E-1,0.E0));
#17004=DIRECTION('',(-6.428711427642E-1,7.659743427825E-1,0.E0));
#17005=AXIS2_PLACEMENT_3D('',#17002,#17003,#17004);
#17006=PLANE('',#17005);
#17007=ORIENTED_EDGE('',*,*,#9175,.F.);
#17009=ORIENTED_EDGE('',*,*,#17008,.T.);
#17010=ORIENTED_EDGE('',*,*,#11459,.T.);
#17011=ORIENTED_EDGE('',*,*,#16995,.F.);
#17012=EDGE_LOOP('',(#17007,#17009,#17010,#17011));
#17013=FACE_OUTER_BOUND('',#17012,.F.);
#17015=CARTESIAN_POINT('',(9.666668891907E-1,-8.085106134415E-1,0.E0));
#17016=DIRECTION('',(1.E0,0.E0,0.E0));
#17017=DIRECTION('',(0.E0,-1.E0,0.E0));
#17018=AXIS2_PLACEMENT_3D('',#17015,#17016,#17017);
#17019=PLANE('',#17018);
#17020=ORIENTED_EDGE('',*,*,#9173,.F.);
#17022=ORIENTED_EDGE('',*,*,#17021,.T.);
#17023=ORIENTED_EDGE('',*,*,#11461,.T.);
#17024=ORIENTED_EDGE('',*,*,#17008,.F.);
#17025=EDGE_LOOP('',(#17020,#17022,#17023,#17024));
#17026=FACE_OUTER_BOUND('',#17025,.F.);
#17028=CARTESIAN_POINT('',(7.916668891907E-1,-6.E-1,0.E0));
#17029=DIRECTION('',(7.659742160926E-1,6.428712937139E-1,0.E0));
#17030=DIRECTION('',(6.428712937139E-1,-7.659742160926E-1,0.E0));
#17031=AXIS2_PLACEMENT_3D('',#17028,#17029,#17030);
#17032=PLANE('',#17031);
#17033=ORIENTED_EDGE('',*,*,#9171,.F.);
#17035=ORIENTED_EDGE('',*,*,#17034,.T.);
#17036=ORIENTED_EDGE('',*,*,#11463,.T.);
#17037=ORIENTED_EDGE('',*,*,#17021,.F.);
#17038=EDGE_LOOP('',(#17033,#17035,#17036,#17037));
#17039=FACE_OUTER_BOUND('',#17038,.F.);
#17041=CARTESIAN_POINT('',(6.166668891907E-1,-6.E-1,0.E0));
#17042=DIRECTION('',(0.E0,1.E0,0.E0));
#17043=DIRECTION('',(1.E0,0.E0,0.E0));
#17044=AXIS2_PLACEMENT_3D('',#17041,#17042,#17043);
#17045=PLANE('',#17044);
#17046=ORIENTED_EDGE('',*,*,#9169,.F.);
#17047=ORIENTED_EDGE('',*,*,#16971,.T.);
#17048=ORIENTED_EDGE('',*,*,#11465,.T.);
#17049=ORIENTED_EDGE('',*,*,#17034,.F.);
#17050=EDGE_LOOP('',(#17046,#17047,#17048,#17049));
#17051=FACE_OUTER_BOUND('',#17050,.F.);
#17053=CARTESIAN_POINT('',(-2.5E-2,-1.493617039919E0,0.E0));
#17054=DIRECTION('',(-1.E0,0.E0,0.E0));
#17055=DIRECTION('',(0.E0,1.E0,0.E0));
#17056=AXIS2_PLACEMENT_3D('',#17053,#17054,#17055);
#17057=PLANE('',#17056);
#17058=ORIENTED_EDGE('',*,*,#9183,.F.);
#17060=ORIENTED_EDGE('',*,*,#17059,.T.);
#17061=ORIENTED_EDGE('',*,*,#11475,.T.);
#17063=ORIENTED_EDGE('',*,*,#17062,.F.);
#17064=EDGE_LOOP('',(#17058,#17060,#17061,#17063));
#17065=FACE_OUTER_BOUND('',#17064,.F.);
#17067=CARTESIAN_POINT('',(3.833331108093E-1,-1.493617039919E0,0.E0));
#17068=DIRECTION('',(0.E0,-1.E0,0.E0));
#17069=DIRECTION('',(-1.E0,0.E0,0.E0));
#17070=AXIS2_PLACEMENT_3D('',#17067,#17068,#17069);
#17071=PLANE('',#17070);
#17072=ORIENTED_EDGE('',*,*,#9189,.F.);
#17074=ORIENTED_EDGE('',*,*,#17073,.T.);
#17075=ORIENTED_EDGE('',*,*,#11477,.T.);
#17076=ORIENTED_EDGE('',*,*,#17059,.F.);
#17077=EDGE_LOOP('',(#17072,#17074,#17075,#17076));
#17078=FACE_OUTER_BOUND('',#17077,.F.);
#17080=CARTESIAN_POINT('',(3.833331108093E-1,-1.344680845737E0,0.E0));
#17081=DIRECTION('',(1.E0,0.E0,0.E0));
#17082=DIRECTION('',(0.E0,-1.E0,0.E0));
#17083=AXIS2_PLACEMENT_3D('',#17080,#17081,#17082);
#17084=PLANE('',#17083);
#17085=ORIENTED_EDGE('',*,*,#9187,.F.);
#17087=ORIENTED_EDGE('',*,*,#17086,.T.);
#17088=ORIENTED_EDGE('',*,*,#11479,.T.);
#17089=ORIENTED_EDGE('',*,*,#17073,.F.);
#17090=EDGE_LOOP('',(#17085,#17087,#17088,#17089));
#17091=FACE_OUTER_BOUND('',#17090,.F.);
#17093=CARTESIAN_POINT('',(-2.5E-2,-1.344680845737E0,0.E0));
#17094=DIRECTION('',(0.E0,1.E0,0.E0));
#17095=DIRECTION('',(1.E0,0.E0,0.E0));
#17096=AXIS2_PLACEMENT_3D('',#17093,#17094,#17095);
#17097=PLANE('',#17096);
#17098=ORIENTED_EDGE('',*,*,#9185,.F.);
#17099=ORIENTED_EDGE('',*,*,#17062,.T.);
#17100=ORIENTED_EDGE('',*,*,#11481,.T.);
#17101=ORIENTED_EDGE('',*,*,#17086,.F.);
#17102=EDGE_LOOP('',(#17098,#17099,#17100,#17101));
#17103=FACE_OUTER_BOUND('',#17102,.F.);
#17105=CARTESIAN_POINT('',(-3.455000021458E0,1.6E0,0.E0));
#17106=DIRECTION('',(0.E0,1.E0,0.E0));
#17107=DIRECTION('',(1.E0,0.E0,0.E0));
#17108=AXIS2_PLACEMENT_3D('',#17105,#17106,#17107);
#17109=PLANE('',#17108);
#17110=ORIENTED_EDGE('',*,*,#9193,.F.);
#17112=ORIENTED_EDGE('',*,*,#17111,.T.);
#17113=ORIENTED_EDGE('',*,*,#11491,.T.);
#17115=ORIENTED_EDGE('',*,*,#17114,.F.);
#17116=EDGE_LOOP('',(#17110,#17112,#17113,#17115));
#17117=FACE_OUTER_BOUND('',#17116,.F.);
#17119=CARTESIAN_POINT('',(-3.095000010729E0,1.012765955925E0,0.E0));
#17120=DIRECTION('',(-8.525479679095E-1,-5.226489858532E-1,0.E0));
#17121=DIRECTION('',(-5.226489858532E-1,8.525479679095E-1,0.E0));
#17122=AXIS2_PLACEMENT_3D('',#17119,#17120,#17121);
#17123=PLANE('',#17122);
#17124=ORIENTED_EDGE('',*,*,#9209,.F.);
#17126=ORIENTED_EDGE('',*,*,#17125,.T.);
#17127=ORIENTED_EDGE('',*,*,#11493,.T.);
#17128=ORIENTED_EDGE('',*,*,#17111,.F.);
#17129=EDGE_LOOP('',(#17124,#17126,#17127,#17128));
#17130=FACE_OUTER_BOUND('',#17129,.F.);
#17132=CARTESIAN_POINT('',(-3.095000010729E0,4.E-1,0.E0));
#17133=DIRECTION('',(-1.E0,0.E0,0.E0));
#17134=DIRECTION('',(0.E0,1.E0,0.E0));
#17135=AXIS2_PLACEMENT_3D('',#17132,#17133,#17134);
#17136=PLANE('',#17135);
#17137=ORIENTED_EDGE('',*,*,#9207,.F.);
#17139=ORIENTED_EDGE('',*,*,#17138,.T.);
#17140=ORIENTED_EDGE('',*,*,#11495,.T.);
#17141=ORIENTED_EDGE('',*,*,#17125,.F.);
#17142=EDGE_LOOP('',(#17137,#17139,#17140,#17141));
#17143=FACE_OUTER_BOUND('',#17142,.F.);
#17145=CARTESIAN_POINT('',(-2.960000010729E0,4.E-1,0.E0));
#17146=DIRECTION('',(0.E0,-1.E0,0.E0));
#17147=DIRECTION('',(-1.E0,0.E0,0.E0));
#17148=AXIS2_PLACEMENT_3D('',#17145,#17146,#17147);
#17149=PLANE('',#17148);
#17150=ORIENTED_EDGE('',*,*,#9205,.F.);
#17152=ORIENTED_EDGE('',*,*,#17151,.T.);
#17153=ORIENTED_EDGE('',*,*,#11497,.T.);
#17154=ORIENTED_EDGE('',*,*,#17138,.F.);
#17155=EDGE_LOOP('',(#17150,#17152,#17153,#17154));
#17156=FACE_OUTER_BOUND('',#17155,.F.);
#17158=CARTESIAN_POINT('',(-2.960000010729E0,1.012765955925E0,0.E0));
#17159=DIRECTION('',(1.E0,0.E0,0.E0));
#17160=DIRECTION('',(0.E0,-1.E0,0.E0));
#17161=AXIS2_PLACEMENT_3D('',#17158,#17159,#17160);
#17162=PLANE('',#17161);
#17163=ORIENTED_EDGE('',*,*,#9203,.F.);
#17165=ORIENTED_EDGE('',*,*,#17164,.T.);
#17166=ORIENTED_EDGE('',*,*,#11499,.T.);
#17167=ORIENTED_EDGE('',*,*,#17151,.F.);
#17168=EDGE_LOOP('',(#17163,#17165,#17166,#17167));
#17169=FACE_OUTER_BOUND('',#17168,.F.);
#17171=CARTESIAN_POINT('',(-2.6E0,1.6E0,0.E0));
#17172=DIRECTION('',(8.525479679095E-1,-5.226489858532E-1,0.E0));
#17173=DIRECTION('',(-5.226489858532E-1,-8.525479679095E-1,0.E0));
#17174=AXIS2_PLACEMENT_3D('',#17171,#17172,#17173);
#17175=PLANE('',#17174);
#17176=ORIENTED_EDGE('',*,*,#9201,.F.);
#17178=ORIENTED_EDGE('',*,*,#17177,.T.);
#17179=ORIENTED_EDGE('',*,*,#11501,.T.);
#17180=ORIENTED_EDGE('',*,*,#17164,.F.);
#17181=EDGE_LOOP('',(#17176,#17178,#17179,#17180));
#17182=FACE_OUTER_BOUND('',#17181,.F.);
#17184=CARTESIAN_POINT('',(-2.735E0,1.6E0,0.E0));
#17185=DIRECTION('',(0.E0,1.E0,0.E0));
#17186=DIRECTION('',(1.E0,0.E0,0.E0));
#17187=AXIS2_PLACEMENT_3D('',#17184,#17185,#17186);
#17188=PLANE('',#17187);
#17189=ORIENTED_EDGE('',*,*,#9199,.F.);
#17191=ORIENTED_EDGE('',*,*,#17190,.T.);
#17192=ORIENTED_EDGE('',*,*,#11503,.T.);
#17193=ORIENTED_EDGE('',*,*,#17177,.F.);
#17194=EDGE_LOOP('',(#17189,#17191,#17192,#17193));
#17195=FACE_OUTER_BOUND('',#17194,.F.);
#17197=CARTESIAN_POINT('',(-3.027500010729E0,1.114893603325E0,0.E0));
#17198=DIRECTION('',(-8.563723769582E-1,5.163587434942E-1,0.E0));
#17199=DIRECTION('',(5.163587434942E-1,8.563723769582E-1,0.E0));
#17200=AXIS2_PLACEMENT_3D('',#17197,#17198,#17199);
#17201=PLANE('',#17200);
#17202=ORIENTED_EDGE('',*,*,#9197,.F.);
#17204=ORIENTED_EDGE('',*,*,#17203,.T.);
#17205=ORIENTED_EDGE('',*,*,#11505,.T.);
#17206=ORIENTED_EDGE('',*,*,#17190,.F.);
#17207=EDGE_LOOP('',(#17202,#17204,#17205,#17206));
#17208=FACE_OUTER_BOUND('',#17207,.F.);
#17210=CARTESIAN_POINT('',(-3.320000021458E0,1.6E0,0.E0));
#17211=DIRECTION('',(8.563723769582E-1,5.163587434942E-1,0.E0));
#17212=DIRECTION('',(5.163587434942E-1,-8.563723769582E-1,0.E0));
#17213=AXIS2_PLACEMENT_3D('',#17210,#17211,#17212);
#17214=PLANE('',#17213);
#17215=ORIENTED_EDGE('',*,*,#9195,.F.);
#17216=ORIENTED_EDGE('',*,*,#17114,.T.);
#17217=ORIENTED_EDGE('',*,*,#11507,.T.);
#17218=ORIENTED_EDGE('',*,*,#17203,.F.);
#17219=EDGE_LOOP('',(#17215,#17216,#17217,#17218));
#17220=FACE_OUTER_BOUND('',#17219,.F.);
#17222=CARTESIAN_POINT('',(-4.49E0,1.6E0,0.E0));
#17223=DIRECTION('',(0.E0,1.E0,0.E0));
#17224=DIRECTION('',(1.E0,0.E0,0.E0));
#17225=AXIS2_PLACEMENT_3D('',#17222,#17223,#17224);
#17226=PLANE('',#17225);
#17227=ORIENTED_EDGE('',*,*,#9213,.F.);
#17229=ORIENTED_EDGE('',*,*,#17228,.T.);
#17230=ORIENTED_EDGE('',*,*,#11517,.T.);
#17232=ORIENTED_EDGE('',*,*,#17231,.F.);
#17233=EDGE_LOOP('',(#17227,#17229,#17230,#17232));
#17234=FACE_OUTER_BOUND('',#17233,.F.);
#17236=CARTESIAN_POINT('',(-4.129999957085E0,1.012765955925E0,0.E0));
#17237=DIRECTION('',(-8.525479470881E-1,-5.226490198172E-1,0.E0));
#17238=DIRECTION('',(-5.226490198172E-1,8.525479470881E-1,0.E0));
#17239=AXIS2_PLACEMENT_3D('',#17236,#17237,#17238);
#17240=PLANE('',#17239);
#17241=ORIENTED_EDGE('',*,*,#9229,.F.);
#17243=ORIENTED_EDGE('',*,*,#17242,.T.);
#17244=ORIENTED_EDGE('',*,*,#11519,.T.);
#17245=ORIENTED_EDGE('',*,*,#17228,.F.);
#17246=EDGE_LOOP('',(#17241,#17243,#17244,#17245));
#17247=FACE_OUTER_BOUND('',#17246,.F.);
#17249=CARTESIAN_POINT('',(-4.129999957085E0,4.E-1,0.E0));
#17250=DIRECTION('',(-1.E0,0.E0,0.E0));
#17251=DIRECTION('',(0.E0,1.E0,0.E0));
#17252=AXIS2_PLACEMENT_3D('',#17249,#17250,#17251);
#17253=PLANE('',#17252);
#17254=ORIENTED_EDGE('',*,*,#9227,.F.);
#17256=ORIENTED_EDGE('',*,*,#17255,.T.);
#17257=ORIENTED_EDGE('',*,*,#11521,.T.);
#17258=ORIENTED_EDGE('',*,*,#17242,.F.);
#17259=EDGE_LOOP('',(#17254,#17256,#17257,#17258));
#17260=FACE_OUTER_BOUND('',#17259,.F.);
#17262=CARTESIAN_POINT('',(-3.994999957085E0,4.E-1,0.E0));
#17263=DIRECTION('',(0.E0,-1.E0,0.E0));
#17264=DIRECTION('',(-1.E0,0.E0,0.E0));
#17265=AXIS2_PLACEMENT_3D('',#17262,#17263,#17264);
#17266=PLANE('',#17265);
#17267=ORIENTED_EDGE('',*,*,#9225,.F.);
#17269=ORIENTED_EDGE('',*,*,#17268,.T.);
#17270=ORIENTED_EDGE('',*,*,#11523,.T.);
#17271=ORIENTED_EDGE('',*,*,#17255,.F.);
#17272=EDGE_LOOP('',(#17267,#17269,#17270,#17271));
#17273=FACE_OUTER_BOUND('',#17272,.F.);
#17275=CARTESIAN_POINT('',(-3.994999957085E0,1.012765955925E0,0.E0));
#17276=DIRECTION('',(1.E0,0.E0,0.E0));
#17277=DIRECTION('',(0.E0,-1.E0,0.E0));
#17278=AXIS2_PLACEMENT_3D('',#17275,#17276,#17277);
#17279=PLANE('',#17278);
#17280=ORIENTED_EDGE('',*,*,#9223,.F.);
#17282=ORIENTED_EDGE('',*,*,#17281,.T.);
#17283=ORIENTED_EDGE('',*,*,#11525,.T.);
#17284=ORIENTED_EDGE('',*,*,#17268,.F.);
#17285=EDGE_LOOP('',(#17280,#17282,#17283,#17284));
#17286=FACE_OUTER_BOUND('',#17285,.F.);
#17288=CARTESIAN_POINT('',(-3.634999978542E0,1.6E0,0.E0));
#17289=DIRECTION('',(8.525479887309E-1,-5.226489518892E-1,0.E0));
#17290=DIRECTION('',(-5.226489518892E-1,-8.525479887309E-1,0.E0));
#17291=AXIS2_PLACEMENT_3D('',#17288,#17289,#17290);
#17292=PLANE('',#17291);
#17293=ORIENTED_EDGE('',*,*,#9221,.F.);
#17295=ORIENTED_EDGE('',*,*,#17294,.T.);
#17296=ORIENTED_EDGE('',*,*,#11527,.T.);
#17297=ORIENTED_EDGE('',*,*,#17281,.F.);
#17298=EDGE_LOOP('',(#17293,#17295,#17296,#17297));
#17299=FACE_OUTER_BOUND('',#17298,.F.);
#17301=CARTESIAN_POINT('',(-3.770000042915E0,1.6E0,0.E0));
#17302=DIRECTION('',(0.E0,1.E0,0.E0));
#17303=DIRECTION('',(1.E0,0.E0,0.E0));
#17304=AXIS2_PLACEMENT_3D('',#17301,#17302,#17303);
#17305=PLANE('',#17304);
#17306=ORIENTED_EDGE('',*,*,#9219,.F.);
#17308=ORIENTED_EDGE('',*,*,#17307,.T.);
#17309=ORIENTED_EDGE('',*,*,#11529,.T.);
#17310=ORIENTED_EDGE('',*,*,#17294,.F.);
#17311=EDGE_LOOP('',(#17306,#17308,#17309,#17310));
#17312=FACE_OUTER_BOUND('',#17311,.F.);
#17314=CARTESIAN_POINT('',(-4.062499957085E0,1.114893603325E0,0.E0));
#17315=DIRECTION('',(-8.563724523346E-1,5.163586184838E-1,0.E0));
#17316=DIRECTION('',(5.163586184838E-1,8.563724523346E-1,0.E0));
#17317=AXIS2_PLACEMENT_3D('',#17314,#17315,#17316);
#17318=PLANE('',#17317);
#17319=ORIENTED_EDGE('',*,*,#9217,.F.);
#17321=ORIENTED_EDGE('',*,*,#17320,.T.);
#17322=ORIENTED_EDGE('',*,*,#11531,.T.);
#17323=ORIENTED_EDGE('',*,*,#17307,.F.);
#17324=EDGE_LOOP('',(#17319,#17321,#17322,#17323));
#17325=FACE_OUTER_BOUND('',#17324,.F.);
#17327=CARTESIAN_POINT('',(-4.355E0,1.6E0,0.E0));
#17328=DIRECTION('',(8.563723518328E-1,5.163587851643E-1,0.E0));
#17329=DIRECTION('',(5.163587851643E-1,-8.563723518328E-1,0.E0));
#17330=AXIS2_PLACEMENT_3D('',#17327,#17328,#17329);
#17331=PLANE('',#17330);
#17332=ORIENTED_EDGE('',*,*,#9215,.F.);
#17333=ORIENTED_EDGE('',*,*,#17231,.T.);
#17334=ORIENTED_EDGE('',*,*,#11533,.T.);
#17335=ORIENTED_EDGE('',*,*,#17320,.F.);
#17336=EDGE_LOOP('',(#17332,#17333,#17334,#17335));
#17337=FACE_OUTER_BOUND('',#17336,.F.);
#17339=CARTESIAN_POINT('',(-5.03E0,4.E-1,0.E0));
#17340=DIRECTION('',(-9.832218838412E-1,-1.824136155440E-1,0.E0));
#17341=DIRECTION('',(-1.824136155440E-1,9.832218838412E-1,0.E0));
#17342=AXIS2_PLACEMENT_3D('',#17339,#17340,#17341);
#17343=PLANE('',#17342);
#17344=ORIENTED_EDGE('',*,*,#9233,.F.);
#17346=ORIENTED_EDGE('',*,*,#17345,.T.);
#17347=ORIENTED_EDGE('',*,*,#11543,.T.);
#17349=ORIENTED_EDGE('',*,*,#17348,.F.);
#17350=EDGE_LOOP('',(#17344,#17346,#17347,#17349));
#17351=FACE_OUTER_BOUND('',#17350,.F.);
#17353=CARTESIAN_POINT('',(-4.849999914169E0,4.E-1,0.E0));
#17354=DIRECTION('',(0.E0,-1.E0,0.E0));
#17355=DIRECTION('',(-1.E0,0.E0,0.E0));
#17356=AXIS2_PLACEMENT_3D('',#17353,#17354,#17355);
#17357=PLANE('',#17356);
#17358=ORIENTED_EDGE('',*,*,#9257,.F.);
#17360=ORIENTED_EDGE('',*,*,#17359,.T.);
#17361=ORIENTED_EDGE('',*,*,#11545,.T.);
#17362=ORIENTED_EDGE('',*,*,#17345,.F.);
#17363=EDGE_LOOP('',(#17358,#17360,#17361,#17362));
#17364=FACE_OUTER_BOUND('',#17363,.F.);
#17366=CARTESIAN_POINT('',(-4.669999957085E0,1.6E0,0.E0));
#17367=DIRECTION('',(9.889363580566E-1,-1.483404183414E-1,0.E0));
#17368=DIRECTION('',(-1.483404183414E-1,-9.889363580566E-1,0.E0));
#17369=AXIS2_PLACEMENT_3D('',#17366,#17367,#17368);
#17370=PLANE('',#17369);
#17371=ORIENTED_EDGE('',*,*,#9255,.F.);
#17373=ORIENTED_EDGE('',*,*,#17372,.T.);
#17374=ORIENTED_EDGE('',*,*,#11547,.T.);
#17375=ORIENTED_EDGE('',*,*,#17359,.F.);
#17376=EDGE_LOOP('',(#17371,#17373,#17374,#17375));
#17377=FACE_OUTER_BOUND('',#17376,.F.);
#17379=CARTESIAN_POINT('',(-4.805000085831E0,1.6E0,0.E0));
#17380=DIRECTION('',(0.E0,1.E0,0.E0));
#17381=DIRECTION('',(1.E0,0.E0,0.E0));
#17382=AXIS2_PLACEMENT_3D('',#17379,#17380,#17381);
#17383=PLANE('',#17382);
#17384=ORIENTED_EDGE('',*,*,#9253,.F.);
#17386=ORIENTED_EDGE('',*,*,#17385,.T.);
#17387=ORIENTED_EDGE('',*,*,#11549,.T.);
#17388=ORIENTED_EDGE('',*,*,#17372,.F.);
#17389=EDGE_LOOP('',(#17384,#17386,#17387,#17388));
#17390=FACE_OUTER_BOUND('',#17389,.F.);
#17392=CARTESIAN_POINT('',(-4.940000085831E0,6.808510661125E-1,0.E0));
#17393=DIRECTION('',(-9.893852990515E-1,1.453159661591E-1,0.E0));
#17394=DIRECTION('',(1.453159661591E-1,9.893852990515E-1,0.E0));
#17395=AXIS2_PLACEMENT_3D('',#17392,#17393,#17394);
#17396=PLANE('',#17395);
#17397=ORIENTED_EDGE('',*,*,#9251,.F.);
#17399=ORIENTED_EDGE('',*,*,#17398,.T.);
#17400=ORIENTED_EDGE('',*,*,#11551,.T.);
#17401=ORIENTED_EDGE('',*,*,#17385,.F.);
#17402=EDGE_LOOP('',(#17397,#17399,#17400,#17401));
#17403=FACE_OUTER_BOUND('',#17402,.F.);
#17405=CARTESIAN_POINT('',(-5.119999914169E0,1.6E0,0.E0));
#17406=DIRECTION('',(9.813591732907E-1,1.921826553002E-1,0.E0));
#17407=DIRECTION('',(1.921826553002E-1,-9.813591732907E-1,0.E0));
#17408=AXIS2_PLACEMENT_3D('',#17405,#17406,#17407);
#17409=PLANE('',#17408);
#17410=ORIENTED_EDGE('',*,*,#9249,.F.);
#17412=ORIENTED_EDGE('',*,*,#17411,.T.);
#17413=ORIENTED_EDGE('',*,*,#11553,.T.);
#17414=ORIENTED_EDGE('',*,*,#17398,.F.);
#17415=EDGE_LOOP('',(#17410,#17412,#17413,#17414));
#17416=FACE_OUTER_BOUND('',#17415,.F.);
#17418=CARTESIAN_POINT('',(-5.3E0,1.6E0,0.E0));
#17419=DIRECTION('',(0.E0,1.E0,0.E0));
#17420=DIRECTION('',(1.E0,0.E0,0.E0));
#17421=AXIS2_PLACEMENT_3D('',#17418,#17419,#17420);
#17422=PLANE('',#17421);
#17423=ORIENTED_EDGE('',*,*,#9247,.F.);
#17425=ORIENTED_EDGE('',*,*,#17424,.T.);
#17426=ORIENTED_EDGE('',*,*,#11555,.T.);
#17427=ORIENTED_EDGE('',*,*,#17411,.F.);
#17428=EDGE_LOOP('',(#17423,#17425,#17426,#17427));
#17429=FACE_OUTER_BOUND('',#17428,.F.);
#17431=CARTESIAN_POINT('',(-5.480000085831E0,6.808510661125E-1,0.E0));
#17432=DIRECTION('',(-9.813591214407E-1,1.921829200660E-1,0.E0));
#17433=DIRECTION('',(1.921829200660E-1,9.813591214407E-1,0.E0));
#17434=AXIS2_PLACEMENT_3D('',#17431,#17432,#17433);
#17435=PLANE('',#17434);
#17436=ORIENTED_EDGE('',*,*,#9245,.F.);
#17438=ORIENTED_EDGE('',*,*,#17437,.T.);
#17439=ORIENTED_EDGE('',*,*,#11557,.T.);
#17440=ORIENTED_EDGE('',*,*,#17424,.F.);
#17441=EDGE_LOOP('',(#17436,#17438,#17439,#17440));
#17442=FACE_OUTER_BOUND('',#17441,.F.);
#17444=CARTESIAN_POINT('',(-5.615000085831E0,1.6E0,0.E0));
#17445=DIRECTION('',(9.893852990515E-1,1.453159661591E-1,0.E0));
#17446=DIRECTION('',(1.453159661591E-1,-9.893852990515E-1,0.E0));
#17447=AXIS2_PLACEMENT_3D('',#17444,#17445,#17446);
#17448=PLANE('',#17447);
#17449=ORIENTED_EDGE('',*,*,#9243,.F.);
#17451=ORIENTED_EDGE('',*,*,#17450,.T.);
#17452=ORIENTED_EDGE('',*,*,#11559,.T.);
#17453=ORIENTED_EDGE('',*,*,#17437,.F.);
#17454=EDGE_LOOP('',(#17449,#17451,#17452,#17453));
#17455=FACE_OUTER_BOUND('',#17454,.F.);
#17457=CARTESIAN_POINT('',(-5.750000085831E0,1.6E0,0.E0));
#17458=DIRECTION('',(0.E0,1.E0,0.E0));
#17459=DIRECTION('',(1.E0,0.E0,0.E0));
#17460=AXIS2_PLACEMENT_3D('',#17457,#17458,#17459);
#17461=PLANE('',#17460);
#17462=ORIENTED_EDGE('',*,*,#9241,.F.);
#17464=ORIENTED_EDGE('',*,*,#17463,.T.);
#17465=ORIENTED_EDGE('',*,*,#11561,.T.);
#17466=ORIENTED_EDGE('',*,*,#17450,.F.);
#17467=EDGE_LOOP('',(#17462,#17464,#17465,#17466));
#17468=FACE_OUTER_BOUND('',#17467,.F.);
#17470=CARTESIAN_POINT('',(-5.57E0,4.E-1,0.E0));
#17471=DIRECTION('',(-9.889363424916E-1,-1.483405221080E-1,0.E0));
#17472=DIRECTION('',(-1.483405221080E-1,9.889363424916E-1,0.E0));
#17473=AXIS2_PLACEMENT_3D('',#17470,#17471,#17472);
#17474=PLANE('',#17473);
#17475=ORIENTED_EDGE('',*,*,#9239,.F.);
#17477=ORIENTED_EDGE('',*,*,#17476,.T.);
#17478=ORIENTED_EDGE('',*,*,#11563,.T.);
#17479=ORIENTED_EDGE('',*,*,#17463,.F.);
#17480=EDGE_LOOP('',(#17475,#17477,#17478,#17479));
#17481=FACE_OUTER_BOUND('',#17480,.F.);
#17483=CARTESIAN_POINT('',(-5.389999914169E0,4.E-1,0.E0));
#17484=DIRECTION('',(0.E0,-1.E0,0.E0));
#17485=DIRECTION('',(-1.E0,0.E0,0.E0));
#17486=AXIS2_PLACEMENT_3D('',#17483,#17484,#17485);
#17487=PLANE('',#17486);
#17488=ORIENTED_EDGE('',*,*,#9237,.F.);
#17490=ORIENTED_EDGE('',*,*,#17489,.T.);
#17491=ORIENTED_EDGE('',*,*,#11565,.T.);
#17492=ORIENTED_EDGE('',*,*,#17476,.F.);
#17493=EDGE_LOOP('',(#17488,#17490,#17491,#17492));
#17494=FACE_OUTER_BOUND('',#17493,.F.);
#17496=CARTESIAN_POINT('',(-5.210000085831E0,1.370212793350E0,0.E0));
#17497=DIRECTION('',(9.832219306424E-1,-1.824133632822E-1,0.E0));
#17498=DIRECTION('',(-1.824133632822E-1,-9.832219306424E-1,0.E0));
#17499=AXIS2_PLACEMENT_3D('',#17496,#17497,#17498);
#17500=PLANE('',#17499);
#17501=ORIENTED_EDGE('',*,*,#9235,.F.);
#17502=ORIENTED_EDGE('',*,*,#17348,.T.);
#17503=ORIENTED_EDGE('',*,*,#11567,.T.);
#17504=ORIENTED_EDGE('',*,*,#17489,.F.);
#17505=EDGE_LOOP('',(#17501,#17502,#17503,#17504));
#17506=FACE_OUTER_BOUND('',#17505,.F.);
#17508=CARTESIAN_POINT('',(-6.290000085831E0,4.E-1,0.E0));
#17509=DIRECTION('',(-9.832219306424E-1,-1.824133632822E-1,0.E0));
#17510=DIRECTION('',(-1.824133632822E-1,9.832219306424E-1,0.E0));
#17511=AXIS2_PLACEMENT_3D('',#17508,#17509,#17510);
#17512=PLANE('',#17511);
#17513=ORIENTED_EDGE('',*,*,#9261,.F.);
#17515=ORIENTED_EDGE('',*,*,#17514,.T.);
#17516=ORIENTED_EDGE('',*,*,#11577,.T.);
#17518=ORIENTED_EDGE('',*,*,#17517,.F.);
#17519=EDGE_LOOP('',(#17513,#17515,#17516,#17518));
#17520=FACE_OUTER_BOUND('',#17519,.F.);
#17522=CARTESIAN_POINT('',(-6.11E0,4.E-1,0.E0));
#17523=DIRECTION('',(0.E0,-1.E0,0.E0));
#17524=DIRECTION('',(-1.E0,0.E0,0.E0));
#17525=AXIS2_PLACEMENT_3D('',#17522,#17523,#17524);
#17526=PLANE('',#17525);
#17527=ORIENTED_EDGE('',*,*,#9285,.F.);
#17529=ORIENTED_EDGE('',*,*,#17528,.T.);
#17530=ORIENTED_EDGE('',*,*,#11579,.T.);
#17531=ORIENTED_EDGE('',*,*,#17514,.F.);
#17532=EDGE_LOOP('',(#17527,#17529,#17530,#17531));
#17533=FACE_OUTER_BOUND('',#17532,.F.);
#17535=CARTESIAN_POINT('',(-5.929999914169E0,1.6E0,0.E0));
#17536=DIRECTION('',(9.889363424916E-1,-1.483405221080E-1,0.E0));
#17537=DIRECTION('',(-1.483405221080E-1,-9.889363424916E-1,0.E0));
#17538=AXIS2_PLACEMENT_3D('',#17535,#17536,#17537);
#17539=PLANE('',#17538);
#17540=ORIENTED_EDGE('',*,*,#9283,.F.);
#17542=ORIENTED_EDGE('',*,*,#17541,.T.);
#17543=ORIENTED_EDGE('',*,*,#11581,.T.);
#17544=ORIENTED_EDGE('',*,*,#17528,.F.);
#17545=EDGE_LOOP('',(#17540,#17542,#17543,#17544));
#17546=FACE_OUTER_BOUND('',#17545,.F.);
#17548=CARTESIAN_POINT('',(-6.064999914169E0,1.6E0,0.E0));
#17549=DIRECTION('',(0.E0,1.E0,0.E0));
#17550=DIRECTION('',(1.E0,0.E0,0.E0));
#17551=AXIS2_PLACEMENT_3D('',#17548,#17549,#17550);
#17552=PLANE('',#17551);
#17553=ORIENTED_EDGE('',*,*,#9281,.F.);
#17555=ORIENTED_EDGE('',*,*,#17554,.T.);
#17556=ORIENTED_EDGE('',*,*,#11583,.T.);
#17557=ORIENTED_EDGE('',*,*,#17541,.F.);
#17558=EDGE_LOOP('',(#17553,#17555,#17556,#17557));
#17559=FACE_OUTER_BOUND('',#17558,.F.);
#17561=CARTESIAN_POINT('',(-6.199999914169E0,6.808510661125E-1,0.E0));
#17562=DIRECTION('',(-9.893852990515E-1,1.453159661591E-1,0.E0));
#17563=DIRECTION('',(1.453159661591E-1,9.893852990515E-1,0.E0));
#17564=AXIS2_PLACEMENT_3D('',#17561,#17562,#17563);
#17565=PLANE('',#17564);
#17566=ORIENTED_EDGE('',*,*,#9279,.F.);
#17568=ORIENTED_EDGE('',*,*,#17567,.T.);
#17569=ORIENTED_EDGE('',*,*,#11585,.T.);
#17570=ORIENTED_EDGE('',*,*,#17554,.F.);
#17571=EDGE_LOOP('',(#17566,#17568,#17569,#17570));
#17572=FACE_OUTER_BOUND('',#17571,.F.);
#17574=CARTESIAN_POINT('',(-6.38E0,1.6E0,0.E0));
#17575=DIRECTION('',(9.813591214407E-1,1.921829200660E-1,0.E0));
#17576=DIRECTION('',(1.921829200660E-1,-9.813591214407E-1,0.E0));
#17577=AXIS2_PLACEMENT_3D('',#17574,#17575,#17576);
#17578=PLANE('',#17577);
#17579=ORIENTED_EDGE('',*,*,#9277,.F.);
#17581=ORIENTED_EDGE('',*,*,#17580,.T.);
#17582=ORIENTED_EDGE('',*,*,#11587,.T.);
#17583=ORIENTED_EDGE('',*,*,#17567,.F.);
#17584=EDGE_LOOP('',(#17579,#17581,#17582,#17583));
#17585=FACE_OUTER_BOUND('',#17584,.F.);
#17587=CARTESIAN_POINT('',(-6.560000085831E0,1.6E0,0.E0));
#17588=DIRECTION('',(0.E0,1.E0,0.E0));
#17589=DIRECTION('',(1.E0,0.E0,0.E0));
#17590=AXIS2_PLACEMENT_3D('',#17587,#17588,#17589);
#17591=PLANE('',#17590);
#17592=ORIENTED_EDGE('',*,*,#9275,.F.);
#17594=ORIENTED_EDGE('',*,*,#17593,.T.);
#17595=ORIENTED_EDGE('',*,*,#11589,.T.);
#17596=ORIENTED_EDGE('',*,*,#17580,.F.);
#17597=EDGE_LOOP('',(#17592,#17594,#17595,#17596));
#17598=FACE_OUTER_BOUND('',#17597,.F.);
#17600=CARTESIAN_POINT('',(-6.739999914169E0,6.808510661125E-1,0.E0));
#17601=DIRECTION('',(-9.813591732907E-1,1.921826553002E-1,0.E0));
#17602=DIRECTION('',(1.921826553002E-1,9.813591732907E-1,0.E0));
#17603=AXIS2_PLACEMENT_3D('',#17600,#17601,#17602);
#17604=PLANE('',#17603);
#17605=ORIENTED_EDGE('',*,*,#9273,.F.);
#17607=ORIENTED_EDGE('',*,*,#17606,.T.);
#17608=ORIENTED_EDGE('',*,*,#11591,.T.);
#17609=ORIENTED_EDGE('',*,*,#17593,.F.);
#17610=EDGE_LOOP('',(#17605,#17607,#17608,#17609));
#17611=FACE_OUTER_BOUND('',#17610,.F.);
#17613=CARTESIAN_POINT('',(-6.874999914169E0,1.6E0,0.E0));
#17614=DIRECTION('',(9.893852990515E-1,1.453159661591E-1,0.E0));
#17615=DIRECTION('',(1.453159661591E-1,-9.893852990515E-1,0.E0));
#17616=AXIS2_PLACEMENT_3D('',#17613,#17614,#17615);
#17617=PLANE('',#17616);
#17618=ORIENTED_EDGE('',*,*,#9271,.F.);
#17620=ORIENTED_EDGE('',*,*,#17619,.T.);
#17621=ORIENTED_EDGE('',*,*,#11593,.T.);
#17622=ORIENTED_EDGE('',*,*,#17606,.F.);
#17623=EDGE_LOOP('',(#17618,#17620,#17621,#17622));
#17624=FACE_OUTER_BOUND('',#17623,.F.);
#17626=CARTESIAN_POINT('',(-7.010000171661E0,1.6E0,0.E0));
#17627=DIRECTION('',(0.E0,1.E0,0.E0));
#17628=DIRECTION('',(1.E0,0.E0,0.E0));
#17629=AXIS2_PLACEMENT_3D('',#17626,#17627,#17628);
#17630=PLANE('',#17629);
#17631=ORIENTED_EDGE('',*,*,#9269,.F.);
#17633=ORIENTED_EDGE('',*,*,#17632,.T.);
#17634=ORIENTED_EDGE('',*,*,#11595,.T.);
#17635=ORIENTED_EDGE('',*,*,#17619,.F.);
#17636=EDGE_LOOP('',(#17631,#17633,#17634,#17635));
#17637=FACE_OUTER_BOUND('',#17636,.F.);
#17639=CARTESIAN_POINT('',(-6.830000085831E0,4.E-1,0.E0));
#17640=DIRECTION('',(-9.889363424916E-1,-1.483405221080E-1,0.E0));
#17641=DIRECTION('',(-1.483405221080E-1,9.889363424916E-1,0.E0));
#17642=AXIS2_PLACEMENT_3D('',#17639,#17640,#17641);
#17643=PLANE('',#17642);
#17644=ORIENTED_EDGE('',*,*,#9267,.F.);
#17646=ORIENTED_EDGE('',*,*,#17645,.T.);
#17647=ORIENTED_EDGE('',*,*,#11597,.T.);
#17648=ORIENTED_EDGE('',*,*,#17632,.F.);
#17649=EDGE_LOOP('',(#17644,#17646,#17647,#17648));
#17650=FACE_OUTER_BOUND('',#17649,.F.);
#17652=CARTESIAN_POINT('',(-6.65E0,4.E-1,0.E0));
#17653=DIRECTION('',(0.E0,-1.E0,0.E0));
#17654=DIRECTION('',(-1.E0,0.E0,0.E0));
#17655=AXIS2_PLACEMENT_3D('',#17652,#17653,#17654);
#17656=PLANE('',#17655);
#17657=ORIENTED_EDGE('',*,*,#9265,.F.);
#17659=ORIENTED_EDGE('',*,*,#17658,.T.);
#17660=ORIENTED_EDGE('',*,*,#11599,.T.);
#17661=ORIENTED_EDGE('',*,*,#17645,.F.);
#17662=EDGE_LOOP('',(#17657,#17659,#17660,#17661));
#17663=FACE_OUTER_BOUND('',#17662,.F.);
#17665=CARTESIAN_POINT('',(-6.469999914169E0,1.370212793350E0,0.E0));
#17666=DIRECTION('',(9.832218838412E-1,-1.824136155440E-1,0.E0));
#17667=DIRECTION('',(-1.824136155440E-1,-9.832218838412E-1,0.E0));
#17668=AXIS2_PLACEMENT_3D('',#17665,#17666,#17667);
#17669=PLANE('',#17668);
#17670=ORIENTED_EDGE('',*,*,#9263,.F.);
#17671=ORIENTED_EDGE('',*,*,#17517,.T.);
#17672=ORIENTED_EDGE('',*,*,#11601,.T.);
#17673=ORIENTED_EDGE('',*,*,#17658,.F.);
#17674=EDGE_LOOP('',(#17670,#17671,#17672,#17673));
#17675=FACE_OUTER_BOUND('',#17674,.F.);
#17677=CLOSED_SHELL('',(#9289,#9303,#9351,#9383,#9427,#9450,#9472,#9487,#9503,
#9519,#9534,#9548,#9570,#9583,#9600,#9620,#9639,#9655,#9675,#9695,#9714,#9726,
#9738,#9810,#9825,#9839,#9853,#9866,#9878,#9894,#9910,#9926,#9942,#9958,#9972,
#9985,#9998,#10010,#10024,#10037,#10050,#10062,#10076,#10089,#10102,#10114,
#10128,#10141,#10154,#10166,#10180,#10193,#10206,#10218,#10231,#10249,#10267,
#10279,#10291,#10303,#10318,#10332,#10346,#10360,#10374,#10388,#10402,#10415,
#10439,#10471,#10487,#10575,#10673,#10707,#10741,#10763,#10785,#10847,#10879,
#10911,#10943,#10975,#10991,#11023,#11055,#11087,#11119,#11141,#11205,#11327,
#11349,#11447,#11469,#11485,#11511,#11537,#11571,#11605,#11619,#11632,#11644,
#11658,#11671,#11684,#11697,#11710,#11723,#11736,#11749,#11762,#11775,#11788,
#11800,#11814,#11827,#11840,#11852,#11866,#11879,#11892,#11905,#11918,#11931,
#11944,#11957,#11970,#11983,#11996,#12009,#12022,#12035,#12048,#12061,#12074,
#12087,#12100,#12113,#12126,#12139,#12152,#12165,#12178,#12191,#12204,#12217,
#12230,#12243,#12256,#12269,#12282,#12295,#12308,#12321,#12334,#12347,#12360,
#12372,#12386,#12399,#12412,#12425,#12438,#12451,#12464,#12477,#12490,#12503,
#12516,#12529,#12542,#12555,#12568,#12581,#12594,#12607,#12620,#12633,#12646,
#12659,#12672,#12684,#12698,#12711,#12724,#12737,#12750,#12763,#12776,#12789,
#12802,#12815,#12828,#12841,#12854,#12867,#12880,#12893,#12906,#12919,#12932,
#12944,#12958,#12971,#12984,#12997,#13010,#13023,#13036,#13049,#13062,#13075,
#13088,#13101,#13113,#13127,#13140,#13153,#13166,#13179,#13192,#13205,#13218,
#13231,#13244,#13257,#13270,#13282,#13296,#13309,#13322,#13335,#13348,#13361,
#13373,#13387,#13400,#13413,#13426,#13439,#13452,#13464,#13478,#13491,#13504,
#13517,#13530,#13543,#13556,#13569,#13582,#13595,#13608,#13621,#13634,#13646,
#13660,#13673,#13686,#13699,#13712,#13725,#13738,#13751,#13764,#13777,#13790,
#13802,#13816,#13829,#13842,#13855,#13868,#13881,#13894,#13907,#13920,#13933,
#13946,#13958,#13972,#13985,#13998,#14011,#14024,#14037,#14050,#14063,#14076,
#14089,#14102,#14114,#14128,#14141,#14154,#14167,#14180,#14193,#14206,#14219,
#14232,#14245,#14258,#14270,#14284,#14297,#14310,#14323,#14336,#14349,#14362,
#14375,#14388,#14401,#14414,#14426,#14440,#14453,#14466,#14478,#14492,#14505,
#14518,#14531,#14544,#14557,#14570,#14583,#14596,#14609,#14622,#14634,#14648,
#14661,#14674,#14687,#14700,#14713,#14726,#14739,#14752,#14765,#14778,#14790,
#14804,#14817,#14830,#14843,#14856,#14869,#14882,#14895,#14908,#14921,#14934,
#14946,#14960,#14973,#14986,#14999,#15012,#15025,#15038,#15051,#15064,#15077,
#15090,#15102,#15116,#15129,#15142,#15155,#15168,#15181,#15193,#15207,#15220,
#15233,#15246,#15259,#15272,#15285,#15298,#15311,#15324,#15337,#15350,#15363,
#15376,#15389,#15402,#15415,#15428,#15441,#15454,#15467,#15480,#15493,#15506,
#15519,#15532,#15545,#15557,#15571,#15584,#15597,#15610,#15623,#15636,#15649,
#15662,#15675,#15688,#15701,#15714,#15727,#15740,#15753,#15766,#15779,#15792,
#15805,#15818,#15831,#15844,#15857,#15870,#15883,#15896,#15909,#15922,#15935,
#15948,#15961,#15974,#15987,#16000,#16013,#16026,#16039,#16052,#16065,#16078,
#16091,#16104,#16117,#16130,#16143,#16156,#16169,#16182,#16195,#16208,#16221,
#16234,#16247,#16260,#16273,#16286,#16298,#16312,#16325,#16338,#16351,#16364,
#16377,#16389,#16403,#16416,#16429,#16442,#16455,#16468,#16481,#16494,#16507,
#16520,#16533,#16546,#16559,#16572,#16585,#16598,#16611,#16624,#16637,#16650,
#16663,#16676,#16689,#16702,#16715,#16727,#16741,#16754,#16767,#16780,#16793,
#16806,#16819,#16832,#16845,#16858,#16871,#16884,#16897,#16910,#16923,#16936,
#16949,#16961,#16975,#16988,#17001,#17014,#17027,#17040,#17052,#17066,#17079,
#17092,#17104,#17118,#17131,#17144,#17157,#17170,#17183,#17196,#17209,#17221,
#17235,#17248,#17261,#17274,#17287,#17300,#17313,#17326,#17338,#17352,#17365,
#17378,#17391,#17404,#17417,#17430,#17443,#17456,#17469,#17482,#17495,#17507,
#17521,#17534,#17547,#17560,#17573,#17586,#17599,#17612,#17625,#17638,#17651,
#17664,#17676));
#17678=MANIFOLD_SOLID_BREP('',#17677);
#17681=PLANE_ANGLE_MEASURE_WITH_UNIT(PLANE_ANGLE_MEASURE(1.745329251994E-2),
#17680);
#17682=(CONVERSION_BASED_UNIT('DEGREE',#17681)NAMED_UNIT(*)PLANE_ANGLE_UNIT());
#17684=UNCERTAINTY_MEASURE_WITH_UNIT(LENGTH_MEASURE(2.392622410904E-3),#17679,
'distance_accuracy_value',
'Maximum model space distance between geometric entities at asserted connectivities');
#17687=APPLICATION_CONTEXT('automotive_design');
#17688=APPLICATION_PROTOCOL_DEFINITION('international standard',
'automotive_design',2001,#17687);
#17689=PRODUCT_DEFINITION_CONTEXT('part definition',#17687,'design');
#17690=PRODUCT_CONTEXT('',#17687,'mechanical');
#17691=PRODUCT('C-2-1393779-0','C-2-1393779-0','NOT SPECIFIED',(#17690));
#17692=PRODUCT_DEFINITION_FORMATION('1','LAST_VERSION',#17691);
#17700=DERIVED_UNIT_ELEMENT(#17699,2.E0);
#17701=DERIVED_UNIT((#17700));
#17702=MEASURE_REPRESENTATION_ITEM('surface area measure',AREA_MEASURE(
9.526778270831E2),#17701);
#17707=DERIVED_UNIT_ELEMENT(#17706,3.E0);
#17708=DERIVED_UNIT((#17707));
#17709=MEASURE_REPRESENTATION_ITEM('volume measure',VOLUME_MEASURE(
1.795603389991E3),#17708);
#17713=CARTESIAN_POINT('centre point',(-1.520510059778E-3,-1.040291650283E-4,
5.519813318575E0));
#17718=DERIVED_UNIT_ELEMENT(#17717,2.E0);
#17719=DERIVED_UNIT((#17718));
#17720=MEASURE_REPRESENTATION_ITEM('surface area measure',AREA_MEASURE(
9.526778270831E2),#17719);
#17725=DERIVED_UNIT_ELEMENT(#17724,3.E0);
#17726=DERIVED_UNIT((#17725));
#17727=MEASURE_REPRESENTATION_ITEM('volume measure',VOLUME_MEASURE(
1.795603389991E3),#17726);
#17731=CARTESIAN_POINT('centre point',(-1.520510059778E-3,-1.040291650283E-4,
5.519813318575E0));
#17736=PRODUCT_RELATED_PRODUCT_CATEGORY('part','',(#17691));
#1=COLOUR_RGB('',8.784E-1,9.49E-1,1.E0);
#8375=EDGE_CURVE('',#6280,#6281,#5,.T.);
#8377=EDGE_CURVE('',#6285,#6280,#9,.T.);
#8379=EDGE_CURVE('',#6283,#6285,#13,.T.);
#8381=EDGE_CURVE('',#6281,#6283,#17,.T.);
#8385=EDGE_CURVE('',#7326,#7327,#21,.T.);
#8387=EDGE_CURVE('',#7327,#7329,#25,.T.);
#8389=EDGE_CURVE('',#7329,#7331,#29,.T.);
#8391=EDGE_CURVE('',#7331,#7333,#33,.T.);
#8393=EDGE_CURVE('',#7333,#7335,#37,.T.);
#8395=EDGE_CURVE('',#7335,#7337,#41,.T.);
#8397=EDGE_CURVE('',#7337,#7339,#45,.T.);
#8399=EDGE_CURVE('',#7339,#7326,#49,.T.);
#8403=EDGE_CURVE('',#7348,#7349,#65,.T.);
#8405=EDGE_CURVE('',#7349,#7351,#69,.T.);
#8407=EDGE_CURVE('',#7351,#7353,#73,.T.);
#8409=EDGE_CURVE('',#7353,#7355,#77,.T.);
#8411=EDGE_CURVE('',#7355,#7357,#81,.T.);
#8413=EDGE_CURVE('',#7357,#7359,#85,.T.);
#8415=EDGE_CURVE('',#7359,#7361,#89,.T.);
#8417=EDGE_CURVE('',#7361,#7363,#93,.T.);
#8419=EDGE_CURVE('',#7363,#7365,#97,.T.);
#8421=EDGE_CURVE('',#7365,#7367,#101,.T.);
#8423=EDGE_CURVE('',#7367,#7369,#105,.T.);
#8425=EDGE_CURVE('',#7369,#7348,#109,.T.);
#8429=EDGE_CURVE('',#7372,#7373,#113,.T.);
#8431=EDGE_CURVE('',#7373,#7375,#117,.T.);
#8433=EDGE_CURVE('',#7375,#7377,#121,.T.);
#8435=EDGE_CURVE('',#7377,#7372,#125,.T.);
#8439=EDGE_CURVE('',#7380,#7381,#129,.T.);
#8441=EDGE_CURVE('',#7381,#7383,#133,.T.);
#8443=EDGE_CURVE('',#7383,#7385,#137,.T.);
#8445=EDGE_CURVE('',#7385,#7387,#141,.T.);
#8447=EDGE_CURVE('',#7387,#7389,#145,.T.);
#8449=EDGE_CURVE('',#7389,#7391,#149,.T.);
#8451=EDGE_CURVE('',#7391,#7393,#153,.T.);
#8453=EDGE_CURVE('',#7393,#7395,#157,.T.);
#8455=EDGE_CURVE('',#7395,#7397,#161,.T.);
#8457=EDGE_CURVE('',#7397,#7399,#165,.T.);
#8459=EDGE_CURVE('',#7399,#7401,#169,.T.);
#8461=EDGE_CURVE('',#7401,#7403,#173,.T.);
#8463=EDGE_CURVE('',#7403,#7405,#177,.T.);
#8465=EDGE_CURVE('',#7405,#7407,#181,.T.);
#8467=EDGE_CURVE('',#7407,#7409,#185,.T.);
#8469=EDGE_CURVE('',#7409,#7411,#189,.T.);
#8471=EDGE_CURVE('',#7411,#7413,#193,.T.);
#8473=EDGE_CURVE('',#7413,#7415,#197,.T.);
#8475=EDGE_CURVE('',#7415,#7417,#201,.T.);
#8477=EDGE_CURVE('',#7417,#7419,#205,.T.);
#8479=EDGE_CURVE('',#7419,#7421,#209,.T.);
#8481=EDGE_CURVE('',#7421,#7423,#213,.T.);
#8483=EDGE_CURVE('',#7423,#7425,#217,.T.);
#8485=EDGE_CURVE('',#7425,#7427,#221,.T.);
#8487=EDGE_CURVE('',#7427,#7429,#225,.T.);
#8489=EDGE_CURVE('',#7429,#7431,#229,.T.);
#8491=EDGE_CURVE('',#7431,#7433,#233,.T.);
#8493=EDGE_CURVE('',#7433,#7435,#237,.T.);
#8495=EDGE_CURVE('',#7435,#7437,#241,.T.);
#8497=EDGE_CURVE('',#7437,#7439,#245,.T.);
#8499=EDGE_CURVE('',#7439,#7441,#249,.T.);
#8501=EDGE_CURVE('',#7441,#7443,#253,.T.);
#8503=EDGE_CURVE('',#7443,#7445,#257,.T.);
#8505=EDGE_CURVE('',#7445,#7447,#261,.T.);
#8507=EDGE_CURVE('',#7447,#7449,#265,.T.);
#8509=EDGE_CURVE('',#7449,#7451,#269,.T.);
#8511=EDGE_CURVE('',#7451,#7453,#273,.T.);
#8513=EDGE_CURVE('',#7453,#7455,#277,.T.);
#8515=EDGE_CURVE('',#7455,#7457,#281,.T.);
#8517=EDGE_CURVE('',#7457,#7380,#285,.T.);
#8521=EDGE_CURVE('',#7460,#7461,#289,.T.);
#8523=EDGE_CURVE('',#7461,#7463,#293,.T.);
#8525=EDGE_CURVE('',#7463,#7465,#297,.T.);
#8527=EDGE_CURVE('',#7465,#7467,#301,.T.);
#8529=EDGE_CURVE('',#7467,#7469,#305,.T.);
#8531=EDGE_CURVE('',#7469,#7471,#309,.T.);
#8533=EDGE_CURVE('',#7471,#7473,#313,.T.);
#8535=EDGE_CURVE('',#7473,#7475,#317,.T.);
#8537=EDGE_CURVE('',#7475,#7477,#321,.T.);
#8539=EDGE_CURVE('',#7477,#7479,#325,.T.);
#8541=EDGE_CURVE('',#7479,#7481,#329,.T.);
#8543=EDGE_CURVE('',#7481,#7483,#333,.T.);
#8545=EDGE_CURVE('',#7483,#7485,#337,.T.);
#8547=EDGE_CURVE('',#7485,#7487,#341,.T.);
#8549=EDGE_CURVE('',#7487,#7489,#345,.T.);
#8551=EDGE_CURVE('',#7489,#7491,#349,.T.);
#8553=EDGE_CURVE('',#7491,#7493,#353,.T.);
#8555=EDGE_CURVE('',#7493,#7495,#357,.T.);
#8557=EDGE_CURVE('',#7495,#7497,#361,.T.);
#8559=EDGE_CURVE('',#7497,#7499,#365,.T.);
#8561=EDGE_CURVE('',#7499,#7501,#369,.T.);
#8563=EDGE_CURVE('',#7501,#7503,#373,.T.);
#8565=EDGE_CURVE('',#7503,#7505,#377,.T.);
#8567=EDGE_CURVE('',#7505,#7460,#381,.T.);
#8571=EDGE_CURVE('',#7548,#7549,#465,.T.);
#8573=EDGE_CURVE('',#7549,#7551,#469,.T.);
#8575=EDGE_CURVE('',#7551,#7553,#473,.T.);
#8577=EDGE_CURVE('',#7553,#7555,#477,.T.);
#8579=EDGE_CURVE('',#7555,#7557,#481,.T.);
#8581=EDGE_CURVE('',#7557,#7559,#485,.T.);
#8583=EDGE_CURVE('',#7559,#7561,#489,.T.);
#8585=EDGE_CURVE('',#7561,#7563,#493,.T.);
#8587=EDGE_CURVE('',#7563,#7565,#497,.T.);
#8589=EDGE_CURVE('',#7565,#7567,#501,.T.);
#8591=EDGE_CURVE('',#7567,#7569,#505,.T.);
#8593=EDGE_CURVE('',#7569,#7571,#509,.T.);
#8595=EDGE_CURVE('',#7571,#7548,#513,.T.);
#8599=EDGE_CURVE('',#7574,#7575,#517,.T.);
#8601=EDGE_CURVE('',#7575,#7577,#521,.T.);
#8603=EDGE_CURVE('',#7577,#7579,#525,.T.);
#8605=EDGE_CURVE('',#7579,#7581,#529,.T.);
#8607=EDGE_CURVE('',#7581,#7583,#533,.T.);
#8609=EDGE_CURVE('',#7583,#7585,#537,.T.);
#8611=EDGE_CURVE('',#7585,#7587,#541,.T.);
#8613=EDGE_CURVE('',#7587,#7589,#545,.T.);
#8615=EDGE_CURVE('',#7589,#7591,#549,.T.);
#8617=EDGE_CURVE('',#7591,#7593,#553,.T.);
#8619=EDGE_CURVE('',#7593,#7595,#557,.T.);
#8621=EDGE_CURVE('',#7595,#7597,#561,.T.);
#8623=EDGE_CURVE('',#7597,#7574,#565,.T.);
#8627=EDGE_CURVE('',#7600,#7601,#569,.T.);
#8629=EDGE_CURVE('',#7601,#7603,#573,.T.);
#8631=EDGE_CURVE('',#7603,#7605,#577,.T.);
#8633=EDGE_CURVE('',#7605,#7607,#581,.T.);
#8635=EDGE_CURVE('',#7607,#7609,#585,.T.);
#8637=EDGE_CURVE('',#7609,#7611,#589,.T.);
#8639=EDGE_CURVE('',#7611,#7600,#593,.T.);
#8643=EDGE_CURVE('',#7614,#7615,#597,.T.);
#8645=EDGE_CURVE('',#7615,#7617,#601,.T.);
#8647=EDGE_CURVE('',#7617,#7619,#605,.T.);
#8649=EDGE_CURVE('',#7619,#7621,#609,.T.);
#8651=EDGE_CURVE('',#7621,#7623,#613,.T.);
#8653=EDGE_CURVE('',#7623,#7625,#617,.T.);
#8655=EDGE_CURVE('',#7625,#7614,#621,.T.);
#8659=EDGE_CURVE('',#7628,#7629,#625,.T.);
#8661=EDGE_CURVE('',#7629,#7631,#629,.T.);
#8663=EDGE_CURVE('',#7631,#7633,#633,.T.);
#8665=EDGE_CURVE('',#7633,#7635,#637,.T.);
#8667=EDGE_CURVE('',#7635,#7637,#641,.T.);
#8669=EDGE_CURVE('',#7637,#7639,#645,.T.);
#8671=EDGE_CURVE('',#7639,#7641,#649,.T.);
#8673=EDGE_CURVE('',#7641,#7643,#653,.T.);
#8675=EDGE_CURVE('',#7643,#7645,#657,.T.);
#8677=EDGE_CURVE('',#7645,#7647,#661,.T.);
#8679=EDGE_CURVE('',#7647,#7649,#665,.T.);
#8681=EDGE_CURVE('',#7649,#7651,#669,.T.);
#8683=EDGE_CURVE('',#7651,#7653,#673,.T.);
#8685=EDGE_CURVE('',#7653,#7628,#677,.T.);
#8689=EDGE_CURVE('',#7680,#7681,#729,.T.);
#8691=EDGE_CURVE('',#7681,#7683,#733,.T.);
#8693=EDGE_CURVE('',#7683,#7685,#737,.T.);
#8695=EDGE_CURVE('',#7685,#7687,#741,.T.);
#8697=EDGE_CURVE('',#7687,#7689,#745,.T.);
#8699=EDGE_CURVE('',#7689,#7691,#749,.T.);
#8701=EDGE_CURVE('',#7691,#7693,#753,.T.);
#8703=EDGE_CURVE('',#7693,#7695,#757,.T.);
#8705=EDGE_CURVE('',#7695,#7697,#761,.T.);
#8707=EDGE_CURVE('',#7697,#7699,#765,.T.);
#8709=EDGE_CURVE('',#7699,#7701,#769,.T.);
#8711=EDGE_CURVE('',#7701,#7680,#773,.T.);
#8715=EDGE_CURVE('',#7704,#7705,#777,.T.);
#8717=EDGE_CURVE('',#7705,#7707,#781,.T.);
#8719=EDGE_CURVE('',#7707,#7709,#785,.T.);
#8721=EDGE_CURVE('',#7709,#7711,#789,.T.);
#8723=EDGE_CURVE('',#7711,#7713,#793,.T.);
#8725=EDGE_CURVE('',#7713,#7715,#797,.T.);
#8727=EDGE_CURVE('',#7715,#7717,#801,.T.);
#8729=EDGE_CURVE('',#7717,#7719,#805,.T.);
#8731=EDGE_CURVE('',#7719,#7721,#809,.T.);
#8733=EDGE_CURVE('',#7721,#7723,#813,.T.);
#8735=EDGE_CURVE('',#7723,#7725,#817,.T.);
#8737=EDGE_CURVE('',#7725,#7704,#821,.T.);
#8741=EDGE_CURVE('',#7728,#7729,#825,.T.);
#8743=EDGE_CURVE('',#7729,#7731,#829,.T.);
#8745=EDGE_CURVE('',#7731,#7733,#833,.T.);
#8747=EDGE_CURVE('',#7733,#7735,#837,.T.);
#8749=EDGE_CURVE('',#7735,#7737,#841,.T.);
#8751=EDGE_CURVE('',#7737,#7739,#845,.T.);
#8753=EDGE_CURVE('',#7739,#7741,#849,.T.);
#8755=EDGE_CURVE('',#7741,#7743,#853,.T.);
#8757=EDGE_CURVE('',#7743,#7745,#857,.T.);
#8759=EDGE_CURVE('',#7745,#7747,#861,.T.);
#8761=EDGE_CURVE('',#7747,#7749,#865,.T.);
#8763=EDGE_CURVE('',#7749,#7728,#869,.T.);
#8767=EDGE_CURVE('',#7752,#7753,#873,.T.);
#8769=EDGE_CURVE('',#7753,#7755,#877,.T.);
#8771=EDGE_CURVE('',#7755,#7757,#881,.T.);
#8773=EDGE_CURVE('',#7757,#7759,#885,.T.);
#8775=EDGE_CURVE('',#7759,#7761,#889,.T.);
#8777=EDGE_CURVE('',#7761,#7763,#893,.T.);
#8779=EDGE_CURVE('',#7763,#7765,#897,.T.);
#8781=EDGE_CURVE('',#7765,#7767,#901,.T.);
#8783=EDGE_CURVE('',#7767,#7769,#905,.T.);
#8785=EDGE_CURVE('',#7769,#7771,#909,.T.);
#8787=EDGE_CURVE('',#7771,#7773,#913,.T.);
#8789=EDGE_CURVE('',#7773,#7752,#917,.T.);
#8793=EDGE_CURVE('',#7776,#7777,#921,.T.);
#8795=EDGE_CURVE('',#7777,#7779,#925,.T.);
#8797=EDGE_CURVE('',#7779,#7781,#929,.T.);
#8799=EDGE_CURVE('',#7781,#7776,#933,.T.);
#8803=EDGE_CURVE('',#7784,#7785,#937,.T.);
#8805=EDGE_CURVE('',#7785,#7787,#941,.T.);
#8807=EDGE_CURVE('',#7787,#7789,#945,.T.);
#8809=EDGE_CURVE('',#7789,#7791,#949,.T.);
#8811=EDGE_CURVE('',#7791,#7793,#953,.T.);
#8813=EDGE_CURVE('',#7793,#7795,#957,.T.);
#8815=EDGE_CURVE('',#7795,#7797,#961,.T.);
#8817=EDGE_CURVE('',#7797,#7799,#965,.T.);
#8819=EDGE_CURVE('',#7799,#7801,#969,.T.);
#8821=EDGE_CURVE('',#7801,#7803,#973,.T.);
#8823=EDGE_CURVE('',#7803,#7805,#977,.T.);
#8825=EDGE_CURVE('',#7805,#7784,#981,.T.);
#8829=EDGE_CURVE('',#7808,#7809,#985,.T.);
#8831=EDGE_CURVE('',#7809,#7811,#989,.T.);
#8833=EDGE_CURVE('',#7811,#7813,#993,.T.);
#8835=EDGE_CURVE('',#7813,#7815,#997,.T.);
#8837=EDGE_CURVE('',#7815,#7817,#1001,.T.);
#8839=EDGE_CURVE('',#7817,#7819,#1005,.T.);
#8841=EDGE_CURVE('',#7819,#7821,#1009,.T.);
#8843=EDGE_CURVE('',#7821,#7823,#1013,.T.);
#8845=EDGE_CURVE('',#7823,#7825,#1017,.T.);
#8847=EDGE_CURVE('',#7825,#7827,#1021,.T.);
#8849=EDGE_CURVE('',#7827,#7829,#1025,.T.);
#8851=EDGE_CURVE('',#7829,#7808,#1029,.T.);
#8855=EDGE_CURVE('',#7832,#7833,#1033,.T.);
#8857=EDGE_CURVE('',#7833,#7835,#1037,.T.);
#8859=EDGE_CURVE('',#7835,#7837,#1041,.T.);
#8861=EDGE_CURVE('',#7837,#7839,#1045,.T.);
#8863=EDGE_CURVE('',#7839,#7841,#1049,.T.);
#8865=EDGE_CURVE('',#7841,#7843,#1053,.T.);
#8867=EDGE_CURVE('',#7843,#7845,#1057,.T.);
#8869=EDGE_CURVE('',#7845,#7847,#1061,.T.);
#8871=EDGE_CURVE('',#7847,#7849,#1065,.T.);
#8873=EDGE_CURVE('',#7849,#7851,#1069,.T.);
#8875=EDGE_CURVE('',#7851,#7853,#1073,.T.);
#8877=EDGE_CURVE('',#7853,#7832,#1077,.T.);
#8881=EDGE_CURVE('',#7856,#7857,#1081,.T.);
#8883=EDGE_CURVE('',#7857,#7859,#1085,.T.);
#8885=EDGE_CURVE('',#7859,#7861,#1089,.T.);
#8887=EDGE_CURVE('',#7861,#7863,#1093,.T.);
#8889=EDGE_CURVE('',#7863,#7865,#1097,.T.);
#8891=EDGE_CURVE('',#7865,#7867,#1101,.T.);
#8893=EDGE_CURVE('',#7867,#7869,#1105,.T.);
#8895=EDGE_CURVE('',#7869,#7871,#1109,.T.);
#8897=EDGE_CURVE('',#7871,#7873,#1113,.T.);
#8899=EDGE_CURVE('',#7873,#7875,#1117,.T.);
#8901=EDGE_CURVE('',#7875,#7877,#1121,.T.);
#8903=EDGE_CURVE('',#7877,#7856,#1125,.T.);
#8907=EDGE_CURVE('',#7880,#7881,#1129,.T.);
#8909=EDGE_CURVE('',#7881,#7883,#1133,.T.);
#8911=EDGE_CURVE('',#7883,#7885,#1137,.T.);
#8913=EDGE_CURVE('',#7885,#7887,#1141,.T.);
#8915=EDGE_CURVE('',#7887,#7889,#1145,.T.);
#8917=EDGE_CURVE('',#7889,#7891,#1149,.T.);
#8919=EDGE_CURVE('',#7891,#7880,#1153,.T.);
#8923=EDGE_CURVE('',#7894,#7895,#1157,.T.);
#8925=EDGE_CURVE('',#7895,#7897,#1161,.T.);
#8927=EDGE_CURVE('',#7897,#7899,#1165,.T.);
#8929=EDGE_CURVE('',#7899,#7901,#1169,.T.);
#8931=EDGE_CURVE('',#7901,#7903,#1173,.T.);
#8933=EDGE_CURVE('',#7903,#7905,#1177,.T.);
#8935=EDGE_CURVE('',#7905,#7907,#1181,.T.);
#8937=EDGE_CURVE('',#7907,#7909,#1185,.T.);
#8939=EDGE_CURVE('',#7909,#7911,#1189,.T.);
#8941=EDGE_CURVE('',#7911,#7913,#1193,.T.);
#8943=EDGE_CURVE('',#7913,#7915,#1197,.T.);
#8945=EDGE_CURVE('',#7915,#7917,#1201,.T.);
#8947=EDGE_CURVE('',#7917,#7919,#1205,.T.);
#8949=EDGE_CURVE('',#7919,#7921,#1209,.T.);
#8951=EDGE_CURVE('',#7921,#7923,#1213,.T.);
#8953=EDGE_CURVE('',#7923,#7925,#1217,.T.);
#8955=EDGE_CURVE('',#7925,#7927,#1221,.T.);
#8957=EDGE_CURVE('',#7927,#7929,#1225,.T.);
#8959=EDGE_CURVE('',#7929,#7931,#1229,.T.);
#8961=EDGE_CURVE('',#7931,#7933,#1233,.T.);
#8963=EDGE_CURVE('',#7933,#7935,#1237,.T.);
#8965=EDGE_CURVE('',#7935,#7937,#1241,.T.);
#8967=EDGE_CURVE('',#7937,#7939,#1245,.T.);
#8969=EDGE_CURVE('',#7939,#7941,#1249,.T.);
#8971=EDGE_CURVE('',#7941,#7943,#1253,.T.);
#8973=EDGE_CURVE('',#7943,#7945,#1257,.T.);
#8975=EDGE_CURVE('',#7945,#7947,#1261,.T.);
#8977=EDGE_CURVE('',#7947,#7894,#1265,.T.);
#8981=EDGE_CURVE('',#7950,#7951,#1269,.T.);
#8983=EDGE_CURVE('',#7951,#7953,#1273,.T.);
#8985=EDGE_CURVE('',#7953,#7955,#1277,.T.);
#8987=EDGE_CURVE('',#7955,#7957,#1281,.T.);
#8989=EDGE_CURVE('',#7957,#7959,#1285,.T.);
#8991=EDGE_CURVE('',#7959,#7961,#1289,.T.);
#8993=EDGE_CURVE('',#7961,#7963,#1293,.T.);
#8995=EDGE_CURVE('',#7963,#7965,#1297,.T.);
#8997=EDGE_CURVE('',#7965,#7967,#1301,.T.);
#8999=EDGE_CURVE('',#7967,#7969,#1305,.T.);
#9001=EDGE_CURVE('',#7969,#7971,#1309,.T.);
#9003=EDGE_CURVE('',#7971,#7973,#1313,.T.);
#9005=EDGE_CURVE('',#7973,#7975,#1317,.T.);
#9007=EDGE_CURVE('',#7975,#7977,#1321,.T.);
#9009=EDGE_CURVE('',#7977,#7979,#1325,.T.);
#9011=EDGE_CURVE('',#7979,#7981,#1329,.T.);
#9013=EDGE_CURVE('',#7981,#7983,#1333,.T.);
#9015=EDGE_CURVE('',#7983,#7985,#1337,.T.);
#9017=EDGE_CURVE('',#7985,#7987,#1341,.T.);
#9019=EDGE_CURVE('',#7987,#7989,#1345,.T.);
#9021=EDGE_CURVE('',#7989,#7991,#1349,.T.);
#9023=EDGE_CURVE('',#7991,#7993,#1353,.T.);
#9025=EDGE_CURVE('',#7993,#7995,#1357,.T.);
#9027=EDGE_CURVE('',#7995,#7997,#1361,.T.);
#9029=EDGE_CURVE('',#7997,#7999,#1365,.T.);
#9031=EDGE_CURVE('',#7999,#8001,#1369,.T.);
#9033=EDGE_CURVE('',#8001,#8003,#1373,.T.);
#9035=EDGE_CURVE('',#8003,#8005,#1377,.T.);
#9037=EDGE_CURVE('',#8005,#8007,#1381,.T.);
#9039=EDGE_CURVE('',#8007,#8009,#1385,.T.);
#9041=EDGE_CURVE('',#8009,#8011,#1389,.T.);
#9043=EDGE_CURVE('',#8011,#8013,#1393,.T.);
#9045=EDGE_CURVE('',#8013,#8015,#1397,.T.);
#9047=EDGE_CURVE('',#8015,#8017,#1401,.T.);
#9049=EDGE_CURVE('',#8017,#8019,#1405,.T.);
#9051=EDGE_CURVE('',#8019,#8021,#1409,.T.);
#9053=EDGE_CURVE('',#8021,#8023,#1413,.T.);
#9055=EDGE_CURVE('',#8023,#8025,#1417,.T.);
#9057=EDGE_CURVE('',#8025,#8027,#1421,.T.);
#9059=EDGE_CURVE('',#8027,#8029,#1425,.T.);
#9061=EDGE_CURVE('',#8029,#8031,#1429,.T.);
#9063=EDGE_CURVE('',#8031,#8033,#1433,.T.);
#9065=EDGE_CURVE('',#8033,#8035,#1437,.T.);
#9067=EDGE_CURVE('',#8035,#8037,#1441,.T.);
#9069=EDGE_CURVE('',#8037,#8039,#1445,.T.);
#9071=EDGE_CURVE('',#8039,#8041,#1449,.T.);
#9073=EDGE_CURVE('',#8041,#8043,#1453,.T.);
#9075=EDGE_CURVE('',#8043,#8045,#1457,.T.);
#9077=EDGE_CURVE('',#8045,#8047,#1461,.T.);
#9079=EDGE_CURVE('',#8047,#8049,#1465,.T.);
#9081=EDGE_CURVE('',#8049,#8051,#1469,.T.);
#9083=EDGE_CURVE('',#8051,#8053,#1473,.T.);
#9085=EDGE_CURVE('',#8053,#8055,#1477,.T.);
#9087=EDGE_CURVE('',#8055,#8057,#1481,.T.);
#9089=EDGE_CURVE('',#8057,#8059,#1485,.T.);
#9091=EDGE_CURVE('',#8059,#8061,#1489,.T.);
#9093=EDGE_CURVE('',#8061,#7950,#1493,.T.);
#9097=EDGE_CURVE('',#8064,#8065,#1497,.T.);
#9099=EDGE_CURVE('',#8065,#8067,#1501,.T.);
#9101=EDGE_CURVE('',#8067,#8069,#1505,.T.);
#9103=EDGE_CURVE('',#8069,#8071,#1509,.T.);
#9105=EDGE_CURVE('',#8071,#8073,#1513,.T.);
#9107=EDGE_CURVE('',#8073,#8075,#1517,.T.);
#9109=EDGE_CURVE('',#8075,#8064,#1521,.T.);
#9113=EDGE_CURVE('',#8078,#8079,#1525,.T.);
#9115=EDGE_CURVE('',#8079,#8081,#1529,.T.);
#9117=EDGE_CURVE('',#8081,#8083,#1533,.T.);
#9119=EDGE_CURVE('',#8083,#8085,#1537,.T.);
#9121=EDGE_CURVE('',#8085,#8087,#1541,.T.);
#9123=EDGE_CURVE('',#8087,#8089,#1545,.T.);
#9125=EDGE_CURVE('',#8089,#8091,#1549,.T.);
#9127=EDGE_CURVE('',#8091,#8093,#1553,.T.);
#9129=EDGE_CURVE('',#8093,#8095,#1557,.T.);
#9131=EDGE_CURVE('',#8095,#8097,#1561,.T.);
#9133=EDGE_CURVE('',#8097,#8099,#1565,.T.);
#9135=EDGE_CURVE('',#8099,#8101,#1569,.T.);
#9137=EDGE_CURVE('',#8101,#8103,#1573,.T.);
#9139=EDGE_CURVE('',#8103,#8105,#1577,.T.);
#9141=EDGE_CURVE('',#8105,#8107,#1581,.T.);
#9143=EDGE_CURVE('',#8107,#8109,#1585,.T.);
#9145=EDGE_CURVE('',#8109,#8111,#1589,.T.);
#9147=EDGE_CURVE('',#8111,#8113,#1593,.T.);
#9149=EDGE_CURVE('',#8113,#8115,#1597,.T.);
#9151=EDGE_CURVE('',#8115,#8117,#1601,.T.);
#9153=EDGE_CURVE('',#8117,#8119,#1605,.T.);
#9155=EDGE_CURVE('',#8119,#8121,#1609,.T.);
#9157=EDGE_CURVE('',#8121,#8123,#1613,.T.);
#9159=EDGE_CURVE('',#8123,#8125,#1617,.T.);
#9161=EDGE_CURVE('',#8125,#8127,#1621,.T.);
#9163=EDGE_CURVE('',#8127,#8078,#1625,.T.);
#9167=EDGE_CURVE('',#8166,#8167,#1701,.T.);
#9169=EDGE_CURVE('',#8167,#8169,#1705,.T.);
#9171=EDGE_CURVE('',#8169,#8171,#1709,.T.);
#9173=EDGE_CURVE('',#8171,#8173,#1713,.T.);
#9175=EDGE_CURVE('',#8173,#8175,#1717,.T.);
#9177=EDGE_CURVE('',#8175,#8177,#1721,.T.);
#9179=EDGE_CURVE('',#8177,#8166,#1725,.T.);
#9183=EDGE_CURVE('',#8180,#8181,#1729,.T.);
#9185=EDGE_CURVE('',#8181,#8183,#1733,.T.);
#9187=EDGE_CURVE('',#8183,#8185,#1737,.T.);
#9189=EDGE_CURVE('',#8185,#8180,#1741,.T.);
#9193=EDGE_CURVE('',#8188,#8189,#1745,.T.);
#9195=EDGE_CURVE('',#8189,#8191,#1749,.T.);
#9197=EDGE_CURVE('',#8191,#8193,#1753,.T.);
#9199=EDGE_CURVE('',#8193,#8195,#1757,.T.);
#9201=EDGE_CURVE('',#8195,#8197,#1761,.T.);
#9203=EDGE_CURVE('',#8197,#8199,#1765,.T.);
#9205=EDGE_CURVE('',#8199,#8201,#1769,.T.);
#9207=EDGE_CURVE('',#8201,#8203,#1773,.T.);
#9209=EDGE_CURVE('',#8203,#8188,#1777,.T.);
#9213=EDGE_CURVE('',#8206,#8207,#1781,.T.);
#9215=EDGE_CURVE('',#8207,#8209,#1785,.T.);
#9217=EDGE_CURVE('',#8209,#8211,#1789,.T.);
#9219=EDGE_CURVE('',#8211,#8213,#1793,.T.);
#9221=EDGE_CURVE('',#8213,#8215,#1797,.T.);
#9223=EDGE_CURVE('',#8215,#8217,#1801,.T.);
#9225=EDGE_CURVE('',#8217,#8219,#1805,.T.);
#9227=EDGE_CURVE('',#8219,#8221,#1809,.T.);
#9229=EDGE_CURVE('',#8221,#8206,#1813,.T.);
#9233=EDGE_CURVE('',#8224,#8225,#1817,.T.);
#9235=EDGE_CURVE('',#8225,#8227,#1821,.T.);
#9237=EDGE_CURVE('',#8227,#8229,#1825,.T.);
#9239=EDGE_CURVE('',#8229,#8231,#1829,.T.);
#9241=EDGE_CURVE('',#8231,#8233,#1833,.T.);
#9243=EDGE_CURVE('',#8233,#8235,#1837,.T.);
#9245=EDGE_CURVE('',#8235,#8237,#1841,.T.);
#9247=EDGE_CURVE('',#8237,#8239,#1845,.T.);
#9249=EDGE_CURVE('',#8239,#8241,#1849,.T.);
#9251=EDGE_CURVE('',#8241,#8243,#1853,.T.);
#9253=EDGE_CURVE('',#8243,#8245,#1857,.T.);
#9255=EDGE_CURVE('',#8245,#8247,#1861,.T.);
#9257=EDGE_CURVE('',#8247,#8224,#1865,.T.);
#9261=EDGE_CURVE('',#8250,#8251,#1869,.T.);
#9263=EDGE_CURVE('',#8251,#8253,#1873,.T.);
#9265=EDGE_CURVE('',#8253,#8255,#1877,.T.);
#9267=EDGE_CURVE('',#8255,#8257,#1881,.T.);
#9269=EDGE_CURVE('',#8257,#8259,#1885,.T.);
#9271=EDGE_CURVE('',#8259,#8261,#1889,.T.);
#9273=EDGE_CURVE('',#8261,#8263,#1893,.T.);
#9275=EDGE_CURVE('',#8263,#8265,#1897,.T.);
#9277=EDGE_CURVE('',#8265,#8267,#1901,.T.);
#9279=EDGE_CURVE('',#8267,#8269,#1905,.T.);
#9281=EDGE_CURVE('',#8269,#8271,#1909,.T.);
#9283=EDGE_CURVE('',#8271,#8273,#1913,.T.);
#9285=EDGE_CURVE('',#8273,#8250,#1917,.T.);
#9289=ADVANCED_FACE('',(#8384,#8402,#8428,#8438,#8520,#8570,#8598,#8626,#8642,
#8658,#8688,#8714,#8740,#8766,#8792,#8802,#8828,#8854,#8880,#8906,#8922,#8980,
#9096,#9112,#9166,#9182,#9192,#9212,#9232,#9260,#9288),#8374,.T.);
#9295=EDGE_CURVE('',#7342,#7343,#53,.T.);
#9297=EDGE_CURVE('',#7343,#7345,#57,.T.);
#9299=EDGE_CURVE('',#7345,#7342,#61,.T.);
#9303=ADVANCED_FACE('',(#9302),#9294,.T.);
#9309=EDGE_CURVE('',#7508,#7509,#385,.T.);
#9311=EDGE_CURVE('',#7509,#7511,#389,.T.);
#9313=EDGE_CURVE('',#7511,#7513,#393,.T.);
#9315=EDGE_CURVE('',#7513,#7515,#397,.T.);
#9317=EDGE_CURVE('',#7515,#7517,#401,.T.);
#9319=EDGE_CURVE('',#7517,#7519,#405,.T.);
#9321=EDGE_CURVE('',#7519,#7521,#409,.T.);
#9323=EDGE_CURVE('',#7521,#7523,#413,.T.);
#9325=EDGE_CURVE('',#7523,#7525,#417,.T.);
#9327=EDGE_CURVE('',#7525,#7527,#421,.T.);
#9329=EDGE_CURVE('',#7527,#7529,#425,.T.);
#9331=EDGE_CURVE('',#7529,#7531,#429,.T.);
#9333=EDGE_CURVE('',#7531,#7533,#433,.T.);
#9335=EDGE_CURVE('',#7533,#7535,#437,.T.);
#9337=EDGE_CURVE('',#7535,#7537,#441,.T.);
#9339=EDGE_CURVE('',#7537,#7539,#445,.T.);
#9341=EDGE_CURVE('',#7539,#7541,#449,.T.);
#9343=EDGE_CURVE('',#7541,#7543,#453,.T.);
#9345=EDGE_CURVE('',#7543,#7545,#457,.T.);
#9347=EDGE_CURVE('',#7545,#7508,#461,.T.);
#9351=ADVANCED_FACE('',(#9350),#9308,.T.);
#9357=EDGE_CURVE('',#7656,#7657,#681,.T.);
#9359=EDGE_CURVE('',#7657,#7659,#685,.T.);
#9361=EDGE_CURVE('',#7659,#7661,#689,.T.);
#9363=EDGE_CURVE('',#7661,#7663,#693,.T.);
#9365=EDGE_CURVE('',#7663,#7665,#697,.T.);
#9367=EDGE_CURVE('',#7665,#7667,#701,.T.);
#9369=EDGE_CURVE('',#7667,#7669,#705,.T.);
#9371=EDGE_CURVE('',#7669,#7671,#709,.T.);
#9373=EDGE_CURVE('',#7671,#7673,#713,.T.);
#9375=EDGE_CURVE('',#7673,#7675,#717,.T.);
#9377=EDGE_CURVE('',#7675,#7677,#721,.T.);
#9379=EDGE_CURVE('',#7677,#7656,#725,.T.);
#9383=ADVANCED_FACE('',(#9382),#9356,.T.);
#9389=EDGE_CURVE('',#8130,#8131,#1629,.T.);
#9391=EDGE_CURVE('',#8131,#8133,#1633,.T.);
#9393=EDGE_CURVE('',#8133,#8135,#1637,.T.);
#9395=EDGE_CURVE('',#8135,#8137,#1641,.T.);
#9397=EDGE_CURVE('',#8137,#8139,#1645,.T.);
#9399=EDGE_CURVE('',#8139,#8141,#1649,.T.);
#9401=EDGE_CURVE('',#8141,#8143,#1653,.T.);
#9403=EDGE_CURVE('',#8143,#8145,#1657,.T.);
#9405=EDGE_CURVE('',#8145,#8147,#1661,.T.);
#9407=EDGE_CURVE('',#8147,#8149,#1665,.T.);
#9409=EDGE_CURVE('',#8149,#8151,#1669,.T.);
#9411=EDGE_CURVE('',#8151,#8153,#1673,.T.);
#9413=EDGE_CURVE('',#8153,#8155,#1677,.T.);
#9415=EDGE_CURVE('',#8155,#8157,#1681,.T.);
#9417=EDGE_CURVE('',#8157,#8159,#1685,.T.);
#9419=EDGE_CURVE('',#8159,#8161,#1689,.T.);
#9421=EDGE_CURVE('',#8161,#8163,#1693,.T.);
#9423=EDGE_CURVE('',#8163,#8130,#1697,.T.);
#9427=ADVANCED_FACE('',(#9426),#9388,.T.);
#9433=EDGE_CURVE('',#6335,#6281,#1929,.T.);
#9435=EDGE_CURVE('',#6335,#6337,#2101,.T.);
#9437=EDGE_CURVE('',#6372,#6337,#2009,.T.);
#9439=EDGE_CURVE('',#6344,#6372,#1941,.T.);
#9441=EDGE_CURVE('',#6344,#6299,#1921,.T.);
#9443=EDGE_CURVE('',#6299,#6301,#2029,.T.);
#9445=EDGE_CURVE('',#6280,#6301,#2465,.T.);
#9450=ADVANCED_FACE('',(#9449),#9432,.T.);
#9456=EDGE_CURVE('',#6368,#6364,#1997,.T.);
#9458=EDGE_CURVE('',#6368,#6333,#1925,.T.);
#9460=EDGE_CURVE('',#6333,#6335,#2105,.T.);
#9464=EDGE_CURVE('',#6283,#6323,#1933,.T.);
#9466=EDGE_CURVE('',#6323,#6325,#2077,.T.);
#9468=EDGE_CURVE('',#6364,#6325,#2141,.T.);
#9472=ADVANCED_FACE('',(#9471),#9455,.T.);
#9478=EDGE_CURVE('',#6344,#6345,#1937,.T.);
#9481=EDGE_CURVE('',#6372,#6373,#1945,.T.);
#9483=EDGE_CURVE('',#6373,#6345,#1949,.T.);
#9487=ADVANCED_FACE('',(#9486),#9477,.F.);
#9493=EDGE_CURVE('',#6348,#6349,#1953,.T.);
#9495=EDGE_CURVE('',#6349,#6353,#1957,.T.);
#9497=EDGE_CURVE('',#6352,#6353,#1961,.T.);
#9499=EDGE_CURVE('',#6348,#6352,#1965,.T.);
#9503=ADVANCED_FACE('',(#9502),#9492,.F.);
#9509=EDGE_CURVE('',#6356,#6357,#1969,.T.);
#9511=EDGE_CURVE('',#6357,#6361,#1973,.T.);
#9513=EDGE_CURVE('',#6360,#6361,#1977,.T.);
#9515=EDGE_CURVE('',#6360,#6356,#1981,.T.);
#9519=ADVANCED_FACE('',(#9518),#9508,.F.);
#9525=EDGE_CURVE('',#6364,#6365,#1985,.T.);
#9527=EDGE_CURVE('',#6365,#6369,#1989,.T.);
#9529=EDGE_CURVE('',#6368,#6369,#1993,.T.);
#9534=ADVANCED_FACE('',(#9533),#9524,.F.);
#9541=EDGE_CURVE('',#6345,#6297,#2001,.T.);
#9543=EDGE_CURVE('',#6297,#6299,#2033,.T.);
#9548=ADVANCED_FACE('',(#9547),#9539,.T.);
#9555=EDGE_CURVE('',#6373,#6339,#2005,.T.);
#9557=EDGE_CURVE('',#6339,#6341,#2093,.T.);
#9559=EDGE_CURVE('',#6289,#6341,#2125,.T.);
#9561=EDGE_CURVE('',#6289,#6291,#2157,.T.);
#9563=EDGE_CURVE('',#6296,#6291,#2113,.T.);
#9565=EDGE_CURVE('',#6296,#6297,#2013,.T.);
#9570=ADVANCED_FACE('',(#9569),#9553,.F.);
#9578=EDGE_CURVE('',#6337,#6339,#2097,.T.);
#9583=ADVANCED_FACE('',(#9582),#9575,.T.);
#9590=EDGE_CURVE('',#6305,#6296,#2017,.T.);
#9592=EDGE_CURVE('',#6303,#6305,#2021,.T.);
#9594=EDGE_CURVE('',#6301,#6303,#2025,.T.);
#9600=ADVANCED_FACE('',(#9599),#9588,.T.);
#9606=EDGE_CURVE('',#6308,#6309,#2037,.T.);
#9608=EDGE_CURVE('',#6317,#6308,#2041,.T.);
#9610=EDGE_CURVE('',#6315,#6317,#2045,.T.);
#9612=EDGE_CURVE('',#6313,#6315,#2049,.T.);
#9614=EDGE_CURVE('',#6311,#6313,#2053,.T.);
#9616=EDGE_CURVE('',#6309,#6311,#2057,.T.);
#9620=ADVANCED_FACE('',(#9619),#9605,.T.);
#9626=EDGE_CURVE('',#6320,#6321,#2061,.T.);
#9628=EDGE_CURVE('',#6329,#6320,#2065,.T.);
#9630=EDGE_CURVE('',#6327,#6329,#2069,.T.);
#9632=EDGE_CURVE('',#6325,#6327,#2073,.T.);
#9635=EDGE_CURVE('',#6321,#6323,#2081,.T.);
#9639=ADVANCED_FACE('',(#9638),#9625,.T.);
#9645=EDGE_CURVE('',#6332,#6333,#2085,.T.);
#9647=EDGE_CURVE('',#6341,#6332,#2089,.T.);
#9655=ADVANCED_FACE('',(#9654),#9644,.T.);
#9661=EDGE_CURVE('',#6317,#6293,#2121,.T.);
#9664=EDGE_CURVE('',#6353,#6308,#2469,.T.);
#9667=EDGE_CURVE('',#6349,#6305,#2109,.T.);
#9671=EDGE_CURVE('',#6291,#6293,#2153,.T.);
#9675=ADVANCED_FACE('',(#9674),#9660,.F.);
#9681=EDGE_CURVE('',#6329,#6288,#2133,.T.);
#9684=EDGE_CURVE('',#6361,#6320,#2449,.T.);
#9687=EDGE_CURVE('',#6357,#6315,#2117,.T.);
#9691=EDGE_CURVE('',#6293,#6288,#2149,.T.);
#9695=ADVANCED_FACE('',(#9694),#9680,.F.);
#9703=EDGE_CURVE('',#6369,#6332,#2137,.T.);
#9706=EDGE_CURVE('',#6365,#6327,#2129,.T.);
#9710=EDGE_CURVE('',#6288,#6289,#2145,.T.);
#9714=ADVANCED_FACE('',(#9713),#9700,.F.);
#9726=ADVANCED_FACE('',(#9725),#9719,.T.);
#9738=ADVANCED_FACE('',(#9737),#9731,.T.);
#9750=EDGE_CURVE('',#8324,#8325,#2161,.T.);
#9752=EDGE_CURVE('',#8325,#8327,#2165,.T.);
#9754=EDGE_CURVE('',#8327,#8329,#2169,.T.);
#9756=EDGE_CURVE('',#8329,#8324,#2173,.T.);
#9760=EDGE_CURVE('',#8332,#8333,#2177,.T.);
#9762=EDGE_CURVE('',#8333,#8335,#2181,.T.);
#9764=EDGE_CURVE('',#8335,#8337,#2185,.T.);
#9766=EDGE_CURVE('',#8337,#8332,#2189,.T.);
#9770=EDGE_CURVE('',#8340,#8341,#2193,.T.);
#9772=EDGE_CURVE('',#8341,#8343,#2197,.T.);
#9774=EDGE_CURVE('',#8343,#8345,#2201,.T.);
#9776=EDGE_CURVE('',#8345,#8340,#2205,.T.);
#9780=EDGE_CURVE('',#8348,#8349,#2209,.T.);
#9782=EDGE_CURVE('',#8349,#8351,#2213,.T.);
#9784=EDGE_CURVE('',#8351,#8353,#2217,.T.);
#9786=EDGE_CURVE('',#8353,#8348,#2221,.T.);
#9790=EDGE_CURVE('',#8356,#8357,#2225,.T.);
#9792=EDGE_CURVE('',#8357,#8359,#2229,.T.);
#9794=EDGE_CURVE('',#8359,#8361,#2233,.T.);
#9796=EDGE_CURVE('',#8361,#8356,#2237,.T.);
#9800=EDGE_CURVE('',#8364,#8365,#2241,.T.);
#9802=EDGE_CURVE('',#8365,#8367,#2245,.T.);
#9804=EDGE_CURVE('',#8367,#8369,#2249,.T.);
#9806=EDGE_CURVE('',#8369,#8364,#2253,.T.);
#9810=ADVANCED_FACE('',(#9749,#9759,#9769,#9779,#9789,#9799,#9809),#9743,.T.);
#9817=EDGE_CURVE('',#8324,#8276,#2257,.T.);
#9819=EDGE_CURVE('',#8276,#8277,#2273,.T.);
#9821=EDGE_CURVE('',#8325,#8277,#2269,.T.);
#9825=ADVANCED_FACE('',(#9824),#9815,.T.);
#9832=EDGE_CURVE('',#8329,#8281,#2261,.T.);
#9834=EDGE_CURVE('',#8281,#8276,#2277,.T.);
#9839=ADVANCED_FACE('',(#9838),#9830,.T.);
#9846=EDGE_CURVE('',#8327,#8279,#2265,.T.);
#9848=EDGE_CURVE('',#8279,#8281,#2281,.T.);
#9853=ADVANCED_FACE('',(#9852),#9844,.T.);
#9861=EDGE_CURVE('',#8277,#8279,#2285,.T.);
#9866=ADVANCED_FACE('',(#9865),#9858,.T.);
#9878=ADVANCED_FACE('',(#9877),#9871,.T.);
#9884=EDGE_CURVE('',#8284,#8285,#2289,.T.);
#9886=EDGE_CURVE('',#8289,#8284,#2293,.T.);
#9888=EDGE_CURVE('',#8287,#8289,#2297,.T.);
#9890=EDGE_CURVE('',#8285,#8287,#2301,.T.);
#9894=ADVANCED_FACE('',(#9893),#9883,.T.);
#9900=EDGE_CURVE('',#8292,#8293,#2305,.T.);
#9902=EDGE_CURVE('',#8297,#8292,#2309,.T.);
#9904=EDGE_CURVE('',#8295,#8297,#2313,.T.);
#9906=EDGE_CURVE('',#8293,#8295,#2317,.T.);
#9910=ADVANCED_FACE('',(#9909),#9899,.T.);
#9916=EDGE_CURVE('',#8300,#8301,#2321,.T.);
#9918=EDGE_CURVE('',#8305,#8300,#2325,.T.);
#9920=EDGE_CURVE('',#8303,#8305,#2329,.T.);
#9922=EDGE_CURVE('',#8301,#8303,#2333,.T.);
#9926=ADVANCED_FACE('',(#9925),#9915,.T.);
#9932=EDGE_CURVE('',#8308,#8309,#2337,.T.);
#9934=EDGE_CURVE('',#8313,#8308,#2341,.T.);
#9936=EDGE_CURVE('',#8311,#8313,#2345,.T.);
#9938=EDGE_CURVE('',#8309,#8311,#2349,.T.);
#9942=ADVANCED_FACE('',(#9941),#9931,.T.);
#9948=EDGE_CURVE('',#8316,#8317,#2353,.T.);
#9950=EDGE_CURVE('',#8321,#8316,#2357,.T.);
#9952=EDGE_CURVE('',#8319,#8321,#2361,.T.);
#9954=EDGE_CURVE('',#8317,#8319,#2365,.T.);
#9958=ADVANCED_FACE('',(#9957),#9947,.T.);
#9965=EDGE_CURVE('',#8332,#8284,#2369,.T.);
#9968=EDGE_CURVE('',#8333,#8285,#2381,.T.);
#9972=ADVANCED_FACE('',(#9971),#9963,.T.);
#9979=EDGE_CURVE('',#8337,#8289,#2373,.T.);
#9985=ADVANCED_FACE('',(#9984),#9977,.T.);
#9992=EDGE_CURVE('',#8335,#8287,#2377,.T.);
#9998=ADVANCED_FACE('',(#9997),#9990,.T.);
#10010=ADVANCED_FACE('',(#10009),#10003,.T.);
#10017=EDGE_CURVE('',#8340,#8292,#2385,.T.);
#10020=EDGE_CURVE('',#8341,#8293,#2397,.T.);
#10024=ADVANCED_FACE('',(#10023),#10015,.T.);
#10031=EDGE_CURVE('',#8345,#8297,#2389,.T.);
#10037=ADVANCED_FACE('',(#10036),#10029,.T.);
#10044=EDGE_CURVE('',#8343,#8295,#2393,.T.);
#10050=ADVANCED_FACE('',(#10049),#10042,.T.);
#10062=ADVANCED_FACE('',(#10061),#10055,.T.);
#10069=EDGE_CURVE('',#8348,#8300,#2401,.T.);
#10072=EDGE_CURVE('',#8349,#8301,#2413,.T.);
#10076=ADVANCED_FACE('',(#10075),#10067,.T.);
#10083=EDGE_CURVE('',#8353,#8305,#2405,.T.);
#10089=ADVANCED_FACE('',(#10088),#10081,.T.);
#10096=EDGE_CURVE('',#8351,#8303,#2409,.T.);
#10102=ADVANCED_FACE('',(#10101),#10094,.T.);
#10114=ADVANCED_FACE('',(#10113),#10107,.T.);
#10121=EDGE_CURVE('',#8356,#8308,#2417,.T.);
#10124=EDGE_CURVE('',#8357,#8309,#2429,.T.);
#10128=ADVANCED_FACE('',(#10127),#10119,.T.);
#10135=EDGE_CURVE('',#8361,#8313,#2421,.T.);
#10141=ADVANCED_FACE('',(#10140),#10133,.T.);
#10148=EDGE_CURVE('',#8359,#8311,#2425,.T.);
#10154=ADVANCED_FACE('',(#10153),#10146,.T.);
#10166=ADVANCED_FACE('',(#10165),#10159,.T.);
#10173=EDGE_CURVE('',#8364,#8316,#2433,.T.);
#10176=EDGE_CURVE('',#8365,#8317,#2445,.T.);
#10180=ADVANCED_FACE('',(#10179),#10171,.T.);
#10187=EDGE_CURVE('',#8369,#8321,#2437,.T.);
#10193=ADVANCED_FACE('',(#10192),#10185,.T.);
#10200=EDGE_CURVE('',#8367,#8319,#2441,.T.);
#10206=ADVANCED_FACE('',(#10205),#10198,.T.);
#10218=ADVANCED_FACE('',(#10217),#10211,.T.);
#10227=EDGE_CURVE('',#6360,#6321,#2453,.T.);
#10231=ADVANCED_FACE('',(#10230),#10223,.T.);
#10242=EDGE_CURVE('',#6285,#6311,#2457,.T.);
#10245=EDGE_CURVE('',#6356,#6313,#2477,.T.);
#10249=ADVANCED_FACE('',(#10248),#10236,.T.);
#10256=EDGE_CURVE('',#6352,#6309,#2461,.T.);
#10263=EDGE_CURVE('',#6348,#6303,#2473,.T.);
#10267=ADVANCED_FACE('',(#10266),#10254,.T.);
#10279=ADVANCED_FACE('',(#10278),#10272,.T.);
#10291=ADVANCED_FACE('',(#10290),#10284,.T.);
#10303=ADVANCED_FACE('',(#10302),#10296,.T.);
#10310=EDGE_CURVE('',#7326,#6376,#2481,.T.);
#10312=EDGE_CURVE('',#6376,#6377,#2513,.T.);
#10314=EDGE_CURVE('',#7327,#6377,#2509,.T.);
#10318=ADVANCED_FACE('',(#10317),#10308,.F.);
#10325=EDGE_CURVE('',#7339,#6389,#2485,.T.);
#10327=EDGE_CURVE('',#6389,#6376,#2517,.T.);
#10332=ADVANCED_FACE('',(#10331),#10323,.F.);
#10339=EDGE_CURVE('',#7337,#6387,#2489,.T.);
#10341=EDGE_CURVE('',#6387,#6389,#2521,.T.);
#10346=ADVANCED_FACE('',(#10345),#10337,.F.);
#10353=EDGE_CURVE('',#7335,#6385,#2493,.T.);
#10355=EDGE_CURVE('',#6385,#6387,#2525,.T.);
#10360=ADVANCED_FACE('',(#10359),#10351,.F.);
#10367=EDGE_CURVE('',#7333,#6383,#2497,.T.);
#10369=EDGE_CURVE('',#6383,#6385,#2529,.T.);
#10374=ADVANCED_FACE('',(#10373),#10365,.F.);
#10381=EDGE_CURVE('',#7331,#6381,#2501,.T.);
#10383=EDGE_CURVE('',#6381,#6383,#2533,.T.);
#10388=ADVANCED_FACE('',(#10387),#10379,.F.);
#10395=EDGE_CURVE('',#7329,#6379,#2505,.T.);
#10397=EDGE_CURVE('',#6379,#6381,#2537,.T.);
#10402=ADVANCED_FACE('',(#10401),#10393,.F.);
#10410=EDGE_CURVE('',#6377,#6379,#2541,.T.);
#10415=ADVANCED_FACE('',(#10414),#10407,.F.);
#10431=EDGE_CURVE('',#6392,#6393,#2545,.T.);
#10433=EDGE_CURVE('',#6395,#6392,#2549,.T.);
#10435=EDGE_CURVE('',#6393,#6395,#2553,.T.);
#10439=ADVANCED_FACE('',(#10430,#10438),#10420,.T.);
#10445=EDGE_CURVE('',#6398,#6399,#2557,.T.);
#10447=EDGE_CURVE('',#6419,#6398,#2561,.T.);
#10449=EDGE_CURVE('',#6417,#6419,#2565,.T.);
#10451=EDGE_CURVE('',#6415,#6417,#2569,.T.);
#10453=EDGE_CURVE('',#6413,#6415,#2573,.T.);
#10455=EDGE_CURVE('',#6411,#6413,#2577,.T.);
#10457=EDGE_CURVE('',#6409,#6411,#2581,.T.);
#10459=EDGE_CURVE('',#6407,#6409,#2585,.T.);
#10461=EDGE_CURVE('',#6405,#6407,#2589,.T.);
#10463=EDGE_CURVE('',#6403,#6405,#2593,.T.);
#10465=EDGE_CURVE('',#6401,#6403,#2597,.T.);
#10467=EDGE_CURVE('',#6399,#6401,#2601,.T.);
#10471=ADVANCED_FACE('',(#10470),#10444,.T.);
#10477=EDGE_CURVE('',#6422,#6423,#2605,.T.);
#10479=EDGE_CURVE('',#6427,#6422,#2609,.T.);
#10481=EDGE_CURVE('',#6425,#6427,#2613,.T.);
#10483=EDGE_CURVE('',#6423,#6425,#2617,.T.);
#10487=ADVANCED_FACE('',(#10486),#10476,.T.);
#10493=EDGE_CURVE('',#6430,#6431,#2621,.T.);
#10495=EDGE_CURVE('',#6507,#6430,#2625,.T.);
#10497=EDGE_CURVE('',#6505,#6507,#2629,.T.);
#10499=EDGE_CURVE('',#6503,#6505,#2633,.T.);
#10501=EDGE_CURVE('',#6501,#6503,#2637,.T.);
#10503=EDGE_CURVE('',#6499,#6501,#2641,.T.);
#10505=EDGE_CURVE('',#6497,#6499,#2645,.T.);
#10507=EDGE_CURVE('',#6495,#6497,#2649,.T.);
#10509=EDGE_CURVE('',#6493,#6495,#2653,.T.);
#10511=EDGE_CURVE('',#6491,#6493,#2657,.T.);
#10513=EDGE_CURVE('',#6489,#6491,#2661,.T.);
#10515=EDGE_CURVE('',#6487,#6489,#2665,.T.);
#10517=EDGE_CURVE('',#6485,#6487,#2669,.T.);
#10519=EDGE_CURVE('',#6483,#6485,#2673,.T.);
#10521=EDGE_CURVE('',#6481,#6483,#2677,.T.);
#10523=EDGE_CURVE('',#6479,#6481,#2681,.T.);
#10525=EDGE_CURVE('',#6477,#6479,#2685,.T.);
#10527=EDGE_CURVE('',#6475,#6477,#2689,.T.);
#10529=EDGE_CURVE('',#6473,#6475,#2693,.T.);
#10531=EDGE_CURVE('',#6471,#6473,#2697,.T.);
#10533=EDGE_CURVE('',#6469,#6471,#2701,.T.);
#10535=EDGE_CURVE('',#6467,#6469,#2705,.T.);
#10537=EDGE_CURVE('',#6465,#6467,#2709,.T.);
#10539=EDGE_CURVE('',#6463,#6465,#2713,.T.);
#10541=EDGE_CURVE('',#6461,#6463,#2717,.T.);
#10543=EDGE_CURVE('',#6459,#6461,#2721,.T.);
#10545=EDGE_CURVE('',#6457,#6459,#2725,.T.);
#10547=EDGE_CURVE('',#6455,#6457,#2729,.T.);
#10549=EDGE_CURVE('',#6453,#6455,#2733,.T.);
#10551=EDGE_CURVE('',#6451,#6453,#2737,.T.);
#10553=EDGE_CURVE('',#6449,#6451,#2741,.T.);
#10555=EDGE_CURVE('',#6447,#6449,#2745,.T.);
#10557=EDGE_CURVE('',#6445,#6447,#2749,.T.);
#10559=EDGE_CURVE('',#6443,#6445,#2753,.T.);
#10561=EDGE_CURVE('',#6441,#6443,#2757,.T.);
#10563=EDGE_CURVE('',#6439,#6441,#2761,.T.);
#10565=EDGE_CURVE('',#6437,#6439,#2765,.T.);
#10567=EDGE_CURVE('',#6435,#6437,#2769,.T.);
#10569=EDGE_CURVE('',#6433,#6435,#2773,.T.);
#10571=EDGE_CURVE('',#6431,#6433,#2777,.T.);
#10575=ADVANCED_FACE('',(#10574),#10492,.T.);
#10581=EDGE_CURVE('',#6510,#6511,#2781,.T.);
#10583=EDGE_CURVE('',#6555,#6510,#2785,.T.);
#10585=EDGE_CURVE('',#6553,#6555,#2789,.T.);
#10587=EDGE_CURVE('',#6551,#6553,#2793,.T.);
#10589=EDGE_CURVE('',#6549,#6551,#2797,.T.);
#10591=EDGE_CURVE('',#6547,#6549,#2801,.T.);
#10593=EDGE_CURVE('',#6545,#6547,#2805,.T.);
#10595=EDGE_CURVE('',#6543,#6545,#2809,.T.);
#10597=EDGE_CURVE('',#6541,#6543,#2813,.T.);
#10599=EDGE_CURVE('',#6539,#6541,#2817,.T.);
#10601=EDGE_CURVE('',#6537,#6539,#2821,.T.);
#10603=EDGE_CURVE('',#6535,#6537,#2825,.T.);
#10605=EDGE_CURVE('',#6533,#6535,#2829,.T.);
#10607=EDGE_CURVE('',#6531,#6533,#2833,.T.);
#10609=EDGE_CURVE('',#6529,#6531,#2837,.T.);
#10611=EDGE_CURVE('',#6527,#6529,#2841,.T.);
#10613=EDGE_CURVE('',#6525,#6527,#2845,.T.);
#10615=EDGE_CURVE('',#6523,#6525,#2849,.T.);
#10617=EDGE_CURVE('',#6521,#6523,#2853,.T.);
#10619=EDGE_CURVE('',#6519,#6521,#2857,.T.);
#10621=EDGE_CURVE('',#6517,#6519,#2861,.T.);
#10623=EDGE_CURVE('',#6515,#6517,#2865,.T.);
#10625=EDGE_CURVE('',#6513,#6515,#2869,.T.);
#10627=EDGE_CURVE('',#6511,#6513,#2873,.T.);
#10631=EDGE_CURVE('',#6558,#6559,#2877,.T.);
#10633=EDGE_CURVE('',#6595,#6558,#2881,.T.);
#10635=EDGE_CURVE('',#6593,#6595,#2885,.T.);
#10637=EDGE_CURVE('',#6591,#6593,#2889,.T.);
#10639=EDGE_CURVE('',#6589,#6591,#2893,.T.);
#10641=EDGE_CURVE('',#6587,#6589,#2897,.T.);
#10643=EDGE_CURVE('',#6585,#6587,#2901,.T.);
#10645=EDGE_CURVE('',#6583,#6585,#2905,.T.);
#10647=EDGE_CURVE('',#6581,#6583,#2909,.T.);
#10649=EDGE_CURVE('',#6579,#6581,#2913,.T.);
#10651=EDGE_CURVE('',#6577,#6579,#2917,.T.);
#10653=EDGE_CURVE('',#6575,#6577,#2921,.T.);
#10655=EDGE_CURVE('',#6573,#6575,#2925,.T.);
#10657=EDGE_CURVE('',#6571,#6573,#2929,.T.);
#10659=EDGE_CURVE('',#6569,#6571,#2933,.T.);
#10661=EDGE_CURVE('',#6567,#6569,#2937,.T.);
#10663=EDGE_CURVE('',#6565,#6567,#2941,.T.);
#10665=EDGE_CURVE('',#6563,#6565,#2945,.T.);
#10667=EDGE_CURVE('',#6561,#6563,#2949,.T.);
#10669=EDGE_CURVE('',#6559,#6561,#2953,.T.);
#10673=ADVANCED_FACE('',(#10630,#10672),#10580,.T.);
#10679=EDGE_CURVE('',#6598,#6599,#2957,.T.);
#10681=EDGE_CURVE('',#6621,#6598,#2961,.T.);
#10683=EDGE_CURVE('',#6619,#6621,#2965,.T.);
#10685=EDGE_CURVE('',#6617,#6619,#2969,.T.);
#10687=EDGE_CURVE('',#6615,#6617,#2973,.T.);
#10689=EDGE_CURVE('',#6613,#6615,#2977,.T.);
#10691=EDGE_CURVE('',#6611,#6613,#2981,.T.);
#10693=EDGE_CURVE('',#6609,#6611,#2985,.T.);
#10695=EDGE_CURVE('',#6607,#6609,#2989,.T.);
#10697=EDGE_CURVE('',#6605,#6607,#2993,.T.);
#10699=EDGE_CURVE('',#6603,#6605,#2997,.T.);
#10701=EDGE_CURVE('',#6601,#6603,#3001,.T.);
#10703=EDGE_CURVE('',#6599,#6601,#3005,.T.);
#10707=ADVANCED_FACE('',(#10706),#10678,.T.);
#10713=EDGE_CURVE('',#6624,#6625,#3009,.T.);
#10715=EDGE_CURVE('',#6647,#6624,#3013,.T.);
#10717=EDGE_CURVE('',#6645,#6647,#3017,.T.);
#10719=EDGE_CURVE('',#6643,#6645,#3021,.T.);
#10721=EDGE_CURVE('',#6641,#6643,#3025,.T.);
#10723=EDGE_CURVE('',#6639,#6641,#3029,.T.);
#10725=EDGE_CURVE('',#6637,#6639,#3033,.T.);
#10727=EDGE_CURVE('',#6635,#6637,#3037,.T.);
#10729=EDGE_CURVE('',#6633,#6635,#3041,.T.);
#10731=EDGE_CURVE('',#6631,#6633,#3045,.T.);
#10733=EDGE_CURVE('',#6629,#6631,#3049,.T.);
#10735=EDGE_CURVE('',#6627,#6629,#3053,.T.);
#10737=EDGE_CURVE('',#6625,#6627,#3057,.T.);
#10741=ADVANCED_FACE('',(#10740),#10712,.T.);
#10747=EDGE_CURVE('',#6650,#6651,#3061,.T.);
#10749=EDGE_CURVE('',#6661,#6650,#3065,.T.);
#10751=EDGE_CURVE('',#6659,#6661,#3069,.T.);
#10753=EDGE_CURVE('',#6657,#6659,#3073,.T.);
#10755=EDGE_CURVE('',#6655,#6657,#3077,.T.);
#10757=EDGE_CURVE('',#6653,#6655,#3081,.T.);
#10759=EDGE_CURVE('',#6651,#6653,#3085,.T.);
#10763=ADVANCED_FACE('',(#10762),#10746,.T.);
#10769=EDGE_CURVE('',#6664,#6665,#3089,.T.);
#10771=EDGE_CURVE('',#6675,#6664,#3093,.T.);
#10773=EDGE_CURVE('',#6673,#6675,#3097,.T.);
#10775=EDGE_CURVE('',#6671,#6673,#3101,.T.);
#10777=EDGE_CURVE('',#6669,#6671,#3105,.T.);
#10779=EDGE_CURVE('',#6667,#6669,#3109,.T.);
#10781=EDGE_CURVE('',#6665,#6667,#3113,.T.);
#10785=ADVANCED_FACE('',(#10784),#10768,.T.);
#10791=EDGE_CURVE('',#6678,#6679,#3117,.T.);
#10793=EDGE_CURVE('',#6703,#6678,#3121,.T.);
#10795=EDGE_CURVE('',#6701,#6703,#3125,.T.);
#10797=EDGE_CURVE('',#6699,#6701,#3129,.T.);
#10799=EDGE_CURVE('',#6697,#6699,#3133,.T.);
#10801=EDGE_CURVE('',#6695,#6697,#3137,.T.);
#10803=EDGE_CURVE('',#6693,#6695,#3141,.T.);
#10805=EDGE_CURVE('',#6691,#6693,#3145,.T.);
#10807=EDGE_CURVE('',#6689,#6691,#3149,.T.);
#10809=EDGE_CURVE('',#6687,#6689,#3153,.T.);
#10811=EDGE_CURVE('',#6685,#6687,#3157,.T.);
#10813=EDGE_CURVE('',#6683,#6685,#3161,.T.);
#10815=EDGE_CURVE('',#6681,#6683,#3165,.T.);
#10817=EDGE_CURVE('',#6679,#6681,#3169,.T.);
#10821=EDGE_CURVE('',#6706,#6707,#3173,.T.);
#10823=EDGE_CURVE('',#6727,#6706,#3177,.T.);
#10825=EDGE_CURVE('',#6725,#6727,#3181,.T.);
#10827=EDGE_CURVE('',#6723,#6725,#3185,.T.);
#10829=EDGE_CURVE('',#6721,#6723,#3189,.T.);
#10831=EDGE_CURVE('',#6719,#6721,#3193,.T.);
#10833=EDGE_CURVE('',#6717,#6719,#3197,.T.);
#10835=EDGE_CURVE('',#6715,#6717,#3201,.T.);
#10837=EDGE_CURVE('',#6713,#6715,#3205,.T.);
#10839=EDGE_CURVE('',#6711,#6713,#3209,.T.);
#10841=EDGE_CURVE('',#6709,#6711,#3213,.T.);
#10843=EDGE_CURVE('',#6707,#6709,#3217,.T.);
#10847=ADVANCED_FACE('',(#10820,#10846),#10790,.T.);
#10853=EDGE_CURVE('',#6730,#6731,#3221,.T.);
#10855=EDGE_CURVE('',#6751,#6730,#3225,.T.);
#10857=EDGE_CURVE('',#6749,#6751,#3229,.T.);
#10859=EDGE_CURVE('',#6747,#6749,#3233,.T.);
#10861=EDGE_CURVE('',#6745,#6747,#3237,.T.);
#10863=EDGE_CURVE('',#6743,#6745,#3241,.T.);
#10865=EDGE_CURVE('',#6741,#6743,#3245,.T.);
#10867=EDGE_CURVE('',#6739,#6741,#3249,.T.);
#10869=EDGE_CURVE('',#6737,#6739,#3253,.T.);
#10871=EDGE_CURVE('',#6735,#6737,#3257,.T.);
#10873=EDGE_CURVE('',#6733,#6735,#3261,.T.);
#10875=EDGE_CURVE('',#6731,#6733,#3265,.T.);
#10879=ADVANCED_FACE('',(#10878),#10852,.T.);
#10885=EDGE_CURVE('',#6754,#6755,#3269,.T.);
#10887=EDGE_CURVE('',#6775,#6754,#3273,.T.);
#10889=EDGE_CURVE('',#6773,#6775,#3277,.T.);
#10891=EDGE_CURVE('',#6771,#6773,#3281,.T.);
#10893=EDGE_CURVE('',#6769,#6771,#3285,.T.);
#10895=EDGE_CURVE('',#6767,#6769,#3289,.T.);
#10897=EDGE_CURVE('',#6765,#6767,#3293,.T.);
#10899=EDGE_CURVE('',#6763,#6765,#3297,.T.);
#10901=EDGE_CURVE('',#6761,#6763,#3301,.T.);
#10903=EDGE_CURVE('',#6759,#6761,#3305,.T.);
#10905=EDGE_CURVE('',#6757,#6759,#3309,.T.);
#10907=EDGE_CURVE('',#6755,#6757,#3313,.T.);
#10911=ADVANCED_FACE('',(#10910),#10884,.T.);
#10917=EDGE_CURVE('',#6778,#6779,#3317,.T.);
#10919=EDGE_CURVE('',#6799,#6778,#3321,.T.);
#10921=EDGE_CURVE('',#6797,#6799,#3325,.T.);
#10923=EDGE_CURVE('',#6795,#6797,#3329,.T.);
#10925=EDGE_CURVE('',#6793,#6795,#3333,.T.);
#10927=EDGE_CURVE('',#6791,#6793,#3337,.T.);
#10929=EDGE_CURVE('',#6789,#6791,#3341,.T.);
#10931=EDGE_CURVE('',#6787,#6789,#3345,.T.);
#10933=EDGE_CURVE('',#6785,#6787,#3349,.T.);
#10935=EDGE_CURVE('',#6783,#6785,#3353,.T.);
#10937=EDGE_CURVE('',#6781,#6783,#3357,.T.);
#10939=EDGE_CURVE('',#6779,#6781,#3361,.T.);
#10943=ADVANCED_FACE('',(#10942),#10916,.T.);
#10949=EDGE_CURVE('',#6802,#6803,#3365,.T.);
#10951=EDGE_CURVE('',#6823,#6802,#3369,.T.);
#10953=EDGE_CURVE('',#6821,#6823,#3373,.T.);
#10955=EDGE_CURVE('',#6819,#6821,#3377,.T.);
#10957=EDGE_CURVE('',#6817,#6819,#3381,.T.);
#10959=EDGE_CURVE('',#6815,#6817,#3385,.T.);
#10961=EDGE_CURVE('',#6813,#6815,#3389,.T.);
#10963=EDGE_CURVE('',#6811,#6813,#3393,.T.);
#10965=EDGE_CURVE('',#6809,#6811,#3397,.T.);
#10967=EDGE_CURVE('',#6807,#6809,#3401,.T.);
#10969=EDGE_CURVE('',#6805,#6807,#3405,.T.);
#10971=EDGE_CURVE('',#6803,#6805,#3409,.T.);
#10975=ADVANCED_FACE('',(#10974),#10948,.T.);
#10981=EDGE_CURVE('',#6826,#6827,#3413,.T.);
#10983=EDGE_CURVE('',#6831,#6826,#3417,.T.);
#10985=EDGE_CURVE('',#6829,#6831,#3421,.T.);
#10987=EDGE_CURVE('',#6827,#6829,#3425,.T.);
#10991=ADVANCED_FACE('',(#10990),#10980,.T.);
#10997=EDGE_CURVE('',#6834,#6835,#3429,.T.);
#10999=EDGE_CURVE('',#6855,#6834,#3433,.T.);
#11001=EDGE_CURVE('',#6853,#6855,#3437,.T.);
#11003=EDGE_CURVE('',#6851,#6853,#3441,.T.);
#11005=EDGE_CURVE('',#6849,#6851,#3445,.T.);
#11007=EDGE_CURVE('',#6847,#6849,#3449,.T.);
#11009=EDGE_CURVE('',#6845,#6847,#3453,.T.);
#11011=EDGE_CURVE('',#6843,#6845,#3457,.T.);
#11013=EDGE_CURVE('',#6841,#6843,#3461,.T.);
#11015=EDGE_CURVE('',#6839,#6841,#3465,.T.);
#11017=EDGE_CURVE('',#6837,#6839,#3469,.T.);
#11019=EDGE_CURVE('',#6835,#6837,#3473,.T.);
#11023=ADVANCED_FACE('',(#11022),#10996,.T.);
#11029=EDGE_CURVE('',#6858,#6859,#3477,.T.);
#11031=EDGE_CURVE('',#6879,#6858,#3481,.T.);
#11033=EDGE_CURVE('',#6877,#6879,#3485,.T.);
#11035=EDGE_CURVE('',#6875,#6877,#3489,.T.);
#11037=EDGE_CURVE('',#6873,#6875,#3493,.T.);
#11039=EDGE_CURVE('',#6871,#6873,#3497,.T.);
#11041=EDGE_CURVE('',#6869,#6871,#3501,.T.);
#11043=EDGE_CURVE('',#6867,#6869,#3505,.T.);
#11045=EDGE_CURVE('',#6865,#6867,#3509,.T.);
#11047=EDGE_CURVE('',#6863,#6865,#3513,.T.);
#11049=EDGE_CURVE('',#6861,#6863,#3517,.T.);
#11051=EDGE_CURVE('',#6859,#6861,#3521,.T.);
#11055=ADVANCED_FACE('',(#11054),#11028,.T.);
#11061=EDGE_CURVE('',#6882,#6883,#3525,.T.);
#11063=EDGE_CURVE('',#6903,#6882,#3529,.T.);
#11065=EDGE_CURVE('',#6901,#6903,#3533,.T.);
#11067=EDGE_CURVE('',#6899,#6901,#3537,.T.);
#11069=EDGE_CURVE('',#6897,#6899,#3541,.T.);
#11071=EDGE_CURVE('',#6895,#6897,#3545,.T.);
#11073=EDGE_CURVE('',#6893,#6895,#3549,.T.);
#11075=EDGE_CURVE('',#6891,#6893,#3553,.T.);
#11077=EDGE_CURVE('',#6889,#6891,#3557,.T.);
#11079=EDGE_CURVE('',#6887,#6889,#3561,.T.);
#11081=EDGE_CURVE('',#6885,#6887,#3565,.T.);
#11083=EDGE_CURVE('',#6883,#6885,#3569,.T.);
#11087=ADVANCED_FACE('',(#11086),#11060,.T.);
#11093=EDGE_CURVE('',#6906,#6907,#3573,.T.);
#11095=EDGE_CURVE('',#6927,#6906,#3577,.T.);
#11097=EDGE_CURVE('',#6925,#6927,#3581,.T.);
#11099=EDGE_CURVE('',#6923,#6925,#3585,.T.);
#11101=EDGE_CURVE('',#6921,#6923,#3589,.T.);
#11103=EDGE_CURVE('',#6919,#6921,#3593,.T.);
#11105=EDGE_CURVE('',#6917,#6919,#3597,.T.);
#11107=EDGE_CURVE('',#6915,#6917,#3601,.T.);
#11109=EDGE_CURVE('',#6913,#6915,#3605,.T.);
#11111=EDGE_CURVE('',#6911,#6913,#3609,.T.);
#11113=EDGE_CURVE('',#6909,#6911,#3613,.T.);
#11115=EDGE_CURVE('',#6907,#6909,#3617,.T.);
#11119=ADVANCED_FACE('',(#11118),#11092,.T.);
#11125=EDGE_CURVE('',#6930,#6931,#3621,.T.);
#11127=EDGE_CURVE('',#6941,#6930,#3625,.T.);
#11129=EDGE_CURVE('',#6939,#6941,#3629,.T.);
#11131=EDGE_CURVE('',#6937,#6939,#3633,.T.);
#11133=EDGE_CURVE('',#6935,#6937,#3637,.T.);
#11135=EDGE_CURVE('',#6933,#6935,#3641,.T.);
#11137=EDGE_CURVE('',#6931,#6933,#3645,.T.);
#11141=ADVANCED_FACE('',(#11140),#11124,.T.);
#11147=EDGE_CURVE('',#6944,#6945,#3649,.T.);
#11149=EDGE_CURVE('',#6997,#6944,#3653,.T.);
#11151=EDGE_CURVE('',#6995,#6997,#3657,.T.);
#11153=EDGE_CURVE('',#6993,#6995,#3661,.T.);
#11155=EDGE_CURVE('',#6991,#6993,#3665,.T.);
#11157=EDGE_CURVE('',#6989,#6991,#3669,.T.);
#11159=EDGE_CURVE('',#6987,#6989,#3673,.T.);
#11161=EDGE_CURVE('',#6985,#6987,#3677,.T.);
#11163=EDGE_CURVE('',#6983,#6985,#3681,.T.);
#11165=EDGE_CURVE('',#6981,#6983,#3685,.T.);
#11167=EDGE_CURVE('',#6979,#6981,#3689,.T.);
#11169=EDGE_CURVE('',#6977,#6979,#3693,.T.);
#11171=EDGE_CURVE('',#6975,#6977,#3697,.T.);
#11173=EDGE_CURVE('',#6973,#6975,#3701,.T.);
#11175=EDGE_CURVE('',#6971,#6973,#3705,.T.);
#11177=EDGE_CURVE('',#6969,#6971,#3709,.T.);
#11179=EDGE_CURVE('',#6967,#6969,#3713,.T.);
#11181=EDGE_CURVE('',#6965,#6967,#3717,.T.);
#11183=EDGE_CURVE('',#6963,#6965,#3721,.T.);
#11185=EDGE_CURVE('',#6961,#6963,#3725,.T.);
#11187=EDGE_CURVE('',#6959,#6961,#3729,.T.);
#11189=EDGE_CURVE('',#6957,#6959,#3733,.T.);
#11191=EDGE_CURVE('',#6955,#6957,#3737,.T.);
#11193=EDGE_CURVE('',#6953,#6955,#3741,.T.);
#11195=EDGE_CURVE('',#6951,#6953,#3745,.T.);
#11197=EDGE_CURVE('',#6949,#6951,#3749,.T.);
#11199=EDGE_CURVE('',#6947,#6949,#3753,.T.);
#11201=EDGE_CURVE('',#6945,#6947,#3757,.T.);
#11205=ADVANCED_FACE('',(#11204),#11146,.T.);
#11211=EDGE_CURVE('',#7000,#7001,#3761,.T.);
#11213=EDGE_CURVE('',#7111,#7000,#3765,.T.);
#11215=EDGE_CURVE('',#7109,#7111,#3769,.T.);
#11217=EDGE_CURVE('',#7107,#7109,#3773,.T.);
#11219=EDGE_CURVE('',#7105,#7107,#3777,.T.);
#11221=EDGE_CURVE('',#7103,#7105,#3781,.T.);
#11223=EDGE_CURVE('',#7101,#7103,#3785,.T.);
#11225=EDGE_CURVE('',#7099,#7101,#3789,.T.);
#11227=EDGE_CURVE('',#7097,#7099,#3793,.T.);
#11229=EDGE_CURVE('',#7095,#7097,#3797,.T.);
#11231=EDGE_CURVE('',#7093,#7095,#3801,.T.);
#11233=EDGE_CURVE('',#7091,#7093,#3805,.T.);
#11235=EDGE_CURVE('',#7089,#7091,#3809,.T.);
#11237=EDGE_CURVE('',#7087,#7089,#3813,.T.);
#11239=EDGE_CURVE('',#7085,#7087,#3817,.T.);
#11241=EDGE_CURVE('',#7083,#7085,#3821,.T.);
#11243=EDGE_CURVE('',#7081,#7083,#3825,.T.);
#11245=EDGE_CURVE('',#7079,#7081,#3829,.T.);
#11247=EDGE_CURVE('',#7077,#7079,#3833,.T.);
#11249=EDGE_CURVE('',#7075,#7077,#3837,.T.);
#11251=EDGE_CURVE('',#7073,#7075,#3841,.T.);
#11253=EDGE_CURVE('',#7071,#7073,#3845,.T.);
#11255=EDGE_CURVE('',#7069,#7071,#3849,.T.);
#11257=EDGE_CURVE('',#7067,#7069,#3853,.T.);
#11259=EDGE_CURVE('',#7065,#7067,#3857,.T.);
#11261=EDGE_CURVE('',#7063,#7065,#3861,.T.);
#11263=EDGE_CURVE('',#7061,#7063,#3865,.T.);
#11265=EDGE_CURVE('',#7059,#7061,#3869,.T.);
#11267=EDGE_CURVE('',#7057,#7059,#3873,.T.);
#11269=EDGE_CURVE('',#7055,#7057,#3877,.T.);
#11271=EDGE_CURVE('',#7053,#7055,#3881,.T.);
#11273=EDGE_CURVE('',#7051,#7053,#3885,.T.);
#11275=EDGE_CURVE('',#7049,#7051,#3889,.T.);
#11277=EDGE_CURVE('',#7047,#7049,#3893,.T.);
#11279=EDGE_CURVE('',#7045,#7047,#3897,.T.);
#11281=EDGE_CURVE('',#7043,#7045,#3901,.T.);
#11283=EDGE_CURVE('',#7041,#7043,#3905,.T.);
#11285=EDGE_CURVE('',#7039,#7041,#3909,.T.);
#11287=EDGE_CURVE('',#7037,#7039,#3913,.T.);
#11289=EDGE_CURVE('',#7035,#7037,#3917,.T.);
#11291=EDGE_CURVE('',#7033,#7035,#3921,.T.);
#11293=EDGE_CURVE('',#7031,#7033,#3925,.T.);
#11295=EDGE_CURVE('',#7029,#7031,#3929,.T.);
#11297=EDGE_CURVE('',#7027,#7029,#3933,.T.);
#11299=EDGE_CURVE('',#7025,#7027,#3937,.T.);
#11301=EDGE_CURVE('',#7023,#7025,#3941,.T.);
#11303=EDGE_CURVE('',#7021,#7023,#3945,.T.);
#11305=EDGE_CURVE('',#7019,#7021,#3949,.T.);
#11307=EDGE_CURVE('',#7017,#7019,#3953,.T.);
#11309=EDGE_CURVE('',#7015,#7017,#3957,.T.);
#11311=EDGE_CURVE('',#7013,#7015,#3961,.T.);
#11313=EDGE_CURVE('',#7011,#7013,#3965,.T.);
#11315=EDGE_CURVE('',#7009,#7011,#3969,.T.);
#11317=EDGE_CURVE('',#7007,#7009,#3973,.T.);
#11319=EDGE_CURVE('',#7005,#7007,#3977,.T.);
#11321=EDGE_CURVE('',#7003,#7005,#3981,.T.);
#11323=EDGE_CURVE('',#7001,#7003,#3985,.T.);
#11327=ADVANCED_FACE('',(#11326),#11210,.T.);
#11333=EDGE_CURVE('',#7114,#7115,#3989,.T.);
#11335=EDGE_CURVE('',#7125,#7114,#3993,.T.);
#11337=EDGE_CURVE('',#7123,#7125,#3997,.T.);
#11339=EDGE_CURVE('',#7121,#7123,#4001,.T.);
#11341=EDGE_CURVE('',#7119,#7121,#4005,.T.);
#11343=EDGE_CURVE('',#7117,#7119,#4009,.T.);
#11345=EDGE_CURVE('',#7115,#7117,#4013,.T.);
#11349=ADVANCED_FACE('',(#11348),#11332,.T.);
#11355=EDGE_CURVE('',#7128,#7129,#4017,.T.);
#11357=EDGE_CURVE('',#7177,#7128,#4021,.T.);
#11359=EDGE_CURVE('',#7175,#7177,#4025,.T.);
#11361=EDGE_CURVE('',#7173,#7175,#4029,.T.);
#11363=EDGE_CURVE('',#7171,#7173,#4033,.T.);
#11365=EDGE_CURVE('',#7169,#7171,#4037,.T.);
#11367=EDGE_CURVE('',#7167,#7169,#4041,.T.);
#11369=EDGE_CURVE('',#7165,#7167,#4045,.T.);
#11371=EDGE_CURVE('',#7163,#7165,#4049,.T.);
#11373=EDGE_CURVE('',#7161,#7163,#4053,.T.);
#11375=EDGE_CURVE('',#7159,#7161,#4057,.T.);
#11377=EDGE_CURVE('',#7157,#7159,#4061,.T.);
#11379=EDGE_CURVE('',#7155,#7157,#4065,.T.);
#11381=EDGE_CURVE('',#7153,#7155,#4069,.T.);
#11383=EDGE_CURVE('',#7151,#7153,#4073,.T.);
#11385=EDGE_CURVE('',#7149,#7151,#4077,.T.);
#11387=EDGE_CURVE('',#7147,#7149,#4081,.T.);
#11389=EDGE_CURVE('',#7145,#7147,#4085,.T.);
#11391=EDGE_CURVE('',#7143,#7145,#4089,.T.);
#11393=EDGE_CURVE('',#7141,#7143,#4093,.T.);
#11395=EDGE_CURVE('',#7139,#7141,#4097,.T.);
#11397=EDGE_CURVE('',#7137,#7139,#4101,.T.);
#11399=EDGE_CURVE('',#7135,#7137,#4105,.T.);
#11401=EDGE_CURVE('',#7133,#7135,#4109,.T.);
#11403=EDGE_CURVE('',#7131,#7133,#4113,.T.);
#11405=EDGE_CURVE('',#7129,#7131,#4117,.T.);
#11409=EDGE_CURVE('',#7180,#7181,#4121,.T.);
#11411=EDGE_CURVE('',#7213,#7180,#4125,.T.);
#11413=EDGE_CURVE('',#7211,#7213,#4129,.T.);
#11415=EDGE_CURVE('',#7209,#7211,#4133,.T.);
#11417=EDGE_CURVE('',#7207,#7209,#4137,.T.);
#11419=EDGE_CURVE('',#7205,#7207,#4141,.T.);
#11421=EDGE_CURVE('',#7203,#7205,#4145,.T.);
#11423=EDGE_CURVE('',#7201,#7203,#4149,.T.);
#11425=EDGE_CURVE('',#7199,#7201,#4153,.T.);
#11427=EDGE_CURVE('',#7197,#7199,#4157,.T.);
#11429=EDGE_CURVE('',#7195,#7197,#4161,.T.);
#11431=EDGE_CURVE('',#7193,#7195,#4165,.T.);
#11433=EDGE_CURVE('',#7191,#7193,#4169,.T.);
#11435=EDGE_CURVE('',#7189,#7191,#4173,.T.);
#11437=EDGE_CURVE('',#7187,#7189,#4177,.T.);
#11439=EDGE_CURVE('',#7185,#7187,#4181,.T.);
#11441=EDGE_CURVE('',#7183,#7185,#4185,.T.);
#11443=EDGE_CURVE('',#7181,#7183,#4189,.T.);
#11447=ADVANCED_FACE('',(#11408,#11446),#11354,.T.);
#11453=EDGE_CURVE('',#7216,#7217,#4193,.T.);
#11455=EDGE_CURVE('',#7227,#7216,#4197,.T.);
#11457=EDGE_CURVE('',#7225,#7227,#4201,.T.);
#11459=EDGE_CURVE('',#7223,#7225,#4205,.T.);
#11461=EDGE_CURVE('',#7221,#7223,#4209,.T.);
#11463=EDGE_CURVE('',#7219,#7221,#4213,.T.);
#11465=EDGE_CURVE('',#7217,#7219,#4217,.T.);
#11469=ADVANCED_FACE('',(#11468),#11452,.T.);
#11475=EDGE_CURVE('',#7230,#7231,#4221,.T.);
#11477=EDGE_CURVE('',#7235,#7230,#4225,.T.);
#11479=EDGE_CURVE('',#7233,#7235,#4229,.T.);
#11481=EDGE_CURVE('',#7231,#7233,#4233,.T.);
#11485=ADVANCED_FACE('',(#11484),#11474,.T.);
#11491=EDGE_CURVE('',#7238,#7239,#4237,.T.);
#11493=EDGE_CURVE('',#7253,#7238,#4241,.T.);
#11495=EDGE_CURVE('',#7251,#7253,#4245,.T.);
#11497=EDGE_CURVE('',#7249,#7251,#4249,.T.);
#11499=EDGE_CURVE('',#7247,#7249,#4253,.T.);
#11501=EDGE_CURVE('',#7245,#7247,#4257,.T.);
#11503=EDGE_CURVE('',#7243,#7245,#4261,.T.);
#11505=EDGE_CURVE('',#7241,#7243,#4265,.T.);
#11507=EDGE_CURVE('',#7239,#7241,#4269,.T.);
#11511=ADVANCED_FACE('',(#11510),#11490,.T.);
#11517=EDGE_CURVE('',#7256,#7257,#4273,.T.);
#11519=EDGE_CURVE('',#7271,#7256,#4277,.T.);
#11521=EDGE_CURVE('',#7269,#7271,#4281,.T.);
#11523=EDGE_CURVE('',#7267,#7269,#4285,.T.);
#11525=EDGE_CURVE('',#7265,#7267,#4289,.T.);
#11527=EDGE_CURVE('',#7263,#7265,#4293,.T.);
#11529=EDGE_CURVE('',#7261,#7263,#4297,.T.);
#11531=EDGE_CURVE('',#7259,#7261,#4301,.T.);
#11533=EDGE_CURVE('',#7257,#7259,#4305,.T.);
#11537=ADVANCED_FACE('',(#11536),#11516,.T.);
#11543=EDGE_CURVE('',#7274,#7275,#4309,.T.);
#11545=EDGE_CURVE('',#7297,#7274,#4313,.T.);
#11547=EDGE_CURVE('',#7295,#7297,#4317,.T.);
#11549=EDGE_CURVE('',#7293,#7295,#4321,.T.);
#11551=EDGE_CURVE('',#7291,#7293,#4325,.T.);
#11553=EDGE_CURVE('',#7289,#7291,#4329,.T.);
#11555=EDGE_CURVE('',#7287,#7289,#4333,.T.);
#11557=EDGE_CURVE('',#7285,#7287,#4337,.T.);
#11559=EDGE_CURVE('',#7283,#7285,#4341,.T.);
#11561=EDGE_CURVE('',#7281,#7283,#4345,.T.);
#11563=EDGE_CURVE('',#7279,#7281,#4349,.T.);
#11565=EDGE_CURVE('',#7277,#7279,#4353,.T.);
#11567=EDGE_CURVE('',#7275,#7277,#4357,.T.);
#11571=ADVANCED_FACE('',(#11570),#11542,.T.);
#11577=EDGE_CURVE('',#7300,#7301,#4361,.T.);
#11579=EDGE_CURVE('',#7323,#7300,#4365,.T.);
#11581=EDGE_CURVE('',#7321,#7323,#4369,.T.);
#11583=EDGE_CURVE('',#7319,#7321,#4373,.T.);
#11585=EDGE_CURVE('',#7317,#7319,#4377,.T.);
#11587=EDGE_CURVE('',#7315,#7317,#4381,.T.);
#11589=EDGE_CURVE('',#7313,#7315,#4385,.T.);
#11591=EDGE_CURVE('',#7311,#7313,#4389,.T.);
#11593=EDGE_CURVE('',#7309,#7311,#4393,.T.);
#11595=EDGE_CURVE('',#7307,#7309,#4397,.T.);
#11597=EDGE_CURVE('',#7305,#7307,#4401,.T.);
#11599=EDGE_CURVE('',#7303,#7305,#4405,.T.);
#11601=EDGE_CURVE('',#7301,#7303,#4409,.T.);
#11605=ADVANCED_FACE('',(#11604),#11576,.T.);
#11612=EDGE_CURVE('',#7342,#6392,#4413,.T.);
#11615=EDGE_CURVE('',#7343,#6393,#4421,.T.);
#11619=ADVANCED_FACE('',(#11618),#11610,.F.);
#11626=EDGE_CURVE('',#7345,#6395,#4417,.T.);
#11632=ADVANCED_FACE('',(#11631),#11624,.F.);
#11644=ADVANCED_FACE('',(#11643),#11637,.F.);
#11651=EDGE_CURVE('',#7348,#6398,#4425,.T.);
#11654=EDGE_CURVE('',#7349,#6399,#4469,.T.);
#11658=ADVANCED_FACE('',(#11657),#11649,.F.);
#11665=EDGE_CURVE('',#7369,#6419,#4429,.T.);
#11671=ADVANCED_FACE('',(#11670),#11663,.F.);
#11678=EDGE_CURVE('',#7367,#6417,#4433,.T.);
#11684=ADVANCED_FACE('',(#11683),#11676,.F.);
#11691=EDGE_CURVE('',#7365,#6415,#4437,.T.);
#11697=ADVANCED_FACE('',(#11696),#11689,.F.);
#11704=EDGE_CURVE('',#7363,#6413,#4441,.T.);
#11710=ADVANCED_FACE('',(#11709),#11702,.F.);
#11717=EDGE_CURVE('',#7361,#6411,#4445,.T.);
#11723=ADVANCED_FACE('',(#11722),#11715,.F.);
#11730=EDGE_CURVE('',#7359,#6409,#4449,.T.);
#11736=ADVANCED_FACE('',(#11735),#11728,.F.);
#11743=EDGE_CURVE('',#7357,#6407,#4453,.T.);
#11749=ADVANCED_FACE('',(#11748),#11741,.F.);
#11756=EDGE_CURVE('',#7355,#6405,#4457,.T.);
#11762=ADVANCED_FACE('',(#11761),#11754,.F.);
#11769=EDGE_CURVE('',#7353,#6403,#4461,.T.);
#11775=ADVANCED_FACE('',(#11774),#11767,.F.);
#11782=EDGE_CURVE('',#7351,#6401,#4465,.T.);
#11788=ADVANCED_FACE('',(#11787),#11780,.F.);
#11800=ADVANCED_FACE('',(#11799),#11793,.F.);
#11807=EDGE_CURVE('',#7372,#6422,#4473,.T.);
#11810=EDGE_CURVE('',#7373,#6423,#4485,.T.);
#11814=ADVANCED_FACE('',(#11813),#11805,.F.);
#11821=EDGE_CURVE('',#7377,#6427,#4477,.T.);
#11827=ADVANCED_FACE('',(#11826),#11819,.F.);
#11834=EDGE_CURVE('',#7375,#6425,#4481,.T.);
#11840=ADVANCED_FACE('',(#11839),#11832,.F.);
#11852=ADVANCED_FACE('',(#11851),#11845,.F.);
#11859=EDGE_CURVE('',#7380,#6430,#4489,.T.);
#11862=EDGE_CURVE('',#7381,#6431,#4645,.T.);
#11866=ADVANCED_FACE('',(#11865),#11857,.F.);
#11873=EDGE_CURVE('',#7457,#6507,#4493,.T.);
#11879=ADVANCED_FACE('',(#11878),#11871,.F.);
#11886=EDGE_CURVE('',#7455,#6505,#4497,.T.);
#11892=ADVANCED_FACE('',(#11891),#11884,.F.);
#11899=EDGE_CURVE('',#7453,#6503,#4501,.T.);
#11905=ADVANCED_FACE('',(#11904),#11897,.F.);
#11912=EDGE_CURVE('',#7451,#6501,#4505,.T.);
#11918=ADVANCED_FACE('',(#11917),#11910,.F.);
#11925=EDGE_CURVE('',#7449,#6499,#4509,.T.);
#11931=ADVANCED_FACE('',(#11930),#11923,.F.);
#11938=EDGE_CURVE('',#7447,#6497,#4513,.T.);
#11944=ADVANCED_FACE('',(#11943),#11936,.F.);
#11951=EDGE_CURVE('',#7445,#6495,#4517,.T.);
#11957=ADVANCED_FACE('',(#11956),#11949,.F.);
#11964=EDGE_CURVE('',#7443,#6493,#4521,.T.);
#11970=ADVANCED_FACE('',(#11969),#11962,.F.);
#11977=EDGE_CURVE('',#7441,#6491,#4525,.T.);
#11983=ADVANCED_FACE('',(#11982),#11975,.F.);
#11990=EDGE_CURVE('',#7439,#6489,#4529,.T.);
#11996=ADVANCED_FACE('',(#11995),#11988,.F.);
#12003=EDGE_CURVE('',#7437,#6487,#4533,.T.);
#12009=ADVANCED_FACE('',(#12008),#12001,.F.);
#12016=EDGE_CURVE('',#7435,#6485,#4537,.T.);
#12022=ADVANCED_FACE('',(#12021),#12014,.F.);
#12029=EDGE_CURVE('',#7433,#6483,#4541,.T.);
#12035=ADVANCED_FACE('',(#12034),#12027,.F.);
#12042=EDGE_CURVE('',#7431,#6481,#4545,.T.);
#12048=ADVANCED_FACE('',(#12047),#12040,.F.);
#12055=EDGE_CURVE('',#7429,#6479,#4549,.T.);
#12061=ADVANCED_FACE('',(#12060),#12053,.F.);
#12068=EDGE_CURVE('',#7427,#6477,#4553,.T.);
#12074=ADVANCED_FACE('',(#12073),#12066,.F.);
#12081=EDGE_CURVE('',#7425,#6475,#4557,.T.);
#12087=ADVANCED_FACE('',(#12086),#12079,.F.);
#12094=EDGE_CURVE('',#7423,#6473,#4561,.T.);
#12100=ADVANCED_FACE('',(#12099),#12092,.F.);
#12107=EDGE_CURVE('',#7421,#6471,#4565,.T.);
#12113=ADVANCED_FACE('',(#12112),#12105,.F.);
#12120=EDGE_CURVE('',#7419,#6469,#4569,.T.);
#12126=ADVANCED_FACE('',(#12125),#12118,.F.);
#12133=EDGE_CURVE('',#7417,#6467,#4573,.T.);
#12139=ADVANCED_FACE('',(#12138),#12131,.F.);
#12146=EDGE_CURVE('',#7415,#6465,#4577,.T.);
#12152=ADVANCED_FACE('',(#12151),#12144,.F.);
#12159=EDGE_CURVE('',#7413,#6463,#4581,.T.);
#12165=ADVANCED_FACE('',(#12164),#12157,.F.);
#12172=EDGE_CURVE('',#7411,#6461,#4585,.T.);
#12178=ADVANCED_FACE('',(#12177),#12170,.F.);
#12185=EDGE_CURVE('',#7409,#6459,#4589,.T.);
#12191=ADVANCED_FACE('',(#12190),#12183,.F.);
#12198=EDGE_CURVE('',#7407,#6457,#4593,.T.);
#12204=ADVANCED_FACE('',(#12203),#12196,.F.);
#12211=EDGE_CURVE('',#7405,#6455,#4597,.T.);
#12217=ADVANCED_FACE('',(#12216),#12209,.F.);
#12224=EDGE_CURVE('',#7403,#6453,#4601,.T.);
#12230=ADVANCED_FACE('',(#12229),#12222,.F.);
#12237=EDGE_CURVE('',#7401,#6451,#4605,.T.);
#12243=ADVANCED_FACE('',(#12242),#12235,.F.);
#12250=EDGE_CURVE('',#7399,#6449,#4609,.T.);
#12256=ADVANCED_FACE('',(#12255),#12248,.F.);
#12263=EDGE_CURVE('',#7397,#6447,#4613,.T.);
#12269=ADVANCED_FACE('',(#12268),#12261,.F.);
#12276=EDGE_CURVE('',#7395,#6445,#4617,.T.);
#12282=ADVANCED_FACE('',(#12281),#12274,.F.);
#12289=EDGE_CURVE('',#7393,#6443,#4621,.T.);
#12295=ADVANCED_FACE('',(#12294),#12287,.F.);
#12302=EDGE_CURVE('',#7391,#6441,#4625,.T.);
#12308=ADVANCED_FACE('',(#12307),#12300,.F.);
#12315=EDGE_CURVE('',#7389,#6439,#4629,.T.);
#12321=ADVANCED_FACE('',(#12320),#12313,.F.);
#12328=EDGE_CURVE('',#7387,#6437,#4633,.T.);
#12334=ADVANCED_FACE('',(#12333),#12326,.F.);
#12341=EDGE_CURVE('',#7385,#6435,#4637,.T.);
#12347=ADVANCED_FACE('',(#12346),#12339,.F.);
#12354=EDGE_CURVE('',#7383,#6433,#4641,.T.);
#12360=ADVANCED_FACE('',(#12359),#12352,.F.);
#12372=ADVANCED_FACE('',(#12371),#12365,.F.);
#12379=EDGE_CURVE('',#7460,#6510,#4649,.T.);
#12382=EDGE_CURVE('',#7461,#6511,#4741,.T.);
#12386=ADVANCED_FACE('',(#12385),#12377,.F.);
#12393=EDGE_CURVE('',#7505,#6555,#4653,.T.);
#12399=ADVANCED_FACE('',(#12398),#12391,.F.);
#12406=EDGE_CURVE('',#7503,#6553,#4657,.T.);
#12412=ADVANCED_FACE('',(#12411),#12404,.F.);
#12419=EDGE_CURVE('',#7501,#6551,#4661,.T.);
#12425=ADVANCED_FACE('',(#12424),#12417,.F.);
#12432=EDGE_CURVE('',#7499,#6549,#4665,.T.);
#12438=ADVANCED_FACE('',(#12437),#12430,.F.);
#12445=EDGE_CURVE('',#7497,#6547,#4669,.T.);
#12451=ADVANCED_FACE('',(#12450),#12443,.F.);
#12458=EDGE_CURVE('',#7495,#6545,#4673,.T.);
#12464=ADVANCED_FACE('',(#12463),#12456,.F.);
#12471=EDGE_CURVE('',#7493,#6543,#4677,.T.);
#12477=ADVANCED_FACE('',(#12476),#12469,.F.);
#12484=EDGE_CURVE('',#7491,#6541,#4681,.T.);
#12490=ADVANCED_FACE('',(#12489),#12482,.F.);
#12497=EDGE_CURVE('',#7489,#6539,#4685,.T.);
#12503=ADVANCED_FACE('',(#12502),#12495,.F.);
#12510=EDGE_CURVE('',#7487,#6537,#4689,.T.);
#12516=ADVANCED_FACE('',(#12515),#12508,.F.);
#12523=EDGE_CURVE('',#7485,#6535,#4693,.T.);
#12529=ADVANCED_FACE('',(#12528),#12521,.F.);
#12536=EDGE_CURVE('',#7483,#6533,#4697,.T.);
#12542=ADVANCED_FACE('',(#12541),#12534,.F.);
#12549=EDGE_CURVE('',#7481,#6531,#4701,.T.);
#12555=ADVANCED_FACE('',(#12554),#12547,.F.);
#12562=EDGE_CURVE('',#7479,#6529,#4705,.T.);
#12568=ADVANCED_FACE('',(#12567),#12560,.F.);
#12575=EDGE_CURVE('',#7477,#6527,#4709,.T.);
#12581=ADVANCED_FACE('',(#12580),#12573,.F.);
#12588=EDGE_CURVE('',#7475,#6525,#4713,.T.);
#12594=ADVANCED_FACE('',(#12593),#12586,.F.);
#12601=EDGE_CURVE('',#7473,#6523,#4717,.T.);
#12607=ADVANCED_FACE('',(#12606),#12599,.F.);
#12614=EDGE_CURVE('',#7471,#6521,#4721,.T.);
#12620=ADVANCED_FACE('',(#12619),#12612,.F.);
#12627=EDGE_CURVE('',#7469,#6519,#4725,.T.);
#12633=ADVANCED_FACE('',(#12632),#12625,.F.);
#12640=EDGE_CURVE('',#7467,#6517,#4729,.T.);
#12646=ADVANCED_FACE('',(#12645),#12638,.F.);
#12653=EDGE_CURVE('',#7465,#6515,#4733,.T.);
#12659=ADVANCED_FACE('',(#12658),#12651,.F.);
#12666=EDGE_CURVE('',#7463,#6513,#4737,.T.);
#12672=ADVANCED_FACE('',(#12671),#12664,.F.);
#12684=ADVANCED_FACE('',(#12683),#12677,.F.);
#12691=EDGE_CURVE('',#7508,#6558,#4745,.T.);
#12694=EDGE_CURVE('',#7509,#6559,#4821,.T.);
#12698=ADVANCED_FACE('',(#12697),#12689,.F.);
#12705=EDGE_CURVE('',#7545,#6595,#4749,.T.);
#12711=ADVANCED_FACE('',(#12710),#12703,.F.);
#12718=EDGE_CURVE('',#7543,#6593,#4753,.T.);
#12724=ADVANCED_FACE('',(#12723),#12716,.F.);
#12731=EDGE_CURVE('',#7541,#6591,#4757,.T.);
#12737=ADVANCED_FACE('',(#12736),#12729,.F.);
#12744=EDGE_CURVE('',#7539,#6589,#4761,.T.);
#12750=ADVANCED_FACE('',(#12749),#12742,.F.);
#12757=EDGE_CURVE('',#7537,#6587,#4765,.T.);
#12763=ADVANCED_FACE('',(#12762),#12755,.F.);
#12770=EDGE_CURVE('',#7535,#6585,#4769,.T.);
#12776=ADVANCED_FACE('',(#12775),#12768,.F.);
#12783=EDGE_CURVE('',#7533,#6583,#4773,.T.);
#12789=ADVANCED_FACE('',(#12788),#12781,.F.);
#12796=EDGE_CURVE('',#7531,#6581,#4777,.T.);
#12802=ADVANCED_FACE('',(#12801),#12794,.F.);
#12809=EDGE_CURVE('',#7529,#6579,#4781,.T.);
#12815=ADVANCED_FACE('',(#12814),#12807,.F.);
#12822=EDGE_CURVE('',#7527,#6577,#4785,.T.);
#12828=ADVANCED_FACE('',(#12827),#12820,.F.);
#12835=EDGE_CURVE('',#7525,#6575,#4789,.T.);
#12841=ADVANCED_FACE('',(#12840),#12833,.F.);
#12848=EDGE_CURVE('',#7523,#6573,#4793,.T.);
#12854=ADVANCED_FACE('',(#12853),#12846,.F.);
#12861=EDGE_CURVE('',#7521,#6571,#4797,.T.);
#12867=ADVANCED_FACE('',(#12866),#12859,.F.);
#12874=EDGE_CURVE('',#7519,#6569,#4801,.T.);
#12880=ADVANCED_FACE('',(#12879),#12872,.F.);
#12887=EDGE_CURVE('',#7517,#6567,#4805,.T.);
#12893=ADVANCED_FACE('',(#12892),#12885,.F.);
#12900=EDGE_CURVE('',#7515,#6565,#4809,.T.);
#12906=ADVANCED_FACE('',(#12905),#12898,.F.);
#12913=EDGE_CURVE('',#7513,#6563,#4813,.T.);
#12919=ADVANCED_FACE('',(#12918),#12911,.F.);
#12926=EDGE_CURVE('',#7511,#6561,#4817,.T.);
#12932=ADVANCED_FACE('',(#12931),#12924,.F.);
#12944=ADVANCED_FACE('',(#12943),#12937,.F.);
#12951=EDGE_CURVE('',#7548,#6598,#4825,.T.);
#12954=EDGE_CURVE('',#7549,#6599,#4873,.T.);
#12958=ADVANCED_FACE('',(#12957),#12949,.F.);
#12965=EDGE_CURVE('',#7571,#6621,#4829,.T.);
#12971=ADVANCED_FACE('',(#12970),#12963,.F.);
#12978=EDGE_CURVE('',#7569,#6619,#4833,.T.);
#12984=ADVANCED_FACE('',(#12983),#12976,.F.);
#12991=EDGE_CURVE('',#7567,#6617,#4837,.T.);
#12997=ADVANCED_FACE('',(#12996),#12989,.F.);
#13004=EDGE_CURVE('',#7565,#6615,#4841,.T.);
#13010=ADVANCED_FACE('',(#13009),#13002,.F.);
#13017=EDGE_CURVE('',#7563,#6613,#4845,.T.);
#13023=ADVANCED_FACE('',(#13022),#13015,.F.);
#13030=EDGE_CURVE('',#7561,#6611,#4849,.T.);
#13036=ADVANCED_FACE('',(#13035),#13028,.F.);
#13043=EDGE_CURVE('',#7559,#6609,#4853,.T.);
#13049=ADVANCED_FACE('',(#13048),#13041,.F.);
#13056=EDGE_CURVE('',#7557,#6607,#4857,.T.);
#13062=ADVANCED_FACE('',(#13061),#13054,.F.);
#13069=EDGE_CURVE('',#7555,#6605,#4861,.T.);
#13075=ADVANCED_FACE('',(#13074),#13067,.F.);
#13082=EDGE_CURVE('',#7553,#6603,#4865,.T.);
#13088=ADVANCED_FACE('',(#13087),#13080,.F.);
#13095=EDGE_CURVE('',#7551,#6601,#4869,.T.);
#13101=ADVANCED_FACE('',(#13100),#13093,.F.);
#13113=ADVANCED_FACE('',(#13112),#13106,.F.);
#13120=EDGE_CURVE('',#7574,#6624,#4877,.T.);
#13123=EDGE_CURVE('',#7575,#6625,#4925,.T.);
#13127=ADVANCED_FACE('',(#13126),#13118,.F.);
#13134=EDGE_CURVE('',#7597,#6647,#4881,.T.);
#13140=ADVANCED_FACE('',(#13139),#13132,.F.);
#13147=EDGE_CURVE('',#7595,#6645,#4885,.T.);
#13153=ADVANCED_FACE('',(#13152),#13145,.F.);
#13160=EDGE_CURVE('',#7593,#6643,#4889,.T.);
#13166=ADVANCED_FACE('',(#13165),#13158,.F.);
#13173=EDGE_CURVE('',#7591,#6641,#4893,.T.);
#13179=ADVANCED_FACE('',(#13178),#13171,.F.);
#13186=EDGE_CURVE('',#7589,#6639,#4897,.T.);
#13192=ADVANCED_FACE('',(#13191),#13184,.F.);
#13199=EDGE_CURVE('',#7587,#6637,#4901,.T.);
#13205=ADVANCED_FACE('',(#13204),#13197,.F.);
#13212=EDGE_CURVE('',#7585,#6635,#4905,.T.);
#13218=ADVANCED_FACE('',(#13217),#13210,.F.);
#13225=EDGE_CURVE('',#7583,#6633,#4909,.T.);
#13231=ADVANCED_FACE('',(#13230),#13223,.F.);
#13238=EDGE_CURVE('',#7581,#6631,#4913,.T.);
#13244=ADVANCED_FACE('',(#13243),#13236,.F.);
#13251=EDGE_CURVE('',#7579,#6629,#4917,.T.);
#13257=ADVANCED_FACE('',(#13256),#13249,.F.);
#13264=EDGE_CURVE('',#7577,#6627,#4921,.T.);
#13270=ADVANCED_FACE('',(#13269),#13262,.F.);
#13282=ADVANCED_FACE('',(#13281),#13275,.F.);
#13289=EDGE_CURVE('',#7600,#6650,#4929,.T.);
#13292=EDGE_CURVE('',#7601,#6651,#4953,.T.);
#13296=ADVANCED_FACE('',(#13295),#13287,.F.);
#13303=EDGE_CURVE('',#7611,#6661,#4933,.T.);
#13309=ADVANCED_FACE('',(#13308),#13301,.F.);
#13316=EDGE_CURVE('',#7609,#6659,#4937,.T.);
#13322=ADVANCED_FACE('',(#13321),#13314,.F.);
#13329=EDGE_CURVE('',#7607,#6657,#4941,.T.);
#13335=ADVANCED_FACE('',(#13334),#13327,.F.);
#13342=EDGE_CURVE('',#7605,#6655,#4945,.T.);
#13348=ADVANCED_FACE('',(#13347),#13340,.F.);
#13355=EDGE_CURVE('',#7603,#6653,#4949,.T.);
#13361=ADVANCED_FACE('',(#13360),#13353,.F.);
#13373=ADVANCED_FACE('',(#13372),#13366,.F.);
#13380=EDGE_CURVE('',#7614,#6664,#4957,.T.);
#13383=EDGE_CURVE('',#7615,#6665,#4981,.T.);
#13387=ADVANCED_FACE('',(#13386),#13378,.F.);
#13394=EDGE_CURVE('',#7625,#6675,#4961,.T.);
#13400=ADVANCED_FACE('',(#13399),#13392,.F.);
#13407=EDGE_CURVE('',#7623,#6673,#4965,.T.);
#13413=ADVANCED_FACE('',(#13412),#13405,.F.);
#13420=EDGE_CURVE('',#7621,#6671,#4969,.T.);
#13426=ADVANCED_FACE('',(#13425),#13418,.F.);
#13433=EDGE_CURVE('',#7619,#6669,#4973,.T.);
#13439=ADVANCED_FACE('',(#13438),#13431,.F.);
#13446=EDGE_CURVE('',#7617,#6667,#4977,.T.);
#13452=ADVANCED_FACE('',(#13451),#13444,.F.);
#13464=ADVANCED_FACE('',(#13463),#13457,.F.);
#13471=EDGE_CURVE('',#7628,#6678,#4985,.T.);
#13474=EDGE_CURVE('',#7629,#6679,#5037,.T.);
#13478=ADVANCED_FACE('',(#13477),#13469,.F.);
#13485=EDGE_CURVE('',#7653,#6703,#4989,.T.);
#13491=ADVANCED_FACE('',(#13490),#13483,.F.);
#13498=EDGE_CURVE('',#7651,#6701,#4993,.T.);
#13504=ADVANCED_FACE('',(#13503),#13496,.F.);
#13511=EDGE_CURVE('',#7649,#6699,#4997,.T.);
#13517=ADVANCED_FACE('',(#13516),#13509,.F.);
#13524=EDGE_CURVE('',#7647,#6697,#5001,.T.);
#13530=ADVANCED_FACE('',(#13529),#13522,.F.);
#13537=EDGE_CURVE('',#7645,#6695,#5005,.T.);
#13543=ADVANCED_FACE('',(#13542),#13535,.F.);
#13550=EDGE_CURVE('',#7643,#6693,#5009,.T.);
#13556=ADVANCED_FACE('',(#13555),#13548,.F.);
#13563=EDGE_CURVE('',#7641,#6691,#5013,.T.);
#13569=ADVANCED_FACE('',(#13568),#13561,.F.);
#13576=EDGE_CURVE('',#7639,#6689,#5017,.T.);
#13582=ADVANCED_FACE('',(#13581),#13574,.F.);
#13589=EDGE_CURVE('',#7637,#6687,#5021,.T.);
#13595=ADVANCED_FACE('',(#13594),#13587,.F.);
#13602=EDGE_CURVE('',#7635,#6685,#5025,.T.);
#13608=ADVANCED_FACE('',(#13607),#13600,.F.);
#13615=EDGE_CURVE('',#7633,#6683,#5029,.T.);
#13621=ADVANCED_FACE('',(#13620),#13613,.F.);
#13628=EDGE_CURVE('',#7631,#6681,#5033,.T.);
#13634=ADVANCED_FACE('',(#13633),#13626,.F.);
#13646=ADVANCED_FACE('',(#13645),#13639,.F.);
#13653=EDGE_CURVE('',#7656,#6706,#5041,.T.);
#13656=EDGE_CURVE('',#7657,#6707,#5085,.T.);
#13660=ADVANCED_FACE('',(#13659),#13651,.F.);
#13667=EDGE_CURVE('',#7677,#6727,#5045,.T.);
#13673=ADVANCED_FACE('',(#13672),#13665,.F.);
#13680=EDGE_CURVE('',#7675,#6725,#5049,.T.);
#13686=ADVANCED_FACE('',(#13685),#13678,.F.);
#13693=EDGE_CURVE('',#7673,#6723,#5053,.T.);
#13699=ADVANCED_FACE('',(#13698),#13691,.F.);
#13706=EDGE_CURVE('',#7671,#6721,#5057,.T.);
#13712=ADVANCED_FACE('',(#13711),#13704,.F.);
#13719=EDGE_CURVE('',#7669,#6719,#5061,.T.);
#13725=ADVANCED_FACE('',(#13724),#13717,.F.);
#13732=EDGE_CURVE('',#7667,#6717,#5065,.T.);
#13738=ADVANCED_FACE('',(#13737),#13730,.F.);
#13745=EDGE_CURVE('',#7665,#6715,#5069,.T.);
#13751=ADVANCED_FACE('',(#13750),#13743,.F.);
#13758=EDGE_CURVE('',#7663,#6713,#5073,.T.);
#13764=ADVANCED_FACE('',(#13763),#13756,.F.);
#13771=EDGE_CURVE('',#7661,#6711,#5077,.T.);
#13777=ADVANCED_FACE('',(#13776),#13769,.F.);
#13784=EDGE_CURVE('',#7659,#6709,#5081,.T.);
#13790=ADVANCED_FACE('',(#13789),#13782,.F.);
#13802=ADVANCED_FACE('',(#13801),#13795,.F.);
#13809=EDGE_CURVE('',#7680,#6730,#5089,.T.);
#13812=EDGE_CURVE('',#7681,#6731,#5133,.T.);
#13816=ADVANCED_FACE('',(#13815),#13807,.F.);
#13823=EDGE_CURVE('',#7701,#6751,#5093,.T.);
#13829=ADVANCED_FACE('',(#13828),#13821,.F.);
#13836=EDGE_CURVE('',#7699,#6749,#5097,.T.);
#13842=ADVANCED_FACE('',(#13841),#13834,.F.);
#13849=EDGE_CURVE('',#7697,#6747,#5101,.T.);
#13855=ADVANCED_FACE('',(#13854),#13847,.F.);
#13862=EDGE_CURVE('',#7695,#6745,#5105,.T.);
#13868=ADVANCED_FACE('',(#13867),#13860,.F.);
#13875=EDGE_CURVE('',#7693,#6743,#5109,.T.);
#13881=ADVANCED_FACE('',(#13880),#13873,.F.);
#13888=EDGE_CURVE('',#7691,#6741,#5113,.T.);
#13894=ADVANCED_FACE('',(#13893),#13886,.F.);
#13901=EDGE_CURVE('',#7689,#6739,#5117,.T.);
#13907=ADVANCED_FACE('',(#13906),#13899,.F.);
#13914=EDGE_CURVE('',#7687,#6737,#5121,.T.);
#13920=ADVANCED_FACE('',(#13919),#13912,.F.);
#13927=EDGE_CURVE('',#7685,#6735,#5125,.T.);
#13933=ADVANCED_FACE('',(#13932),#13925,.F.);
#13940=EDGE_CURVE('',#7683,#6733,#5129,.T.);
#13946=ADVANCED_FACE('',(#13945),#13938,.F.);
#13958=ADVANCED_FACE('',(#13957),#13951,.F.);
#13965=EDGE_CURVE('',#7704,#6754,#5137,.T.);
#13968=EDGE_CURVE('',#7705,#6755,#5181,.T.);
#13972=ADVANCED_FACE('',(#13971),#13963,.F.);
#13979=EDGE_CURVE('',#7725,#6775,#5141,.T.);
#13985=ADVANCED_FACE('',(#13984),#13977,.F.);
#13992=EDGE_CURVE('',#7723,#6773,#5145,.T.);
#13998=ADVANCED_FACE('',(#13997),#13990,.F.);
#14005=EDGE_CURVE('',#7721,#6771,#5149,.T.);
#14011=ADVANCED_FACE('',(#14010),#14003,.F.);
#14018=EDGE_CURVE('',#7719,#6769,#5153,.T.);
#14024=ADVANCED_FACE('',(#14023),#14016,.F.);
#14031=EDGE_CURVE('',#7717,#6767,#5157,.T.);
#14037=ADVANCED_FACE('',(#14036),#14029,.F.);
#14044=EDGE_CURVE('',#7715,#6765,#5161,.T.);
#14050=ADVANCED_FACE('',(#14049),#14042,.F.);
#14057=EDGE_CURVE('',#7713,#6763,#5165,.T.);
#14063=ADVANCED_FACE('',(#14062),#14055,.F.);
#14070=EDGE_CURVE('',#7711,#6761,#5169,.T.);
#14076=ADVANCED_FACE('',(#14075),#14068,.F.);
#14083=EDGE_CURVE('',#7709,#6759,#5173,.T.);
#14089=ADVANCED_FACE('',(#14088),#14081,.F.);
#14096=EDGE_CURVE('',#7707,#6757,#5177,.T.);
#14102=ADVANCED_FACE('',(#14101),#14094,.F.);
#14114=ADVANCED_FACE('',(#14113),#14107,.F.);
#14121=EDGE_CURVE('',#7728,#6778,#5185,.T.);
#14124=EDGE_CURVE('',#7729,#6779,#5229,.T.);
#14128=ADVANCED_FACE('',(#14127),#14119,.F.);
#14135=EDGE_CURVE('',#7749,#6799,#5189,.T.);
#14141=ADVANCED_FACE('',(#14140),#14133,.F.);
#14148=EDGE_CURVE('',#7747,#6797,#5193,.T.);
#14154=ADVANCED_FACE('',(#14153),#14146,.F.);
#14161=EDGE_CURVE('',#7745,#6795,#5197,.T.);
#14167=ADVANCED_FACE('',(#14166),#14159,.F.);
#14174=EDGE_CURVE('',#7743,#6793,#5201,.T.);
#14180=ADVANCED_FACE('',(#14179),#14172,.F.);
#14187=EDGE_CURVE('',#7741,#6791,#5205,.T.);
#14193=ADVANCED_FACE('',(#14192),#14185,.F.);
#14200=EDGE_CURVE('',#7739,#6789,#5209,.T.);
#14206=ADVANCED_FACE('',(#14205),#14198,.F.);
#14213=EDGE_CURVE('',#7737,#6787,#5213,.T.);
#14219=ADVANCED_FACE('',(#14218),#14211,.F.);
#14226=EDGE_CURVE('',#7735,#6785,#5217,.T.);
#14232=ADVANCED_FACE('',(#14231),#14224,.F.);
#14239=EDGE_CURVE('',#7733,#6783,#5221,.T.);
#14245=ADVANCED_FACE('',(#14244),#14237,.F.);
#14252=EDGE_CURVE('',#7731,#6781,#5225,.T.);
#14258=ADVANCED_FACE('',(#14257),#14250,.F.);
#14270=ADVANCED_FACE('',(#14269),#14263,.F.);
#14277=EDGE_CURVE('',#7752,#6802,#5233,.T.);
#14280=EDGE_CURVE('',#7753,#6803,#5277,.T.);
#14284=ADVANCED_FACE('',(#14283),#14275,.F.);
#14291=EDGE_CURVE('',#7773,#6823,#5237,.T.);
#14297=ADVANCED_FACE('',(#14296),#14289,.F.);
#14304=EDGE_CURVE('',#7771,#6821,#5241,.T.);
#14310=ADVANCED_FACE('',(#14309),#14302,.F.);
#14317=EDGE_CURVE('',#7769,#6819,#5245,.T.);
#14323=ADVANCED_FACE('',(#14322),#14315,.F.);
#14330=EDGE_CURVE('',#7767,#6817,#5249,.T.);
#14336=ADVANCED_FACE('',(#14335),#14328,.F.);
#14343=EDGE_CURVE('',#7765,#6815,#5253,.T.);
#14349=ADVANCED_FACE('',(#14348),#14341,.F.);
#14356=EDGE_CURVE('',#7763,#6813,#5257,.T.);
#14362=ADVANCED_FACE('',(#14361),#14354,.F.);
#14369=EDGE_CURVE('',#7761,#6811,#5261,.T.);
#14375=ADVANCED_FACE('',(#14374),#14367,.F.);
#14382=EDGE_CURVE('',#7759,#6809,#5265,.T.);
#14388=ADVANCED_FACE('',(#14387),#14380,.F.);
#14395=EDGE_CURVE('',#7757,#6807,#5269,.T.);
#14401=ADVANCED_FACE('',(#14400),#14393,.F.);
#14408=EDGE_CURVE('',#7755,#6805,#5273,.T.);
#14414=ADVANCED_FACE('',(#14413),#14406,.F.);
#14426=ADVANCED_FACE('',(#14425),#14419,.F.);
#14433=EDGE_CURVE('',#7776,#6826,#5281,.T.);
#14436=EDGE_CURVE('',#7777,#6827,#5293,.T.);
#14440=ADVANCED_FACE('',(#14439),#14431,.F.);
#14447=EDGE_CURVE('',#7781,#6831,#5285,.T.);
#14453=ADVANCED_FACE('',(#14452),#14445,.F.);
#14460=EDGE_CURVE('',#7779,#6829,#5289,.T.);
#14466=ADVANCED_FACE('',(#14465),#14458,.F.);
#14478=ADVANCED_FACE('',(#14477),#14471,.F.);
#14485=EDGE_CURVE('',#7784,#6834,#5297,.T.);
#14488=EDGE_CURVE('',#7785,#6835,#5341,.T.);
#14492=ADVANCED_FACE('',(#14491),#14483,.F.);
#14499=EDGE_CURVE('',#7805,#6855,#5301,.T.);
#14505=ADVANCED_FACE('',(#14504),#14497,.F.);
#14512=EDGE_CURVE('',#7803,#6853,#5305,.T.);
#14518=ADVANCED_FACE('',(#14517),#14510,.F.);
#14525=EDGE_CURVE('',#7801,#6851,#5309,.T.);
#14531=ADVANCED_FACE('',(#14530),#14523,.F.);
#14538=EDGE_CURVE('',#7799,#6849,#5313,.T.);
#14544=ADVANCED_FACE('',(#14543),#14536,.F.);
#14551=EDGE_CURVE('',#7797,#6847,#5317,.T.);
#14557=ADVANCED_FACE('',(#14556),#14549,.F.);
#14564=EDGE_CURVE('',#7795,#6845,#5321,.T.);
#14570=ADVANCED_FACE('',(#14569),#14562,.F.);
#14577=EDGE_CURVE('',#7793,#6843,#5325,.T.);
#14583=ADVANCED_FACE('',(#14582),#14575,.F.);
#14590=EDGE_CURVE('',#7791,#6841,#5329,.T.);
#14596=ADVANCED_FACE('',(#14595),#14588,.F.);
#14603=EDGE_CURVE('',#7789,#6839,#5333,.T.);
#14609=ADVANCED_FACE('',(#14608),#14601,.F.);
#14616=EDGE_CURVE('',#7787,#6837,#5337,.T.);
#14622=ADVANCED_FACE('',(#14621),#14614,.F.);
#14634=ADVANCED_FACE('',(#14633),#14627,.F.);
#14641=EDGE_CURVE('',#7808,#6858,#5345,.T.);
#14644=EDGE_CURVE('',#7809,#6859,#5389,.T.);
#14648=ADVANCED_FACE('',(#14647),#14639,.F.);
#14655=EDGE_CURVE('',#7829,#6879,#5349,.T.);
#14661=ADVANCED_FACE('',(#14660),#14653,.F.);
#14668=EDGE_CURVE('',#7827,#6877,#5353,.T.);
#14674=ADVANCED_FACE('',(#14673),#14666,.F.);
#14681=EDGE_CURVE('',#7825,#6875,#5357,.T.);
#14687=ADVANCED_FACE('',(#14686),#14679,.F.);
#14694=EDGE_CURVE('',#7823,#6873,#5361,.T.);
#14700=ADVANCED_FACE('',(#14699),#14692,.F.);
#14707=EDGE_CURVE('',#7821,#6871,#5365,.T.);
#14713=ADVANCED_FACE('',(#14712),#14705,.F.);
#14720=EDGE_CURVE('',#7819,#6869,#5369,.T.);
#14726=ADVANCED_FACE('',(#14725),#14718,.F.);
#14733=EDGE_CURVE('',#7817,#6867,#5373,.T.);
#14739=ADVANCED_FACE('',(#14738),#14731,.F.);
#14746=EDGE_CURVE('',#7815,#6865,#5377,.T.);
#14752=ADVANCED_FACE('',(#14751),#14744,.F.);
#14759=EDGE_CURVE('',#7813,#6863,#5381,.T.);
#14765=ADVANCED_FACE('',(#14764),#14757,.F.);
#14772=EDGE_CURVE('',#7811,#6861,#5385,.T.);
#14778=ADVANCED_FACE('',(#14777),#14770,.F.);
#14790=ADVANCED_FACE('',(#14789),#14783,.F.);
#14797=EDGE_CURVE('',#7832,#6882,#5393,.T.);
#14800=EDGE_CURVE('',#7833,#6883,#5437,.T.);
#14804=ADVANCED_FACE('',(#14803),#14795,.F.);
#14811=EDGE_CURVE('',#7853,#6903,#5397,.T.);
#14817=ADVANCED_FACE('',(#14816),#14809,.F.);
#14824=EDGE_CURVE('',#7851,#6901,#5401,.T.);
#14830=ADVANCED_FACE('',(#14829),#14822,.F.);
#14837=EDGE_CURVE('',#7849,#6899,#5405,.T.);
#14843=ADVANCED_FACE('',(#14842),#14835,.F.);
#14850=EDGE_CURVE('',#7847,#6897,#5409,.T.);
#14856=ADVANCED_FACE('',(#14855),#14848,.F.);
#14863=EDGE_CURVE('',#7845,#6895,#5413,.T.);
#14869=ADVANCED_FACE('',(#14868),#14861,.F.);
#14876=EDGE_CURVE('',#7843,#6893,#5417,.T.);
#14882=ADVANCED_FACE('',(#14881),#14874,.F.);
#14889=EDGE_CURVE('',#7841,#6891,#5421,.T.);
#14895=ADVANCED_FACE('',(#14894),#14887,.F.);
#14902=EDGE_CURVE('',#7839,#6889,#5425,.T.);
#14908=ADVANCED_FACE('',(#14907),#14900,.F.);
#14915=EDGE_CURVE('',#7837,#6887,#5429,.T.);
#14921=ADVANCED_FACE('',(#14920),#14913,.F.);
#14928=EDGE_CURVE('',#7835,#6885,#5433,.T.);
#14934=ADVANCED_FACE('',(#14933),#14926,.F.);
#14946=ADVANCED_FACE('',(#14945),#14939,.F.);
#14953=EDGE_CURVE('',#7856,#6906,#5441,.T.);
#14956=EDGE_CURVE('',#7857,#6907,#5485,.T.);
#14960=ADVANCED_FACE('',(#14959),#14951,.F.);
#14967=EDGE_CURVE('',#7877,#6927,#5445,.T.);
#14973=ADVANCED_FACE('',(#14972),#14965,.F.);
#14980=EDGE_CURVE('',#7875,#6925,#5449,.T.);
#14986=ADVANCED_FACE('',(#14985),#14978,.F.);
#14993=EDGE_CURVE('',#7873,#6923,#5453,.T.);
#14999=ADVANCED_FACE('',(#14998),#14991,.F.);
#15006=EDGE_CURVE('',#7871,#6921,#5457,.T.);
#15012=ADVANCED_FACE('',(#15011),#15004,.F.);
#15019=EDGE_CURVE('',#7869,#6919,#5461,.T.);
#15025=ADVANCED_FACE('',(#15024),#15017,.F.);
#15032=EDGE_CURVE('',#7867,#6917,#5465,.T.);
#15038=ADVANCED_FACE('',(#15037),#15030,.F.);
#15045=EDGE_CURVE('',#7865,#6915,#5469,.T.);
#15051=ADVANCED_FACE('',(#15050),#15043,.F.);
#15058=EDGE_CURVE('',#7863,#6913,#5473,.T.);
#15064=ADVANCED_FACE('',(#15063),#15056,.F.);
#15071=EDGE_CURVE('',#7861,#6911,#5477,.T.);
#15077=ADVANCED_FACE('',(#15076),#15069,.F.);
#15084=EDGE_CURVE('',#7859,#6909,#5481,.T.);
#15090=ADVANCED_FACE('',(#15089),#15082,.F.);
#15102=ADVANCED_FACE('',(#15101),#15095,.F.);
#15109=EDGE_CURVE('',#7880,#6930,#5489,.T.);
#15112=EDGE_CURVE('',#7881,#6931,#5513,.T.);
#15116=ADVANCED_FACE('',(#15115),#15107,.F.);
#15123=EDGE_CURVE('',#7891,#6941,#5493,.T.);
#15129=ADVANCED_FACE('',(#15128),#15121,.F.);
#15136=EDGE_CURVE('',#7889,#6939,#5497,.T.);
#15142=ADVANCED_FACE('',(#15141),#15134,.F.);
#15149=EDGE_CURVE('',#7887,#6937,#5501,.T.);
#15155=ADVANCED_FACE('',(#15154),#15147,.F.);
#15162=EDGE_CURVE('',#7885,#6935,#5505,.T.);
#15168=ADVANCED_FACE('',(#15167),#15160,.F.);
#15175=EDGE_CURVE('',#7883,#6933,#5509,.T.);
#15181=ADVANCED_FACE('',(#15180),#15173,.F.);
#15193=ADVANCED_FACE('',(#15192),#15186,.F.);
#15200=EDGE_CURVE('',#7894,#6944,#5517,.T.);
#15203=EDGE_CURVE('',#7895,#6945,#5625,.T.);
#15207=ADVANCED_FACE('',(#15206),#15198,.F.);
#15214=EDGE_CURVE('',#7947,#6997,#5521,.T.);
#15220=ADVANCED_FACE('',(#15219),#15212,.F.);
#15227=EDGE_CURVE('',#7945,#6995,#5525,.T.);
#15233=ADVANCED_FACE('',(#15232),#15225,.F.);
#15240=EDGE_CURVE('',#7943,#6993,#5529,.T.);
#15246=ADVANCED_FACE('',(#15245),#15238,.F.);
#15253=EDGE_CURVE('',#7941,#6991,#5533,.T.);
#15259=ADVANCED_FACE('',(#15258),#15251,.F.);
#15266=EDGE_CURVE('',#7939,#6989,#5537,.T.);
#15272=ADVANCED_FACE('',(#15271),#15264,.F.);
#15279=EDGE_CURVE('',#7937,#6987,#5541,.T.);
#15285=ADVANCED_FACE('',(#15284),#15277,.F.);
#15292=EDGE_CURVE('',#7935,#6985,#5545,.T.);
#15298=ADVANCED_FACE('',(#15297),#15290,.F.);
#15305=EDGE_CURVE('',#7933,#6983,#5549,.T.);
#15311=ADVANCED_FACE('',(#15310),#15303,.F.);
#15318=EDGE_CURVE('',#7931,#6981,#5553,.T.);
#15324=ADVANCED_FACE('',(#15323),#15316,.F.);
#15331=EDGE_CURVE('',#7929,#6979,#5557,.T.);
#15337=ADVANCED_FACE('',(#15336),#15329,.F.);
#15344=EDGE_CURVE('',#7927,#6977,#5561,.T.);
#15350=ADVANCED_FACE('',(#15349),#15342,.F.);
#15357=EDGE_CURVE('',#7925,#6975,#5565,.T.);
#15363=ADVANCED_FACE('',(#15362),#15355,.F.);
#15370=EDGE_CURVE('',#7923,#6973,#5569,.T.);
#15376=ADVANCED_FACE('',(#15375),#15368,.F.);
#15383=EDGE_CURVE('',#7921,#6971,#5573,.T.);
#15389=ADVANCED_FACE('',(#15388),#15381,.F.);
#15396=EDGE_CURVE('',#7919,#6969,#5577,.T.);
#15402=ADVANCED_FACE('',(#15401),#15394,.F.);
#15409=EDGE_CURVE('',#7917,#6967,#5581,.T.);
#15415=ADVANCED_FACE('',(#15414),#15407,.F.);
#15422=EDGE_CURVE('',#7915,#6965,#5585,.T.);
#15428=ADVANCED_FACE('',(#15427),#15420,.F.);
#15435=EDGE_CURVE('',#7913,#6963,#5589,.T.);
#15441=ADVANCED_FACE('',(#15440),#15433,.F.);
#15448=EDGE_CURVE('',#7911,#6961,#5593,.T.);
#15454=ADVANCED_FACE('',(#15453),#15446,.F.);
#15461=EDGE_CURVE('',#7909,#6959,#5597,.T.);
#15467=ADVANCED_FACE('',(#15466),#15459,.F.);
#15474=EDGE_CURVE('',#7907,#6957,#5601,.T.);
#15480=ADVANCED_FACE('',(#15479),#15472,.F.);
#15487=EDGE_CURVE('',#7905,#6955,#5605,.T.);
#15493=ADVANCED_FACE('',(#15492),#15485,.F.);
#15500=EDGE_CURVE('',#7903,#6953,#5609,.T.);
#15506=ADVANCED_FACE('',(#15505),#15498,.F.);
#15513=EDGE_CURVE('',#7901,#6951,#5613,.T.);
#15519=ADVANCED_FACE('',(#15518),#15511,.F.);
#15526=EDGE_CURVE('',#7899,#6949,#5617,.T.);
#15532=ADVANCED_FACE('',(#15531),#15524,.F.);
#15539=EDGE_CURVE('',#7897,#6947,#5621,.T.);
#15545=ADVANCED_FACE('',(#15544),#15537,.F.);
#15557=ADVANCED_FACE('',(#15556),#15550,.F.);
#15564=EDGE_CURVE('',#7950,#7000,#5629,.T.);
#15567=EDGE_CURVE('',#7951,#7001,#5853,.T.);
#15571=ADVANCED_FACE('',(#15570),#15562,.F.);
#15578=EDGE_CURVE('',#8061,#7111,#5633,.T.);
#15584=ADVANCED_FACE('',(#15583),#15576,.F.);
#15591=EDGE_CURVE('',#8059,#7109,#5637,.T.);
#15597=ADVANCED_FACE('',(#15596),#15589,.F.);
#15604=EDGE_CURVE('',#8057,#7107,#5641,.T.);
#15610=ADVANCED_FACE('',(#15609),#15602,.F.);
#15617=EDGE_CURVE('',#8055,#7105,#5645,.T.);
#15623=ADVANCED_FACE('',(#15622),#15615,.F.);
#15630=EDGE_CURVE('',#8053,#7103,#5649,.T.);
#15636=ADVANCED_FACE('',(#15635),#15628,.F.);
#15643=EDGE_CURVE('',#8051,#7101,#5653,.T.);
#15649=ADVANCED_FACE('',(#15648),#15641,.F.);
#15656=EDGE_CURVE('',#8049,#7099,#5657,.T.);
#15662=ADVANCED_FACE('',(#15661),#15654,.F.);
#15669=EDGE_CURVE('',#8047,#7097,#5661,.T.);
#15675=ADVANCED_FACE('',(#15674),#15667,.F.);
#15682=EDGE_CURVE('',#8045,#7095,#5665,.T.);
#15688=ADVANCED_FACE('',(#15687),#15680,.F.);
#15695=EDGE_CURVE('',#8043,#7093,#5669,.T.);
#15701=ADVANCED_FACE('',(#15700),#15693,.F.);
#15708=EDGE_CURVE('',#8041,#7091,#5673,.T.);
#15714=ADVANCED_FACE('',(#15713),#15706,.F.);
#15721=EDGE_CURVE('',#8039,#7089,#5677,.T.);
#15727=ADVANCED_FACE('',(#15726),#15719,.F.);
#15734=EDGE_CURVE('',#8037,#7087,#5681,.T.);
#15740=ADVANCED_FACE('',(#15739),#15732,.F.);
#15747=EDGE_CURVE('',#8035,#7085,#5685,.T.);
#15753=ADVANCED_FACE('',(#15752),#15745,.F.);
#15760=EDGE_CURVE('',#8033,#7083,#5689,.T.);
#15766=ADVANCED_FACE('',(#15765),#15758,.F.);
#15773=EDGE_CURVE('',#8031,#7081,#5693,.T.);
#15779=ADVANCED_FACE('',(#15778),#15771,.F.);
#15786=EDGE_CURVE('',#8029,#7079,#5697,.T.);
#15792=ADVANCED_FACE('',(#15791),#15784,.F.);
#15799=EDGE_CURVE('',#8027,#7077,#5701,.T.);
#15805=ADVANCED_FACE('',(#15804),#15797,.F.);
#15812=EDGE_CURVE('',#8025,#7075,#5705,.T.);
#15818=ADVANCED_FACE('',(#15817),#15810,.F.);
#15825=EDGE_CURVE('',#8023,#7073,#5709,.T.);
#15831=ADVANCED_FACE('',(#15830),#15823,.F.);
#15838=EDGE_CURVE('',#8021,#7071,#5713,.T.);
#15844=ADVANCED_FACE('',(#15843),#15836,.F.);
#15851=EDGE_CURVE('',#8019,#7069,#5717,.T.);
#15857=ADVANCED_FACE('',(#15856),#15849,.F.);
#15864=EDGE_CURVE('',#8017,#7067,#5721,.T.);
#15870=ADVANCED_FACE('',(#15869),#15862,.F.);
#15877=EDGE_CURVE('',#8015,#7065,#5725,.T.);
#15883=ADVANCED_FACE('',(#15882),#15875,.F.);
#15890=EDGE_CURVE('',#8013,#7063,#5729,.T.);
#15896=ADVANCED_FACE('',(#15895),#15888,.F.);
#15903=EDGE_CURVE('',#8011,#7061,#5733,.T.);
#15909=ADVANCED_FACE('',(#15908),#15901,.F.);
#15916=EDGE_CURVE('',#8009,#7059,#5737,.T.);
#15922=ADVANCED_FACE('',(#15921),#15914,.F.);
#15929=EDGE_CURVE('',#8007,#7057,#5741,.T.);
#15935=ADVANCED_FACE('',(#15934),#15927,.F.);
#15942=EDGE_CURVE('',#8005,#7055,#5745,.T.);
#15948=ADVANCED_FACE('',(#15947),#15940,.F.);
#15955=EDGE_CURVE('',#8003,#7053,#5749,.T.);
#15961=ADVANCED_FACE('',(#15960),#15953,.F.);
#15968=EDGE_CURVE('',#8001,#7051,#5753,.T.);
#15974=ADVANCED_FACE('',(#15973),#15966,.F.);
#15981=EDGE_CURVE('',#7999,#7049,#5757,.T.);
#15987=ADVANCED_FACE('',(#15986),#15979,.F.);
#15994=EDGE_CURVE('',#7997,#7047,#5761,.T.);
#16000=ADVANCED_FACE('',(#15999),#15992,.F.);
#16007=EDGE_CURVE('',#7995,#7045,#5765,.T.);
#16013=ADVANCED_FACE('',(#16012),#16005,.F.);
#16020=EDGE_CURVE('',#7993,#7043,#5769,.T.);
#16026=ADVANCED_FACE('',(#16025),#16018,.F.);
#16033=EDGE_CURVE('',#7991,#7041,#5773,.T.);
#16039=ADVANCED_FACE('',(#16038),#16031,.F.);
#16046=EDGE_CURVE('',#7989,#7039,#5777,.T.);
#16052=ADVANCED_FACE('',(#16051),#16044,.F.);
#16059=EDGE_CURVE('',#7987,#7037,#5781,.T.);
#16065=ADVANCED_FACE('',(#16064),#16057,.F.);
#16072=EDGE_CURVE('',#7985,#7035,#5785,.T.);
#16078=ADVANCED_FACE('',(#16077),#16070,.F.);
#16085=EDGE_CURVE('',#7983,#7033,#5789,.T.);
#16091=ADVANCED_FACE('',(#16090),#16083,.F.);
#16098=EDGE_CURVE('',#7981,#7031,#5793,.T.);
#16104=ADVANCED_FACE('',(#16103),#16096,.F.);
#16111=EDGE_CURVE('',#7979,#7029,#5797,.T.);
#16117=ADVANCED_FACE('',(#16116),#16109,.F.);
#16124=EDGE_CURVE('',#7977,#7027,#5801,.T.);
#16130=ADVANCED_FACE('',(#16129),#16122,.F.);
#16137=EDGE_CURVE('',#7975,#7025,#5805,.T.);
#16143=ADVANCED_FACE('',(#16142),#16135,.F.);
#16150=EDGE_CURVE('',#7973,#7023,#5809,.T.);
#16156=ADVANCED_FACE('',(#16155),#16148,.F.);
#16163=EDGE_CURVE('',#7971,#7021,#5813,.T.);
#16169=ADVANCED_FACE('',(#16168),#16161,.F.);
#16176=EDGE_CURVE('',#7969,#7019,#5817,.T.);
#16182=ADVANCED_FACE('',(#16181),#16174,.F.);
#16189=EDGE_CURVE('',#7967,#7017,#5821,.T.);
#16195=ADVANCED_FACE('',(#16194),#16187,.F.);
#16202=EDGE_CURVE('',#7965,#7015,#5825,.T.);
#16208=ADVANCED_FACE('',(#16207),#16200,.F.);
#16215=EDGE_CURVE('',#7963,#7013,#5829,.T.);
#16221=ADVANCED_FACE('',(#16220),#16213,.F.);
#16228=EDGE_CURVE('',#7961,#7011,#5833,.T.);
#16234=ADVANCED_FACE('',(#16233),#16226,.F.);
#16241=EDGE_CURVE('',#7959,#7009,#5837,.T.);
#16247=ADVANCED_FACE('',(#16246),#16239,.F.);
#16254=EDGE_CURVE('',#7957,#7007,#5841,.T.);
#16260=ADVANCED_FACE('',(#16259),#16252,.F.);
#16267=EDGE_CURVE('',#7955,#7005,#5845,.T.);
#16273=ADVANCED_FACE('',(#16272),#16265,.F.);
#16280=EDGE_CURVE('',#7953,#7003,#5849,.T.);
#16286=ADVANCED_FACE('',(#16285),#16278,.F.);
#16298=ADVANCED_FACE('',(#16297),#16291,.F.);
#16305=EDGE_CURVE('',#8064,#7114,#5857,.T.);
#16308=EDGE_CURVE('',#8065,#7115,#5881,.T.);
#16312=ADVANCED_FACE('',(#16311),#16303,.F.);
#16319=EDGE_CURVE('',#8075,#7125,#5861,.T.);
#16325=ADVANCED_FACE('',(#16324),#16317,.F.);
#16332=EDGE_CURVE('',#8073,#7123,#5865,.T.);
#16338=ADVANCED_FACE('',(#16337),#16330,.F.);
#16345=EDGE_CURVE('',#8071,#7121,#5869,.T.);
#16351=ADVANCED_FACE('',(#16350),#16343,.F.);
#16358=EDGE_CURVE('',#8069,#7119,#5873,.T.);
#16364=ADVANCED_FACE('',(#16363),#16356,.F.);
#16371=EDGE_CURVE('',#8067,#7117,#5877,.T.);
#16377=ADVANCED_FACE('',(#16376),#16369,.F.);
#16389=ADVANCED_FACE('',(#16388),#16382,.F.);
#16396=EDGE_CURVE('',#8078,#7128,#5885,.T.);
#16399=EDGE_CURVE('',#8079,#7129,#5985,.T.);
#16403=ADVANCED_FACE('',(#16402),#16394,.F.);
#16410=EDGE_CURVE('',#8127,#7177,#5889,.T.);
#16416=ADVANCED_FACE('',(#16415),#16408,.F.);
#16423=EDGE_CURVE('',#8125,#7175,#5893,.T.);
#16429=ADVANCED_FACE('',(#16428),#16421,.F.);
#16436=EDGE_CURVE('',#8123,#7173,#5897,.T.);
#16442=ADVANCED_FACE('',(#16441),#16434,.F.);
#16449=EDGE_CURVE('',#8121,#7171,#5901,.T.);
#16455=ADVANCED_FACE('',(#16454),#16447,.F.);
#16462=EDGE_CURVE('',#8119,#7169,#5905,.T.);
#16468=ADVANCED_FACE('',(#16467),#16460,.F.);
#16475=EDGE_CURVE('',#8117,#7167,#5909,.T.);
#16481=ADVANCED_FACE('',(#16480),#16473,.F.);
#16488=EDGE_CURVE('',#8115,#7165,#5913,.T.);
#16494=ADVANCED_FACE('',(#16493),#16486,.F.);
#16501=EDGE_CURVE('',#8113,#7163,#5917,.T.);
#16507=ADVANCED_FACE('',(#16506),#16499,.F.);
#16514=EDGE_CURVE('',#8111,#7161,#5921,.T.);
#16520=ADVANCED_FACE('',(#16519),#16512,.F.);
#16527=EDGE_CURVE('',#8109,#7159,#5925,.T.);
#16533=ADVANCED_FACE('',(#16532),#16525,.F.);
#16540=EDGE_CURVE('',#8107,#7157,#5929,.T.);
#16546=ADVANCED_FACE('',(#16545),#16538,.F.);
#16553=EDGE_CURVE('',#8105,#7155,#5933,.T.);
#16559=ADVANCED_FACE('',(#16558),#16551,.F.);
#16566=EDGE_CURVE('',#8103,#7153,#5937,.T.);
#16572=ADVANCED_FACE('',(#16571),#16564,.F.);
#16579=EDGE_CURVE('',#8101,#7151,#5941,.T.);
#16585=ADVANCED_FACE('',(#16584),#16577,.F.);
#16592=EDGE_CURVE('',#8099,#7149,#5945,.T.);
#16598=ADVANCED_FACE('',(#16597),#16590,.F.);
#16605=EDGE_CURVE('',#8097,#7147,#5949,.T.);
#16611=ADVANCED_FACE('',(#16610),#16603,.F.);
#16618=EDGE_CURVE('',#8095,#7145,#5953,.T.);
#16624=ADVANCED_FACE('',(#16623),#16616,.F.);
#16631=EDGE_CURVE('',#8093,#7143,#5957,.T.);
#16637=ADVANCED_FACE('',(#16636),#16629,.F.);
#16644=EDGE_CURVE('',#8091,#7141,#5961,.T.);
#16650=ADVANCED_FACE('',(#16649),#16642,.F.);
#16657=EDGE_CURVE('',#8089,#7139,#5965,.T.);
#16663=ADVANCED_FACE('',(#16662),#16655,.F.);
#16670=EDGE_CURVE('',#8087,#7137,#5969,.T.);
#16676=ADVANCED_FACE('',(#16675),#16668,.F.);
#16683=EDGE_CURVE('',#8085,#7135,#5973,.T.);
#16689=ADVANCED_FACE('',(#16688),#16681,.F.);
#16696=EDGE_CURVE('',#8083,#7133,#5977,.T.);
#16702=ADVANCED_FACE('',(#16701),#16694,.F.);
#16709=EDGE_CURVE('',#8081,#7131,#5981,.T.);
#16715=ADVANCED_FACE('',(#16714),#16707,.F.);
#16727=ADVANCED_FACE('',(#16726),#16720,.F.);
#16734=EDGE_CURVE('',#8130,#7180,#5989,.T.);
#16737=EDGE_CURVE('',#8131,#7181,#6057,.T.);
#16741=ADVANCED_FACE('',(#16740),#16732,.F.);
#16748=EDGE_CURVE('',#8163,#7213,#5993,.T.);
#16754=ADVANCED_FACE('',(#16753),#16746,.F.);
#16761=EDGE_CURVE('',#8161,#7211,#5997,.T.);
#16767=ADVANCED_FACE('',(#16766),#16759,.F.);
#16774=EDGE_CURVE('',#8159,#7209,#6001,.T.);
#16780=ADVANCED_FACE('',(#16779),#16772,.F.);
#16787=EDGE_CURVE('',#8157,#7207,#6005,.T.);
#16793=ADVANCED_FACE('',(#16792),#16785,.F.);
#16800=EDGE_CURVE('',#8155,#7205,#6009,.T.);
#16806=ADVANCED_FACE('',(#16805),#16798,.F.);
#16813=EDGE_CURVE('',#8153,#7203,#6013,.T.);
#16819=ADVANCED_FACE('',(#16818),#16811,.F.);
#16826=EDGE_CURVE('',#8151,#7201,#6017,.T.);
#16832=ADVANCED_FACE('',(#16831),#16824,.F.);
#16839=EDGE_CURVE('',#8149,#7199,#6021,.T.);
#16845=ADVANCED_FACE('',(#16844),#16837,.F.);
#16852=EDGE_CURVE('',#8147,#7197,#6025,.T.);
#16858=ADVANCED_FACE('',(#16857),#16850,.F.);
#16865=EDGE_CURVE('',#8145,#7195,#6029,.T.);
#16871=ADVANCED_FACE('',(#16870),#16863,.F.);
#16878=EDGE_CURVE('',#8143,#7193,#6033,.T.);
#16884=ADVANCED_FACE('',(#16883),#16876,.F.);
#16891=EDGE_CURVE('',#8141,#7191,#6037,.T.);
#16897=ADVANCED_FACE('',(#16896),#16889,.F.);
#16904=EDGE_CURVE('',#8139,#7189,#6041,.T.);
#16910=ADVANCED_FACE('',(#16909),#16902,.F.);
#16917=EDGE_CURVE('',#8137,#7187,#6045,.T.);
#16923=ADVANCED_FACE('',(#16922),#16915,.F.);
#16930=EDGE_CURVE('',#8135,#7185,#6049,.T.);
#16936=ADVANCED_FACE('',(#16935),#16928,.F.);
#16943=EDGE_CURVE('',#8133,#7183,#6053,.T.);
#16949=ADVANCED_FACE('',(#16948),#16941,.F.);
#16961=ADVANCED_FACE('',(#16960),#16954,.F.);
#16968=EDGE_CURVE('',#8166,#7216,#6061,.T.);
#16971=EDGE_CURVE('',#8167,#7217,#6085,.T.);
#16975=ADVANCED_FACE('',(#16974),#16966,.F.);
#16982=EDGE_CURVE('',#8177,#7227,#6065,.T.);
#16988=ADVANCED_FACE('',(#16987),#16980,.F.);
#16995=EDGE_CURVE('',#8175,#7225,#6069,.T.);
#17001=ADVANCED_FACE('',(#17000),#16993,.F.);
#17008=EDGE_CURVE('',#8173,#7223,#6073,.T.);
#17014=ADVANCED_FACE('',(#17013),#17006,.F.);
#17021=EDGE_CURVE('',#8171,#7221,#6077,.T.);
#17027=ADVANCED_FACE('',(#17026),#17019,.F.);
#17034=EDGE_CURVE('',#8169,#7219,#6081,.T.);
#17040=ADVANCED_FACE('',(#17039),#17032,.F.);
#17052=ADVANCED_FACE('',(#17051),#17045,.F.);
#17059=EDGE_CURVE('',#8180,#7230,#6089,.T.);
#17062=EDGE_CURVE('',#8181,#7231,#6101,.T.);
#17066=ADVANCED_FACE('',(#17065),#17057,.F.);
#17073=EDGE_CURVE('',#8185,#7235,#6093,.T.);
#17079=ADVANCED_FACE('',(#17078),#17071,.F.);
#17086=EDGE_CURVE('',#8183,#7233,#6097,.T.);
#17092=ADVANCED_FACE('',(#17091),#17084,.F.);
#17104=ADVANCED_FACE('',(#17103),#17097,.F.);
#17111=EDGE_CURVE('',#8188,#7238,#6105,.T.);
#17114=EDGE_CURVE('',#8189,#7239,#6137,.T.);
#17118=ADVANCED_FACE('',(#17117),#17109,.F.);
#17125=EDGE_CURVE('',#8203,#7253,#6109,.T.);
#17131=ADVANCED_FACE('',(#17130),#17123,.F.);
#17138=EDGE_CURVE('',#8201,#7251,#6113,.T.);
#17144=ADVANCED_FACE('',(#17143),#17136,.F.);
#17151=EDGE_CURVE('',#8199,#7249,#6117,.T.);
#17157=ADVANCED_FACE('',(#17156),#17149,.F.);
#17164=EDGE_CURVE('',#8197,#7247,#6121,.T.);
#17170=ADVANCED_FACE('',(#17169),#17162,.F.);
#17177=EDGE_CURVE('',#8195,#7245,#6125,.T.);
#17183=ADVANCED_FACE('',(#17182),#17175,.F.);
#17190=EDGE_CURVE('',#8193,#7243,#6129,.T.);
#17196=ADVANCED_FACE('',(#17195),#17188,.F.);
#17203=EDGE_CURVE('',#8191,#7241,#6133,.T.);
#17209=ADVANCED_FACE('',(#17208),#17201,.F.);
#17221=ADVANCED_FACE('',(#17220),#17214,.F.);
#17228=EDGE_CURVE('',#8206,#7256,#6141,.T.);
#17231=EDGE_CURVE('',#8207,#7257,#6173,.T.);
#17235=ADVANCED_FACE('',(#17234),#17226,.F.);
#17242=EDGE_CURVE('',#8221,#7271,#6145,.T.);
#17248=ADVANCED_FACE('',(#17247),#17240,.F.);
#17255=EDGE_CURVE('',#8219,#7269,#6149,.T.);
#17261=ADVANCED_FACE('',(#17260),#17253,.F.);
#17268=EDGE_CURVE('',#8217,#7267,#6153,.T.);
#17274=ADVANCED_FACE('',(#17273),#17266,.F.);
#17281=EDGE_CURVE('',#8215,#7265,#6157,.T.);
#17287=ADVANCED_FACE('',(#17286),#17279,.F.);
#17294=EDGE_CURVE('',#8213,#7263,#6161,.T.);
#17300=ADVANCED_FACE('',(#17299),#17292,.F.);
#17307=EDGE_CURVE('',#8211,#7261,#6165,.T.);
#17313=ADVANCED_FACE('',(#17312),#17305,.F.);
#17320=EDGE_CURVE('',#8209,#7259,#6169,.T.);
#17326=ADVANCED_FACE('',(#17325),#17318,.F.);
#17338=ADVANCED_FACE('',(#17337),#17331,.F.);
#17345=EDGE_CURVE('',#8224,#7274,#6177,.T.);
#17348=EDGE_CURVE('',#8225,#7275,#6225,.T.);
#17352=ADVANCED_FACE('',(#17351),#17343,.F.);
#17359=EDGE_CURVE('',#8247,#7297,#6181,.T.);
#17365=ADVANCED_FACE('',(#17364),#17357,.F.);
#17372=EDGE_CURVE('',#8245,#7295,#6185,.T.);
#17378=ADVANCED_FACE('',(#17377),#17370,.F.);
#17385=EDGE_CURVE('',#8243,#7293,#6189,.T.);
#17391=ADVANCED_FACE('',(#17390),#17383,.F.);
#17398=EDGE_CURVE('',#8241,#7291,#6193,.T.);
#17404=ADVANCED_FACE('',(#17403),#17396,.F.);
#17411=EDGE_CURVE('',#8239,#7289,#6197,.T.);
#17417=ADVANCED_FACE('',(#17416),#17409,.F.);
#17424=EDGE_CURVE('',#8237,#7287,#6201,.T.);
#17430=ADVANCED_FACE('',(#17429),#17422,.F.);
#17437=EDGE_CURVE('',#8235,#7285,#6205,.T.);
#17443=ADVANCED_FACE('',(#17442),#17435,.F.);
#17450=EDGE_CURVE('',#8233,#7283,#6209,.T.);
#17456=ADVANCED_FACE('',(#17455),#17448,.F.);
#17463=EDGE_CURVE('',#8231,#7281,#6213,.T.);
#17469=ADVANCED_FACE('',(#17468),#17461,.F.);
#17476=EDGE_CURVE('',#8229,#7279,#6217,.T.);
#17482=ADVANCED_FACE('',(#17481),#17474,.F.);
#17489=EDGE_CURVE('',#8227,#7277,#6221,.T.);
#17495=ADVANCED_FACE('',(#17494),#17487,.F.);
#17507=ADVANCED_FACE('',(#17506),#17500,.F.);
#17514=EDGE_CURVE('',#8250,#7300,#6229,.T.);
#17517=EDGE_CURVE('',#8251,#7301,#6277,.T.);
#17521=ADVANCED_FACE('',(#17520),#17512,.F.);
#17528=EDGE_CURVE('',#8273,#7323,#6233,.T.);
#17534=ADVANCED_FACE('',(#17533),#17526,.F.);
#17541=EDGE_CURVE('',#8271,#7321,#6237,.T.);
#17547=ADVANCED_FACE('',(#17546),#17539,.F.);
#17554=EDGE_CURVE('',#8269,#7319,#6241,.T.);
#17560=ADVANCED_FACE('',(#17559),#17552,.F.);
#17567=EDGE_CURVE('',#8267,#7317,#6245,.T.);
#17573=ADVANCED_FACE('',(#17572),#17565,.F.);
#17580=EDGE_CURVE('',#8265,#7315,#6249,.T.);
#17586=ADVANCED_FACE('',(#17585),#17578,.F.);
#17593=EDGE_CURVE('',#8263,#7313,#6253,.T.);
#17599=ADVANCED_FACE('',(#17598),#17591,.F.);
#17606=EDGE_CURVE('',#8261,#7311,#6257,.T.);
#17612=ADVANCED_FACE('',(#17611),#17604,.F.);
#17619=EDGE_CURVE('',#8259,#7309,#6261,.T.);
#17625=ADVANCED_FACE('',(#17624),#17617,.F.);
#17632=EDGE_CURVE('',#8257,#7307,#6265,.T.);
#17638=ADVANCED_FACE('',(#17637),#17630,.F.);
#17645=EDGE_CURVE('',#8255,#7305,#6269,.T.);
#17651=ADVANCED_FACE('',(#17650),#17643,.F.);
#17658=EDGE_CURVE('',#8253,#7303,#6273,.T.);
#17664=ADVANCED_FACE('',(#17663),#17656,.F.);
#17676=ADVANCED_FACE('',(#17675),#17669,.F.);
#17679=(LENGTH_UNIT()NAMED_UNIT(*)SI_UNIT(.MILLI.,.METRE.));
#17680=(NAMED_UNIT(*)PLANE_ANGLE_UNIT()SI_UNIT($,.RADIAN.));
#17683=(NAMED_UNIT(*)SI_UNIT($,.STERADIAN.)SOLID_ANGLE_UNIT());
#17685=(GEOMETRIC_REPRESENTATION_CONTEXT(3)GLOBAL_UNCERTAINTY_ASSIGNED_CONTEXT((
#17684))GLOBAL_UNIT_ASSIGNED_CONTEXT((#17679,#17682,#17683))REPRESENTATION_CONTEXT('ID1','3'));
#17686=ADVANCED_BREP_SHAPE_REPRESENTATION('',(#17678),#17685);
#17693=PRODUCT_DEFINITION('part definition','',#17692,#17689);
#17694=PRODUCT_DEFINITION_SHAPE('','SHAPE FOR C-2-1393779-0.',#17693);
#17695=SHAPE_ASPECT('','solid data associated with C-2-1393779-0',#17694,.F.);
#17696=PROPERTY_DEFINITION('',
'shape for solid data with which properties are associated',#17695);
#17697=SHAPE_REPRESENTATION('',(#17678),#17685);
#17698=SHAPE_DEFINITION_REPRESENTATION(#17696,#17697);
#17699=(LENGTH_UNIT()NAMED_UNIT(*)SI_UNIT(.MILLI.,.METRE.));
#17703=PROPERTY_DEFINITION('geometric validation property',
'area of C-2-1393779-0',#17695);
#17704=REPRESENTATION('surface area',(#17702),#17685);
#17705=PROPERTY_DEFINITION_REPRESENTATION(#17703,#17704);
#17706=(LENGTH_UNIT()NAMED_UNIT(*)SI_UNIT(.MILLI.,.METRE.));
#17710=PROPERTY_DEFINITION('geometric validation property',
'volume of C-2-1393779-0',#17695);
#17711=REPRESENTATION('volume',(#17709),#17685);
#17712=PROPERTY_DEFINITION_REPRESENTATION(#17710,#17711);
#17714=PROPERTY_DEFINITION('geometric validation property',
'centroid of C-2-1393779-0',#17695);
#17715=REPRESENTATION('centroid',(#17713),#17685);
#17716=PROPERTY_DEFINITION_REPRESENTATION(#17714,#17715);
#17717=(LENGTH_UNIT()NAMED_UNIT(*)SI_UNIT(.MILLI.,.METRE.));
#17721=PROPERTY_DEFINITION('geometric validation property',
'area of C-2-1393779-0',#17694);
#17722=REPRESENTATION('surface area',(#17720),#17685);
#17723=PROPERTY_DEFINITION_REPRESENTATION(#17721,#17722);
#17724=(LENGTH_UNIT()NAMED_UNIT(*)SI_UNIT(.MILLI.,.METRE.));
#17728=PROPERTY_DEFINITION('geometric validation property',
'volume of C-2-1393779-0',#17694);
#17729=REPRESENTATION('volume',(#17727),#17685);
#17730=PROPERTY_DEFINITION_REPRESENTATION(#17728,#17729);
#17732=PROPERTY_DEFINITION('geometric validation property',
'centroid of C-2-1393779-0',#17694);
#17733=REPRESENTATION('centroid',(#17731),#17685);
#17734=PROPERTY_DEFINITION_REPRESENTATION(#17732,#17733);
#17735=SHAPE_DEFINITION_REPRESENTATION(#17694,#17686);
ENDSEC;
END-ISO-10303-21;
