21:31:06 **** Build of configuration Debug for project EBS_Supervisor ****
make -j8 all 
arm-none-eabi-gcc "../Drivers/STM32F1xx_HAL_Driver/Src/stm32f1xx_hal.c" -mcpu=cortex-m3 -std=gnu11 -g3 -DDEBUG -DUSE_HAL_DRIVER -DSTM32F103xB -c -I../Core/Inc -I../Drivers/STM32F1xx_HAL_Driver/Inc -I../Drivers/STM32F1xx_HAL_Driver/Inc/Legacy -I../Drivers/CMSIS/Device/ST/STM32F1xx/Include -I../Drivers/CMSIS/Include -O0 -ffunction-sections -fdata-sections -Wall -fstack-usage -fcyclomatic-complexity -MMD -MP -MF"Drivers/STM32F1xx_HAL_Driver/Src/stm32f1xx_hal.d" -MT"Drivers/STM32F1xx_HAL_Driver/Src/stm32f1xx_hal.o" --specs=nano.specs -mfloat-abi=soft -mthumb -o "Drivers/STM32F1xx_HAL_Driver/Src/stm32f1xx_hal.o"
arm-none-eabi-gcc "../Drivers/STM32F1xx_HAL_Driver/Src/stm32f1xx_hal_adc.c" -mcpu=cortex-m3 -std=gnu11 -g3 -DDEBUG -DUSE_HAL_DRIVER -DSTM32F103xB -c -I../Core/Inc -I../Drivers/STM32F1xx_HAL_Driver/Inc -I../Drivers/STM32F1xx_HAL_Driver/Inc/Legacy -I../Drivers/CMSIS/Device/ST/STM32F1xx/Include -I../Drivers/CMSIS/Include -O0 -ffunction-sections -fdata-sections -Wall -fstack-usage -fcyclomatic-complexity -MMD -MP -MF"Drivers/STM32F1xx_HAL_Driver/Src/stm32f1xx_hal_adc.d" -MT"Drivers/STM32F1xx_HAL_Driver/Src/stm32f1xx_hal_adc.o" --specs=nano.specs -mfloat-abi=soft -mthumb -o "Drivers/STM32F1xx_HAL_Driver/Src/stm32f1xx_hal_adc.o"
arm-none-eabi-gcc "../Drivers/STM32F1xx_HAL_Driver/Src/stm32f1xx_hal_adc_ex.c" -mcpu=cortex-m3 -std=gnu11 -g3 -DDEBUG -DUSE_HAL_DRIVER -DSTM32F103xB -c -I../Core/Inc -I../Drivers/STM32F1xx_HAL_Driver/Inc -I../Drivers/STM32F1xx_HAL_Driver/Inc/Legacy -I../Drivers/CMSIS/Device/ST/STM32F1xx/Include -I../Drivers/CMSIS/Include -O0 -ffunction-sections -fdata-sections -Wall -fstack-usage -fcyclomatic-complexity -MMD -MP -MF"Drivers/STM32F1xx_HAL_Driver/Src/stm32f1xx_hal_adc_ex.d" -MT"Drivers/STM32F1xx_HAL_Driver/Src/stm32f1xx_hal_adc_ex.o" --specs=nano.specs -mfloat-abi=soft -mthumb -o "Drivers/STM32F1xx_HAL_Driver/Src/stm32f1xx_hal_adc_ex.o"
arm-none-eabi-gcc "../Drivers/STM32F1xx_HAL_Driver/Src/stm32f1xx_hal_can.c" -mcpu=cortex-m3 -std=gnu11 -g3 -DDEBUG -DUSE_HAL_DRIVER -DSTM32F103xB -c -I../Core/Inc -I../Drivers/STM32F1xx_HAL_Driver/Inc -I../Drivers/STM32F1xx_HAL_Driver/Inc/Legacy -I../Drivers/CMSIS/Device/ST/STM32F1xx/Include -I../Drivers/CMSIS/Include -O0 -ffunction-sections -fdata-sections -Wall -fstack-usage -fcyclomatic-complexity -MMD -MP -MF"Drivers/STM32F1xx_HAL_Driver/Src/stm32f1xx_hal_can.d" -MT"Drivers/STM32F1xx_HAL_Driver/Src/stm32f1xx_hal_can.o" --specs=nano.specs -mfloat-abi=soft -mthumb -o "Drivers/STM32F1xx_HAL_Driver/Src/stm32f1xx_hal_can.o"
arm-none-eabi-gcc "../Drivers/STM32F1xx_HAL_Driver/Src/stm32f1xx_hal_cortex.c" -mcpu=cortex-m3 -std=gnu11 -g3 -DDEBUG -DUSE_HAL_DRIVER -DSTM32F103xB -c -I../Core/Inc -I../Drivers/STM32F1xx_HAL_Driver/Inc -I../Drivers/STM32F1xx_HAL_Driver/Inc/Legacy -I../Drivers/CMSIS/Device/ST/STM32F1xx/Include -I../Drivers/CMSIS/Include -O0 -ffunction-sections -fdata-sections -Wall -fstack-usage -fcyclomatic-complexity -MMD -MP -MF"Drivers/STM32F1xx_HAL_Driver/Src/stm32f1xx_hal_cortex.d" -MT"Drivers/STM32F1xx_HAL_Driver/Src/stm32f1xx_hal_cortex.o" --specs=nano.specs -mfloat-abi=soft -mthumb -o "Drivers/STM32F1xx_HAL_Driver/Src/stm32f1xx_hal_cortex.o"
arm-none-eabi-gcc "../Drivers/STM32F1xx_HAL_Driver/Src/stm32f1xx_hal_dma.c" -mcpu=cortex-m3 -std=gnu11 -g3 -DDEBUG -DUSE_HAL_DRIVER -DSTM32F103xB -c -I../Core/Inc -I../Drivers/STM32F1xx_HAL_Driver/Inc -I../Drivers/STM32F1xx_HAL_Driver/Inc/Legacy -I../Drivers/CMSIS/Device/ST/STM32F1xx/Include -I../Drivers/CMSIS/Include -O0 -ffunction-sections -fdata-sections -Wall -fstack-usage -fcyclomatic-complexity -MMD -MP -MF"Drivers/STM32F1xx_HAL_Driver/Src/stm32f1xx_hal_dma.d" -MT"Drivers/STM32F1xx_HAL_Driver/Src/stm32f1xx_hal_dma.o" --specs=nano.specs -mfloat-abi=soft -mthumb -o "Drivers/STM32F1xx_HAL_Driver/Src/stm32f1xx_hal_dma.o"
arm-none-eabi-gcc "../Drivers/STM32F1xx_HAL_Driver/Src/stm32f1xx_hal_exti.c" -mcpu=cortex-m3 -std=gnu11 -g3 -DDEBUG -DUSE_HAL_DRIVER -DSTM32F103xB -c -I../Core/Inc -I../Drivers/STM32F1xx_HAL_Driver/Inc -I../Drivers/STM32F1xx_HAL_Driver/Inc/Legacy -I../Drivers/CMSIS/Device/ST/STM32F1xx/Include -I../Drivers/CMSIS/Include -O0 -ffunction-sections -fdata-sections -Wall -fstack-usage -fcyclomatic-complexity -MMD -MP -MF"Drivers/STM32F1xx_HAL_Driver/Src/stm32f1xx_hal_exti.d" -MT"Drivers/STM32F1xx_HAL_Driver/Src/stm32f1xx_hal_exti.o" --specs=nano.specs -mfloat-abi=soft -mthumb -o "Drivers/STM32F1xx_HAL_Driver/Src/stm32f1xx_hal_exti.o"
arm-none-eabi-gcc "../Drivers/STM32F1xx_HAL_Driver/Src/stm32f1xx_hal_flash.c" -mcpu=cortex-m3 -std=gnu11 -g3 -DDEBUG -DUSE_HAL_DRIVER -DSTM32F103xB -c -I../Core/Inc -I../Drivers/STM32F1xx_HAL_Driver/Inc -I../Drivers/STM32F1xx_HAL_Driver/Inc/Legacy -I../Drivers/CMSIS/Device/ST/STM32F1xx/Include -I../Drivers/CMSIS/Include -O0 -ffunction-sections -fdata-sections -Wall -fstack-usage -fcyclomatic-complexity -MMD -MP -MF"Drivers/STM32F1xx_HAL_Driver/Src/stm32f1xx_hal_flash.d" -MT"Drivers/STM32F1xx_HAL_Driver/Src/stm32f1xx_hal_flash.o" --specs=nano.specs -mfloat-abi=soft -mthumb -o "Drivers/STM32F1xx_HAL_Driver/Src/stm32f1xx_hal_flash.o"
arm-none-eabi-gcc "../Drivers/STM32F1xx_HAL_Driver/Src/stm32f1xx_hal_flash_ex.c" -mcpu=cortex-m3 -std=gnu11 -g3 -DDEBUG -DUSE_HAL_DRIVER -DSTM32F103xB -c -I../Core/Inc -I../Drivers/STM32F1xx_HAL_Driver/Inc -I../Drivers/STM32F1xx_HAL_Driver/Inc/Legacy -I../Drivers/CMSIS/Device/ST/STM32F1xx/Include -I../Drivers/CMSIS/Include -O0 -ffunction-sections -fdata-sections -Wall -fstack-usage -fcyclomatic-complexity -MMD -MP -MF"Drivers/STM32F1xx_HAL_Driver/Src/stm32f1xx_hal_flash_ex.d" -MT"Drivers/STM32F1xx_HAL_Driver/Src/stm32f1xx_hal_flash_ex.o" --specs=nano.specs -mfloat-abi=soft -mthumb -o "Drivers/STM32F1xx_HAL_Driver/Src/stm32f1xx_hal_flash_ex.o"
arm-none-eabi-gcc "../Drivers/STM32F1xx_HAL_Driver/Src/stm32f1xx_hal_gpio.c" -mcpu=cortex-m3 -std=gnu11 -g3 -DDEBUG -DUSE_HAL_DRIVER -DSTM32F103xB -c -I../Core/Inc -I../Drivers/STM32F1xx_HAL_Driver/Inc -I../Drivers/STM32F1xx_HAL_Driver/Inc/Legacy -I../Drivers/CMSIS/Device/ST/STM32F1xx/Include -I../Drivers/CMSIS/Include -O0 -ffunction-sections -fdata-sections -Wall -fstack-usage -fcyclomatic-complexity -MMD -MP -MF"Drivers/STM32F1xx_HAL_Driver/Src/stm32f1xx_hal_gpio.d" -MT"Drivers/STM32F1xx_HAL_Driver/Src/stm32f1xx_hal_gpio.o" --specs=nano.specs -mfloat-abi=soft -mthumb -o "Drivers/STM32F1xx_HAL_Driver/Src/stm32f1xx_hal_gpio.o"
arm-none-eabi-gcc "../Drivers/STM32F1xx_HAL_Driver/Src/stm32f1xx_hal_gpio_ex.c" -mcpu=cortex-m3 -std=gnu11 -g3 -DDEBUG -DUSE_HAL_DRIVER -DSTM32F103xB -c -I../Core/Inc -I../Drivers/STM32F1xx_HAL_Driver/Inc -I../Drivers/STM32F1xx_HAL_Driver/Inc/Legacy -I../Drivers/CMSIS/Device/ST/STM32F1xx/Include -I../Drivers/CMSIS/Include -O0 -ffunction-sections -fdata-sections -Wall -fstack-usage -fcyclomatic-complexity -MMD -MP -MF"Drivers/STM32F1xx_HAL_Driver/Src/stm32f1xx_hal_gpio_ex.d" -MT"Drivers/STM32F1xx_HAL_Driver/Src/stm32f1xx_hal_gpio_ex.o" --specs=nano.specs -mfloat-abi=soft -mthumb -o "Drivers/STM32F1xx_HAL_Driver/Src/stm32f1xx_hal_gpio_ex.o"
arm-none-eabi-gcc "../Drivers/STM32F1xx_HAL_Driver/Src/stm32f1xx_hal_pwr.c" -mcpu=cortex-m3 -std=gnu11 -g3 -DDEBUG -DUSE_HAL_DRIVER -DSTM32F103xB -c -I../Core/Inc -I../Drivers/STM32F1xx_HAL_Driver/Inc -I../Drivers/STM32F1xx_HAL_Driver/Inc/Legacy -I../Drivers/CMSIS/Device/ST/STM32F1xx/Include -I../Drivers/CMSIS/Include -O0 -ffunction-sections -fdata-sections -Wall -fstack-usage -fcyclomatic-complexity -MMD -MP -MF"Drivers/STM32F1xx_HAL_Driver/Src/stm32f1xx_hal_pwr.d" -MT"Drivers/STM32F1xx_HAL_Driver/Src/stm32f1xx_hal_pwr.o" --specs=nano.specs -mfloat-abi=soft -mthumb -o "Drivers/STM32F1xx_HAL_Driver/Src/stm32f1xx_hal_pwr.o"
arm-none-eabi-gcc "../Drivers/STM32F1xx_HAL_Driver/Src/stm32f1xx_hal_rcc.c" -mcpu=cortex-m3 -std=gnu11 -g3 -DDEBUG -DUSE_HAL_DRIVER -DSTM32F103xB -c -I../Core/Inc -I../Drivers/STM32F1xx_HAL_Driver/Inc -I../Drivers/STM32F1xx_HAL_Driver/Inc/Legacy -I../Drivers/CMSIS/Device/ST/STM32F1xx/Include -I../Drivers/CMSIS/Include -O0 -ffunction-sections -fdata-sections -Wall -fstack-usage -fcyclomatic-complexity -MMD -MP -MF"Drivers/STM32F1xx_HAL_Driver/Src/stm32f1xx_hal_rcc.d" -MT"Drivers/STM32F1xx_HAL_Driver/Src/stm32f1xx_hal_rcc.o" --specs=nano.specs -mfloat-abi=soft -mthumb -o "Drivers/STM32F1xx_HAL_Driver/Src/stm32f1xx_hal_rcc.o"
arm-none-eabi-gcc "../Drivers/STM32F1xx_HAL_Driver/Src/stm32f1xx_hal_rcc_ex.c" -mcpu=cortex-m3 -std=gnu11 -g3 -DDEBUG -DUSE_HAL_DRIVER -DSTM32F103xB -c -I../Core/Inc -I../Drivers/STM32F1xx_HAL_Driver/Inc -I../Drivers/STM32F1xx_HAL_Driver/Inc/Legacy -I../Drivers/CMSIS/Device/ST/STM32F1xx/Include -I../Drivers/CMSIS/Include -O0 -ffunction-sections -fdata-sections -Wall -fstack-usage -fcyclomatic-complexity -MMD -MP -MF"Drivers/STM32F1xx_HAL_Driver/Src/stm32f1xx_hal_rcc_ex.d" -MT"Drivers/STM32F1xx_HAL_Driver/Src/stm32f1xx_hal_rcc_ex.o" --specs=nano.specs -mfloat-abi=soft -mthumb -o "Drivers/STM32F1xx_HAL_Driver/Src/stm32f1xx_hal_rcc_ex.o"
arm-none-eabi-gcc "../Drivers/STM32F1xx_HAL_Driver/Src/stm32f1xx_hal_tim.c" -mcpu=cortex-m3 -std=gnu11 -g3 -DDEBUG -DUSE_HAL_DRIVER -DSTM32F103xB -c -I../Core/Inc -I../Drivers/STM32F1xx_HAL_Driver/Inc -I../Drivers/STM32F1xx_HAL_Driver/Inc/Legacy -I../Drivers/CMSIS/Device/ST/STM32F1xx/Include -I../Drivers/CMSIS/Include -O0 -ffunction-sections -fdata-sections -Wall -fstack-usage -fcyclomatic-complexity -MMD -MP -MF"Drivers/STM32F1xx_HAL_Driver/Src/stm32f1xx_hal_tim.d" -MT"Drivers/STM32F1xx_HAL_Driver/Src/stm32f1xx_hal_tim.o" --specs=nano.specs -mfloat-abi=soft -mthumb -o "Drivers/STM32F1xx_HAL_Driver/Src/stm32f1xx_hal_tim.o"
arm-none-eabi-gcc "../Drivers/STM32F1xx_HAL_Driver/Src/stm32f1xx_hal_tim_ex.c" -mcpu=cortex-m3 -std=gnu11 -g3 -DDEBUG -DUSE_HAL_DRIVER -DSTM32F103xB -c -I../Core/Inc -I../Drivers/STM32F1xx_HAL_Driver/Inc -I../Drivers/STM32F1xx_HAL_Driver/Inc/Legacy -I../Drivers/CMSIS/Device/ST/STM32F1xx/Include -I../Drivers/CMSIS/Include -O0 -ffunction-sections -fdata-sections -Wall -fstack-usage -fcyclomatic-complexity -MMD -MP -MF"Drivers/STM32F1xx_HAL_Driver/Src/stm32f1xx_hal_tim_ex.d" -MT"Drivers/STM32F1xx_HAL_Driver/Src/stm32f1xx_hal_tim_ex.o" --specs=nano.specs -mfloat-abi=soft -mthumb -o "Drivers/STM32F1xx_HAL_Driver/Src/stm32f1xx_hal_tim_ex.o"
arm-none-eabi-gcc -mcpu=cortex-m3 -g3 -DDEBUG -c -x assembler-with-cpp -MMD -MP -MF"Core/Startup/startup_stm32f103r8tx.d" -MT"Core/Startup/startup_stm32f103r8tx.o" --specs=nano.specs -mfloat-abi=soft -mthumb -o "Core/Startup/startup_stm32f103r8tx.o" "../Core/Startup/startup_stm32f103r8tx.s"
arm-none-eabi-g++ "../Core/Src/gpioElements.cpp" -mcpu=cortex-m3 -std=gnu++14 -g3 -DDEBUG -DUSE_HAL_DRIVER -DSTM32F103xB -c -I../Core/Inc -I../Drivers/STM32F1xx_HAL_Driver/Inc -I../Drivers/STM32F1xx_HAL_Driver/Inc/Legacy -I../Drivers/CMSIS/Device/ST/STM32F1xx/Include -I../Drivers/CMSIS/Include -O0 -ffunction-sections -fdata-sections -fno-exceptions -fno-rtti -fno-use-cxa-atexit -Wall -fstack-usage -fcyclomatic-complexity -MMD -MP -MF"Core/Src/gpioElements.d" -MT"Core/Src/gpioElements.o" --specs=nano.specs -mfloat-abi=soft -mthumb -o "Core/Src/gpioElements.o"
arm-none-eabi-g++ "../Core/Src/main.cpp" -mcpu=cortex-m3 -std=gnu++14 -g3 -DDEBUG -DUSE_HAL_DRIVER -DSTM32F103xB -c -I../Core/Inc -I../Drivers/STM32F1xx_HAL_Driver/Inc -I../Drivers/STM32F1xx_HAL_Driver/Inc/Legacy -I../Drivers/CMSIS/Device/ST/STM32F1xx/Include -I../Drivers/CMSIS/Include -O0 -ffunction-sections -fdata-sections -fno-exceptions -fno-rtti -fno-use-cxa-atexit -Wall -fstack-usage -fcyclomatic-complexity -MMD -MP -MF"Core/Src/main.d" -MT"Core/Src/main.o" --specs=nano.specs -mfloat-abi=soft -mthumb -o "Core/Src/main.o"
arm-none-eabi-gcc "../Core/Src/stm32f1xx_hal_msp.c" -mcpu=cortex-m3 -std=gnu11 -g3 -DDEBUG -DUSE_HAL_DRIVER -DSTM32F103xB -c -I../Core/Inc -I../Drivers/STM32F1xx_HAL_Driver/Inc -I../Drivers/STM32F1xx_HAL_Driver/Inc/Legacy -I../Drivers/CMSIS/Device/ST/STM32F1xx/Include -I../Drivers/CMSIS/Include -O0 -ffunction-sections -fdata-sections -Wall -fstack-usage -fcyclomatic-complexity -MMD -MP -MF"Core/Src/stm32f1xx_hal_msp.d" -MT"Core/Src/stm32f1xx_hal_msp.o" --specs=nano.specs -mfloat-abi=soft -mthumb -o "Core/Src/stm32f1xx_hal_msp.o"
arm-none-eabi-gcc "../Core/Src/stm32f1xx_it.c" -mcpu=cortex-m3 -std=gnu11 -g3 -DDEBUG -DUSE_HAL_DRIVER -DSTM32F103xB -c -I../Core/Inc -I../Drivers/STM32F1xx_HAL_Driver/Inc -I../Drivers/STM32F1xx_HAL_Driver/Inc/Legacy -I../Drivers/CMSIS/Device/ST/STM32F1xx/Include -I../Drivers/CMSIS/Include -O0 -ffunction-sections -fdata-sections -Wall -fstack-usage -fcyclomatic-complexity -MMD -MP -MF"Core/Src/stm32f1xx_it.d" -MT"Core/Src/stm32f1xx_it.o" --specs=nano.specs -mfloat-abi=soft -mthumb -o "Core/Src/stm32f1xx_it.o"
arm-none-eabi-gcc "../Core/Src/syscalls.c" -mcpu=cortex-m3 -std=gnu11 -g3 -DDEBUG -DUSE_HAL_DRIVER -DSTM32F103xB -c -I../Core/Inc -I../Drivers/STM32F1xx_HAL_Driver/Inc -I../Drivers/STM32F1xx_HAL_Driver/Inc/Legacy -I../Drivers/CMSIS/Device/ST/STM32F1xx/Include -I../Drivers/CMSIS/Include -O0 -ffunction-sections -fdata-sections -Wall -fstack-usage -fcyclomatic-complexity -MMD -MP -MF"Core/Src/syscalls.d" -MT"Core/Src/syscalls.o" --specs=nano.specs -mfloat-abi=soft -mthumb -o "Core/Src/syscalls.o"
arm-none-eabi-gcc "../Core/Src/sysmem.c" -mcpu=cortex-m3 -std=gnu11 -g3 -DDEBUG -DUSE_HAL_DRIVER -DSTM32F103xB -c -I../Core/Inc -I../Drivers/STM32F1xx_HAL_Driver/Inc -I../Drivers/STM32F1xx_HAL_Driver/Inc/Legacy -I../Drivers/CMSIS/Device/ST/STM32F1xx/Include -I../Drivers/CMSIS/Include -O0 -ffunction-sections -fdata-sections -Wall -fstack-usage -fcyclomatic-complexity -MMD -MP -MF"Core/Src/sysmem.d" -MT"Core/Src/sysmem.o" --specs=nano.specs -mfloat-abi=soft -mthumb -o "Core/Src/sysmem.o"
In file included from ../Core/Src/gpioElements.cpp:8:
../Core/Inc/gpioElements.hpp: In constructor 'GpioElement::GpioElement(const GPIO_TypeDef*, uint32_t, bool)':
../Core/Inc/gpioElements.hpp:28:30: warning: 'GpioElement::port' will be initialized after [-Wreorder]
   28 |   const GPIO_TypeDef * const port;
      |                              ^~~~
../Core/Inc/gpioElements.hpp:26:18: warning:   'const uint32_t GpioElement::pin' [-Wreorder]
   26 |   const uint32_t pin;
      |                  ^~~
../Core/Src/gpioElements.cpp:10:1: warning:   when initialized here [-Wreorder]
   10 | GpioElement::GpioElement(const GPIO_TypeDef * const port, const uint32_t pin, const bool is_inverted) :
      | ^~~~~~~~~~~
In file included from ../Core/Src/gpioElements.cpp:8:
../Core/Inc/gpioElements.hpp:26:18: warning: 'GpioElement::pin' will be initialized after [-Wreorder]
   26 |   const uint32_t pin;
      |                  ^~~
../Core/Inc/gpioElements.hpp:24:8: warning:   'bool GpioElement::is_inverted' [-Wreorder]
   24 |   bool is_inverted;
      |        ^~~~~~~~~~~
../Core/Src/gpioElements.cpp:10:1: warning:   when initialized here [-Wreorder]
   10 | GpioElement::GpioElement(const GPIO_TypeDef * const port, const uint32_t pin, const bool is_inverted) :
      | ^~~~~~~~~~~
arm-none-eabi-gcc "../Core/Src/system_stm32f1xx.c" -mcpu=cortex-m3 -std=gnu11 -g3 -DDEBUG -DUSE_HAL_DRIVER -DSTM32F103xB -c -I../Core/Inc -I../Drivers/STM32F1xx_HAL_Driver/Inc -I../Drivers/STM32F1xx_HAL_Driver/Inc/Legacy -I../Drivers/CMSIS/Device/ST/STM32F1xx/Include -I../Drivers/CMSIS/Include -O0 -ffunction-sections -fdata-sections -Wall -fstack-usage -fcyclomatic-complexity -MMD -MP -MF"Core/Src/system_stm32f1xx.d" -MT"Core/Src/system_stm32f1xx.o" --specs=nano.specs -mfloat-abi=soft -mthumb -o "Core/Src/system_stm32f1xx.o"
arm-none-eabi-g++ "../Core/Src/timer.cpp" -mcpu=cortex-m3 -std=gnu++14 -g3 -DDEBUG -DUSE_HAL_DRIVER -DSTM32F103xB -c -I../Core/Inc -I../Drivers/STM32F1xx_HAL_Driver/Inc -I../Drivers/STM32F1xx_HAL_Driver/Inc/Legacy -I../Drivers/CMSIS/Device/ST/STM32F1xx/Include -I../Drivers/CMSIS/Include -O0 -ffunction-sections -fdata-sections -fno-exceptions -fno-rtti -fno-use-cxa-atexit -Wall -fstack-usage -fcyclomatic-complexity -MMD -MP -MF"Core/Src/timer.d" -MT"Core/Src/timer.o" --specs=nano.specs -mfloat-abi=soft -mthumb -o "Core/Src/timer.o"
../Core/Src/main.cpp: In function 'int main()':
../Core/Src/main.cpp:340:8: warning: unused variable 'status' [-Wunused-variable]
  340 |   auto status = aq_main_frame.send(hcan);
      |        ^~~~~~
../Core/Src/main.cpp:343:5: warning: unused variable 'chuj' [-Wunused-variable]
  343 | int chuj;
      |     ^~~~
arm-none-eabi-g++ -o "EBS_Supervisor.elf" @"objects.list"   -mcpu=cortex-m3 -T"C:\Users\przem\OneDrive\Pulpit\PUTM\PUTM_DV_ASB_2023\software\EBS_Supervisor\EBS_Supervisor\STM32F103R8TX_FLASH.ld" --specs=nosys.specs -Wl,-Map="EBS_Supervisor.map" -Wl,--gc-sections -static --specs=nano.specs -mfloat-abi=soft -mthumb -Wl,--start-group -lc -lm -lstdc++ -lsupc++ -Wl,--end-group
Finished building target: EBS_Supervisor.elf
 
arm-none-eabi-size   EBS_Supervisor.elf 
arm-none-eabi-objdump -h -S  EBS_Supervisor.elf  > "EBS_Supervisor.list"
   text	   data	    bss	    dec	    hex	filename
  20116	    748	   2012	  22876	   595c	EBS_Supervisor.elf
Finished building: default.size.stdout
 
Finished building: EBS_Supervisor.list
 
21:32:09 **** Incremental Build of configuration Debug for project EBS_Supervisor ****
make -j8 all 
arm-none-eabi-size   EBS_Supervisor.elf 
   text	   data	    bss	    dec	    hex	filename
  20116	    748	   2012	  22876	   595c	EBS_Supervisor.elf
Finished building: default.size.stdout
 
21:33:43 **** Incremental Build of configuration Debug for project EBS_Supervisor ****
make -j8 all 
arm-none-eabi-size   EBS_Supervisor.elf 
   text	   data	    bss	    dec	    hex	filename
  20116	    748	   2012	  22876	   595c	EBS_Supervisor.elf
Finished building: default.size.stdout
 
21:47:45 **** Incremental Build of configuration Debug for project EBS_Supervisor ****
make -j8 all 
arm-none-eabi-size   EBS_Supervisor.elf 
   text	   data	    bss	    dec	    hex	filename
  20116	    748	   2012	  22876	   595c	EBS_Supervisor.elf
Finished building: default.size.stdout
 
21:48:37 **** Incremental Build of configuration Debug for project EBS_Supervisor ****
make -j8 all 
arm-none-eabi-size   EBS_Supervisor.elf 
   text	   data	    bss	    dec	    hex	filename
  20116	    748	   2012	  22876	   595c	EBS_Supervisor.elf
Finished building: default.size.stdout
 
21:51:31 **** Build of configuration Debug for project EBS_Supervisor ****
make -j8 all 
arm-none-eabi-size   EBS_Supervisor.elf 
   text	   data	    bss	    dec	    hex	filename
  20116	    748	   2012	  22876	   595c	EBS_Supervisor.elf
Finished building: default.size.stdout
 
21:54:12 **** Incremental Build of configuration Debug for project EBS_Supervisor ****
make -j8 all 
arm-none-eabi-size   EBS_Supervisor.elf 
   text	   data	    bss	    dec	    hex	filename
  20116	    748	   2012	  22876	   595c	EBS_Supervisor.elf
Finished building: default.size.stdout
 
21:58:01 **** Clean-only build of configuration Debug for project EBS_Supervisor ****
make -j8 clean 
rm -rf ./Drivers/STM32F1xx_HAL_Driver/Src/stm32f1xx_hal.cyclo ./Drivers/STM32F1xx_HAL_Driver/Src/stm32f1xx_hal.d ./Drivers/STM32F1xx_HAL_Driver/Src/stm32f1xx_hal.o ./Drivers/STM32F1xx_HAL_Driver/Src/stm32f1xx_hal.su ./Drivers/STM32F1xx_HAL_Driver/Src/stm32f1xx_hal_adc.cyclo ./Drivers/STM32F1xx_HAL_Driver/Src/stm32f1xx_hal_adc.d ./Drivers/STM32F1xx_HAL_Driver/Src/stm32f1xx_hal_adc.o ./Drivers/STM32F1xx_HAL_Driver/Src/stm32f1xx_hal_adc.su ./Drivers/STM32F1xx_HAL_Driver/Src/stm32f1xx_hal_adc_ex.cyclo ./Drivers/STM32F1xx_HAL_Driver/Src/stm32f1xx_hal_adc_ex.d ./Drivers/STM32F1xx_HAL_Driver/Src/stm32f1xx_hal_adc_ex.o ./Drivers/STM32F1xx_HAL_Driver/Src/stm32f1xx_hal_adc_ex.su ./Drivers/STM32F1xx_HAL_Driver/Src/stm32f1xx_hal_can.cyclo ./Drivers/STM32F1xx_HAL_Driver/Src/stm32f1xx_hal_can.d ./Drivers/STM32F1xx_HAL_Driver/Src/stm32f1xx_hal_can.o ./Drivers/STM32F1xx_HAL_Driver/Src/stm32f1xx_hal_can.su ./Drivers/STM32F1xx_HAL_Driver/Src/stm32f1xx_hal_cortex.cyclo ./Drivers/STM32F1xx_HAL_Driver/Src/stm32f1xx_hal_cortex.d ./Drivers/STM32F1xx_HAL_Driver/Src/stm32f1xx_hal_cortex.o ./Drivers/STM32F1xx_HAL_Driver/Src/stm32f1xx_hal_cortex.su ./Drivers/STM32F1xx_HAL_Driver/Src/stm32f1xx_hal_dma.cyclo ./Drivers/STM32F1xx_HAL_Driver/Src/stm32f1xx_hal_dma.d ./Drivers/STM32F1xx_HAL_Driver/Src/stm32f1xx_hal_dma.o ./Drivers/STM32F1xx_HAL_Driver/Src/stm32f1xx_hal_dma.su ./Drivers/STM32F1xx_HAL_Driver/Src/stm32f1xx_hal_exti.cyclo ./Drivers/STM32F1xx_HAL_Driver/Src/stm32f1xx_hal_exti.d ./Drivers/STM32F1xx_HAL_Driver/Src/stm32f1xx_hal_exti.o ./Drivers/STM32F1xx_HAL_Driver/Src/stm32f1xx_hal_exti.su ./Drivers/STM32F1xx_HAL_Driver/Src/stm32f1xx_hal_flash.cyclo ./Drivers/STM32F1xx_HAL_Driver/Src/stm32f1xx_hal_flash.d ./Drivers/STM32F1xx_HAL_Driver/Src/stm32f1xx_hal_flash.o ./Drivers/STM32F1xx_HAL_Driver/Src/stm32f1xx_hal_flash.su ./Drivers/STM32F1xx_HAL_Driver/Src/stm32f1xx_hal_flash_ex.cyclo ./Drivers/STM32F1xx_HAL_Driver/Src/stm32f1xx_hal_flash_ex.d ./Drivers/STM32F1xx_HAL_Driver/Src/stm32f1xx_hal_flash_ex.o ./Drivers/STM32F1xx_HAL_Driver/Src/stm32f1xx_hal_flash_ex.su ./Drivers/STM32F1xx_HAL_Driver/Src/stm32f1xx_hal_gpio.cyclo ./Drivers/STM32F1xx_HAL_Driver/Src/stm32f1xx_hal_gpio.d ./Drivers/STM32F1xx_HAL_Driver/Src/stm32f1xx_hal_gpio.o ./Drivers/STM32F1xx_HAL_Driver/Src/stm32f1xx_hal_gpio.su ./Drivers/STM32F1xx_HAL_Driver/Src/stm32f1xx_hal_gpio_ex.cyclo ./Drivers/STM32F1xx_HAL_Driver/Src/stm32f1xx_hal_gpio_ex.d ./Drivers/STM32F1xx_HAL_Driver/Src/stm32f1xx_hal_gpio_ex.o ./Drivers/STM32F1xx_HAL_Driver/Src/stm32f1xx_hal_gpio_ex.su ./Drivers/STM32F1xx_HAL_Driver/Src/stm32f1xx_hal_pwr.cyclo ./Drivers/STM32F1xx_HAL_Driver/Src/stm32f1xx_hal_pwr.d ./Drivers/STM32F1xx_HAL_Driver/Src/stm32f1xx_hal_pwr.o ./Drivers/STM32F1xx_HAL_Driver/Src/stm32f1xx_hal_pwr.su ./Drivers/STM32F1xx_HAL_Driver/Src/stm32f1xx_hal_rcc.cyclo ./Drivers/STM32F1xx_HAL_Driver/Src/stm32f1xx_hal_rcc.d ./Drivers/STM32F1xx_HAL_Driver/Src/stm32f1xx_hal_rcc.o ./Drivers/STM32F1xx_HAL_Driver/Src/stm32f1xx_hal_rcc.su ./Drivers/STM32F1xx_HAL_Driver/Src/stm32f1xx_hal_rcc_ex.cyclo ./Drivers/STM32F1xx_HAL_Driver/Src/stm32f1xx_hal_rcc_ex.d ./Drivers/STM32F1xx_HAL_Driver/Src/stm32f1xx_hal_rcc_ex.o ./Drivers/STM32F1xx_HAL_Driver/Src/stm32f1xx_hal_rcc_ex.su ./Drivers/STM32F1xx_HAL_Driver/Src/stm32f1xx_hal_tim.cyclo ./Drivers/STM32F1xx_HAL_Driver/Src/stm32f1xx_hal_tim.d ./Drivers/STM32F1xx_HAL_Driver/Src/stm32f1xx_hal_tim.o ./Drivers/STM32F1xx_HAL_Driver/Src/stm32f1xx_hal_tim.su ./Drivers/STM32F1xx_HAL_Driver/Src/stm32f1xx_hal_tim_ex.cyclo ./Drivers/STM32F1xx_HAL_Driver/Src/stm32f1xx_hal_tim_ex.d ./Drivers/STM32F1xx_HAL_Driver/Src/stm32f1xx_hal_tim_ex.o ./Drivers/STM32F1xx_HAL_Driver/Src/stm32f1xx_hal_tim_ex.su
rm -rf ./Core/Startup/startup_stm32f103r8tx.d ./Core/Startup/startup_stm32f103r8tx.o
rm -rf ./Core/Src/gpioElements.cyclo ./Core/Src/gpioElements.d ./Core/Src/gpioElements.o ./Core/Src/gpioElements.su ./Core/Src/main.cyclo ./Core/Src/main.d ./Core/Src/main.o ./Core/Src/main.su ./Core/Src/stm32f1xx_hal_msp.cyclo ./Core/Src/stm32f1xx_hal_msp.d ./Core/Src/stm32f1xx_hal_msp.o ./Core/Src/stm32f1xx_hal_msp.su ./Core/Src/stm32f1xx_it.cyclo ./Core/Src/stm32f1xx_it.d ./Core/Src/stm32f1xx_it.o ./Core/Src/stm32f1xx_it.su ./Core/Src/syscalls.cyclo ./Core/Src/syscalls.d ./Core/Src/syscalls.o ./Core/Src/syscalls.su ./Core/Src/sysmem.cyclo ./Core/Src/sysmem.d ./Core/Src/sysmem.o ./Core/Src/sysmem.su ./Core/Src/system_stm32f1xx.cyclo ./Core/Src/system_stm32f1xx.d ./Core/Src/system_stm32f1xx.o ./Core/Src/system_stm32f1xx.su ./Core/Src/timer.cyclo ./Core/Src/timer.d ./Core/Src/timer.o ./Core/Src/timer.su
rm -rf EBS_Supervisor.elf EBS_Supervisor.list EBS_Supervisor.map default.size.stdout
rm: can't remove 'EBS_Supervisor.elf': Permission denied
make: [makefile:95: clean] Error 1 (ignored)
 
21:58:02 **** Incremental Build of configuration Debug for project EBS_Supervisor ****
make -j8 all 
arm-none-eabi-gcc "../Drivers/STM32F1xx_HAL_Driver/Src/stm32f1xx_hal.c" -mcpu=cortex-m3 -std=gnu11 -g3 -DDEBUG -DUSE_HAL_DRIVER -DSTM32F103xB -c -I../Core/Inc -I../Drivers/STM32F1xx_HAL_Driver/Inc -I../Drivers/STM32F1xx_HAL_Driver/Inc/Legacy -I../Drivers/CMSIS/Device/ST/STM32F1xx/Include -I../Drivers/CMSIS/Include -O0 -ffunction-sections -fdata-sections -Wall -fstack-usage -fcyclomatic-complexity -MMD -MP -MF"Drivers/STM32F1xx_HAL_Driver/Src/stm32f1xx_hal.d" -MT"Drivers/STM32F1xx_HAL_Driver/Src/stm32f1xx_hal.o" --specs=nano.specs -mfloat-abi=soft -mthumb -o "Drivers/STM32F1xx_HAL_Driver/Src/stm32f1xx_hal.o"
arm-none-eabi-gcc "../Drivers/STM32F1xx_HAL_Driver/Src/stm32f1xx_hal_adc.c" -mcpu=cortex-m3 -std=gnu11 -g3 -DDEBUG -DUSE_HAL_DRIVER -DSTM32F103xB -c -I../Core/Inc -I../Drivers/STM32F1xx_HAL_Driver/Inc -I../Drivers/STM32F1xx_HAL_Driver/Inc/Legacy -I../Drivers/CMSIS/Device/ST/STM32F1xx/Include -I../Drivers/CMSIS/Include -O0 -ffunction-sections -fdata-sections -Wall -fstack-usage -fcyclomatic-complexity -MMD -MP -MF"Drivers/STM32F1xx_HAL_Driver/Src/stm32f1xx_hal_adc.d" -MT"Drivers/STM32F1xx_HAL_Driver/Src/stm32f1xx_hal_adc.o" --specs=nano.specs -mfloat-abi=soft -mthumb -o "Drivers/STM32F1xx_HAL_Driver/Src/stm32f1xx_hal_adc.o"
arm-none-eabi-gcc "../Drivers/STM32F1xx_HAL_Driver/Src/stm32f1xx_hal_adc_ex.c" -mcpu=cortex-m3 -std=gnu11 -g3 -DDEBUG -DUSE_HAL_DRIVER -DSTM32F103xB -c -I../Core/Inc -I../Drivers/STM32F1xx_HAL_Driver/Inc -I../Drivers/STM32F1xx_HAL_Driver/Inc/Legacy -I../Drivers/CMSIS/Device/ST/STM32F1xx/Include -I../Drivers/CMSIS/Include -O0 -ffunction-sections -fdata-sections -Wall -fstack-usage -fcyclomatic-complexity -MMD -MP -MF"Drivers/STM32F1xx_HAL_Driver/Src/stm32f1xx_hal_adc_ex.d" -MT"Drivers/STM32F1xx_HAL_Driver/Src/stm32f1xx_hal_adc_ex.o" --specs=nano.specs -mfloat-abi=soft -mthumb -o "Drivers/STM32F1xx_HAL_Driver/Src/stm32f1xx_hal_adc_ex.o"
arm-none-eabi-gcc "../Drivers/STM32F1xx_HAL_Driver/Src/stm32f1xx_hal_can.c" -mcpu=cortex-m3 -std=gnu11 -g3 -DDEBUG -DUSE_HAL_DRIVER -DSTM32F103xB -c -I../Core/Inc -I../Drivers/STM32F1xx_HAL_Driver/Inc -I../Drivers/STM32F1xx_HAL_Driver/Inc/Legacy -I../Drivers/CMSIS/Device/ST/STM32F1xx/Include -I../Drivers/CMSIS/Include -O0 -ffunction-sections -fdata-sections -Wall -fstack-usage -fcyclomatic-complexity -MMD -MP -MF"Drivers/STM32F1xx_HAL_Driver/Src/stm32f1xx_hal_can.d" -MT"Drivers/STM32F1xx_HAL_Driver/Src/stm32f1xx_hal_can.o" --specs=nano.specs -mfloat-abi=soft -mthumb -o "Drivers/STM32F1xx_HAL_Driver/Src/stm32f1xx_hal_can.o"
arm-none-eabi-gcc "../Drivers/STM32F1xx_HAL_Driver/Src/stm32f1xx_hal_cortex.c" -mcpu=cortex-m3 -std=gnu11 -g3 -DDEBUG -DUSE_HAL_DRIVER -DSTM32F103xB -c -I../Core/Inc -I../Drivers/STM32F1xx_HAL_Driver/Inc -I../Drivers/STM32F1xx_HAL_Driver/Inc/Legacy -I../Drivers/CMSIS/Device/ST/STM32F1xx/Include -I../Drivers/CMSIS/Include -O0 -ffunction-sections -fdata-sections -Wall -fstack-usage -fcyclomatic-complexity -MMD -MP -MF"Drivers/STM32F1xx_HAL_Driver/Src/stm32f1xx_hal_cortex.d" -MT"Drivers/STM32F1xx_HAL_Driver/Src/stm32f1xx_hal_cortex.o" --specs=nano.specs -mfloat-abi=soft -mthumb -o "Drivers/STM32F1xx_HAL_Driver/Src/stm32f1xx_hal_cortex.o"
arm-none-eabi-gcc "../Drivers/STM32F1xx_HAL_Driver/Src/stm32f1xx_hal_dma.c" -mcpu=cortex-m3 -std=gnu11 -g3 -DDEBUG -DUSE_HAL_DRIVER -DSTM32F103xB -c -I../Core/Inc -I../Drivers/STM32F1xx_HAL_Driver/Inc -I../Drivers/STM32F1xx_HAL_Driver/Inc/Legacy -I../Drivers/CMSIS/Device/ST/STM32F1xx/Include -I../Drivers/CMSIS/Include -O0 -ffunction-sections -fdata-sections -Wall -fstack-usage -fcyclomatic-complexity -MMD -MP -MF"Drivers/STM32F1xx_HAL_Driver/Src/stm32f1xx_hal_dma.d" -MT"Drivers/STM32F1xx_HAL_Driver/Src/stm32f1xx_hal_dma.o" --specs=nano.specs -mfloat-abi=soft -mthumb -o "Drivers/STM32F1xx_HAL_Driver/Src/stm32f1xx_hal_dma.o"
arm-none-eabi-gcc "../Drivers/STM32F1xx_HAL_Driver/Src/stm32f1xx_hal_exti.c" -mcpu=cortex-m3 -std=gnu11 -g3 -DDEBUG -DUSE_HAL_DRIVER -DSTM32F103xB -c -I../Core/Inc -I../Drivers/STM32F1xx_HAL_Driver/Inc -I../Drivers/STM32F1xx_HAL_Driver/Inc/Legacy -I../Drivers/CMSIS/Device/ST/STM32F1xx/Include -I../Drivers/CMSIS/Include -O0 -ffunction-sections -fdata-sections -Wall -fstack-usage -fcyclomatic-complexity -MMD -MP -MF"Drivers/STM32F1xx_HAL_Driver/Src/stm32f1xx_hal_exti.d" -MT"Drivers/STM32F1xx_HAL_Driver/Src/stm32f1xx_hal_exti.o" --specs=nano.specs -mfloat-abi=soft -mthumb -o "Drivers/STM32F1xx_HAL_Driver/Src/stm32f1xx_hal_exti.o"
arm-none-eabi-gcc "../Drivers/STM32F1xx_HAL_Driver/Src/stm32f1xx_hal_flash.c" -mcpu=cortex-m3 -std=gnu11 -g3 -DDEBUG -DUSE_HAL_DRIVER -DSTM32F103xB -c -I../Core/Inc -I../Drivers/STM32F1xx_HAL_Driver/Inc -I../Drivers/STM32F1xx_HAL_Driver/Inc/Legacy -I../Drivers/CMSIS/Device/ST/STM32F1xx/Include -I../Drivers/CMSIS/Include -O0 -ffunction-sections -fdata-sections -Wall -fstack-usage -fcyclomatic-complexity -MMD -MP -MF"Drivers/STM32F1xx_HAL_Driver/Src/stm32f1xx_hal_flash.d" -MT"Drivers/STM32F1xx_HAL_Driver/Src/stm32f1xx_hal_flash.o" --specs=nano.specs -mfloat-abi=soft -mthumb -o "Drivers/STM32F1xx_HAL_Driver/Src/stm32f1xx_hal_flash.o"
arm-none-eabi-gcc "../Drivers/STM32F1xx_HAL_Driver/Src/stm32f1xx_hal_flash_ex.c" -mcpu=cortex-m3 -std=gnu11 -g3 -DDEBUG -DUSE_HAL_DRIVER -DSTM32F103xB -c -I../Core/Inc -I../Drivers/STM32F1xx_HAL_Driver/Inc -I../Drivers/STM32F1xx_HAL_Driver/Inc/Legacy -I../Drivers/CMSIS/Device/ST/STM32F1xx/Include -I../Drivers/CMSIS/Include -O0 -ffunction-sections -fdata-sections -Wall -fstack-usage -fcyclomatic-complexity -MMD -MP -MF"Drivers/STM32F1xx_HAL_Driver/Src/stm32f1xx_hal_flash_ex.d" -MT"Drivers/STM32F1xx_HAL_Driver/Src/stm32f1xx_hal_flash_ex.o" --specs=nano.specs -mfloat-abi=soft -mthumb -o "Drivers/STM32F1xx_HAL_Driver/Src/stm32f1xx_hal_flash_ex.o"
arm-none-eabi-gcc "../Drivers/STM32F1xx_HAL_Driver/Src/stm32f1xx_hal_gpio.c" -mcpu=cortex-m3 -std=gnu11 -g3 -DDEBUG -DUSE_HAL_DRIVER -DSTM32F103xB -c -I../Core/Inc -I../Drivers/STM32F1xx_HAL_Driver/Inc -I../Drivers/STM32F1xx_HAL_Driver/Inc/Legacy -I../Drivers/CMSIS/Device/ST/STM32F1xx/Include -I../Drivers/CMSIS/Include -O0 -ffunction-sections -fdata-sections -Wall -fstack-usage -fcyclomatic-complexity -MMD -MP -MF"Drivers/STM32F1xx_HAL_Driver/Src/stm32f1xx_hal_gpio.d" -MT"Drivers/STM32F1xx_HAL_Driver/Src/stm32f1xx_hal_gpio.o" --specs=nano.specs -mfloat-abi=soft -mthumb -o "Drivers/STM32F1xx_HAL_Driver/Src/stm32f1xx_hal_gpio.o"
arm-none-eabi-gcc "../Drivers/STM32F1xx_HAL_Driver/Src/stm32f1xx_hal_gpio_ex.c" -mcpu=cortex-m3 -std=gnu11 -g3 -DDEBUG -DUSE_HAL_DRIVER -DSTM32F103xB -c -I../Core/Inc -I../Drivers/STM32F1xx_HAL_Driver/Inc -I../Drivers/STM32F1xx_HAL_Driver/Inc/Legacy -I../Drivers/CMSIS/Device/ST/STM32F1xx/Include -I../Drivers/CMSIS/Include -O0 -ffunction-sections -fdata-sections -Wall -fstack-usage -fcyclomatic-complexity -MMD -MP -MF"Drivers/STM32F1xx_HAL_Driver/Src/stm32f1xx_hal_gpio_ex.d" -MT"Drivers/STM32F1xx_HAL_Driver/Src/stm32f1xx_hal_gpio_ex.o" --specs=nano.specs -mfloat-abi=soft -mthumb -o "Drivers/STM32F1xx_HAL_Driver/Src/stm32f1xx_hal_gpio_ex.o"
arm-none-eabi-gcc "../Drivers/STM32F1xx_HAL_Driver/Src/stm32f1xx_hal_pwr.c" -mcpu=cortex-m3 -std=gnu11 -g3 -DDEBUG -DUSE_HAL_DRIVER -DSTM32F103xB -c -I../Core/Inc -I../Drivers/STM32F1xx_HAL_Driver/Inc -I../Drivers/STM32F1xx_HAL_Driver/Inc/Legacy -I../Drivers/CMSIS/Device/ST/STM32F1xx/Include -I../Drivers/CMSIS/Include -O0 -ffunction-sections -fdata-sections -Wall -fstack-usage -fcyclomatic-complexity -MMD -MP -MF"Drivers/STM32F1xx_HAL_Driver/Src/stm32f1xx_hal_pwr.d" -MT"Drivers/STM32F1xx_HAL_Driver/Src/stm32f1xx_hal_pwr.o" --specs=nano.specs -mfloat-abi=soft -mthumb -o "Drivers/STM32F1xx_HAL_Driver/Src/stm32f1xx_hal_pwr.o"
arm-none-eabi-gcc "../Drivers/STM32F1xx_HAL_Driver/Src/stm32f1xx_hal_rcc.c" -mcpu=cortex-m3 -std=gnu11 -g3 -DDEBUG -DUSE_HAL_DRIVER -DSTM32F103xB -c -I../Core/Inc -I../Drivers/STM32F1xx_HAL_Driver/Inc -I../Drivers/STM32F1xx_HAL_Driver/Inc/Legacy -I../Drivers/CMSIS/Device/ST/STM32F1xx/Include -I../Drivers/CMSIS/Include -O0 -ffunction-sections -fdata-sections -Wall -fstack-usage -fcyclomatic-complexity -MMD -MP -MF"Drivers/STM32F1xx_HAL_Driver/Src/stm32f1xx_hal_rcc.d" -MT"Drivers/STM32F1xx_HAL_Driver/Src/stm32f1xx_hal_rcc.o" --specs=nano.specs -mfloat-abi=soft -mthumb -o "Drivers/STM32F1xx_HAL_Driver/Src/stm32f1xx_hal_rcc.o"
arm-none-eabi-gcc "../Drivers/STM32F1xx_HAL_Driver/Src/stm32f1xx_hal_rcc_ex.c" -mcpu=cortex-m3 -std=gnu11 -g3 -DDEBUG -DUSE_HAL_DRIVER -DSTM32F103xB -c -I../Core/Inc -I../Drivers/STM32F1xx_HAL_Driver/Inc -I../Drivers/STM32F1xx_HAL_Driver/Inc/Legacy -I../Drivers/CMSIS/Device/ST/STM32F1xx/Include -I../Drivers/CMSIS/Include -O0 -ffunction-sections -fdata-sections -Wall -fstack-usage -fcyclomatic-complexity -MMD -MP -MF"Drivers/STM32F1xx_HAL_Driver/Src/stm32f1xx_hal_rcc_ex.d" -MT"Drivers/STM32F1xx_HAL_Driver/Src/stm32f1xx_hal_rcc_ex.o" --specs=nano.specs -mfloat-abi=soft -mthumb -o "Drivers/STM32F1xx_HAL_Driver/Src/stm32f1xx_hal_rcc_ex.o"
arm-none-eabi-gcc "../Drivers/STM32F1xx_HAL_Driver/Src/stm32f1xx_hal_tim.c" -mcpu=cortex-m3 -std=gnu11 -g3 -DDEBUG -DUSE_HAL_DRIVER -DSTM32F103xB -c -I../Core/Inc -I../Drivers/STM32F1xx_HAL_Driver/Inc -I../Drivers/STM32F1xx_HAL_Driver/Inc/Legacy -I../Drivers/CMSIS/Device/ST/STM32F1xx/Include -I../Drivers/CMSIS/Include -O0 -ffunction-sections -fdata-sections -Wall -fstack-usage -fcyclomatic-complexity -MMD -MP -MF"Drivers/STM32F1xx_HAL_Driver/Src/stm32f1xx_hal_tim.d" -MT"Drivers/STM32F1xx_HAL_Driver/Src/stm32f1xx_hal_tim.o" --specs=nano.specs -mfloat-abi=soft -mthumb -o "Drivers/STM32F1xx_HAL_Driver/Src/stm32f1xx_hal_tim.o"
arm-none-eabi-gcc "../Drivers/STM32F1xx_HAL_Driver/Src/stm32f1xx_hal_tim_ex.c" -mcpu=cortex-m3 -std=gnu11 -g3 -DDEBUG -DUSE_HAL_DRIVER -DSTM32F103xB -c -I../Core/Inc -I../Drivers/STM32F1xx_HAL_Driver/Inc -I../Drivers/STM32F1xx_HAL_Driver/Inc/Legacy -I../Drivers/CMSIS/Device/ST/STM32F1xx/Include -I../Drivers/CMSIS/Include -O0 -ffunction-sections -fdata-sections -Wall -fstack-usage -fcyclomatic-complexity -MMD -MP -MF"Drivers/STM32F1xx_HAL_Driver/Src/stm32f1xx_hal_tim_ex.d" -MT"Drivers/STM32F1xx_HAL_Driver/Src/stm32f1xx_hal_tim_ex.o" --specs=nano.specs -mfloat-abi=soft -mthumb -o "Drivers/STM32F1xx_HAL_Driver/Src/stm32f1xx_hal_tim_ex.o"
arm-none-eabi-gcc -mcpu=cortex-m3 -g3 -DDEBUG -c -x assembler-with-cpp -MMD -MP -MF"Core/Startup/startup_stm32f103r8tx.d" -MT"Core/Startup/startup_stm32f103r8tx.o" --specs=nano.specs -mfloat-abi=soft -mthumb -o "Core/Startup/startup_stm32f103r8tx.o" "../Core/Startup/startup_stm32f103r8tx.s"
arm-none-eabi-g++ "../Core/Src/gpioElements.cpp" -mcpu=cortex-m3 -std=gnu++14 -g3 -DDEBUG -DUSE_HAL_DRIVER -DSTM32F103xB -c -I../Core/Inc -I../Drivers/STM32F1xx_HAL_Driver/Inc -I../Drivers/STM32F1xx_HAL_Driver/Inc/Legacy -I../Drivers/CMSIS/Device/ST/STM32F1xx/Include -I../Drivers/CMSIS/Include -O0 -ffunction-sections -fdata-sections -fno-exceptions -fno-rtti -fno-use-cxa-atexit -Wall -fstack-usage -fcyclomatic-complexity -MMD -MP -MF"Core/Src/gpioElements.d" -MT"Core/Src/gpioElements.o" --specs=nano.specs -mfloat-abi=soft -mthumb -o "Core/Src/gpioElements.o"
arm-none-eabi-g++ "../Core/Src/main.cpp" -mcpu=cortex-m3 -std=gnu++14 -g3 -DDEBUG -DUSE_HAL_DRIVER -DSTM32F103xB -c -I../Core/Inc -I../Drivers/STM32F1xx_HAL_Driver/Inc -I../Drivers/STM32F1xx_HAL_Driver/Inc/Legacy -I../Drivers/CMSIS/Device/ST/STM32F1xx/Include -I../Drivers/CMSIS/Include -O0 -ffunction-sections -fdata-sections -fno-exceptions -fno-rtti -fno-use-cxa-atexit -Wall -fstack-usage -fcyclomatic-complexity -MMD -MP -MF"Core/Src/main.d" -MT"Core/Src/main.o" --specs=nano.specs -mfloat-abi=soft -mthumb -o "Core/Src/main.o"
arm-none-eabi-gcc "../Core/Src/stm32f1xx_hal_msp.c" -mcpu=cortex-m3 -std=gnu11 -g3 -DDEBUG -DUSE_HAL_DRIVER -DSTM32F103xB -c -I../Core/Inc -I../Drivers/STM32F1xx_HAL_Driver/Inc -I../Drivers/STM32F1xx_HAL_Driver/Inc/Legacy -I../Drivers/CMSIS/Device/ST/STM32F1xx/Include -I../Drivers/CMSIS/Include -O0 -ffunction-sections -fdata-sections -Wall -fstack-usage -fcyclomatic-complexity -MMD -MP -MF"Core/Src/stm32f1xx_hal_msp.d" -MT"Core/Src/stm32f1xx_hal_msp.o" --specs=nano.specs -mfloat-abi=soft -mthumb -o "Core/Src/stm32f1xx_hal_msp.o"
arm-none-eabi-gcc "../Core/Src/stm32f1xx_it.c" -mcpu=cortex-m3 -std=gnu11 -g3 -DDEBUG -DUSE_HAL_DRIVER -DSTM32F103xB -c -I../Core/Inc -I../Drivers/STM32F1xx_HAL_Driver/Inc -I../Drivers/STM32F1xx_HAL_Driver/Inc/Legacy -I../Drivers/CMSIS/Device/ST/STM32F1xx/Include -I../Drivers/CMSIS/Include -O0 -ffunction-sections -fdata-sections -Wall -fstack-usage -fcyclomatic-complexity -MMD -MP -MF"Core/Src/stm32f1xx_it.d" -MT"Core/Src/stm32f1xx_it.o" --specs=nano.specs -mfloat-abi=soft -mthumb -o "Core/Src/stm32f1xx_it.o"
arm-none-eabi-gcc "../Core/Src/syscalls.c" -mcpu=cortex-m3 -std=gnu11 -g3 -DDEBUG -DUSE_HAL_DRIVER -DSTM32F103xB -c -I../Core/Inc -I../Drivers/STM32F1xx_HAL_Driver/Inc -I../Drivers/STM32F1xx_HAL_Driver/Inc/Legacy -I../Drivers/CMSIS/Device/ST/STM32F1xx/Include -I../Drivers/CMSIS/Include -O0 -ffunction-sections -fdata-sections -Wall -fstack-usage -fcyclomatic-complexity -MMD -MP -MF"Core/Src/syscalls.d" -MT"Core/Src/syscalls.o" --specs=nano.specs -mfloat-abi=soft -mthumb -o "Core/Src/syscalls.o"
arm-none-eabi-gcc "../Core/Src/sysmem.c" -mcpu=cortex-m3 -std=gnu11 -g3 -DDEBUG -DUSE_HAL_DRIVER -DSTM32F103xB -c -I../Core/Inc -I../Drivers/STM32F1xx_HAL_Driver/Inc -I../Drivers/STM32F1xx_HAL_Driver/Inc/Legacy -I../Drivers/CMSIS/Device/ST/STM32F1xx/Include -I../Drivers/CMSIS/Include -O0 -ffunction-sections -fdata-sections -Wall -fstack-usage -fcyclomatic-complexity -MMD -MP -MF"Core/Src/sysmem.d" -MT"Core/Src/sysmem.o" --specs=nano.specs -mfloat-abi=soft -mthumb -o "Core/Src/sysmem.o"
arm-none-eabi-gcc "../Core/Src/system_stm32f1xx.c" -mcpu=cortex-m3 -std=gnu11 -g3 -DDEBUG -DUSE_HAL_DRIVER -DSTM32F103xB -c -I../Core/Inc -I../Drivers/STM32F1xx_HAL_Driver/Inc -I../Drivers/STM32F1xx_HAL_Driver/Inc/Legacy -I../Drivers/CMSIS/Device/ST/STM32F1xx/Include -I../Drivers/CMSIS/Include -O0 -ffunction-sections -fdata-sections -Wall -fstack-usage -fcyclomatic-complexity -MMD -MP -MF"Core/Src/system_stm32f1xx.d" -MT"Core/Src/system_stm32f1xx.o" --specs=nano.specs -mfloat-abi=soft -mthumb -o "Core/Src/system_stm32f1xx.o"
arm-none-eabi-g++ "../Core/Src/timer.cpp" -mcpu=cortex-m3 -std=gnu++14 -g3 -DDEBUG -DUSE_HAL_DRIVER -DSTM32F103xB -c -I../Core/Inc -I../Drivers/STM32F1xx_HAL_Driver/Inc -I../Drivers/STM32F1xx_HAL_Driver/Inc/Legacy -I../Drivers/CMSIS/Device/ST/STM32F1xx/Include -I../Drivers/CMSIS/Include -O0 -ffunction-sections -fdata-sections -fno-exceptions -fno-rtti -fno-use-cxa-atexit -Wall -fstack-usage -fcyclomatic-complexity -MMD -MP -MF"Core/Src/timer.d" -MT"Core/Src/timer.o" --specs=nano.specs -mfloat-abi=soft -mthumb -o "Core/Src/timer.o"
In file included from ../Core/Src/gpioElements.cpp:8:
../Core/Inc/gpioElements.hpp: In constructor 'GpioElement::GpioElement(const GPIO_TypeDef*, uint32_t, bool)':
../Core/Inc/gpioElements.hpp:28:30: warning: 'GpioElement::port' will be initialized after [-Wreorder]
   28 |   const GPIO_TypeDef * const port;
      |                              ^~~~
../Core/Inc/gpioElements.hpp:26:18: warning:   'const uint32_t GpioElement::pin' [-Wreorder]
   26 |   const uint32_t pin;
      |                  ^~~
../Core/Src/gpioElements.cpp:10:1: warning:   when initialized here [-Wreorder]
   10 | GpioElement::GpioElement(const GPIO_TypeDef * const port, const uint32_t pin, const bool is_inverted) :
      | ^~~~~~~~~~~
In file included from ../Core/Src/gpioElements.cpp:8:
../Core/Inc/gpioElements.hpp:26:18: warning: 'GpioElement::pin' will be initialized after [-Wreorder]
   26 |   const uint32_t pin;
      |                  ^~~
../Core/Inc/gpioElements.hpp:24:8: warning:   'bool GpioElement::is_inverted' [-Wreorder]
   24 |   bool is_inverted;
      |        ^~~~~~~~~~~
../Core/Src/gpioElements.cpp:10:1: warning:   when initialized here [-Wreorder]
   10 | GpioElement::GpioElement(const GPIO_TypeDef * const port, const uint32_t pin, const bool is_inverted) :
      | ^~~~~~~~~~~
../Core/Src/main.cpp: In function 'int main()':
../Core/Src/main.cpp:340:8: warning: unused variable 'status' [-Wunused-variable]
  340 |   auto status = aq_main_frame.send(hcan);
      |        ^~~~~~
../Core/Src/main.cpp:343:5: warning: unused variable 'chuj' [-Wunused-variable]
  343 | int chuj;
      |     ^~~~
arm-none-eabi-g++ -o "EBS_Supervisor.elf" @"objects.list"   -mcpu=cortex-m3 -T"C:\Users\przem\OneDrive\Pulpit\PUTM\PUTM_DV_ASB_2023\software\EBS_Supervisor\EBS_Supervisor\STM32F103R8TX_FLASH.ld" --specs=nosys.specs -Wl,-Map="EBS_Supervisor.map" -Wl,--gc-sections -static --specs=nano.specs -mfloat-abi=soft -mthumb -Wl,--start-group -lc -lm -lstdc++ -lsupc++ -Wl,--end-group
Finished building target: EBS_Supervisor.elf
 
arm-none-eabi-size   EBS_Supervisor.elf 
arm-none-eabi-objdump -h -S  EBS_Supervisor.elf  > "EBS_Supervisor.list"
   text	   data	    bss	    dec	    hex	filename
  20116	    748	   2012	  22876	   595c	EBS_Supervisor.elf
Finished building: default.size.stdout
 
Finished building: EBS_Supervisor.list
 
21:58:18 **** Incremental Build of configuration Debug for project EBS_Supervisor ****
make -j8 all 
arm-none-eabi-size   EBS_Supervisor.elf 
   text	   data	    bss	    dec	    hex	filename
  20116	    748	   2012	  22876	   595c	EBS_Supervisor.elf
Finished building: default.size.stdout
 
21:58:57 **** Incremental Build of configuration Debug for project EBS_Supervisor ****
make -j8 all 
arm-none-eabi-size   EBS_Supervisor.elf 
   text	   data	    bss	    dec	    hex	filename
  20116	    748	   2012	  22876	   595c	EBS_Supervisor.elf
Finished building: default.size.stdout
 
22:11:11 **** Incremental Build of configuration Debug for project EBS_Supervisor ****
make -j8 all 
arm-none-eabi-g++ "../Core/Src/main.cpp" -mcpu=cortex-m3 -std=gnu++14 -g3 -DDEBUG -DUSE_HAL_DRIVER -DSTM32F103xB -c -I../Core/Inc -I../Drivers/STM32F1xx_HAL_Driver/Inc -I../Drivers/STM32F1xx_HAL_Driver/Inc/Legacy -I../Drivers/CMSIS/Device/ST/STM32F1xx/Include -I../Drivers/CMSIS/Include -O0 -ffunction-sections -fdata-sections -fno-exceptions -fno-rtti -fno-use-cxa-atexit -Wall -fstack-usage -fcyclomatic-complexity -MMD -MP -MF"Core/Src/main.d" -MT"Core/Src/main.o" --specs=nano.specs -mfloat-abi=soft -mthumb -o "Core/Src/main.o"
../Core/Src/main.cpp: In function 'int main()':
../Core/Src/main.cpp:340:8: warning: unused variable 'status' [-Wunused-variable]
  340 |   auto status = aq_main_frame.send(hcan);
      |        ^~~~~~
../Core/Src/main.cpp:343:5: warning: unused variable 'chuj' [-Wunused-variable]
  343 | int chuj;
      |     ^~~~
arm-none-eabi-g++ -o "EBS_Supervisor.elf" @"objects.list"   -mcpu=cortex-m3 -T"C:\Users\przem\OneDrive\Pulpit\PUTM\PUTM_DV_ASB_2023\software\EBS_Supervisor\EBS_Supervisor\STM32F103R8TX_FLASH.ld" --specs=nosys.specs -Wl,-Map="EBS_Supervisor.map" -Wl,--gc-sections -static --specs=nano.specs -mfloat-abi=soft -mthumb -Wl,--start-group -lc -lm -lstdc++ -lsupc++ -Wl,--end-group
Finished building target: EBS_Supervisor.elf
 
arm-none-eabi-size   EBS_Supervisor.elf 
arm-none-eabi-objdump -h -S  EBS_Supervisor.elf  > "EBS_Supervisor.list"
   text	   data	    bss	    dec	    hex	filename
  20108	    748	   2012	  22868	   5954	EBS_Supervisor.elf
Finished building: default.size.stdout
 
Finished building: EBS_Supervisor.list
 
22:11:41 **** Incremental Build of configuration Debug for project EBS_Supervisor ****
make -j8 all 
arm-none-eabi-size   EBS_Supervisor.elf 
   text	   data	    bss	    dec	    hex	filename
  20108	    748	   2012	  22868	   5954	EBS_Supervisor.elf
Finished building: default.size.stdout
 
22:14:36 **** Build of configuration Debug for project EBS_Supervisor_L4 ****
make -j8 all 
arm-none-eabi-gcc "C:/Users/przem/STM32Cube/Repository/STM32Cube_FW_L4_V1.17.2/Drivers/STM32L4xx_HAL_Driver/Src/stm32l4xx_hal.c" -mcpu=cortex-m4 -std=gnu11 -g3 -DDEBUG -DUSE_HAL_DRIVER -DSTM32L4P5xx -c -I../Core/Inc -IC:/Users/przem/STM32Cube/Repository/STM32Cube_FW_L4_V1.17.2/Drivers/STM32L4xx_HAL_Driver/Inc -IC:/Users/przem/STM32Cube/Repository/STM32Cube_FW_L4_V1.17.2/Drivers/STM32L4xx_HAL_Driver/Inc/Legacy -IC:/Users/przem/STM32Cube/Repository/STM32Cube_FW_L4_V1.17.2/Drivers/CMSIS/Device/ST/STM32L4xx/Include -IC:/Users/przem/STM32Cube/Repository/STM32Cube_FW_L4_V1.17.2/Drivers/CMSIS/Include -O0 -ffunction-sections -fdata-sections -Wall -fstack-usage -fcyclomatic-complexity -MMD -MP -MF"Drivers/STM32L4xx_HAL_Driver/stm32l4xx_hal.d" -MT"Drivers/STM32L4xx_HAL_Driver/stm32l4xx_hal.o" --specs=nano.specs -mfpu=fpv4-sp-d16 -mfloat-abi=hard -mthumb -o "Drivers/STM32L4xx_HAL_Driver/stm32l4xx_hal.o"
arm-none-eabi-gcc "C:/Users/przem/STM32Cube/Repository/STM32Cube_FW_L4_V1.17.2/Drivers/STM32L4xx_HAL_Driver/Src/stm32l4xx_hal_cortex.c" -mcpu=cortex-m4 -std=gnu11 -g3 -DDEBUG -DUSE_HAL_DRIVER -DSTM32L4P5xx -c -I../Core/Inc -IC:/Users/przem/STM32Cube/Repository/STM32Cube_FW_L4_V1.17.2/Drivers/STM32L4xx_HAL_Driver/Inc -IC:/Users/przem/STM32Cube/Repository/STM32Cube_FW_L4_V1.17.2/Drivers/STM32L4xx_HAL_Driver/Inc/Legacy -IC:/Users/przem/STM32Cube/Repository/STM32Cube_FW_L4_V1.17.2/Drivers/CMSIS/Device/ST/STM32L4xx/Include -IC:/Users/przem/STM32Cube/Repository/STM32Cube_FW_L4_V1.17.2/Drivers/CMSIS/Include -O0 -ffunction-sections -fdata-sections -Wall -fstack-usage -fcyclomatic-complexity -MMD -MP -MF"Drivers/STM32L4xx_HAL_Driver/stm32l4xx_hal_cortex.d" -MT"Drivers/STM32L4xx_HAL_Driver/stm32l4xx_hal_cortex.o" --specs=nano.specs -mfpu=fpv4-sp-d16 -mfloat-abi=hard -mthumb -o "Drivers/STM32L4xx_HAL_Driver/stm32l4xx_hal_cortex.o"
arm-none-eabi-gcc "C:/Users/przem/STM32Cube/Repository/STM32Cube_FW_L4_V1.17.2/Drivers/STM32L4xx_HAL_Driver/Src/stm32l4xx_hal_dma.c" -mcpu=cortex-m4 -std=gnu11 -g3 -DDEBUG -DUSE_HAL_DRIVER -DSTM32L4P5xx -c -I../Core/Inc -IC:/Users/przem/STM32Cube/Repository/STM32Cube_FW_L4_V1.17.2/Drivers/STM32L4xx_HAL_Driver/Inc -IC:/Users/przem/STM32Cube/Repository/STM32Cube_FW_L4_V1.17.2/Drivers/STM32L4xx_HAL_Driver/Inc/Legacy -IC:/Users/przem/STM32Cube/Repository/STM32Cube_FW_L4_V1.17.2/Drivers/CMSIS/Device/ST/STM32L4xx/Include -IC:/Users/przem/STM32Cube/Repository/STM32Cube_FW_L4_V1.17.2/Drivers/CMSIS/Include -O0 -ffunction-sections -fdata-sections -Wall -fstack-usage -fcyclomatic-complexity -MMD -MP -MF"Drivers/STM32L4xx_HAL_Driver/stm32l4xx_hal_dma.d" -MT"Drivers/STM32L4xx_HAL_Driver/stm32l4xx_hal_dma.o" --specs=nano.specs -mfpu=fpv4-sp-d16 -mfloat-abi=hard -mthumb -o "Drivers/STM32L4xx_HAL_Driver/stm32l4xx_hal_dma.o"
arm-none-eabi-gcc "C:/Users/przem/STM32Cube/Repository/STM32Cube_FW_L4_V1.17.2/Drivers/STM32L4xx_HAL_Driver/Src/stm32l4xx_hal_dma_ex.c" -mcpu=cortex-m4 -std=gnu11 -g3 -DDEBUG -DUSE_HAL_DRIVER -DSTM32L4P5xx -c -I../Core/Inc -IC:/Users/przem/STM32Cube/Repository/STM32Cube_FW_L4_V1.17.2/Drivers/STM32L4xx_HAL_Driver/Inc -IC:/Users/przem/STM32Cube/Repository/STM32Cube_FW_L4_V1.17.2/Drivers/STM32L4xx_HAL_Driver/Inc/Legacy -IC:/Users/przem/STM32Cube/Repository/STM32Cube_FW_L4_V1.17.2/Drivers/CMSIS/Device/ST/STM32L4xx/Include -IC:/Users/przem/STM32Cube/Repository/STM32Cube_FW_L4_V1.17.2/Drivers/CMSIS/Include -O0 -ffunction-sections -fdata-sections -Wall -fstack-usage -fcyclomatic-complexity -MMD -MP -MF"Drivers/STM32L4xx_HAL_Driver/stm32l4xx_hal_dma_ex.d" -MT"Drivers/STM32L4xx_HAL_Driver/stm32l4xx_hal_dma_ex.o" --specs=nano.specs -mfpu=fpv4-sp-d16 -mfloat-abi=hard -mthumb -o "Drivers/STM32L4xx_HAL_Driver/stm32l4xx_hal_dma_ex.o"
arm-none-eabi-gcc "C:/Users/przem/STM32Cube/Repository/STM32Cube_FW_L4_V1.17.2/Drivers/STM32L4xx_HAL_Driver/Src/stm32l4xx_hal_exti.c" -mcpu=cortex-m4 -std=gnu11 -g3 -DDEBUG -DUSE_HAL_DRIVER -DSTM32L4P5xx -c -I../Core/Inc -IC:/Users/przem/STM32Cube/Repository/STM32Cube_FW_L4_V1.17.2/Drivers/STM32L4xx_HAL_Driver/Inc -IC:/Users/przem/STM32Cube/Repository/STM32Cube_FW_L4_V1.17.2/Drivers/STM32L4xx_HAL_Driver/Inc/Legacy -IC:/Users/przem/STM32Cube/Repository/STM32Cube_FW_L4_V1.17.2/Drivers/CMSIS/Device/ST/STM32L4xx/Include -IC:/Users/przem/STM32Cube/Repository/STM32Cube_FW_L4_V1.17.2/Drivers/CMSIS/Include -O0 -ffunction-sections -fdata-sections -Wall -fstack-usage -fcyclomatic-complexity -MMD -MP -MF"Drivers/STM32L4xx_HAL_Driver/stm32l4xx_hal_exti.d" -MT"Drivers/STM32L4xx_HAL_Driver/stm32l4xx_hal_exti.o" --specs=nano.specs -mfpu=fpv4-sp-d16 -mfloat-abi=hard -mthumb -o "Drivers/STM32L4xx_HAL_Driver/stm32l4xx_hal_exti.o"
arm-none-eabi-gcc "C:/Users/przem/STM32Cube/Repository/STM32Cube_FW_L4_V1.17.2/Drivers/STM32L4xx_HAL_Driver/Src/stm32l4xx_hal_flash.c" -mcpu=cortex-m4 -std=gnu11 -g3 -DDEBUG -DUSE_HAL_DRIVER -DSTM32L4P5xx -c -I../Core/Inc -IC:/Users/przem/STM32Cube/Repository/STM32Cube_FW_L4_V1.17.2/Drivers/STM32L4xx_HAL_Driver/Inc -IC:/Users/przem/STM32Cube/Repository/STM32Cube_FW_L4_V1.17.2/Drivers/STM32L4xx_HAL_Driver/Inc/Legacy -IC:/Users/przem/STM32Cube/Repository/STM32Cube_FW_L4_V1.17.2/Drivers/CMSIS/Device/ST/STM32L4xx/Include -IC:/Users/przem/STM32Cube/Repository/STM32Cube_FW_L4_V1.17.2/Drivers/CMSIS/Include -O0 -ffunction-sections -fdata-sections -Wall -fstack-usage -fcyclomatic-complexity -MMD -MP -MF"Drivers/STM32L4xx_HAL_Driver/stm32l4xx_hal_flash.d" -MT"Drivers/STM32L4xx_HAL_Driver/stm32l4xx_hal_flash.o" --specs=nano.specs -mfpu=fpv4-sp-d16 -mfloat-abi=hard -mthumb -o "Drivers/STM32L4xx_HAL_Driver/stm32l4xx_hal_flash.o"
arm-none-eabi-gcc "C:/Users/przem/STM32Cube/Repository/STM32Cube_FW_L4_V1.17.2/Drivers/STM32L4xx_HAL_Driver/Src/stm32l4xx_hal_flash_ex.c" -mcpu=cortex-m4 -std=gnu11 -g3 -DDEBUG -DUSE_HAL_DRIVER -DSTM32L4P5xx -c -I../Core/Inc -IC:/Users/przem/STM32Cube/Repository/STM32Cube_FW_L4_V1.17.2/Drivers/STM32L4xx_HAL_Driver/Inc -IC:/Users/przem/STM32Cube/Repository/STM32Cube_FW_L4_V1.17.2/Drivers/STM32L4xx_HAL_Driver/Inc/Legacy -IC:/Users/przem/STM32Cube/Repository/STM32Cube_FW_L4_V1.17.2/Drivers/CMSIS/Device/ST/STM32L4xx/Include -IC:/Users/przem/STM32Cube/Repository/STM32Cube_FW_L4_V1.17.2/Drivers/CMSIS/Include -O0 -ffunction-sections -fdata-sections -Wall -fstack-usage -fcyclomatic-complexity -MMD -MP -MF"Drivers/STM32L4xx_HAL_Driver/stm32l4xx_hal_flash_ex.d" -MT"Drivers/STM32L4xx_HAL_Driver/stm32l4xx_hal_flash_ex.o" --specs=nano.specs -mfpu=fpv4-sp-d16 -mfloat-abi=hard -mthumb -o "Drivers/STM32L4xx_HAL_Driver/stm32l4xx_hal_flash_ex.o"
arm-none-eabi-gcc "C:/Users/przem/STM32Cube/Repository/STM32Cube_FW_L4_V1.17.2/Drivers/STM32L4xx_HAL_Driver/Src/stm32l4xx_hal_flash_ramfunc.c" -mcpu=cortex-m4 -std=gnu11 -g3 -DDEBUG -DUSE_HAL_DRIVER -DSTM32L4P5xx -c -I../Core/Inc -IC:/Users/przem/STM32Cube/Repository/STM32Cube_FW_L4_V1.17.2/Drivers/STM32L4xx_HAL_Driver/Inc -IC:/Users/przem/STM32Cube/Repository/STM32Cube_FW_L4_V1.17.2/Drivers/STM32L4xx_HAL_Driver/Inc/Legacy -IC:/Users/przem/STM32Cube/Repository/STM32Cube_FW_L4_V1.17.2/Drivers/CMSIS/Device/ST/STM32L4xx/Include -IC:/Users/przem/STM32Cube/Repository/STM32Cube_FW_L4_V1.17.2/Drivers/CMSIS/Include -O0 -ffunction-sections -fdata-sections -Wall -fstack-usage -fcyclomatic-complexity -MMD -MP -MF"Drivers/STM32L4xx_HAL_Driver/stm32l4xx_hal_flash_ramfunc.d" -MT"Drivers/STM32L4xx_HAL_Driver/stm32l4xx_hal_flash_ramfunc.o" --specs=nano.specs -mfpu=fpv4-sp-d16 -mfloat-abi=hard -mthumb -o "Drivers/STM32L4xx_HAL_Driver/stm32l4xx_hal_flash_ramfunc.o"
arm-none-eabi-gcc "C:/Users/przem/STM32Cube/Repository/STM32Cube_FW_L4_V1.17.2/Drivers/STM32L4xx_HAL_Driver/Src/stm32l4xx_hal_gpio.c" -mcpu=cortex-m4 -std=gnu11 -g3 -DDEBUG -DUSE_HAL_DRIVER -DSTM32L4P5xx -c -I../Core/Inc -IC:/Users/przem/STM32Cube/Repository/STM32Cube_FW_L4_V1.17.2/Drivers/STM32L4xx_HAL_Driver/Inc -IC:/Users/przem/STM32Cube/Repository/STM32Cube_FW_L4_V1.17.2/Drivers/STM32L4xx_HAL_Driver/Inc/Legacy -IC:/Users/przem/STM32Cube/Repository/STM32Cube_FW_L4_V1.17.2/Drivers/CMSIS/Device/ST/STM32L4xx/Include -IC:/Users/przem/STM32Cube/Repository/STM32Cube_FW_L4_V1.17.2/Drivers/CMSIS/Include -O0 -ffunction-sections -fdata-sections -Wall -fstack-usage -fcyclomatic-complexity -MMD -MP -MF"Drivers/STM32L4xx_HAL_Driver/stm32l4xx_hal_gpio.d" -MT"Drivers/STM32L4xx_HAL_Driver/stm32l4xx_hal_gpio.o" --specs=nano.specs -mfpu=fpv4-sp-d16 -mfloat-abi=hard -mthumb -o "Drivers/STM32L4xx_HAL_Driver/stm32l4xx_hal_gpio.o"
arm-none-eabi-gcc "C:/Users/przem/STM32Cube/Repository/STM32Cube_FW_L4_V1.17.2/Drivers/STM32L4xx_HAL_Driver/Src/stm32l4xx_hal_pwr.c" -mcpu=cortex-m4 -std=gnu11 -g3 -DDEBUG -DUSE_HAL_DRIVER -DSTM32L4P5xx -c -I../Core/Inc -IC:/Users/przem/STM32Cube/Repository/STM32Cube_FW_L4_V1.17.2/Drivers/STM32L4xx_HAL_Driver/Inc -IC:/Users/przem/STM32Cube/Repository/STM32Cube_FW_L4_V1.17.2/Drivers/STM32L4xx_HAL_Driver/Inc/Legacy -IC:/Users/przem/STM32Cube/Repository/STM32Cube_FW_L4_V1.17.2/Drivers/CMSIS/Device/ST/STM32L4xx/Include -IC:/Users/przem/STM32Cube/Repository/STM32Cube_FW_L4_V1.17.2/Drivers/CMSIS/Include -O0 -ffunction-sections -fdata-sections -Wall -fstack-usage -fcyclomatic-complexity -MMD -MP -MF"Drivers/STM32L4xx_HAL_Driver/stm32l4xx_hal_pwr.d" -MT"Drivers/STM32L4xx_HAL_Driver/stm32l4xx_hal_pwr.o" --specs=nano.specs -mfpu=fpv4-sp-d16 -mfloat-abi=hard -mthumb -o "Drivers/STM32L4xx_HAL_Driver/stm32l4xx_hal_pwr.o"
arm-none-eabi-gcc "C:/Users/przem/STM32Cube/Repository/STM32Cube_FW_L4_V1.17.2/Drivers/STM32L4xx_HAL_Driver/Src/stm32l4xx_hal_pwr_ex.c" -mcpu=cortex-m4 -std=gnu11 -g3 -DDEBUG -DUSE_HAL_DRIVER -DSTM32L4P5xx -c -I../Core/Inc -IC:/Users/przem/STM32Cube/Repository/STM32Cube_FW_L4_V1.17.2/Drivers/STM32L4xx_HAL_Driver/Inc -IC:/Users/przem/STM32Cube/Repository/STM32Cube_FW_L4_V1.17.2/Drivers/STM32L4xx_HAL_Driver/Inc/Legacy -IC:/Users/przem/STM32Cube/Repository/STM32Cube_FW_L4_V1.17.2/Drivers/CMSIS/Device/ST/STM32L4xx/Include -IC:/Users/przem/STM32Cube/Repository/STM32Cube_FW_L4_V1.17.2/Drivers/CMSIS/Include -O0 -ffunction-sections -fdata-sections -Wall -fstack-usage -fcyclomatic-complexity -MMD -MP -MF"Drivers/STM32L4xx_HAL_Driver/stm32l4xx_hal_pwr_ex.d" -MT"Drivers/STM32L4xx_HAL_Driver/stm32l4xx_hal_pwr_ex.o" --specs=nano.specs -mfpu=fpv4-sp-d16 -mfloat-abi=hard -mthumb -o "Drivers/STM32L4xx_HAL_Driver/stm32l4xx_hal_pwr_ex.o"
arm-none-eabi-gcc "C:/Users/przem/STM32Cube/Repository/STM32Cube_FW_L4_V1.17.2/Drivers/STM32L4xx_HAL_Driver/Src/stm32l4xx_hal_rcc.c" -mcpu=cortex-m4 -std=gnu11 -g3 -DDEBUG -DUSE_HAL_DRIVER -DSTM32L4P5xx -c -I../Core/Inc -IC:/Users/przem/STM32Cube/Repository/STM32Cube_FW_L4_V1.17.2/Drivers/STM32L4xx_HAL_Driver/Inc -IC:/Users/przem/STM32Cube/Repository/STM32Cube_FW_L4_V1.17.2/Drivers/STM32L4xx_HAL_Driver/Inc/Legacy -IC:/Users/przem/STM32Cube/Repository/STM32Cube_FW_L4_V1.17.2/Drivers/CMSIS/Device/ST/STM32L4xx/Include -IC:/Users/przem/STM32Cube/Repository/STM32Cube_FW_L4_V1.17.2/Drivers/CMSIS/Include -O0 -ffunction-sections -fdata-sections -Wall -fstack-usage -fcyclomatic-complexity -MMD -MP -MF"Drivers/STM32L4xx_HAL_Driver/stm32l4xx_hal_rcc.d" -MT"Drivers/STM32L4xx_HAL_Driver/stm32l4xx_hal_rcc.o" --specs=nano.specs -mfpu=fpv4-sp-d16 -mfloat-abi=hard -mthumb -o "Drivers/STM32L4xx_HAL_Driver/stm32l4xx_hal_rcc.o"
arm-none-eabi-gcc "C:/Users/przem/STM32Cube/Repository/STM32Cube_FW_L4_V1.17.2/Drivers/STM32L4xx_HAL_Driver/Src/stm32l4xx_hal_rcc_ex.c" -mcpu=cortex-m4 -std=gnu11 -g3 -DDEBUG -DUSE_HAL_DRIVER -DSTM32L4P5xx -c -I../Core/Inc -IC:/Users/przem/STM32Cube/Repository/STM32Cube_FW_L4_V1.17.2/Drivers/STM32L4xx_HAL_Driver/Inc -IC:/Users/przem/STM32Cube/Repository/STM32Cube_FW_L4_V1.17.2/Drivers/STM32L4xx_HAL_Driver/Inc/Legacy -IC:/Users/przem/STM32Cube/Repository/STM32Cube_FW_L4_V1.17.2/Drivers/CMSIS/Device/ST/STM32L4xx/Include -IC:/Users/przem/STM32Cube/Repository/STM32Cube_FW_L4_V1.17.2/Drivers/CMSIS/Include -O0 -ffunction-sections -fdata-sections -Wall -fstack-usage -fcyclomatic-complexity -MMD -MP -MF"Drivers/STM32L4xx_HAL_Driver/stm32l4xx_hal_rcc_ex.d" -MT"Drivers/STM32L4xx_HAL_Driver/stm32l4xx_hal_rcc_ex.o" --specs=nano.specs -mfpu=fpv4-sp-d16 -mfloat-abi=hard -mthumb -o "Drivers/STM32L4xx_HAL_Driver/stm32l4xx_hal_rcc_ex.o"
arm-none-eabi-gcc "C:/Users/przem/STM32Cube/Repository/STM32Cube_FW_L4_V1.17.2/Drivers/STM32L4xx_HAL_Driver/Src/stm32l4xx_hal_tim.c" -mcpu=cortex-m4 -std=gnu11 -g3 -DDEBUG -DUSE_HAL_DRIVER -DSTM32L4P5xx -c -I../Core/Inc -IC:/Users/przem/STM32Cube/Repository/STM32Cube_FW_L4_V1.17.2/Drivers/STM32L4xx_HAL_Driver/Inc -IC:/Users/przem/STM32Cube/Repository/STM32Cube_FW_L4_V1.17.2/Drivers/STM32L4xx_HAL_Driver/Inc/Legacy -IC:/Users/przem/STM32Cube/Repository/STM32Cube_FW_L4_V1.17.2/Drivers/CMSIS/Device/ST/STM32L4xx/Include -IC:/Users/przem/STM32Cube/Repository/STM32Cube_FW_L4_V1.17.2/Drivers/CMSIS/Include -O0 -ffunction-sections -fdata-sections -Wall -fstack-usage -fcyclomatic-complexity -MMD -MP -MF"Drivers/STM32L4xx_HAL_Driver/stm32l4xx_hal_tim.d" -MT"Drivers/STM32L4xx_HAL_Driver/stm32l4xx_hal_tim.o" --specs=nano.specs -mfpu=fpv4-sp-d16 -mfloat-abi=hard -mthumb -o "Drivers/STM32L4xx_HAL_Driver/stm32l4xx_hal_tim.o"
arm-none-eabi-gcc "C:/Users/przem/STM32Cube/Repository/STM32Cube_FW_L4_V1.17.2/Drivers/STM32L4xx_HAL_Driver/Src/stm32l4xx_hal_tim_ex.c" -mcpu=cortex-m4 -std=gnu11 -g3 -DDEBUG -DUSE_HAL_DRIVER -DSTM32L4P5xx -c -I../Core/Inc -IC:/Users/przem/STM32Cube/Repository/STM32Cube_FW_L4_V1.17.2/Drivers/STM32L4xx_HAL_Driver/Inc -IC:/Users/przem/STM32Cube/Repository/STM32Cube_FW_L4_V1.17.2/Drivers/STM32L4xx_HAL_Driver/Inc/Legacy -IC:/Users/przem/STM32Cube/Repository/STM32Cube_FW_L4_V1.17.2/Drivers/CMSIS/Device/ST/STM32L4xx/Include -IC:/Users/przem/STM32Cube/Repository/STM32Cube_FW_L4_V1.17.2/Drivers/CMSIS/Include -O0 -ffunction-sections -fdata-sections -Wall -fstack-usage -fcyclomatic-complexity -MMD -MP -MF"Drivers/STM32L4xx_HAL_Driver/stm32l4xx_hal_tim_ex.d" -MT"Drivers/STM32L4xx_HAL_Driver/stm32l4xx_hal_tim_ex.o" --specs=nano.specs -mfpu=fpv4-sp-d16 -mfloat-abi=hard -mthumb -o "Drivers/STM32L4xx_HAL_Driver/stm32l4xx_hal_tim_ex.o"
arm-none-eabi-gcc -mcpu=cortex-m4 -g3 -DDEBUG -c -x assembler-with-cpp -MMD -MP -MF"Core/Startup/startup_stm32l4p5retx.d" -MT"Core/Startup/startup_stm32l4p5retx.o" --specs=nano.specs -mfpu=fpv4-sp-d16 -mfloat-abi=hard -mthumb -o "Core/Startup/startup_stm32l4p5retx.o" "../Core/Startup/startup_stm32l4p5retx.s"
arm-none-eabi-gcc "../Core/Src/main.c" -mcpu=cortex-m4 -std=gnu11 -g3 -DDEBUG -DUSE_HAL_DRIVER -DSTM32L4P5xx -c -I../Core/Inc -IC:/Users/przem/STM32Cube/Repository/STM32Cube_FW_L4_V1.17.2/Drivers/STM32L4xx_HAL_Driver/Inc -IC:/Users/przem/STM32Cube/Repository/STM32Cube_FW_L4_V1.17.2/Drivers/STM32L4xx_HAL_Driver/Inc/Legacy -IC:/Users/przem/STM32Cube/Repository/STM32Cube_FW_L4_V1.17.2/Drivers/CMSIS/Device/ST/STM32L4xx/Include -IC:/Users/przem/STM32Cube/Repository/STM32Cube_FW_L4_V1.17.2/Drivers/CMSIS/Include -O0 -ffunction-sections -fdata-sections -Wall -fstack-usage -fcyclomatic-complexity -MMD -MP -MF"Core/Src/main.d" -MT"Core/Src/main.o" --specs=nano.specs -mfpu=fpv4-sp-d16 -mfloat-abi=hard -mthumb -o "Core/Src/main.o"
arm-none-eabi-gcc "../Core/Src/stm32l4xx_hal_msp.c" -mcpu=cortex-m4 -std=gnu11 -g3 -DDEBUG -DUSE_HAL_DRIVER -DSTM32L4P5xx -c -I../Core/Inc -IC:/Users/przem/STM32Cube/Repository/STM32Cube_FW_L4_V1.17.2/Drivers/STM32L4xx_HAL_Driver/Inc -IC:/Users/przem/STM32Cube/Repository/STM32Cube_FW_L4_V1.17.2/Drivers/STM32L4xx_HAL_Driver/Inc/Legacy -IC:/Users/przem/STM32Cube/Repository/STM32Cube_FW_L4_V1.17.2/Drivers/CMSIS/Device/ST/STM32L4xx/Include -IC:/Users/przem/STM32Cube/Repository/STM32Cube_FW_L4_V1.17.2/Drivers/CMSIS/Include -O0 -ffunction-sections -fdata-sections -Wall -fstack-usage -fcyclomatic-complexity -MMD -MP -MF"Core/Src/stm32l4xx_hal_msp.d" -MT"Core/Src/stm32l4xx_hal_msp.o" --specs=nano.specs -mfpu=fpv4-sp-d16 -mfloat-abi=hard -mthumb -o "Core/Src/stm32l4xx_hal_msp.o"
arm-none-eabi-gcc "../Core/Src/stm32l4xx_it.c" -mcpu=cortex-m4 -std=gnu11 -g3 -DDEBUG -DUSE_HAL_DRIVER -DSTM32L4P5xx -c -I../Core/Inc -IC:/Users/przem/STM32Cube/Repository/STM32Cube_FW_L4_V1.17.2/Drivers/STM32L4xx_HAL_Driver/Inc -IC:/Users/przem/STM32Cube/Repository/STM32Cube_FW_L4_V1.17.2/Drivers/STM32L4xx_HAL_Driver/Inc/Legacy -IC:/Users/przem/STM32Cube/Repository/STM32Cube_FW_L4_V1.17.2/Drivers/CMSIS/Device/ST/STM32L4xx/Include -IC:/Users/przem/STM32Cube/Repository/STM32Cube_FW_L4_V1.17.2/Drivers/CMSIS/Include -O0 -ffunction-sections -fdata-sections -Wall -fstack-usage -fcyclomatic-complexity -MMD -MP -MF"Core/Src/stm32l4xx_it.d" -MT"Core/Src/stm32l4xx_it.o" --specs=nano.specs -mfpu=fpv4-sp-d16 -mfloat-abi=hard -mthumb -o "Core/Src/stm32l4xx_it.o"
arm-none-eabi-gcc "../Core/Src/syscalls.c" -mcpu=cortex-m4 -std=gnu11 -g3 -DDEBUG -DUSE_HAL_DRIVER -DSTM32L4P5xx -c -I../Core/Inc -IC:/Users/przem/STM32Cube/Repository/STM32Cube_FW_L4_V1.17.2/Drivers/STM32L4xx_HAL_Driver/Inc -IC:/Users/przem/STM32Cube/Repository/STM32Cube_FW_L4_V1.17.2/Drivers/STM32L4xx_HAL_Driver/Inc/Legacy -IC:/Users/przem/STM32Cube/Repository/STM32Cube_FW_L4_V1.17.2/Drivers/CMSIS/Device/ST/STM32L4xx/Include -IC:/Users/przem/STM32Cube/Repository/STM32Cube_FW_L4_V1.17.2/Drivers/CMSIS/Include -O0 -ffunction-sections -fdata-sections -Wall -fstack-usage -fcyclomatic-complexity -MMD -MP -MF"Core/Src/syscalls.d" -MT"Core/Src/syscalls.o" --specs=nano.specs -mfpu=fpv4-sp-d16 -mfloat-abi=hard -mthumb -o "Core/Src/syscalls.o"
arm-none-eabi-gcc "../Core/Src/sysmem.c" -mcpu=cortex-m4 -std=gnu11 -g3 -DDEBUG -DUSE_HAL_DRIVER -DSTM32L4P5xx -c -I../Core/Inc -IC:/Users/przem/STM32Cube/Repository/STM32Cube_FW_L4_V1.17.2/Drivers/STM32L4xx_HAL_Driver/Inc -IC:/Users/przem/STM32Cube/Repository/STM32Cube_FW_L4_V1.17.2/Drivers/STM32L4xx_HAL_Driver/Inc/Legacy -IC:/Users/przem/STM32Cube/Repository/STM32Cube_FW_L4_V1.17.2/Drivers/CMSIS/Device/ST/STM32L4xx/Include -IC:/Users/przem/STM32Cube/Repository/STM32Cube_FW_L4_V1.17.2/Drivers/CMSIS/Include -O0 -ffunction-sections -fdata-sections -Wall -fstack-usage -fcyclomatic-complexity -MMD -MP -MF"Core/Src/sysmem.d" -MT"Core/Src/sysmem.o" --specs=nano.specs -mfpu=fpv4-sp-d16 -mfloat-abi=hard -mthumb -o "Core/Src/sysmem.o"
arm-none-eabi-gcc "../Core/Src/system_stm32l4xx.c" -mcpu=cortex-m4 -std=gnu11 -g3 -DDEBUG -DUSE_HAL_DRIVER -DSTM32L4P5xx -c -I../Core/Inc -IC:/Users/przem/STM32Cube/Repository/STM32Cube_FW_L4_V1.17.2/Drivers/STM32L4xx_HAL_Driver/Inc -IC:/Users/przem/STM32Cube/Repository/STM32Cube_FW_L4_V1.17.2/Drivers/STM32L4xx_HAL_Driver/Inc/Legacy -IC:/Users/przem/STM32Cube/Repository/STM32Cube_FW_L4_V1.17.2/Drivers/CMSIS/Device/ST/STM32L4xx/Include -IC:/Users/przem/STM32Cube/Repository/STM32Cube_FW_L4_V1.17.2/Drivers/CMSIS/Include -O0 -ffunction-sections -fdata-sections -Wall -fstack-usage -fcyclomatic-complexity -MMD -MP -MF"Core/Src/system_stm32l4xx.d" -MT"Core/Src/system_stm32l4xx.o" --specs=nano.specs -mfpu=fpv4-sp-d16 -mfloat-abi=hard -mthumb -o "Core/Src/system_stm32l4xx.o"
arm-none-eabi-g++ -o "EBS_Supervisor_L4.elf" @"objects.list"   -mcpu=cortex-m4 -T"C:\Users\przem\OneDrive\Pulpit\PUTM\PUTM_DV_ASB_2023\software\EBS_Supervisor_L4\STM32L4P5RETX_FLASH.ld" --specs=nosys.specs -Wl,-Map="EBS_Supervisor_L4.map" -Wl,--gc-sections -static --specs=nano.specs -mfpu=fpv4-sp-d16 -mfloat-abi=hard -mthumb -Wl,--start-group -lc -lm -lstdc++ -lsupc++ -Wl,--end-group
Finished building target: EBS_Supervisor_L4.elf
 
arm-none-eabi-size   EBS_Supervisor_L4.elf 
arm-none-eabi-objdump -h -S  EBS_Supervisor_L4.elf  > "EBS_Supervisor_L4.list"
   text	   data	    bss	    dec	    hex	filename
   6788	     20	   1572	   8380	   20bc	EBS_Supervisor_L4.elf
Finished building: default.size.stdout
 
Finished building: EBS_Supervisor_L4.list
 
22:15:01 **** Incremental Build of configuration Debug for project EBS_Supervisor_L4 ****
make -j8 all 
arm-none-eabi-gcc "../Core/Src/main.c" -mcpu=cortex-m4 -std=gnu11 -g3 -DDEBUG -DUSE_HAL_DRIVER -DSTM32L4P5xx -c -I../Core/Inc -IC:/Users/przem/STM32Cube/Repository/STM32Cube_FW_L4_V1.17.2/Drivers/STM32L4xx_HAL_Driver/Inc -IC:/Users/przem/STM32Cube/Repository/STM32Cube_FW_L4_V1.17.2/Drivers/STM32L4xx_HAL_Driver/Inc/Legacy -IC:/Users/przem/STM32Cube/Repository/STM32Cube_FW_L4_V1.17.2/Drivers/CMSIS/Device/ST/STM32L4xx/Include -IC:/Users/przem/STM32Cube/Repository/STM32Cube_FW_L4_V1.17.2/Drivers/CMSIS/Include -O0 -ffunction-sections -fdata-sections -Wall -fstack-usage -fcyclomatic-complexity -MMD -MP -MF"Core/Src/main.d" -MT"Core/Src/main.o" --specs=nano.specs -mfpu=fpv4-sp-d16 -mfloat-abi=hard -mthumb -o "Core/Src/main.o"
arm-none-eabi-g++ -o "EBS_Supervisor_L4.elf" @"objects.list"   -mcpu=cortex-m4 -T"C:\Users\przem\OneDrive\Pulpit\PUTM\PUTM_DV_ASB_2023\software\EBS_Supervisor_L4\STM32L4P5RETX_FLASH.ld" --specs=nosys.specs -Wl,-Map="EBS_Supervisor_L4.map" -Wl,--gc-sections -static --specs=nano.specs -mfpu=fpv4-sp-d16 -mfloat-abi=hard -mthumb -Wl,--start-group -lc -lm -lstdc++ -lsupc++ -Wl,--end-group
Finished building target: EBS_Supervisor_L4.elf
 
arm-none-eabi-size   EBS_Supervisor_L4.elf 
arm-none-eabi-objdump -h -S  EBS_Supervisor_L4.elf  > "EBS_Supervisor_L4.list"
   text	   data	    bss	    dec	    hex	filename
   6940	     20	   1572	   8532	   2154	EBS_Supervisor_L4.elf
Finished building: default.size.stdout
 
Finished building: EBS_Supervisor_L4.list
 
22:16:31 **** Incremental Build of configuration Debug for project EBS_Supervisor ****
make -j8 all 
arm-none-eabi-size   EBS_Supervisor.elf 
   text	   data	    bss	    dec	    hex	filename
  20108	    748	   2012	  22868	   5954	EBS_Supervisor.elf
Finished building: default.size.stdout
 
22:16:32 **** Incremental Build of configuration Debug for project EBS_Supervisor_L4 ****
make -j8 all 
arm-none-eabi-gcc "../Core/Src/main.c" -mcpu=cortex-m4 -std=gnu11 -g3 -DDEBUG -DUSE_HAL_DRIVER -DSTM32L4P5xx -c -I../Core/Inc -IC:/Users/przem/STM32Cube/Repository/STM32Cube_FW_L4_V1.17.2/Drivers/STM32L4xx_HAL_Driver/Inc -IC:/Users/przem/STM32Cube/Repository/STM32Cube_FW_L4_V1.17.2/Drivers/STM32L4xx_HAL_Driver/Inc/Legacy -IC:/Users/przem/STM32Cube/Repository/STM32Cube_FW_L4_V1.17.2/Drivers/CMSIS/Device/ST/STM32L4xx/Include -IC:/Users/przem/STM32Cube/Repository/STM32Cube_FW_L4_V1.17.2/Drivers/CMSIS/Include -O0 -ffunction-sections -fdata-sections -Wall -fstack-usage -fcyclomatic-complexity -MMD -MP -MF"Core/Src/main.d" -MT"Core/Src/main.o" --specs=nano.specs -mfpu=fpv4-sp-d16 -mfloat-abi=hard -mthumb -o "Core/Src/main.o"
arm-none-eabi-g++ -o "EBS_Supervisor_L4.elf" @"objects.list"   -mcpu=cortex-m4 -T"C:\Users\przem\OneDrive\Pulpit\PUTM\PUTM_DV_ASB_2023\software\EBS_Supervisor_L4\STM32L4P5RETX_FLASH.ld" --specs=nosys.specs -Wl,-Map="EBS_Supervisor_L4.map" -Wl,--gc-sections -static --specs=nano.specs -mfpu=fpv4-sp-d16 -mfloat-abi=hard -mthumb -Wl,--start-group -lc -lm -lstdc++ -lsupc++ -Wl,--end-group
Finished building target: EBS_Supervisor_L4.elf
 
arm-none-eabi-size   EBS_Supervisor_L4.elf 
arm-none-eabi-objdump -h -S  EBS_Supervisor_L4.elf  > "EBS_Supervisor_L4.list"
   text	   data	    bss	    dec	    hex	filename
   6892	     20	   1572	   8484	   2124	EBS_Supervisor_L4.elf
Finished building: default.size.stdout
 
Finished building: EBS_Supervisor_L4.list
 
22:16:41 **** Incremental Build of configuration Debug for project EBS_Supervisor ****
make -j8 all 
arm-none-eabi-size   EBS_Supervisor.elf 
   text	   data	    bss	    dec	    hex	filename
  20108	    748	   2012	  22868	   5954	EBS_Supervisor.elf
Finished building: default.size.stdout
 
22:16:42 **** Incremental Build of configuration Debug for project EBS_Supervisor_L4 ****
make -j8 all 
arm-none-eabi-gcc "../Core/Src/main.c" -mcpu=cortex-m4 -std=gnu11 -g3 -DDEBUG -DUSE_HAL_DRIVER -DSTM32L4P5xx -c -I../Core/Inc -IC:/Users/przem/STM32Cube/Repository/STM32Cube_FW_L4_V1.17.2/Drivers/STM32L4xx_HAL_Driver/Inc -IC:/Users/przem/STM32Cube/Repository/STM32Cube_FW_L4_V1.17.2/Drivers/STM32L4xx_HAL_Driver/Inc/Legacy -IC:/Users/przem/STM32Cube/Repository/STM32Cube_FW_L4_V1.17.2/Drivers/CMSIS/Device/ST/STM32L4xx/Include -IC:/Users/przem/STM32Cube/Repository/STM32Cube_FW_L4_V1.17.2/Drivers/CMSIS/Include -O0 -ffunction-sections -fdata-sections -Wall -fstack-usage -fcyclomatic-complexity -MMD -MP -MF"Core/Src/main.d" -MT"Core/Src/main.o" --specs=nano.specs -mfpu=fpv4-sp-d16 -mfloat-abi=hard -mthumb -o "Core/Src/main.o"
arm-none-eabi-g++ -o "EBS_Supervisor_L4.elf" @"objects.list"   -mcpu=cortex-m4 -T"C:\Users\przem\OneDrive\Pulpit\PUTM\PUTM_DV_ASB_2023\software\EBS_Supervisor_L4\STM32L4P5RETX_FLASH.ld" --specs=nosys.specs -Wl,-Map="EBS_Supervisor_L4.map" -Wl,--gc-sections -static --specs=nano.specs -mfpu=fpv4-sp-d16 -mfloat-abi=hard -mthumb -Wl,--start-group -lc -lm -lstdc++ -lsupc++ -Wl,--end-group
Finished building target: EBS_Supervisor_L4.elf
 
arm-none-eabi-size   EBS_Supervisor_L4.elf 
arm-none-eabi-objdump -h -S  EBS_Supervisor_L4.elf  > "EBS_Supervisor_L4.list"
   text	   data	    bss	    dec	    hex	filename
   6892	     20	   1572	   8484	   2124	EBS_Supervisor_L4.elf
Finished building: default.size.stdout
 
Finished building: EBS_Supervisor_L4.list
 
22:16:52 **** Incremental Build of configuration Debug for project EBS_Supervisor ****
make -j8 all 
arm-none-eabi-size   EBS_Supervisor.elf 
   text	   data	    bss	    dec	    hex	filename
  20108	    748	   2012	  22868	   5954	EBS_Supervisor.elf
Finished building: default.size.stdout
 
22:16:52 **** Incremental Build of configuration Debug for project EBS_Supervisor_L4 ****
make -j8 all 
arm-none-eabi-gcc "../Core/Src/main.c" -mcpu=cortex-m4 -std=gnu11 -g3 -DDEBUG -DUSE_HAL_DRIVER -DSTM32L4P5xx -c -I../Core/Inc -IC:/Users/przem/STM32Cube/Repository/STM32Cube_FW_L4_V1.17.2/Drivers/STM32L4xx_HAL_Driver/Inc -IC:/Users/przem/STM32Cube/Repository/STM32Cube_FW_L4_V1.17.2/Drivers/STM32L4xx_HAL_Driver/Inc/Legacy -IC:/Users/przem/STM32Cube/Repository/STM32Cube_FW_L4_V1.17.2/Drivers/CMSIS/Device/ST/STM32L4xx/Include -IC:/Users/przem/STM32Cube/Repository/STM32Cube_FW_L4_V1.17.2/Drivers/CMSIS/Include -O0 -ffunction-sections -fdata-sections -Wall -fstack-usage -fcyclomatic-complexity -MMD -MP -MF"Core/Src/main.d" -MT"Core/Src/main.o" --specs=nano.specs -mfpu=fpv4-sp-d16 -mfloat-abi=hard -mthumb -o "Core/Src/main.o"
arm-none-eabi-g++ -o "EBS_Supervisor_L4.elf" @"objects.list"   -mcpu=cortex-m4 -T"C:\Users\przem\OneDrive\Pulpit\PUTM\PUTM_DV_ASB_2023\software\EBS_Supervisor_L4\STM32L4P5RETX_FLASH.ld" --specs=nosys.specs -Wl,-Map="EBS_Supervisor_L4.map" -Wl,--gc-sections -static --specs=nano.specs -mfpu=fpv4-sp-d16 -mfloat-abi=hard -mthumb -Wl,--start-group -lc -lm -lstdc++ -lsupc++ -Wl,--end-group
Finished building target: EBS_Supervisor_L4.elf
 
arm-none-eabi-size   EBS_Supervisor_L4.elf 
arm-none-eabi-objdump -h -S  EBS_Supervisor_L4.elf  > "EBS_Supervisor_L4.list"
   text	   data	    bss	    dec	    hex	filename
   6888	     20	   1572	   8480	   2120	EBS_Supervisor_L4.elf
Finished building: default.size.stdout
 
Finished building: EBS_Supervisor_L4.list
 
22:16:56 **** Incremental Build of configuration Debug for project EBS_Supervisor_L4 ****
make -j8 all 
arm-none-eabi-size   EBS_Supervisor_L4.elf 
   text	   data	    bss	    dec	    hex	filename
   6888	     20	   1572	   8480	   2120	EBS_Supervisor_L4.elf
Finished building: default.size.stdout
 
22:17:46 **** Incremental Build of configuration Debug for project EBS_Supervisor_L4 ****
make -j8 all 
arm-none-eabi-size   EBS_Supervisor_L4.elf 
   text	   data	    bss	    dec	    hex	filename
   6888	     20	   1572	   8480	   2120	EBS_Supervisor_L4.elf
Finished building: default.size.stdout
 
22:19:36 **** Incremental Build of configuration Debug for project EBS_Supervisor_L4 ****
make -j8 all 
arm-none-eabi-size   EBS_Supervisor_L4.elf 
   text	   data	    bss	    dec	    hex	filename
   6888	     20	   1572	   8480	   2120	EBS_Supervisor_L4.elf
Finished building: default.size.stdout
 
22:19:40 **** Incremental Build of configuration Debug for project EBS_Supervisor_L4 ****
make -j8 all 
arm-none-eabi-size   EBS_Supervisor_L4.elf 
   text	   data	    bss	    dec	    hex	filename
   6888	     20	   1572	   8480	   2120	EBS_Supervisor_L4.elf
Finished building: default.size.stdout
 
17:53:16 **** Incremental Build of configuration Debug for project EBS_Supervisor_L4 ****
make -j8 all 
arm-none-eabi-gcc "../Core/Src/main.c" -mcpu=cortex-m4 -std=gnu11 -g3 -DDEBUG -DUSE_HAL_DRIVER -DSTM32L4P5xx -c -I../Core/Inc -IC:/Users/przem/STM32Cube/Repository/STM32Cube_FW_L4_V1.17.2/Drivers/STM32L4xx_HAL_Driver/Inc -IC:/Users/przem/STM32Cube/Repository/STM32Cube_FW_L4_V1.17.2/Drivers/STM32L4xx_HAL_Driver/Inc/Legacy -IC:/Users/przem/STM32Cube/Repository/STM32Cube_FW_L4_V1.17.2/Drivers/CMSIS/Device/ST/STM32L4xx/Include -IC:/Users/przem/STM32Cube/Repository/STM32Cube_FW_L4_V1.17.2/Drivers/CMSIS/Include -O0 -ffunction-sections -fdata-sections -Wall -fstack-usage -fcyclomatic-complexity -MMD -MP -MF"Core/Src/main.d" -MT"Core/Src/main.o" --specs=nano.specs -mfpu=fpv4-sp-d16 -mfloat-abi=hard -mthumb -o "Core/Src/main.o"
arm-none-eabi-g++ -o "EBS_Supervisor_L4.elf" @"objects.list"   -mcpu=cortex-m4 -T"C:\Users\przem\OneDrive\Pulpit\PUTM\PUTM_DV_ASB_2023\software\EBS_Supervisor_L4\STM32L4P5RETX_FLASH.ld" --specs=nosys.specs -Wl,-Map="EBS_Supervisor_L4.map" -Wl,--gc-sections -static --specs=nano.specs -mfpu=fpv4-sp-d16 -mfloat-abi=hard -mthumb -Wl,--start-group -lc -lm -lstdc++ -lsupc++ -Wl,--end-group
Finished building target: EBS_Supervisor_L4.elf
 
arm-none-eabi-size   EBS_Supervisor_L4.elf 
arm-none-eabi-objdump -h -S  EBS_Supervisor_L4.elf  > "EBS_Supervisor_L4.list"
   text	   data	    bss	    dec	    hex	filename
   6928	     20	   1572	   8520	   2148	EBS_Supervisor_L4.elf
Finished building: default.size.stdout
 
Finished building: EBS_Supervisor_L4.list
 
18:58:16 **** Incremental Build of configuration Debug for project EBS_Supervisor_L4 ****
make -j8 all 
arm-none-eabi-gcc "C:/Users/przem/STM32Cube/Repository/STM32Cube_FW_L4_V1.17.2/Drivers/STM32L4xx_HAL_Driver/Src/stm32l4xx_hal.c" -mcpu=cortex-m4 -std=gnu11 -g3 -DDEBUG -DUSE_HAL_DRIVER -DSTM32L4P5xx -c -I../Core/Inc -IC:/Users/przem/STM32Cube/Repository/STM32Cube_FW_L4_V1.17.2/Drivers/STM32L4xx_HAL_Driver/Inc -IC:/Users/przem/STM32Cube/Repository/STM32Cube_FW_L4_V1.17.2/Drivers/STM32L4xx_HAL_Driver/Inc/Legacy -IC:/Users/przem/STM32Cube/Repository/STM32Cube_FW_L4_V1.17.2/Drivers/CMSIS/Device/ST/STM32L4xx/Include -IC:/Users/przem/STM32Cube/Repository/STM32Cube_FW_L4_V1.17.2/Drivers/CMSIS/Include -O0 -ffunction-sections -fdata-sections -Wall -fstack-usage -fcyclomatic-complexity -MMD -MP -MF"Drivers/STM32L4xx_HAL_Driver/stm32l4xx_hal.d" -MT"Drivers/STM32L4xx_HAL_Driver/stm32l4xx_hal.o" --specs=nano.specs -mfpu=fpv4-sp-d16 -mfloat-abi=hard -mthumb -o "Drivers/STM32L4xx_HAL_Driver/stm32l4xx_hal.o"
arm-none-eabi-gcc "C:/Users/przem/STM32Cube/Repository/STM32Cube_FW_L4_V1.17.2/Drivers/STM32L4xx_HAL_Driver/Src/stm32l4xx_hal_cortex.c" -mcpu=cortex-m4 -std=gnu11 -g3 -DDEBUG -DUSE_HAL_DRIVER -DSTM32L4P5xx -c -I../Core/Inc -IC:/Users/przem/STM32Cube/Repository/STM32Cube_FW_L4_V1.17.2/Drivers/STM32L4xx_HAL_Driver/Inc -IC:/Users/przem/STM32Cube/Repository/STM32Cube_FW_L4_V1.17.2/Drivers/STM32L4xx_HAL_Driver/Inc/Legacy -IC:/Users/przem/STM32Cube/Repository/STM32Cube_FW_L4_V1.17.2/Drivers/CMSIS/Device/ST/STM32L4xx/Include -IC:/Users/przem/STM32Cube/Repository/STM32Cube_FW_L4_V1.17.2/Drivers/CMSIS/Include -O0 -ffunction-sections -fdata-sections -Wall -fstack-usage -fcyclomatic-complexity -MMD -MP -MF"Drivers/STM32L4xx_HAL_Driver/stm32l4xx_hal_cortex.d" -MT"Drivers/STM32L4xx_HAL_Driver/stm32l4xx_hal_cortex.o" --specs=nano.specs -mfpu=fpv4-sp-d16 -mfloat-abi=hard -mthumb -o "Drivers/STM32L4xx_HAL_Driver/stm32l4xx_hal_cortex.o"
arm-none-eabi-gcc "C:/Users/przem/STM32Cube/Repository/STM32Cube_FW_L4_V1.17.2/Drivers/STM32L4xx_HAL_Driver/Src/stm32l4xx_hal_dma.c" -mcpu=cortex-m4 -std=gnu11 -g3 -DDEBUG -DUSE_HAL_DRIVER -DSTM32L4P5xx -c -I../Core/Inc -IC:/Users/przem/STM32Cube/Repository/STM32Cube_FW_L4_V1.17.2/Drivers/STM32L4xx_HAL_Driver/Inc -IC:/Users/przem/STM32Cube/Repository/STM32Cube_FW_L4_V1.17.2/Drivers/STM32L4xx_HAL_Driver/Inc/Legacy -IC:/Users/przem/STM32Cube/Repository/STM32Cube_FW_L4_V1.17.2/Drivers/CMSIS/Device/ST/STM32L4xx/Include -IC:/Users/przem/STM32Cube/Repository/STM32Cube_FW_L4_V1.17.2/Drivers/CMSIS/Include -O0 -ffunction-sections -fdata-sections -Wall -fstack-usage -fcyclomatic-complexity -MMD -MP -MF"Drivers/STM32L4xx_HAL_Driver/stm32l4xx_hal_dma.d" -MT"Drivers/STM32L4xx_HAL_Driver/stm32l4xx_hal_dma.o" --specs=nano.specs -mfpu=fpv4-sp-d16 -mfloat-abi=hard -mthumb -o "Drivers/STM32L4xx_HAL_Driver/stm32l4xx_hal_dma.o"
arm-none-eabi-gcc "C:/Users/przem/STM32Cube/Repository/STM32Cube_FW_L4_V1.17.2/Drivers/STM32L4xx_HAL_Driver/Src/stm32l4xx_hal_dma_ex.c" -mcpu=cortex-m4 -std=gnu11 -g3 -DDEBUG -DUSE_HAL_DRIVER -DSTM32L4P5xx -c -I../Core/Inc -IC:/Users/przem/STM32Cube/Repository/STM32Cube_FW_L4_V1.17.2/Drivers/STM32L4xx_HAL_Driver/Inc -IC:/Users/przem/STM32Cube/Repository/STM32Cube_FW_L4_V1.17.2/Drivers/STM32L4xx_HAL_Driver/Inc/Legacy -IC:/Users/przem/STM32Cube/Repository/STM32Cube_FW_L4_V1.17.2/Drivers/CMSIS/Device/ST/STM32L4xx/Include -IC:/Users/przem/STM32Cube/Repository/STM32Cube_FW_L4_V1.17.2/Drivers/CMSIS/Include -O0 -ffunction-sections -fdata-sections -Wall -fstack-usage -fcyclomatic-complexity -MMD -MP -MF"Drivers/STM32L4xx_HAL_Driver/stm32l4xx_hal_dma_ex.d" -MT"Drivers/STM32L4xx_HAL_Driver/stm32l4xx_hal_dma_ex.o" --specs=nano.specs -mfpu=fpv4-sp-d16 -mfloat-abi=hard -mthumb -o "Drivers/STM32L4xx_HAL_Driver/stm32l4xx_hal_dma_ex.o"
arm-none-eabi-gcc "C:/Users/przem/STM32Cube/Repository/STM32Cube_FW_L4_V1.17.2/Drivers/STM32L4xx_HAL_Driver/Src/stm32l4xx_hal_exti.c" -mcpu=cortex-m4 -std=gnu11 -g3 -DDEBUG -DUSE_HAL_DRIVER -DSTM32L4P5xx -c -I../Core/Inc -IC:/Users/przem/STM32Cube/Repository/STM32Cube_FW_L4_V1.17.2/Drivers/STM32L4xx_HAL_Driver/Inc -IC:/Users/przem/STM32Cube/Repository/STM32Cube_FW_L4_V1.17.2/Drivers/STM32L4xx_HAL_Driver/Inc/Legacy -IC:/Users/przem/STM32Cube/Repository/STM32Cube_FW_L4_V1.17.2/Drivers/CMSIS/Device/ST/STM32L4xx/Include -IC:/Users/przem/STM32Cube/Repository/STM32Cube_FW_L4_V1.17.2/Drivers/CMSIS/Include -O0 -ffunction-sections -fdata-sections -Wall -fstack-usage -fcyclomatic-complexity -MMD -MP -MF"Drivers/STM32L4xx_HAL_Driver/stm32l4xx_hal_exti.d" -MT"Drivers/STM32L4xx_HAL_Driver/stm32l4xx_hal_exti.o" --specs=nano.specs -mfpu=fpv4-sp-d16 -mfloat-abi=hard -mthumb -o "Drivers/STM32L4xx_HAL_Driver/stm32l4xx_hal_exti.o"
arm-none-eabi-gcc "C:/Users/przem/STM32Cube/Repository/STM32Cube_FW_L4_V1.17.2/Drivers/STM32L4xx_HAL_Driver/Src/stm32l4xx_hal_flash.c" -mcpu=cortex-m4 -std=gnu11 -g3 -DDEBUG -DUSE_HAL_DRIVER -DSTM32L4P5xx -c -I../Core/Inc -IC:/Users/przem/STM32Cube/Repository/STM32Cube_FW_L4_V1.17.2/Drivers/STM32L4xx_HAL_Driver/Inc -IC:/Users/przem/STM32Cube/Repository/STM32Cube_FW_L4_V1.17.2/Drivers/STM32L4xx_HAL_Driver/Inc/Legacy -IC:/Users/przem/STM32Cube/Repository/STM32Cube_FW_L4_V1.17.2/Drivers/CMSIS/Device/ST/STM32L4xx/Include -IC:/Users/przem/STM32Cube/Repository/STM32Cube_FW_L4_V1.17.2/Drivers/CMSIS/Include -O0 -ffunction-sections -fdata-sections -Wall -fstack-usage -fcyclomatic-complexity -MMD -MP -MF"Drivers/STM32L4xx_HAL_Driver/stm32l4xx_hal_flash.d" -MT"Drivers/STM32L4xx_HAL_Driver/stm32l4xx_hal_flash.o" --specs=nano.specs -mfpu=fpv4-sp-d16 -mfloat-abi=hard -mthumb -o "Drivers/STM32L4xx_HAL_Driver/stm32l4xx_hal_flash.o"
arm-none-eabi-gcc "C:/Users/przem/STM32Cube/Repository/STM32Cube_FW_L4_V1.17.2/Drivers/STM32L4xx_HAL_Driver/Src/stm32l4xx_hal_flash_ex.c" -mcpu=cortex-m4 -std=gnu11 -g3 -DDEBUG -DUSE_HAL_DRIVER -DSTM32L4P5xx -c -I../Core/Inc -IC:/Users/przem/STM32Cube/Repository/STM32Cube_FW_L4_V1.17.2/Drivers/STM32L4xx_HAL_Driver/Inc -IC:/Users/przem/STM32Cube/Repository/STM32Cube_FW_L4_V1.17.2/Drivers/STM32L4xx_HAL_Driver/Inc/Legacy -IC:/Users/przem/STM32Cube/Repository/STM32Cube_FW_L4_V1.17.2/Drivers/CMSIS/Device/ST/STM32L4xx/Include -IC:/Users/przem/STM32Cube/Repository/STM32Cube_FW_L4_V1.17.2/Drivers/CMSIS/Include -O0 -ffunction-sections -fdata-sections -Wall -fstack-usage -fcyclomatic-complexity -MMD -MP -MF"Drivers/STM32L4xx_HAL_Driver/stm32l4xx_hal_flash_ex.d" -MT"Drivers/STM32L4xx_HAL_Driver/stm32l4xx_hal_flash_ex.o" --specs=nano.specs -mfpu=fpv4-sp-d16 -mfloat-abi=hard -mthumb -o "Drivers/STM32L4xx_HAL_Driver/stm32l4xx_hal_flash_ex.o"
arm-none-eabi-gcc "C:/Users/przem/STM32Cube/Repository/STM32Cube_FW_L4_V1.17.2/Drivers/STM32L4xx_HAL_Driver/Src/stm32l4xx_hal_flash_ramfunc.c" -mcpu=cortex-m4 -std=gnu11 -g3 -DDEBUG -DUSE_HAL_DRIVER -DSTM32L4P5xx -c -I../Core/Inc -IC:/Users/przem/STM32Cube/Repository/STM32Cube_FW_L4_V1.17.2/Drivers/STM32L4xx_HAL_Driver/Inc -IC:/Users/przem/STM32Cube/Repository/STM32Cube_FW_L4_V1.17.2/Drivers/STM32L4xx_HAL_Driver/Inc/Legacy -IC:/Users/przem/STM32Cube/Repository/STM32Cube_FW_L4_V1.17.2/Drivers/CMSIS/Device/ST/STM32L4xx/Include -IC:/Users/przem/STM32Cube/Repository/STM32Cube_FW_L4_V1.17.2/Drivers/CMSIS/Include -O0 -ffunction-sections -fdata-sections -Wall -fstack-usage -fcyclomatic-complexity -MMD -MP -MF"Drivers/STM32L4xx_HAL_Driver/stm32l4xx_hal_flash_ramfunc.d" -MT"Drivers/STM32L4xx_HAL_Driver/stm32l4xx_hal_flash_ramfunc.o" --specs=nano.specs -mfpu=fpv4-sp-d16 -mfloat-abi=hard -mthumb -o "Drivers/STM32L4xx_HAL_Driver/stm32l4xx_hal_flash_ramfunc.o"
arm-none-eabi-gcc "C:/Users/przem/STM32Cube/Repository/STM32Cube_FW_L4_V1.17.2/Drivers/STM32L4xx_HAL_Driver/Src/stm32l4xx_hal_gpio.c" -mcpu=cortex-m4 -std=gnu11 -g3 -DDEBUG -DUSE_HAL_DRIVER -DSTM32L4P5xx -c -I../Core/Inc -IC:/Users/przem/STM32Cube/Repository/STM32Cube_FW_L4_V1.17.2/Drivers/STM32L4xx_HAL_Driver/Inc -IC:/Users/przem/STM32Cube/Repository/STM32Cube_FW_L4_V1.17.2/Drivers/STM32L4xx_HAL_Driver/Inc/Legacy -IC:/Users/przem/STM32Cube/Repository/STM32Cube_FW_L4_V1.17.2/Drivers/CMSIS/Device/ST/STM32L4xx/Include -IC:/Users/przem/STM32Cube/Repository/STM32Cube_FW_L4_V1.17.2/Drivers/CMSIS/Include -O0 -ffunction-sections -fdata-sections -Wall -fstack-usage -fcyclomatic-complexity -MMD -MP -MF"Drivers/STM32L4xx_HAL_Driver/stm32l4xx_hal_gpio.d" -MT"Drivers/STM32L4xx_HAL_Driver/stm32l4xx_hal_gpio.o" --specs=nano.specs -mfpu=fpv4-sp-d16 -mfloat-abi=hard -mthumb -o "Drivers/STM32L4xx_HAL_Driver/stm32l4xx_hal_gpio.o"
arm-none-eabi-gcc "C:/Users/przem/STM32Cube/Repository/STM32Cube_FW_L4_V1.17.2/Drivers/STM32L4xx_HAL_Driver/Src/stm32l4xx_hal_pwr.c" -mcpu=cortex-m4 -std=gnu11 -g3 -DDEBUG -DUSE_HAL_DRIVER -DSTM32L4P5xx -c -I../Core/Inc -IC:/Users/przem/STM32Cube/Repository/STM32Cube_FW_L4_V1.17.2/Drivers/STM32L4xx_HAL_Driver/Inc -IC:/Users/przem/STM32Cube/Repository/STM32Cube_FW_L4_V1.17.2/Drivers/STM32L4xx_HAL_Driver/Inc/Legacy -IC:/Users/przem/STM32Cube/Repository/STM32Cube_FW_L4_V1.17.2/Drivers/CMSIS/Device/ST/STM32L4xx/Include -IC:/Users/przem/STM32Cube/Repository/STM32Cube_FW_L4_V1.17.2/Drivers/CMSIS/Include -O0 -ffunction-sections -fdata-sections -Wall -fstack-usage -fcyclomatic-complexity -MMD -MP -MF"Drivers/STM32L4xx_HAL_Driver/stm32l4xx_hal_pwr.d" -MT"Drivers/STM32L4xx_HAL_Driver/stm32l4xx_hal_pwr.o" --specs=nano.specs -mfpu=fpv4-sp-d16 -mfloat-abi=hard -mthumb -o "Drivers/STM32L4xx_HAL_Driver/stm32l4xx_hal_pwr.o"
arm-none-eabi-gcc "C:/Users/przem/STM32Cube/Repository/STM32Cube_FW_L4_V1.17.2/Drivers/STM32L4xx_HAL_Driver/Src/stm32l4xx_hal_pwr_ex.c" -mcpu=cortex-m4 -std=gnu11 -g3 -DDEBUG -DUSE_HAL_DRIVER -DSTM32L4P5xx -c -I../Core/Inc -IC:/Users/przem/STM32Cube/Repository/STM32Cube_FW_L4_V1.17.2/Drivers/STM32L4xx_HAL_Driver/Inc -IC:/Users/przem/STM32Cube/Repository/STM32Cube_FW_L4_V1.17.2/Drivers/STM32L4xx_HAL_Driver/Inc/Legacy -IC:/Users/przem/STM32Cube/Repository/STM32Cube_FW_L4_V1.17.2/Drivers/CMSIS/Device/ST/STM32L4xx/Include -IC:/Users/przem/STM32Cube/Repository/STM32Cube_FW_L4_V1.17.2/Drivers/CMSIS/Include -O0 -ffunction-sections -fdata-sections -Wall -fstack-usage -fcyclomatic-complexity -MMD -MP -MF"Drivers/STM32L4xx_HAL_Driver/stm32l4xx_hal_pwr_ex.d" -MT"Drivers/STM32L4xx_HAL_Driver/stm32l4xx_hal_pwr_ex.o" --specs=nano.specs -mfpu=fpv4-sp-d16 -mfloat-abi=hard -mthumb -o "Drivers/STM32L4xx_HAL_Driver/stm32l4xx_hal_pwr_ex.o"
arm-none-eabi-gcc "C:/Users/przem/STM32Cube/Repository/STM32Cube_FW_L4_V1.17.2/Drivers/STM32L4xx_HAL_Driver/Src/stm32l4xx_hal_rcc.c" -mcpu=cortex-m4 -std=gnu11 -g3 -DDEBUG -DUSE_HAL_DRIVER -DSTM32L4P5xx -c -I../Core/Inc -IC:/Users/przem/STM32Cube/Repository/STM32Cube_FW_L4_V1.17.2/Drivers/STM32L4xx_HAL_Driver/Inc -IC:/Users/przem/STM32Cube/Repository/STM32Cube_FW_L4_V1.17.2/Drivers/STM32L4xx_HAL_Driver/Inc/Legacy -IC:/Users/przem/STM32Cube/Repository/STM32Cube_FW_L4_V1.17.2/Drivers/CMSIS/Device/ST/STM32L4xx/Include -IC:/Users/przem/STM32Cube/Repository/STM32Cube_FW_L4_V1.17.2/Drivers/CMSIS/Include -O0 -ffunction-sections -fdata-sections -Wall -fstack-usage -fcyclomatic-complexity -MMD -MP -MF"Drivers/STM32L4xx_HAL_Driver/stm32l4xx_hal_rcc.d" -MT"Drivers/STM32L4xx_HAL_Driver/stm32l4xx_hal_rcc.o" --specs=nano.specs -mfpu=fpv4-sp-d16 -mfloat-abi=hard -mthumb -o "Drivers/STM32L4xx_HAL_Driver/stm32l4xx_hal_rcc.o"
arm-none-eabi-gcc "C:/Users/przem/STM32Cube/Repository/STM32Cube_FW_L4_V1.17.2/Drivers/STM32L4xx_HAL_Driver/Src/stm32l4xx_hal_rcc_ex.c" -mcpu=cortex-m4 -std=gnu11 -g3 -DDEBUG -DUSE_HAL_DRIVER -DSTM32L4P5xx -c -I../Core/Inc -IC:/Users/przem/STM32Cube/Repository/STM32Cube_FW_L4_V1.17.2/Drivers/STM32L4xx_HAL_Driver/Inc -IC:/Users/przem/STM32Cube/Repository/STM32Cube_FW_L4_V1.17.2/Drivers/STM32L4xx_HAL_Driver/Inc/Legacy -IC:/Users/przem/STM32Cube/Repository/STM32Cube_FW_L4_V1.17.2/Drivers/CMSIS/Device/ST/STM32L4xx/Include -IC:/Users/przem/STM32Cube/Repository/STM32Cube_FW_L4_V1.17.2/Drivers/CMSIS/Include -O0 -ffunction-sections -fdata-sections -Wall -fstack-usage -fcyclomatic-complexity -MMD -MP -MF"Drivers/STM32L4xx_HAL_Driver/stm32l4xx_hal_rcc_ex.d" -MT"Drivers/STM32L4xx_HAL_Driver/stm32l4xx_hal_rcc_ex.o" --specs=nano.specs -mfpu=fpv4-sp-d16 -mfloat-abi=hard -mthumb -o "Drivers/STM32L4xx_HAL_Driver/stm32l4xx_hal_rcc_ex.o"
arm-none-eabi-gcc "C:/Users/przem/STM32Cube/Repository/STM32Cube_FW_L4_V1.17.2/Drivers/STM32L4xx_HAL_Driver/Src/stm32l4xx_hal_tim.c" -mcpu=cortex-m4 -std=gnu11 -g3 -DDEBUG -DUSE_HAL_DRIVER -DSTM32L4P5xx -c -I../Core/Inc -IC:/Users/przem/STM32Cube/Repository/STM32Cube_FW_L4_V1.17.2/Drivers/STM32L4xx_HAL_Driver/Inc -IC:/Users/przem/STM32Cube/Repository/STM32Cube_FW_L4_V1.17.2/Drivers/STM32L4xx_HAL_Driver/Inc/Legacy -IC:/Users/przem/STM32Cube/Repository/STM32Cube_FW_L4_V1.17.2/Drivers/CMSIS/Device/ST/STM32L4xx/Include -IC:/Users/przem/STM32Cube/Repository/STM32Cube_FW_L4_V1.17.2/Drivers/CMSIS/Include -O0 -ffunction-sections -fdata-sections -Wall -fstack-usage -fcyclomatic-complexity -MMD -MP -MF"Drivers/STM32L4xx_HAL_Driver/stm32l4xx_hal_tim.d" -MT"Drivers/STM32L4xx_HAL_Driver/stm32l4xx_hal_tim.o" --specs=nano.specs -mfpu=fpv4-sp-d16 -mfloat-abi=hard -mthumb -o "Drivers/STM32L4xx_HAL_Driver/stm32l4xx_hal_tim.o"
arm-none-eabi-gcc "C:/Users/przem/STM32Cube/Repository/STM32Cube_FW_L4_V1.17.2/Drivers/STM32L4xx_HAL_Driver/Src/stm32l4xx_hal_tim_ex.c" -mcpu=cortex-m4 -std=gnu11 -g3 -DDEBUG -DUSE_HAL_DRIVER -DSTM32L4P5xx -c -I../Core/Inc -IC:/Users/przem/STM32Cube/Repository/STM32Cube_FW_L4_V1.17.2/Drivers/STM32L4xx_HAL_Driver/Inc -IC:/Users/przem/STM32Cube/Repository/STM32Cube_FW_L4_V1.17.2/Drivers/STM32L4xx_HAL_Driver/Inc/Legacy -IC:/Users/przem/STM32Cube/Repository/STM32Cube_FW_L4_V1.17.2/Drivers/CMSIS/Device/ST/STM32L4xx/Include -IC:/Users/przem/STM32Cube/Repository/STM32Cube_FW_L4_V1.17.2/Drivers/CMSIS/Include -O0 -ffunction-sections -fdata-sections -Wall -fstack-usage -fcyclomatic-complexity -MMD -MP -MF"Drivers/STM32L4xx_HAL_Driver/stm32l4xx_hal_tim_ex.d" -MT"Drivers/STM32L4xx_HAL_Driver/stm32l4xx_hal_tim_ex.o" --specs=nano.specs -mfpu=fpv4-sp-d16 -mfloat-abi=hard -mthumb -o "Drivers/STM32L4xx_HAL_Driver/stm32l4xx_hal_tim_ex.o"
arm-none-eabi-gcc "../Core/Src/main.c" -mcpu=cortex-m4 -std=gnu11 -g3 -DDEBUG -DUSE_HAL_DRIVER -DSTM32L4P5xx -c -I../Core/Inc -IC:/Users/przem/STM32Cube/Repository/STM32Cube_FW_L4_V1.17.2/Drivers/STM32L4xx_HAL_Driver/Inc -IC:/Users/przem/STM32Cube/Repository/STM32Cube_FW_L4_V1.17.2/Drivers/STM32L4xx_HAL_Driver/Inc/Legacy -IC:/Users/przem/STM32Cube/Repository/STM32Cube_FW_L4_V1.17.2/Drivers/CMSIS/Device/ST/STM32L4xx/Include -IC:/Users/przem/STM32Cube/Repository/STM32Cube_FW_L4_V1.17.2/Drivers/CMSIS/Include -O0 -ffunction-sections -fdata-sections -Wall -fstack-usage -fcyclomatic-complexity -MMD -MP -MF"Core/Src/main.d" -MT"Core/Src/main.o" --specs=nano.specs -mfpu=fpv4-sp-d16 -mfloat-abi=hard -mthumb -o "Core/Src/main.o"
arm-none-eabi-gcc "../Core/Src/stm32l4xx_hal_msp.c" -mcpu=cortex-m4 -std=gnu11 -g3 -DDEBUG -DUSE_HAL_DRIVER -DSTM32L4P5xx -c -I../Core/Inc -IC:/Users/przem/STM32Cube/Repository/STM32Cube_FW_L4_V1.17.2/Drivers/STM32L4xx_HAL_Driver/Inc -IC:/Users/przem/STM32Cube/Repository/STM32Cube_FW_L4_V1.17.2/Drivers/STM32L4xx_HAL_Driver/Inc/Legacy -IC:/Users/przem/STM32Cube/Repository/STM32Cube_FW_L4_V1.17.2/Drivers/CMSIS/Device/ST/STM32L4xx/Include -IC:/Users/przem/STM32Cube/Repository/STM32Cube_FW_L4_V1.17.2/Drivers/CMSIS/Include -O0 -ffunction-sections -fdata-sections -Wall -fstack-usage -fcyclomatic-complexity -MMD -MP -MF"Core/Src/stm32l4xx_hal_msp.d" -MT"Core/Src/stm32l4xx_hal_msp.o" --specs=nano.specs -mfpu=fpv4-sp-d16 -mfloat-abi=hard -mthumb -o "Core/Src/stm32l4xx_hal_msp.o"
arm-none-eabi-gcc "../Core/Src/stm32l4xx_it.c" -mcpu=cortex-m4 -std=gnu11 -g3 -DDEBUG -DUSE_HAL_DRIVER -DSTM32L4P5xx -c -I../Core/Inc -IC:/Users/przem/STM32Cube/Repository/STM32Cube_FW_L4_V1.17.2/Drivers/STM32L4xx_HAL_Driver/Inc -IC:/Users/przem/STM32Cube/Repository/STM32Cube_FW_L4_V1.17.2/Drivers/STM32L4xx_HAL_Driver/Inc/Legacy -IC:/Users/przem/STM32Cube/Repository/STM32Cube_FW_L4_V1.17.2/Drivers/CMSIS/Device/ST/STM32L4xx/Include -IC:/Users/przem/STM32Cube/Repository/STM32Cube_FW_L4_V1.17.2/Drivers/CMSIS/Include -O0 -ffunction-sections -fdata-sections -Wall -fstack-usage -fcyclomatic-complexity -MMD -MP -MF"Core/Src/stm32l4xx_it.d" -MT"Core/Src/stm32l4xx_it.o" --specs=nano.specs -mfpu=fpv4-sp-d16 -mfloat-abi=hard -mthumb -o "Core/Src/stm32l4xx_it.o"
arm-none-eabi-gcc "../Core/Src/syscalls.c" -mcpu=cortex-m4 -std=gnu11 -g3 -DDEBUG -DUSE_HAL_DRIVER -DSTM32L4P5xx -c -I../Core/Inc -IC:/Users/przem/STM32Cube/Repository/STM32Cube_FW_L4_V1.17.2/Drivers/STM32L4xx_HAL_Driver/Inc -IC:/Users/przem/STM32Cube/Repository/STM32Cube_FW_L4_V1.17.2/Drivers/STM32L4xx_HAL_Driver/Inc/Legacy -IC:/Users/przem/STM32Cube/Repository/STM32Cube_FW_L4_V1.17.2/Drivers/CMSIS/Device/ST/STM32L4xx/Include -IC:/Users/przem/STM32Cube/Repository/STM32Cube_FW_L4_V1.17.2/Drivers/CMSIS/Include -O0 -ffunction-sections -fdata-sections -Wall -fstack-usage -fcyclomatic-complexity -MMD -MP -MF"Core/Src/syscalls.d" -MT"Core/Src/syscalls.o" --specs=nano.specs -mfpu=fpv4-sp-d16 -mfloat-abi=hard -mthumb -o "Core/Src/syscalls.o"
arm-none-eabi-gcc "../Core/Src/sysmem.c" -mcpu=cortex-m4 -std=gnu11 -g3 -DDEBUG -DUSE_HAL_DRIVER -DSTM32L4P5xx -c -I../Core/Inc -IC:/Users/przem/STM32Cube/Repository/STM32Cube_FW_L4_V1.17.2/Drivers/STM32L4xx_HAL_Driver/Inc -IC:/Users/przem/STM32Cube/Repository/STM32Cube_FW_L4_V1.17.2/Drivers/STM32L4xx_HAL_Driver/Inc/Legacy -IC:/Users/przem/STM32Cube/Repository/STM32Cube_FW_L4_V1.17.2/Drivers/CMSIS/Device/ST/STM32L4xx/Include -IC:/Users/przem/STM32Cube/Repository/STM32Cube_FW_L4_V1.17.2/Drivers/CMSIS/Include -O0 -ffunction-sections -fdata-sections -Wall -fstack-usage -fcyclomatic-complexity -MMD -MP -MF"Core/Src/sysmem.d" -MT"Core/Src/sysmem.o" --specs=nano.specs -mfpu=fpv4-sp-d16 -mfloat-abi=hard -mthumb -o "Core/Src/sysmem.o"
arm-none-eabi-gcc "../Core/Src/system_stm32l4xx.c" -mcpu=cortex-m4 -std=gnu11 -g3 -DDEBUG -DUSE_HAL_DRIVER -DSTM32L4P5xx -c -I../Core/Inc -IC:/Users/przem/STM32Cube/Repository/STM32Cube_FW_L4_V1.17.2/Drivers/STM32L4xx_HAL_Driver/Inc -IC:/Users/przem/STM32Cube/Repository/STM32Cube_FW_L4_V1.17.2/Drivers/STM32L4xx_HAL_Driver/Inc/Legacy -IC:/Users/przem/STM32Cube/Repository/STM32Cube_FW_L4_V1.17.2/Drivers/CMSIS/Device/ST/STM32L4xx/Include -IC:/Users/przem/STM32Cube/Repository/STM32Cube_FW_L4_V1.17.2/Drivers/CMSIS/Include -O0 -ffunction-sections -fdata-sections -Wall -fstack-usage -fcyclomatic-complexity -MMD -MP -MF"Core/Src/system_stm32l4xx.d" -MT"Core/Src/system_stm32l4xx.o" --specs=nano.specs -mfpu=fpv4-sp-d16 -mfloat-abi=hard -mthumb -o "Core/Src/system_stm32l4xx.o"
arm-none-eabi-g++ -o "EBS_Supervisor_L4.elf" @"objects.list"   -mcpu=cortex-m4 -T"C:\Users\przem\OneDrive\Pulpit\PUTM\PUTM_DV_ASB_2023\software\EBS_Supervisor_L4\STM32L4P5RETX_FLASH.ld" --specs=nosys.specs -Wl,-Map="EBS_Supervisor_L4.map" -Wl,--gc-sections -static --specs=nano.specs -mfpu=fpv4-sp-d16 -mfloat-abi=hard -mthumb -Wl,--start-group -lc -lm -lstdc++ -lsupc++ -Wl,--end-group
Finished building target: EBS_Supervisor_L4.elf
 
arm-none-eabi-size   EBS_Supervisor_L4.elf 
arm-none-eabi-objdump -h -S  EBS_Supervisor_L4.elf  > "EBS_Supervisor_L4.list"
   text	   data	    bss	    dec	    hex	filename
  11016	     20	   1644	  12680	   3188	EBS_Supervisor_L4.elf
Finished building: default.size.stdout
 
Finished building: EBS_Supervisor_L4.list
 
19:03:05 **** Incremental Build of configuration Debug for project EBS_Supervisor_L4 ****
make -j8 all 
arm-none-eabi-gcc "../Core/Src/main.c" -mcpu=cortex-m4 -std=gnu11 -g3 -DDEBUG -DUSE_HAL_DRIVER -DSTM32L4P5xx -c -I../Core/Inc -IC:/Users/przem/STM32Cube/Repository/STM32Cube_FW_L4_V1.17.2/Drivers/STM32L4xx_HAL_Driver/Inc -IC:/Users/przem/STM32Cube/Repository/STM32Cube_FW_L4_V1.17.2/Drivers/STM32L4xx_HAL_Driver/Inc/Legacy -IC:/Users/przem/STM32Cube/Repository/STM32Cube_FW_L4_V1.17.2/Drivers/CMSIS/Device/ST/STM32L4xx/Include -IC:/Users/przem/STM32Cube/Repository/STM32Cube_FW_L4_V1.17.2/Drivers/CMSIS/Include -O0 -ffunction-sections -fdata-sections -Wall -fstack-usage -fcyclomatic-complexity -MMD -MP -MF"Core/Src/main.d" -MT"Core/Src/main.o" --specs=nano.specs -mfpu=fpv4-sp-d16 -mfloat-abi=hard -mthumb -o "Core/Src/main.o"
arm-none-eabi-g++ -o "EBS_Supervisor_L4.elf" @"objects.list"   -mcpu=cortex-m4 -T"C:\Users\przem\OneDrive\Pulpit\PUTM\PUTM_DV_ASB_2023\software\EBS_Supervisor_L4\STM32L4P5RETX_FLASH.ld" --specs=nosys.specs -Wl,-Map="EBS_Supervisor_L4.map" -Wl,--gc-sections -static --specs=nano.specs -mfpu=fpv4-sp-d16 -mfloat-abi=hard -mthumb -Wl,--start-group -lc -lm -lstdc++ -lsupc++ -Wl,--end-group
Finished building target: EBS_Supervisor_L4.elf
 
arm-none-eabi-size   EBS_Supervisor_L4.elf 
arm-none-eabi-objdump -h -S  EBS_Supervisor_L4.elf  > "EBS_Supervisor_L4.list"
   text	   data	    bss	    dec	    hex	filename
  11016	     20	   1644	  12680	   3188	EBS_Supervisor_L4.elf
Finished building: default.size.stdout
 
Finished building: EBS_Supervisor_L4.list
 
19:04:44 **** Incremental Build of configuration Debug for project EBS_Supervisor_L4 ****
make -j8 all 
arm-none-eabi-gcc "../Core/Src/main.c" -mcpu=cortex-m4 -std=gnu11 -g3 -DDEBUG -DUSE_HAL_DRIVER -DSTM32L4P5xx -c -I../Core/Inc -IC:/Users/przem/STM32Cube/Repository/STM32Cube_FW_L4_V1.17.2/Drivers/STM32L4xx_HAL_Driver/Inc -IC:/Users/przem/STM32Cube/Repository/STM32Cube_FW_L4_V1.17.2/Drivers/STM32L4xx_HAL_Driver/Inc/Legacy -IC:/Users/przem/STM32Cube/Repository/STM32Cube_FW_L4_V1.17.2/Drivers/CMSIS/Device/ST/STM32L4xx/Include -IC:/Users/przem/STM32Cube/Repository/STM32Cube_FW_L4_V1.17.2/Drivers/CMSIS/Include -O0 -ffunction-sections -fdata-sections -Wall -fstack-usage -fcyclomatic-complexity -MMD -MP -MF"Core/Src/main.d" -MT"Core/Src/main.o" --specs=nano.specs -mfpu=fpv4-sp-d16 -mfloat-abi=hard -mthumb -o "Core/Src/main.o"
arm-none-eabi-g++ -o "EBS_Supervisor_L4.elf" @"objects.list"   -mcpu=cortex-m4 -T"C:\Users\przem\OneDrive\Pulpit\PUTM\PUTM_DV_ASB_2023\software\EBS_Supervisor_L4\STM32L4P5RETX_FLASH.ld" --specs=nosys.specs -Wl,-Map="EBS_Supervisor_L4.map" -Wl,--gc-sections -static --specs=nano.specs -mfpu=fpv4-sp-d16 -mfloat-abi=hard -mthumb -Wl,--start-group -lc -lm -lstdc++ -lsupc++ -Wl,--end-group
Finished building target: EBS_Supervisor_L4.elf
 
arm-none-eabi-size   EBS_Supervisor_L4.elf 
arm-none-eabi-objdump -h -S  EBS_Supervisor_L4.elf  > "EBS_Supervisor_L4.list"
   text	   data	    bss	    dec	    hex	filename
  11016	     20	   1644	  12680	   3188	EBS_Supervisor_L4.elf
Finished building: default.size.stdout
 
Finished building: EBS_Supervisor_L4.list
 
19:07:54 **** Incremental Build of configuration Debug for project EBS_Supervisor_L4 ****
make -j8 all 
arm-none-eabi-gcc "../Core/Src/main.c" -mcpu=cortex-m4 -std=gnu11 -g3 -DDEBUG -DUSE_HAL_DRIVER -DSTM32L4P5xx -c -I../Core/Inc -IC:/Users/przem/STM32Cube/Repository/STM32Cube_FW_L4_V1.17.2/Drivers/STM32L4xx_HAL_Driver/Inc -IC:/Users/przem/STM32Cube/Repository/STM32Cube_FW_L4_V1.17.2/Drivers/STM32L4xx_HAL_Driver/Inc/Legacy -IC:/Users/przem/STM32Cube/Repository/STM32Cube_FW_L4_V1.17.2/Drivers/CMSIS/Device/ST/STM32L4xx/Include -IC:/Users/przem/STM32Cube/Repository/STM32Cube_FW_L4_V1.17.2/Drivers/CMSIS/Include -O0 -ffunction-sections -fdata-sections -Wall -fstack-usage -fcyclomatic-complexity -MMD -MP -MF"Core/Src/main.d" -MT"Core/Src/main.o" --specs=nano.specs -mfpu=fpv4-sp-d16 -mfloat-abi=hard -mthumb -o "Core/Src/main.o"
arm-none-eabi-g++ -o "EBS_Supervisor_L4.elf" @"objects.list"   -mcpu=cortex-m4 -T"C:\Users\przem\OneDrive\Pulpit\PUTM\PUTM_DV_ASB_2023\software\EBS_Supervisor_L4\STM32L4P5RETX_FLASH.ld" --specs=nosys.specs -Wl,-Map="EBS_Supervisor_L4.map" -Wl,--gc-sections -static --specs=nano.specs -mfpu=fpv4-sp-d16 -mfloat-abi=hard -mthumb -Wl,--start-group -lc -lm -lstdc++ -lsupc++ -Wl,--end-group
Finished building target: EBS_Supervisor_L4.elf
 
arm-none-eabi-size   EBS_Supervisor_L4.elf 
arm-none-eabi-objdump -h -S  EBS_Supervisor_L4.elf  > "EBS_Supervisor_L4.list"
   text	   data	    bss	    dec	    hex	filename
  11016	     20	   1644	  12680	   3188	EBS_Supervisor_L4.elf
Finished building: default.size.stdout
 
Finished building: EBS_Supervisor_L4.list
 
19:12:28 **** Incremental Build of configuration Debug for project EBS_Supervisor_L4 ****
make -j8 all 
arm-none-eabi-gcc "../Core/Src/main.c" -mcpu=cortex-m4 -std=gnu11 -g3 -DDEBUG -DUSE_HAL_DRIVER -DSTM32L4P5xx -c -I../Core/Inc -IC:/Users/przem/STM32Cube/Repository/STM32Cube_FW_L4_V1.17.2/Drivers/STM32L4xx_HAL_Driver/Inc -IC:/Users/przem/STM32Cube/Repository/STM32Cube_FW_L4_V1.17.2/Drivers/STM32L4xx_HAL_Driver/Inc/Legacy -IC:/Users/przem/STM32Cube/Repository/STM32Cube_FW_L4_V1.17.2/Drivers/CMSIS/Device/ST/STM32L4xx/Include -IC:/Users/przem/STM32Cube/Repository/STM32Cube_FW_L4_V1.17.2/Drivers/CMSIS/Include -O0 -ffunction-sections -fdata-sections -Wall -fstack-usage -fcyclomatic-complexity -MMD -MP -MF"Core/Src/main.d" -MT"Core/Src/main.o" --specs=nano.specs -mfpu=fpv4-sp-d16 -mfloat-abi=hard -mthumb -o "Core/Src/main.o"
arm-none-eabi-g++ -o "EBS_Supervisor_L4.elf" @"objects.list"   -mcpu=cortex-m4 -T"C:\Users\przem\OneDrive\Pulpit\PUTM\PUTM_DV_ASB_2023\software\EBS_Supervisor_L4\STM32L4P5RETX_FLASH.ld" --specs=nosys.specs -Wl,-Map="EBS_Supervisor_L4.map" -Wl,--gc-sections -static --specs=nano.specs -mfpu=fpv4-sp-d16 -mfloat-abi=hard -mthumb -Wl,--start-group -lc -lm -lstdc++ -lsupc++ -Wl,--end-group
Finished building target: EBS_Supervisor_L4.elf
 
arm-none-eabi-size   EBS_Supervisor_L4.elf 
arm-none-eabi-objdump -h -S  EBS_Supervisor_L4.elf  > "EBS_Supervisor_L4.list"
   text	   data	    bss	    dec	    hex	filename
  11640	     20	   1644	  13304	   33f8	EBS_Supervisor_L4.elf
Finished building: default.size.stdout
 
Finished building: EBS_Supervisor_L4.list
 
19:15:33 **** Incremental Build of configuration Debug for project EBS_Supervisor_L4 ****
make -j8 all 
arm-none-eabi-gcc "../Core/Src/main.c" -mcpu=cortex-m4 -std=gnu11 -g3 -DDEBUG -DUSE_HAL_DRIVER -DSTM32L4P5xx -c -I../Core/Inc -IC:/Users/przem/STM32Cube/Repository/STM32Cube_FW_L4_V1.17.2/Drivers/STM32L4xx_HAL_Driver/Inc -IC:/Users/przem/STM32Cube/Repository/STM32Cube_FW_L4_V1.17.2/Drivers/STM32L4xx_HAL_Driver/Inc/Legacy -IC:/Users/przem/STM32Cube/Repository/STM32Cube_FW_L4_V1.17.2/Drivers/CMSIS/Device/ST/STM32L4xx/Include -IC:/Users/przem/STM32Cube/Repository/STM32Cube_FW_L4_V1.17.2/Drivers/CMSIS/Include -O0 -ffunction-sections -fdata-sections -Wall -fstack-usage -fcyclomatic-complexity -MMD -MP -MF"Core/Src/main.d" -MT"Core/Src/main.o" --specs=nano.specs -mfpu=fpv4-sp-d16 -mfloat-abi=hard -mthumb -o "Core/Src/main.o"
arm-none-eabi-g++ -o "EBS_Supervisor_L4.elf" @"objects.list"   -mcpu=cortex-m4 -T"C:\Users\przem\OneDrive\Pulpit\PUTM\PUTM_DV_ASB_2023\software\EBS_Supervisor_L4\STM32L4P5RETX_FLASH.ld" --specs=nosys.specs -Wl,-Map="EBS_Supervisor_L4.map" -Wl,--gc-sections -static --specs=nano.specs -mfpu=fpv4-sp-d16 -mfloat-abi=hard -mthumb -Wl,--start-group -lc -lm -lstdc++ -lsupc++ -Wl,--end-group
Finished building target: EBS_Supervisor_L4.elf
 
arm-none-eabi-size   EBS_Supervisor_L4.elf 
arm-none-eabi-objdump -h -S  EBS_Supervisor_L4.elf  > "EBS_Supervisor_L4.list"
   text	   data	    bss	    dec	    hex	filename
  11644	     20	   1644	  13308	   33fc	EBS_Supervisor_L4.elf
Finished building: default.size.stdout
 
Finished building: EBS_Supervisor_L4.list
 
19:15:48 **** Incremental Build of configuration Debug for project EBS_Supervisor_L4 ****
make -j8 all 
arm-none-eabi-size   EBS_Supervisor_L4.elf 
   text	   data	    bss	    dec	    hex	filename
  11644	     20	   1644	  13308	   33fc	EBS_Supervisor_L4.elf
Finished building: default.size.stdout
 
19:17:56 **** Incremental Build of configuration Debug for project EBS_Supervisor_L4 ****
make -j8 all 
arm-none-eabi-gcc "../Core/Src/main.c" -mcpu=cortex-m4 -std=gnu11 -g3 -DDEBUG -DUSE_HAL_DRIVER -DSTM32L4P5xx -c -I../Core/Inc -IC:/Users/przem/STM32Cube/Repository/STM32Cube_FW_L4_V1.17.2/Drivers/STM32L4xx_HAL_Driver/Inc -IC:/Users/przem/STM32Cube/Repository/STM32Cube_FW_L4_V1.17.2/Drivers/STM32L4xx_HAL_Driver/Inc/Legacy -IC:/Users/przem/STM32Cube/Repository/STM32Cube_FW_L4_V1.17.2/Drivers/CMSIS/Device/ST/STM32L4xx/Include -IC:/Users/przem/STM32Cube/Repository/STM32Cube_FW_L4_V1.17.2/Drivers/CMSIS/Include -O0 -ffunction-sections -fdata-sections -Wall -fstack-usage -fcyclomatic-complexity -MMD -MP -MF"Core/Src/main.d" -MT"Core/Src/main.o" --specs=nano.specs -mfpu=fpv4-sp-d16 -mfloat-abi=hard -mthumb -o "Core/Src/main.o"
arm-none-eabi-g++ -o "EBS_Supervisor_L4.elf" @"objects.list"   -mcpu=cortex-m4 -T"C:\Users\przem\OneDrive\Pulpit\PUTM\PUTM_DV_ASB_2023\software\EBS_Supervisor_L4\STM32L4P5RETX_FLASH.ld" --specs=nosys.specs -Wl,-Map="EBS_Supervisor_L4.map" -Wl,--gc-sections -static --specs=nano.specs -mfpu=fpv4-sp-d16 -mfloat-abi=hard -mthumb -Wl,--start-group -lc -lm -lstdc++ -lsupc++ -Wl,--end-group
Finished building target: EBS_Supervisor_L4.elf
 
arm-none-eabi-size   EBS_Supervisor_L4.elf 
arm-none-eabi-objdump -h -S  EBS_Supervisor_L4.elf  > "EBS_Supervisor_L4.list"
   text	   data	    bss	    dec	    hex	filename
  11644	     20	   1644	  13308	   33fc	EBS_Supervisor_L4.elf
Finished building: default.size.stdout
 
Finished building: EBS_Supervisor_L4.list
 
19:19:00 **** Incremental Build of configuration Debug for project EBS_Supervisor_L4 ****
make -j8 all 
arm-none-eabi-gcc "../Core/Src/main.c" -mcpu=cortex-m4 -std=gnu11 -g3 -DDEBUG -DUSE_HAL_DRIVER -DSTM32L4P5xx -c -I../Core/Inc -IC:/Users/przem/STM32Cube/Repository/STM32Cube_FW_L4_V1.17.2/Drivers/STM32L4xx_HAL_Driver/Inc -IC:/Users/przem/STM32Cube/Repository/STM32Cube_FW_L4_V1.17.2/Drivers/STM32L4xx_HAL_Driver/Inc/Legacy -IC:/Users/przem/STM32Cube/Repository/STM32Cube_FW_L4_V1.17.2/Drivers/CMSIS/Device/ST/STM32L4xx/Include -IC:/Users/przem/STM32Cube/Repository/STM32Cube_FW_L4_V1.17.2/Drivers/CMSIS/Include -O0 -ffunction-sections -fdata-sections -Wall -fstack-usage -fcyclomatic-complexity -MMD -MP -MF"Core/Src/main.d" -MT"Core/Src/main.o" --specs=nano.specs -mfpu=fpv4-sp-d16 -mfloat-abi=hard -mthumb -o "Core/Src/main.o"
arm-none-eabi-g++ -o "EBS_Supervisor_L4.elf" @"objects.list"   -mcpu=cortex-m4 -T"C:\Users\przem\OneDrive\Pulpit\PUTM\PUTM_DV_ASB_2023\software\EBS_Supervisor_L4\STM32L4P5RETX_FLASH.ld" --specs=nosys.specs -Wl,-Map="EBS_Supervisor_L4.map" -Wl,--gc-sections -static --specs=nano.specs -mfpu=fpv4-sp-d16 -mfloat-abi=hard -mthumb -Wl,--start-group -lc -lm -lstdc++ -lsupc++ -Wl,--end-group
Finished building target: EBS_Supervisor_L4.elf
 
arm-none-eabi-size   EBS_Supervisor_L4.elf 
arm-none-eabi-objdump -h -S  EBS_Supervisor_L4.elf  > "EBS_Supervisor_L4.list"
   text	   data	    bss	    dec	    hex	filename
  11644	     20	   1644	  13308	   33fc	EBS_Supervisor_L4.elf
Finished building: default.size.stdout
 
Finished building: EBS_Supervisor_L4.list
 
19:24:12 **** Incremental Build of configuration Debug for project EBS_Supervisor_L4 ****
make -j8 all 
arm-none-eabi-gcc "../Core/Src/main.c" -mcpu=cortex-m4 -std=gnu11 -g3 -DDEBUG -DUSE_HAL_DRIVER -DSTM32L4P5xx -c -I../Core/Inc -IC:/Users/przem/STM32Cube/Repository/STM32Cube_FW_L4_V1.17.2/Drivers/STM32L4xx_HAL_Driver/Inc -IC:/Users/przem/STM32Cube/Repository/STM32Cube_FW_L4_V1.17.2/Drivers/STM32L4xx_HAL_Driver/Inc/Legacy -IC:/Users/przem/STM32Cube/Repository/STM32Cube_FW_L4_V1.17.2/Drivers/CMSIS/Device/ST/STM32L4xx/Include -IC:/Users/przem/STM32Cube/Repository/STM32Cube_FW_L4_V1.17.2/Drivers/CMSIS/Include -O0 -ffunction-sections -fdata-sections -Wall -fstack-usage -fcyclomatic-complexity -MMD -MP -MF"Core/Src/main.d" -MT"Core/Src/main.o" --specs=nano.specs -mfpu=fpv4-sp-d16 -mfloat-abi=hard -mthumb -o "Core/Src/main.o"
arm-none-eabi-g++ -o "EBS_Supervisor_L4.elf" @"objects.list"   -mcpu=cortex-m4 -T"C:\Users\przem\OneDrive\Pulpit\PUTM\PUTM_DV_ASB_2023\software\EBS_Supervisor_L4\STM32L4P5RETX_FLASH.ld" --specs=nosys.specs -Wl,-Map="EBS_Supervisor_L4.map" -Wl,--gc-sections -static --specs=nano.specs -mfpu=fpv4-sp-d16 -mfloat-abi=hard -mthumb -Wl,--start-group -lc -lm -lstdc++ -lsupc++ -Wl,--end-group
Finished building target: EBS_Supervisor_L4.elf
 
arm-none-eabi-size   EBS_Supervisor_L4.elf 
arm-none-eabi-objdump -h -S  EBS_Supervisor_L4.elf  > "EBS_Supervisor_L4.list"
   text	   data	    bss	    dec	    hex	filename
  11644	     20	   1644	  13308	   33fc	EBS_Supervisor_L4.elf
Finished building: default.size.stdout
 
Finished building: EBS_Supervisor_L4.list
 
19:41:54 **** Incremental Build of configuration Debug for project EBS_Supervisor ****
make -j8 all 
arm-none-eabi-size   EBS_Supervisor.elf 
   text	   data	    bss	    dec	    hex	filename
  20108	    748	   2012	  22868	   5954	EBS_Supervisor.elf
Finished building: default.size.stdout
 
19:41:55 **** Incremental Build of configuration Debug for project EBS_Supervisor_L4 ****
make -j8 all 
arm-none-eabi-gcc "C:/Users/przem/STM32Cube/Repository/STM32Cube_FW_L4_V1.17.2/Drivers/STM32L4xx_HAL_Driver/Src/stm32l4xx_hal.c" -mcpu=cortex-m4 -std=gnu11 -g3 -DDEBUG -DUSE_HAL_DRIVER -DSTM32L4P5xx -c -I../Core/Inc -IC:/Users/przem/STM32Cube/Repository/STM32Cube_FW_L4_V1.17.2/Drivers/STM32L4xx_HAL_Driver/Inc -IC:/Users/przem/STM32Cube/Repository/STM32Cube_FW_L4_V1.17.2/Drivers/STM32L4xx_HAL_Driver/Inc/Legacy -IC:/Users/przem/STM32Cube/Repository/STM32Cube_FW_L4_V1.17.2/Drivers/CMSIS/Device/ST/STM32L4xx/Include -IC:/Users/przem/STM32Cube/Repository/STM32Cube_FW_L4_V1.17.2/Drivers/CMSIS/Include -O0 -ffunction-sections -fdata-sections -Wall -fstack-usage -fcyclomatic-complexity -MMD -MP -MF"Drivers/STM32L4xx_HAL_Driver/stm32l4xx_hal.d" -MT"Drivers/STM32L4xx_HAL_Driver/stm32l4xx_hal.o" --specs=nano.specs -mfpu=fpv4-sp-d16 -mfloat-abi=hard -mthumb -o "Drivers/STM32L4xx_HAL_Driver/stm32l4xx_hal.o"
arm-none-eabi-gcc "C:/Users/przem/STM32Cube/Repository/STM32Cube_FW_L4_V1.17.2/Drivers/STM32L4xx_HAL_Driver/Src/stm32l4xx_hal_can.c" -mcpu=cortex-m4 -std=gnu11 -g3 -DDEBUG -DUSE_HAL_DRIVER -DSTM32L4P5xx -c -I../Core/Inc -IC:/Users/przem/STM32Cube/Repository/STM32Cube_FW_L4_V1.17.2/Drivers/STM32L4xx_HAL_Driver/Inc -IC:/Users/przem/STM32Cube/Repository/STM32Cube_FW_L4_V1.17.2/Drivers/STM32L4xx_HAL_Driver/Inc/Legacy -IC:/Users/przem/STM32Cube/Repository/STM32Cube_FW_L4_V1.17.2/Drivers/CMSIS/Device/ST/STM32L4xx/Include -IC:/Users/przem/STM32Cube/Repository/STM32Cube_FW_L4_V1.17.2/Drivers/CMSIS/Include -O0 -ffunction-sections -fdata-sections -Wall -fstack-usage -fcyclomatic-complexity -MMD -MP -MF"Drivers/STM32L4xx_HAL_Driver/stm32l4xx_hal_can.d" -MT"Drivers/STM32L4xx_HAL_Driver/stm32l4xx_hal_can.o" --specs=nano.specs -mfpu=fpv4-sp-d16 -mfloat-abi=hard -mthumb -o "Drivers/STM32L4xx_HAL_Driver/stm32l4xx_hal_can.o"
arm-none-eabi-gcc "C:/Users/przem/STM32Cube/Repository/STM32Cube_FW_L4_V1.17.2/Drivers/STM32L4xx_HAL_Driver/Src/stm32l4xx_hal_cortex.c" -mcpu=cortex-m4 -std=gnu11 -g3 -DDEBUG -DUSE_HAL_DRIVER -DSTM32L4P5xx -c -I../Core/Inc -IC:/Users/przem/STM32Cube/Repository/STM32Cube_FW_L4_V1.17.2/Drivers/STM32L4xx_HAL_Driver/Inc -IC:/Users/przem/STM32Cube/Repository/STM32Cube_FW_L4_V1.17.2/Drivers/STM32L4xx_HAL_Driver/Inc/Legacy -IC:/Users/przem/STM32Cube/Repository/STM32Cube_FW_L4_V1.17.2/Drivers/CMSIS/Device/ST/STM32L4xx/Include -IC:/Users/przem/STM32Cube/Repository/STM32Cube_FW_L4_V1.17.2/Drivers/CMSIS/Include -O0 -ffunction-sections -fdata-sections -Wall -fstack-usage -fcyclomatic-complexity -MMD -MP -MF"Drivers/STM32L4xx_HAL_Driver/stm32l4xx_hal_cortex.d" -MT"Drivers/STM32L4xx_HAL_Driver/stm32l4xx_hal_cortex.o" --specs=nano.specs -mfpu=fpv4-sp-d16 -mfloat-abi=hard -mthumb -o "Drivers/STM32L4xx_HAL_Driver/stm32l4xx_hal_cortex.o"
arm-none-eabi-gcc "C:/Users/przem/STM32Cube/Repository/STM32Cube_FW_L4_V1.17.2/Drivers/STM32L4xx_HAL_Driver/Src/stm32l4xx_hal_dma.c" -mcpu=cortex-m4 -std=gnu11 -g3 -DDEBUG -DUSE_HAL_DRIVER -DSTM32L4P5xx -c -I../Core/Inc -IC:/Users/przem/STM32Cube/Repository/STM32Cube_FW_L4_V1.17.2/Drivers/STM32L4xx_HAL_Driver/Inc -IC:/Users/przem/STM32Cube/Repository/STM32Cube_FW_L4_V1.17.2/Drivers/STM32L4xx_HAL_Driver/Inc/Legacy -IC:/Users/przem/STM32Cube/Repository/STM32Cube_FW_L4_V1.17.2/Drivers/CMSIS/Device/ST/STM32L4xx/Include -IC:/Users/przem/STM32Cube/Repository/STM32Cube_FW_L4_V1.17.2/Drivers/CMSIS/Include -O0 -ffunction-sections -fdata-sections -Wall -fstack-usage -fcyclomatic-complexity -MMD -MP -MF"Drivers/STM32L4xx_HAL_Driver/stm32l4xx_hal_dma.d" -MT"Drivers/STM32L4xx_HAL_Driver/stm32l4xx_hal_dma.o" --specs=nano.specs -mfpu=fpv4-sp-d16 -mfloat-abi=hard -mthumb -o "Drivers/STM32L4xx_HAL_Driver/stm32l4xx_hal_dma.o"
arm-none-eabi-gcc "C:/Users/przem/STM32Cube/Repository/STM32Cube_FW_L4_V1.17.2/Drivers/STM32L4xx_HAL_Driver/Src/stm32l4xx_hal_dma_ex.c" -mcpu=cortex-m4 -std=gnu11 -g3 -DDEBUG -DUSE_HAL_DRIVER -DSTM32L4P5xx -c -I../Core/Inc -IC:/Users/przem/STM32Cube/Repository/STM32Cube_FW_L4_V1.17.2/Drivers/STM32L4xx_HAL_Driver/Inc -IC:/Users/przem/STM32Cube/Repository/STM32Cube_FW_L4_V1.17.2/Drivers/STM32L4xx_HAL_Driver/Inc/Legacy -IC:/Users/przem/STM32Cube/Repository/STM32Cube_FW_L4_V1.17.2/Drivers/CMSIS/Device/ST/STM32L4xx/Include -IC:/Users/przem/STM32Cube/Repository/STM32Cube_FW_L4_V1.17.2/Drivers/CMSIS/Include -O0 -ffunction-sections -fdata-sections -Wall -fstack-usage -fcyclomatic-complexity -MMD -MP -MF"Drivers/STM32L4xx_HAL_Driver/stm32l4xx_hal_dma_ex.d" -MT"Drivers/STM32L4xx_HAL_Driver/stm32l4xx_hal_dma_ex.o" --specs=nano.specs -mfpu=fpv4-sp-d16 -mfloat-abi=hard -mthumb -o "Drivers/STM32L4xx_HAL_Driver/stm32l4xx_hal_dma_ex.o"
arm-none-eabi-gcc "C:/Users/przem/STM32Cube/Repository/STM32Cube_FW_L4_V1.17.2/Drivers/STM32L4xx_HAL_Driver/Src/stm32l4xx_hal_exti.c" -mcpu=cortex-m4 -std=gnu11 -g3 -DDEBUG -DUSE_HAL_DRIVER -DSTM32L4P5xx -c -I../Core/Inc -IC:/Users/przem/STM32Cube/Repository/STM32Cube_FW_L4_V1.17.2/Drivers/STM32L4xx_HAL_Driver/Inc -IC:/Users/przem/STM32Cube/Repository/STM32Cube_FW_L4_V1.17.2/Drivers/STM32L4xx_HAL_Driver/Inc/Legacy -IC:/Users/przem/STM32Cube/Repository/STM32Cube_FW_L4_V1.17.2/Drivers/CMSIS/Device/ST/STM32L4xx/Include -IC:/Users/przem/STM32Cube/Repository/STM32Cube_FW_L4_V1.17.2/Drivers/CMSIS/Include -O0 -ffunction-sections -fdata-sections -Wall -fstack-usage -fcyclomatic-complexity -MMD -MP -MF"Drivers/STM32L4xx_HAL_Driver/stm32l4xx_hal_exti.d" -MT"Drivers/STM32L4xx_HAL_Driver/stm32l4xx_hal_exti.o" --specs=nano.specs -mfpu=fpv4-sp-d16 -mfloat-abi=hard -mthumb -o "Drivers/STM32L4xx_HAL_Driver/stm32l4xx_hal_exti.o"
arm-none-eabi-gcc "C:/Users/przem/STM32Cube/Repository/STM32Cube_FW_L4_V1.17.2/Drivers/STM32L4xx_HAL_Driver/Src/stm32l4xx_hal_flash.c" -mcpu=cortex-m4 -std=gnu11 -g3 -DDEBUG -DUSE_HAL_DRIVER -DSTM32L4P5xx -c -I../Core/Inc -IC:/Users/przem/STM32Cube/Repository/STM32Cube_FW_L4_V1.17.2/Drivers/STM32L4xx_HAL_Driver/Inc -IC:/Users/przem/STM32Cube/Repository/STM32Cube_FW_L4_V1.17.2/Drivers/STM32L4xx_HAL_Driver/Inc/Legacy -IC:/Users/przem/STM32Cube/Repository/STM32Cube_FW_L4_V1.17.2/Drivers/CMSIS/Device/ST/STM32L4xx/Include -IC:/Users/przem/STM32Cube/Repository/STM32Cube_FW_L4_V1.17.2/Drivers/CMSIS/Include -O0 -ffunction-sections -fdata-sections -Wall -fstack-usage -fcyclomatic-complexity -MMD -MP -MF"Drivers/STM32L4xx_HAL_Driver/stm32l4xx_hal_flash.d" -MT"Drivers/STM32L4xx_HAL_Driver/stm32l4xx_hal_flash.o" --specs=nano.specs -mfpu=fpv4-sp-d16 -mfloat-abi=hard -mthumb -o "Drivers/STM32L4xx_HAL_Driver/stm32l4xx_hal_flash.o"
arm-none-eabi-gcc "C:/Users/przem/STM32Cube/Repository/STM32Cube_FW_L4_V1.17.2/Drivers/STM32L4xx_HAL_Driver/Src/stm32l4xx_hal_flash_ex.c" -mcpu=cortex-m4 -std=gnu11 -g3 -DDEBUG -DUSE_HAL_DRIVER -DSTM32L4P5xx -c -I../Core/Inc -IC:/Users/przem/STM32Cube/Repository/STM32Cube_FW_L4_V1.17.2/Drivers/STM32L4xx_HAL_Driver/Inc -IC:/Users/przem/STM32Cube/Repository/STM32Cube_FW_L4_V1.17.2/Drivers/STM32L4xx_HAL_Driver/Inc/Legacy -IC:/Users/przem/STM32Cube/Repository/STM32Cube_FW_L4_V1.17.2/Drivers/CMSIS/Device/ST/STM32L4xx/Include -IC:/Users/przem/STM32Cube/Repository/STM32Cube_FW_L4_V1.17.2/Drivers/CMSIS/Include -O0 -ffunction-sections -fdata-sections -Wall -fstack-usage -fcyclomatic-complexity -MMD -MP -MF"Drivers/STM32L4xx_HAL_Driver/stm32l4xx_hal_flash_ex.d" -MT"Drivers/STM32L4xx_HAL_Driver/stm32l4xx_hal_flash_ex.o" --specs=nano.specs -mfpu=fpv4-sp-d16 -mfloat-abi=hard -mthumb -o "Drivers/STM32L4xx_HAL_Driver/stm32l4xx_hal_flash_ex.o"
arm-none-eabi-gcc "C:/Users/przem/STM32Cube/Repository/STM32Cube_FW_L4_V1.17.2/Drivers/STM32L4xx_HAL_Driver/Src/stm32l4xx_hal_flash_ramfunc.c" -mcpu=cortex-m4 -std=gnu11 -g3 -DDEBUG -DUSE_HAL_DRIVER -DSTM32L4P5xx -c -I../Core/Inc -IC:/Users/przem/STM32Cube/Repository/STM32Cube_FW_L4_V1.17.2/Drivers/STM32L4xx_HAL_Driver/Inc -IC:/Users/przem/STM32Cube/Repository/STM32Cube_FW_L4_V1.17.2/Drivers/STM32L4xx_HAL_Driver/Inc/Legacy -IC:/Users/przem/STM32Cube/Repository/STM32Cube_FW_L4_V1.17.2/Drivers/CMSIS/Device/ST/STM32L4xx/Include -IC:/Users/przem/STM32Cube/Repository/STM32Cube_FW_L4_V1.17.2/Drivers/CMSIS/Include -O0 -ffunction-sections -fdata-sections -Wall -fstack-usage -fcyclomatic-complexity -MMD -MP -MF"Drivers/STM32L4xx_HAL_Driver/stm32l4xx_hal_flash_ramfunc.d" -MT"Drivers/STM32L4xx_HAL_Driver/stm32l4xx_hal_flash_ramfunc.o" --specs=nano.specs -mfpu=fpv4-sp-d16 -mfloat-abi=hard -mthumb -o "Drivers/STM32L4xx_HAL_Driver/stm32l4xx_hal_flash_ramfunc.o"
arm-none-eabi-gcc "C:/Users/przem/STM32Cube/Repository/STM32Cube_FW_L4_V1.17.2/Drivers/STM32L4xx_HAL_Driver/Src/stm32l4xx_hal_gpio.c" -mcpu=cortex-m4 -std=gnu11 -g3 -DDEBUG -DUSE_HAL_DRIVER -DSTM32L4P5xx -c -I../Core/Inc -IC:/Users/przem/STM32Cube/Repository/STM32Cube_FW_L4_V1.17.2/Drivers/STM32L4xx_HAL_Driver/Inc -IC:/Users/przem/STM32Cube/Repository/STM32Cube_FW_L4_V1.17.2/Drivers/STM32L4xx_HAL_Driver/Inc/Legacy -IC:/Users/przem/STM32Cube/Repository/STM32Cube_FW_L4_V1.17.2/Drivers/CMSIS/Device/ST/STM32L4xx/Include -IC:/Users/przem/STM32Cube/Repository/STM32Cube_FW_L4_V1.17.2/Drivers/CMSIS/Include -O0 -ffunction-sections -fdata-sections -Wall -fstack-usage -fcyclomatic-complexity -MMD -MP -MF"Drivers/STM32L4xx_HAL_Driver/stm32l4xx_hal_gpio.d" -MT"Drivers/STM32L4xx_HAL_Driver/stm32l4xx_hal_gpio.o" --specs=nano.specs -mfpu=fpv4-sp-d16 -mfloat-abi=hard -mthumb -o "Drivers/STM32L4xx_HAL_Driver/stm32l4xx_hal_gpio.o"
arm-none-eabi-gcc "C:/Users/przem/STM32Cube/Repository/STM32Cube_FW_L4_V1.17.2/Drivers/STM32L4xx_HAL_Driver/Src/stm32l4xx_hal_pwr.c" -mcpu=cortex-m4 -std=gnu11 -g3 -DDEBUG -DUSE_HAL_DRIVER -DSTM32L4P5xx -c -I../Core/Inc -IC:/Users/przem/STM32Cube/Repository/STM32Cube_FW_L4_V1.17.2/Drivers/STM32L4xx_HAL_Driver/Inc -IC:/Users/przem/STM32Cube/Repository/STM32Cube_FW_L4_V1.17.2/Drivers/STM32L4xx_HAL_Driver/Inc/Legacy -IC:/Users/przem/STM32Cube/Repository/STM32Cube_FW_L4_V1.17.2/Drivers/CMSIS/Device/ST/STM32L4xx/Include -IC:/Users/przem/STM32Cube/Repository/STM32Cube_FW_L4_V1.17.2/Drivers/CMSIS/Include -O0 -ffunction-sections -fdata-sections -Wall -fstack-usage -fcyclomatic-complexity -MMD -MP -MF"Drivers/STM32L4xx_HAL_Driver/stm32l4xx_hal_pwr.d" -MT"Drivers/STM32L4xx_HAL_Driver/stm32l4xx_hal_pwr.o" --specs=nano.specs -mfpu=fpv4-sp-d16 -mfloat-abi=hard -mthumb -o "Drivers/STM32L4xx_HAL_Driver/stm32l4xx_hal_pwr.o"
arm-none-eabi-gcc "C:/Users/przem/STM32Cube/Repository/STM32Cube_FW_L4_V1.17.2/Drivers/STM32L4xx_HAL_Driver/Src/stm32l4xx_hal_pwr_ex.c" -mcpu=cortex-m4 -std=gnu11 -g3 -DDEBUG -DUSE_HAL_DRIVER -DSTM32L4P5xx -c -I../Core/Inc -IC:/Users/przem/STM32Cube/Repository/STM32Cube_FW_L4_V1.17.2/Drivers/STM32L4xx_HAL_Driver/Inc -IC:/Users/przem/STM32Cube/Repository/STM32Cube_FW_L4_V1.17.2/Drivers/STM32L4xx_HAL_Driver/Inc/Legacy -IC:/Users/przem/STM32Cube/Repository/STM32Cube_FW_L4_V1.17.2/Drivers/CMSIS/Device/ST/STM32L4xx/Include -IC:/Users/przem/STM32Cube/Repository/STM32Cube_FW_L4_V1.17.2/Drivers/CMSIS/Include -O0 -ffunction-sections -fdata-sections -Wall -fstack-usage -fcyclomatic-complexity -MMD -MP -MF"Drivers/STM32L4xx_HAL_Driver/stm32l4xx_hal_pwr_ex.d" -MT"Drivers/STM32L4xx_HAL_Driver/stm32l4xx_hal_pwr_ex.o" --specs=nano.specs -mfpu=fpv4-sp-d16 -mfloat-abi=hard -mthumb -o "Drivers/STM32L4xx_HAL_Driver/stm32l4xx_hal_pwr_ex.o"
arm-none-eabi-gcc "C:/Users/przem/STM32Cube/Repository/STM32Cube_FW_L4_V1.17.2/Drivers/STM32L4xx_HAL_Driver/Src/stm32l4xx_hal_rcc.c" -mcpu=cortex-m4 -std=gnu11 -g3 -DDEBUG -DUSE_HAL_DRIVER -DSTM32L4P5xx -c -I../Core/Inc -IC:/Users/przem/STM32Cube/Repository/STM32Cube_FW_L4_V1.17.2/Drivers/STM32L4xx_HAL_Driver/Inc -IC:/Users/przem/STM32Cube/Repository/STM32Cube_FW_L4_V1.17.2/Drivers/STM32L4xx_HAL_Driver/Inc/Legacy -IC:/Users/przem/STM32Cube/Repository/STM32Cube_FW_L4_V1.17.2/Drivers/CMSIS/Device/ST/STM32L4xx/Include -IC:/Users/przem/STM32Cube/Repository/STM32Cube_FW_L4_V1.17.2/Drivers/CMSIS/Include -O0 -ffunction-sections -fdata-sections -Wall -fstack-usage -fcyclomatic-complexity -MMD -MP -MF"Drivers/STM32L4xx_HAL_Driver/stm32l4xx_hal_rcc.d" -MT"Drivers/STM32L4xx_HAL_Driver/stm32l4xx_hal_rcc.o" --specs=nano.specs -mfpu=fpv4-sp-d16 -mfloat-abi=hard -mthumb -o "Drivers/STM32L4xx_HAL_Driver/stm32l4xx_hal_rcc.o"
arm-none-eabi-gcc "C:/Users/przem/STM32Cube/Repository/STM32Cube_FW_L4_V1.17.2/Drivers/STM32L4xx_HAL_Driver/Src/stm32l4xx_hal_rcc_ex.c" -mcpu=cortex-m4 -std=gnu11 -g3 -DDEBUG -DUSE_HAL_DRIVER -DSTM32L4P5xx -c -I../Core/Inc -IC:/Users/przem/STM32Cube/Repository/STM32Cube_FW_L4_V1.17.2/Drivers/STM32L4xx_HAL_Driver/Inc -IC:/Users/przem/STM32Cube/Repository/STM32Cube_FW_L4_V1.17.2/Drivers/STM32L4xx_HAL_Driver/Inc/Legacy -IC:/Users/przem/STM32Cube/Repository/STM32Cube_FW_L4_V1.17.2/Drivers/CMSIS/Device/ST/STM32L4xx/Include -IC:/Users/przem/STM32Cube/Repository/STM32Cube_FW_L4_V1.17.2/Drivers/CMSIS/Include -O0 -ffunction-sections -fdata-sections -Wall -fstack-usage -fcyclomatic-complexity -MMD -MP -MF"Drivers/STM32L4xx_HAL_Driver/stm32l4xx_hal_rcc_ex.d" -MT"Drivers/STM32L4xx_HAL_Driver/stm32l4xx_hal_rcc_ex.o" --specs=nano.specs -mfpu=fpv4-sp-d16 -mfloat-abi=hard -mthumb -o "Drivers/STM32L4xx_HAL_Driver/stm32l4xx_hal_rcc_ex.o"
arm-none-eabi-gcc "C:/Users/przem/STM32Cube/Repository/STM32Cube_FW_L4_V1.17.2/Drivers/STM32L4xx_HAL_Driver/Src/stm32l4xx_hal_tim.c" -mcpu=cortex-m4 -std=gnu11 -g3 -DDEBUG -DUSE_HAL_DRIVER -DSTM32L4P5xx -c -I../Core/Inc -IC:/Users/przem/STM32Cube/Repository/STM32Cube_FW_L4_V1.17.2/Drivers/STM32L4xx_HAL_Driver/Inc -IC:/Users/przem/STM32Cube/Repository/STM32Cube_FW_L4_V1.17.2/Drivers/STM32L4xx_HAL_Driver/Inc/Legacy -IC:/Users/przem/STM32Cube/Repository/STM32Cube_FW_L4_V1.17.2/Drivers/CMSIS/Device/ST/STM32L4xx/Include -IC:/Users/przem/STM32Cube/Repository/STM32Cube_FW_L4_V1.17.2/Drivers/CMSIS/Include -O0 -ffunction-sections -fdata-sections -Wall -fstack-usage -fcyclomatic-complexity -MMD -MP -MF"Drivers/STM32L4xx_HAL_Driver/stm32l4xx_hal_tim.d" -MT"Drivers/STM32L4xx_HAL_Driver/stm32l4xx_hal_tim.o" --specs=nano.specs -mfpu=fpv4-sp-d16 -mfloat-abi=hard -mthumb -o "Drivers/STM32L4xx_HAL_Driver/stm32l4xx_hal_tim.o"
arm-none-eabi-gcc "C:/Users/przem/STM32Cube/Repository/STM32Cube_FW_L4_V1.17.2/Drivers/STM32L4xx_HAL_Driver/Src/stm32l4xx_hal_tim_ex.c" -mcpu=cortex-m4 -std=gnu11 -g3 -DDEBUG -DUSE_HAL_DRIVER -DSTM32L4P5xx -c -I../Core/Inc -IC:/Users/przem/STM32Cube/Repository/STM32Cube_FW_L4_V1.17.2/Drivers/STM32L4xx_HAL_Driver/Inc -IC:/Users/przem/STM32Cube/Repository/STM32Cube_FW_L4_V1.17.2/Drivers/STM32L4xx_HAL_Driver/Inc/Legacy -IC:/Users/przem/STM32Cube/Repository/STM32Cube_FW_L4_V1.17.2/Drivers/CMSIS/Device/ST/STM32L4xx/Include -IC:/Users/przem/STM32Cube/Repository/STM32Cube_FW_L4_V1.17.2/Drivers/CMSIS/Include -O0 -ffunction-sections -fdata-sections -Wall -fstack-usage -fcyclomatic-complexity -MMD -MP -MF"Drivers/STM32L4xx_HAL_Driver/stm32l4xx_hal_tim_ex.d" -MT"Drivers/STM32L4xx_HAL_Driver/stm32l4xx_hal_tim_ex.o" --specs=nano.specs -mfpu=fpv4-sp-d16 -mfloat-abi=hard -mthumb -o "Drivers/STM32L4xx_HAL_Driver/stm32l4xx_hal_tim_ex.o"
make: *** No rule to make target '../Core/Src/main.c', needed by 'Core/Src/main.o'.  Stop.
make: *** Waiting for unfinished jobs....
"make -j8 all" terminated with exit code 2. Build might be incomplete.
19:43:43 **** Incremental Build of configuration Debug for project EBS_Supervisor ****
make -j8 all 
arm-none-eabi-size   EBS_Supervisor.elf 
   text	   data	    bss	    dec	    hex	filename
  20108	    748	   2012	  22868	   5954	EBS_Supervisor.elf
Finished building: default.size.stdout
 
19:43:43 **** Incremental Build of configuration Debug for project EBS_Supervisor_L4 ****
make -j8 all 
make: *** No rule to make target '../Core/Src/main.c', needed by 'Core/Src/main.o'.  Stop.
"make -j8 all" terminated with exit code 2. Build might be incomplete.
19:44:53 **** Incremental Build of configuration Debug for project EBS_Supervisor ****
make -j8 all 
arm-none-eabi-size   EBS_Supervisor.elf 
   text	   data	    bss	    dec	    hex	filename
  20108	    748	   2012	  22868	   5954	EBS_Supervisor.elf
Finished building: default.size.stdout
 
19:44:54 **** Incremental Build of configuration Debug for project EBS_Supervisor_L4 ****
make -j8 all 
arm-none-eabi-gcc "../Core/Src/main.c" -mcpu=cortex-m4 -std=gnu11 -g3 -DDEBUG -DUSE_HAL_DRIVER -DSTM32L4P5xx -c -I../Core/Inc -IC:/Users/przem/STM32Cube/Repository/STM32Cube_FW_L4_V1.17.2/Drivers/STM32L4xx_HAL_Driver/Inc -IC:/Users/przem/STM32Cube/Repository/STM32Cube_FW_L4_V1.17.2/Drivers/STM32L4xx_HAL_Driver/Inc/Legacy -IC:/Users/przem/STM32Cube/Repository/STM32Cube_FW_L4_V1.17.2/Drivers/CMSIS/Device/ST/STM32L4xx/Include -IC:/Users/przem/STM32Cube/Repository/STM32Cube_FW_L4_V1.17.2/Drivers/CMSIS/Include -O0 -ffunction-sections -fdata-sections -Wall -fstack-usage -fcyclomatic-complexity -MMD -MP -MF"Core/Src/main.d" -MT"Core/Src/main.o" --specs=nano.specs -mfpu=fpv4-sp-d16 -mfloat-abi=hard -mthumb -o "Core/Src/main.o"
arm-none-eabi-gcc "../Core/Src/stm32l4xx_hal_msp.c" -mcpu=cortex-m4 -std=gnu11 -g3 -DDEBUG -DUSE_HAL_DRIVER -DSTM32L4P5xx -c -I../Core/Inc -IC:/Users/przem/STM32Cube/Repository/STM32Cube_FW_L4_V1.17.2/Drivers/STM32L4xx_HAL_Driver/Inc -IC:/Users/przem/STM32Cube/Repository/STM32Cube_FW_L4_V1.17.2/Drivers/STM32L4xx_HAL_Driver/Inc/Legacy -IC:/Users/przem/STM32Cube/Repository/STM32Cube_FW_L4_V1.17.2/Drivers/CMSIS/Device/ST/STM32L4xx/Include -IC:/Users/przem/STM32Cube/Repository/STM32Cube_FW_L4_V1.17.2/Drivers/CMSIS/Include -O0 -ffunction-sections -fdata-sections -Wall -fstack-usage -fcyclomatic-complexity -MMD -MP -MF"Core/Src/stm32l4xx_hal_msp.d" -MT"Core/Src/stm32l4xx_hal_msp.o" --specs=nano.specs -mfpu=fpv4-sp-d16 -mfloat-abi=hard -mthumb -o "Core/Src/stm32l4xx_hal_msp.o"
arm-none-eabi-gcc "../Core/Src/stm32l4xx_it.c" -mcpu=cortex-m4 -std=gnu11 -g3 -DDEBUG -DUSE_HAL_DRIVER -DSTM32L4P5xx -c -I../Core/Inc -IC:/Users/przem/STM32Cube/Repository/STM32Cube_FW_L4_V1.17.2/Drivers/STM32L4xx_HAL_Driver/Inc -IC:/Users/przem/STM32Cube/Repository/STM32Cube_FW_L4_V1.17.2/Drivers/STM32L4xx_HAL_Driver/Inc/Legacy -IC:/Users/przem/STM32Cube/Repository/STM32Cube_FW_L4_V1.17.2/Drivers/CMSIS/Device/ST/STM32L4xx/Include -IC:/Users/przem/STM32Cube/Repository/STM32Cube_FW_L4_V1.17.2/Drivers/CMSIS/Include -O0 -ffunction-sections -fdata-sections -Wall -fstack-usage -fcyclomatic-complexity -MMD -MP -MF"Core/Src/stm32l4xx_it.d" -MT"Core/Src/stm32l4xx_it.o" --specs=nano.specs -mfpu=fpv4-sp-d16 -mfloat-abi=hard -mthumb -o "Core/Src/stm32l4xx_it.o"
arm-none-eabi-gcc "../Core/Src/syscalls.c" -mcpu=cortex-m4 -std=gnu11 -g3 -DDEBUG -DUSE_HAL_DRIVER -DSTM32L4P5xx -c -I../Core/Inc -IC:/Users/przem/STM32Cube/Repository/STM32Cube_FW_L4_V1.17.2/Drivers/STM32L4xx_HAL_Driver/Inc -IC:/Users/przem/STM32Cube/Repository/STM32Cube_FW_L4_V1.17.2/Drivers/STM32L4xx_HAL_Driver/Inc/Legacy -IC:/Users/przem/STM32Cube/Repository/STM32Cube_FW_L4_V1.17.2/Drivers/CMSIS/Device/ST/STM32L4xx/Include -IC:/Users/przem/STM32Cube/Repository/STM32Cube_FW_L4_V1.17.2/Drivers/CMSIS/Include -O0 -ffunction-sections -fdata-sections -Wall -fstack-usage -fcyclomatic-complexity -MMD -MP -MF"Core/Src/syscalls.d" -MT"Core/Src/syscalls.o" --specs=nano.specs -mfpu=fpv4-sp-d16 -mfloat-abi=hard -mthumb -o "Core/Src/syscalls.o"
arm-none-eabi-gcc "../Core/Src/sysmem.c" -mcpu=cortex-m4 -std=gnu11 -g3 -DDEBUG -DUSE_HAL_DRIVER -DSTM32L4P5xx -c -I../Core/Inc -IC:/Users/przem/STM32Cube/Repository/STM32Cube_FW_L4_V1.17.2/Drivers/STM32L4xx_HAL_Driver/Inc -IC:/Users/przem/STM32Cube/Repository/STM32Cube_FW_L4_V1.17.2/Drivers/STM32L4xx_HAL_Driver/Inc/Legacy -IC:/Users/przem/STM32Cube/Repository/STM32Cube_FW_L4_V1.17.2/Drivers/CMSIS/Device/ST/STM32L4xx/Include -IC:/Users/przem/STM32Cube/Repository/STM32Cube_FW_L4_V1.17.2/Drivers/CMSIS/Include -O0 -ffunction-sections -fdata-sections -Wall -fstack-usage -fcyclomatic-complexity -MMD -MP -MF"Core/Src/sysmem.d" -MT"Core/Src/sysmem.o" --specs=nano.specs -mfpu=fpv4-sp-d16 -mfloat-abi=hard -mthumb -o "Core/Src/sysmem.o"
arm-none-eabi-gcc "../Core/Src/system_stm32l4xx.c" -mcpu=cortex-m4 -std=gnu11 -g3 -DDEBUG -DUSE_HAL_DRIVER -DSTM32L4P5xx -c -I../Core/Inc -IC:/Users/przem/STM32Cube/Repository/STM32Cube_FW_L4_V1.17.2/Drivers/STM32L4xx_HAL_Driver/Inc -IC:/Users/przem/STM32Cube/Repository/STM32Cube_FW_L4_V1.17.2/Drivers/STM32L4xx_HAL_Driver/Inc/Legacy -IC:/Users/przem/STM32Cube/Repository/STM32Cube_FW_L4_V1.17.2/Drivers/CMSIS/Device/ST/STM32L4xx/Include -IC:/Users/przem/STM32Cube/Repository/STM32Cube_FW_L4_V1.17.2/Drivers/CMSIS/Include -O0 -ffunction-sections -fdata-sections -Wall -fstack-usage -fcyclomatic-complexity -MMD -MP -MF"Core/Src/system_stm32l4xx.d" -MT"Core/Src/system_stm32l4xx.o" --specs=nano.specs -mfpu=fpv4-sp-d16 -mfloat-abi=hard -mthumb -o "Core/Src/system_stm32l4xx.o"
arm-none-eabi-g++ -o "EBS_Supervisor_L4.elf" @"objects.list"   -mcpu=cortex-m4 -T"C:\Users\przem\OneDrive\Pulpit\PUTM\PUTM_DV_ASB_2023\software\EBS_Supervisor_L4\STM32L4P5RETX_FLASH.ld" --specs=nosys.specs -Wl,-Map="EBS_Supervisor_L4.map" -Wl,--gc-sections -static --specs=nano.specs -mfpu=fpv4-sp-d16 -mfloat-abi=hard -mthumb -Wl,--start-group -lc -lm -lstdc++ -lsupc++ -Wl,--end-group
Finished building target: EBS_Supervisor_L4.elf
 
arm-none-eabi-size   EBS_Supervisor_L4.elf 
arm-none-eabi-objdump -h -S  EBS_Supervisor_L4.elf  > "EBS_Supervisor_L4.list"
   text	   data	    bss	    dec	    hex	filename
  11772	     20	   1684	  13476	   34a4	EBS_Supervisor_L4.elf
Finished building: default.size.stdout
 
Finished building: EBS_Supervisor_L4.list
 
19:45:20 **** Incremental Build of configuration Debug for project EBS_Supervisor ****
make -j8 all 
arm-none-eabi-size   EBS_Supervisor.elf 
   text	   data	    bss	    dec	    hex	filename
  20108	    748	   2012	  22868	   5954	EBS_Supervisor.elf
Finished building: default.size.stdout
 
19:45:21 **** Incremental Build of configuration Debug for project EBS_Supervisor_L4 ****
make -j8 all 
arm-none-eabi-g++ "../Core/Src/main.cpp" -mcpu=cortex-m4 -std=gnu++14 -g3 -DDEBUG -DUSE_HAL_DRIVER -DSTM32L4P5xx -c -I../Core/Inc -IC:/Users/przem/STM32Cube/Repository/STM32Cube_FW_L4_V1.17.2/Drivers/STM32L4xx_HAL_Driver/Inc -IC:/Users/przem/STM32Cube/Repository/STM32Cube_FW_L4_V1.17.2/Drivers/STM32L4xx_HAL_Driver/Inc/Legacy -IC:/Users/przem/STM32Cube/Repository/STM32Cube_FW_L4_V1.17.2/Drivers/CMSIS/Device/ST/STM32L4xx/Include -IC:/Users/przem/STM32Cube/Repository/STM32Cube_FW_L4_V1.17.2/Drivers/CMSIS/Include -O0 -ffunction-sections -fdata-sections -fno-exceptions -fno-rtti -fno-use-cxa-atexit -Wall -fstack-usage -fcyclomatic-complexity -MMD -MP -MF"Core/Src/main.d" -MT"Core/Src/main.o" --specs=nano.specs -mfpu=fpv4-sp-d16 -mfloat-abi=hard -mthumb -o "Core/Src/main.o"
arm-none-eabi-gcc "../Core/Src/stm32l4xx_hal_msp.c" -mcpu=cortex-m4 -std=gnu11 -g3 -DDEBUG -DUSE_HAL_DRIVER -DSTM32L4P5xx -c -I../Core/Inc -IC:/Users/przem/STM32Cube/Repository/STM32Cube_FW_L4_V1.17.2/Drivers/STM32L4xx_HAL_Driver/Inc -IC:/Users/przem/STM32Cube/Repository/STM32Cube_FW_L4_V1.17.2/Drivers/STM32L4xx_HAL_Driver/Inc/Legacy -IC:/Users/przem/STM32Cube/Repository/STM32Cube_FW_L4_V1.17.2/Drivers/CMSIS/Device/ST/STM32L4xx/Include -IC:/Users/przem/STM32Cube/Repository/STM32Cube_FW_L4_V1.17.2/Drivers/CMSIS/Include -O0 -ffunction-sections -fdata-sections -Wall -fstack-usage -fcyclomatic-complexity -MMD -MP -MF"Core/Src/stm32l4xx_hal_msp.d" -MT"Core/Src/stm32l4xx_hal_msp.o" --specs=nano.specs -mfpu=fpv4-sp-d16 -mfloat-abi=hard -mthumb -o "Core/Src/stm32l4xx_hal_msp.o"
arm-none-eabi-gcc "../Core/Src/stm32l4xx_it.c" -mcpu=cortex-m4 -std=gnu11 -g3 -DDEBUG -DUSE_HAL_DRIVER -DSTM32L4P5xx -c -I../Core/Inc -IC:/Users/przem/STM32Cube/Repository/STM32Cube_FW_L4_V1.17.2/Drivers/STM32L4xx_HAL_Driver/Inc -IC:/Users/przem/STM32Cube/Repository/STM32Cube_FW_L4_V1.17.2/Drivers/STM32L4xx_HAL_Driver/Inc/Legacy -IC:/Users/przem/STM32Cube/Repository/STM32Cube_FW_L4_V1.17.2/Drivers/CMSIS/Device/ST/STM32L4xx/Include -IC:/Users/przem/STM32Cube/Repository/STM32Cube_FW_L4_V1.17.2/Drivers/CMSIS/Include -O0 -ffunction-sections -fdata-sections -Wall -fstack-usage -fcyclomatic-complexity -MMD -MP -MF"Core/Src/stm32l4xx_it.d" -MT"Core/Src/stm32l4xx_it.o" --specs=nano.specs -mfpu=fpv4-sp-d16 -mfloat-abi=hard -mthumb -o "Core/Src/stm32l4xx_it.o"
arm-none-eabi-gcc "../Core/Src/syscalls.c" -mcpu=cortex-m4 -std=gnu11 -g3 -DDEBUG -DUSE_HAL_DRIVER -DSTM32L4P5xx -c -I../Core/Inc -IC:/Users/przem/STM32Cube/Repository/STM32Cube_FW_L4_V1.17.2/Drivers/STM32L4xx_HAL_Driver/Inc -IC:/Users/przem/STM32Cube/Repository/STM32Cube_FW_L4_V1.17.2/Drivers/STM32L4xx_HAL_Driver/Inc/Legacy -IC:/Users/przem/STM32Cube/Repository/STM32Cube_FW_L4_V1.17.2/Drivers/CMSIS/Device/ST/STM32L4xx/Include -IC:/Users/przem/STM32Cube/Repository/STM32Cube_FW_L4_V1.17.2/Drivers/CMSIS/Include -O0 -ffunction-sections -fdata-sections -Wall -fstack-usage -fcyclomatic-complexity -MMD -MP -MF"Core/Src/syscalls.d" -MT"Core/Src/syscalls.o" --specs=nano.specs -mfpu=fpv4-sp-d16 -mfloat-abi=hard -mthumb -o "Core/Src/syscalls.o"
arm-none-eabi-gcc "../Core/Src/sysmem.c" -mcpu=cortex-m4 -std=gnu11 -g3 -DDEBUG -DUSE_HAL_DRIVER -DSTM32L4P5xx -c -I../Core/Inc -IC:/Users/przem/STM32Cube/Repository/STM32Cube_FW_L4_V1.17.2/Drivers/STM32L4xx_HAL_Driver/Inc -IC:/Users/przem/STM32Cube/Repository/STM32Cube_FW_L4_V1.17.2/Drivers/STM32L4xx_HAL_Driver/Inc/Legacy -IC:/Users/przem/STM32Cube/Repository/STM32Cube_FW_L4_V1.17.2/Drivers/CMSIS/Device/ST/STM32L4xx/Include -IC:/Users/przem/STM32Cube/Repository/STM32Cube_FW_L4_V1.17.2/Drivers/CMSIS/Include -O0 -ffunction-sections -fdata-sections -Wall -fstack-usage -fcyclomatic-complexity -MMD -MP -MF"Core/Src/sysmem.d" -MT"Core/Src/sysmem.o" --specs=nano.specs -mfpu=fpv4-sp-d16 -mfloat-abi=hard -mthumb -o "Core/Src/sysmem.o"
arm-none-eabi-gcc "../Core/Src/system_stm32l4xx.c" -mcpu=cortex-m4 -std=gnu11 -g3 -DDEBUG -DUSE_HAL_DRIVER -DSTM32L4P5xx -c -I../Core/Inc -IC:/Users/przem/STM32Cube/Repository/STM32Cube_FW_L4_V1.17.2/Drivers/STM32L4xx_HAL_Driver/Inc -IC:/Users/przem/STM32Cube/Repository/STM32Cube_FW_L4_V1.17.2/Drivers/STM32L4xx_HAL_Driver/Inc/Legacy -IC:/Users/przem/STM32Cube/Repository/STM32Cube_FW_L4_V1.17.2/Drivers/CMSIS/Device/ST/STM32L4xx/Include -IC:/Users/przem/STM32Cube/Repository/STM32Cube_FW_L4_V1.17.2/Drivers/CMSIS/Include -O0 -ffunction-sections -fdata-sections -Wall -fstack-usage -fcyclomatic-complexity -MMD -MP -MF"Core/Src/system_stm32l4xx.d" -MT"Core/Src/system_stm32l4xx.o" --specs=nano.specs -mfpu=fpv4-sp-d16 -mfloat-abi=hard -mthumb -o "Core/Src/system_stm32l4xx.o"
arm-none-eabi-g++ -o "EBS_Supervisor_L4.elf" @"objects.list"   -mcpu=cortex-m4 -T"C:\Users\przem\OneDrive\Pulpit\PUTM\PUTM_DV_ASB_2023\software\EBS_Supervisor_L4\STM32L4P5RETX_FLASH.ld" --specs=nosys.specs -Wl,-Map="EBS_Supervisor_L4.map" -Wl,--gc-sections -static --specs=nano.specs -mfpu=fpv4-sp-d16 -mfloat-abi=hard -mthumb -Wl,--start-group -lc -lm -lstdc++ -lsupc++ -Wl,--end-group
Finished building target: EBS_Supervisor_L4.elf
 
arm-none-eabi-size   EBS_Supervisor_L4.elf 
arm-none-eabi-objdump -h -S  EBS_Supervisor_L4.elf  > "EBS_Supervisor_L4.list"
   text	   data	    bss	    dec	    hex	filename
  11864	     20	   1684	  13568	   3500	EBS_Supervisor_L4.elf
Finished building: default.size.stdout
 
Finished building: EBS_Supervisor_L4.list
 
19:48:20 **** Incremental Build of configuration Debug for project EBS_Supervisor ****
make -j8 all 
arm-none-eabi-size   EBS_Supervisor.elf 
   text	   data	    bss	    dec	    hex	filename
  20108	    748	   2012	  22868	   5954	EBS_Supervisor.elf
Finished building: default.size.stdout
 
19:48:21 **** Incremental Build of configuration Debug for project EBS_Supervisor_L4 ****
make -j8 all 
arm-none-eabi-g++ "../Core/Src/gpioElements.cpp" -mcpu=cortex-m4 -std=gnu++14 -g3 -DDEBUG -DUSE_HAL_DRIVER -DSTM32L4P5xx -c -I../Core/Inc -IC:/Users/przem/STM32Cube/Repository/STM32Cube_FW_L4_V1.17.2/Drivers/STM32L4xx_HAL_Driver/Inc -IC:/Users/przem/STM32Cube/Repository/STM32Cube_FW_L4_V1.17.2/Drivers/STM32L4xx_HAL_Driver/Inc/Legacy -IC:/Users/przem/STM32Cube/Repository/STM32Cube_FW_L4_V1.17.2/Drivers/CMSIS/Device/ST/STM32L4xx/Include -IC:/Users/przem/STM32Cube/Repository/STM32Cube_FW_L4_V1.17.2/Drivers/CMSIS/Include -O0 -ffunction-sections -fdata-sections -fno-exceptions -fno-rtti -fno-use-cxa-atexit -Wall -fstack-usage -fcyclomatic-complexity -MMD -MP -MF"Core/Src/gpioElements.d" -MT"Core/Src/gpioElements.o" --specs=nano.specs -mfpu=fpv4-sp-d16 -mfloat-abi=hard -mthumb -o "Core/Src/gpioElements.o"
arm-none-eabi-g++ "../Core/Src/main.cpp" -mcpu=cortex-m4 -std=gnu++14 -g3 -DDEBUG -DUSE_HAL_DRIVER -DSTM32L4P5xx -c -I../Core/Inc -IC:/Users/przem/STM32Cube/Repository/STM32Cube_FW_L4_V1.17.2/Drivers/STM32L4xx_HAL_Driver/Inc -IC:/Users/przem/STM32Cube/Repository/STM32Cube_FW_L4_V1.17.2/Drivers/STM32L4xx_HAL_Driver/Inc/Legacy -IC:/Users/przem/STM32Cube/Repository/STM32Cube_FW_L4_V1.17.2/Drivers/CMSIS/Device/ST/STM32L4xx/Include -IC:/Users/przem/STM32Cube/Repository/STM32Cube_FW_L4_V1.17.2/Drivers/CMSIS/Include -O0 -ffunction-sections -fdata-sections -fno-exceptions -fno-rtti -fno-use-cxa-atexit -Wall -fstack-usage -fcyclomatic-complexity -MMD -MP -MF"Core/Src/main.d" -MT"Core/Src/main.o" --specs=nano.specs -mfpu=fpv4-sp-d16 -mfloat-abi=hard -mthumb -o "Core/Src/main.o"
arm-none-eabi-gcc "../Core/Src/stm32l4xx_hal_msp.c" -mcpu=cortex-m4 -std=gnu11 -g3 -DDEBUG -DUSE_HAL_DRIVER -DSTM32L4P5xx -c -I../Core/Inc -IC:/Users/przem/STM32Cube/Repository/STM32Cube_FW_L4_V1.17.2/Drivers/STM32L4xx_HAL_Driver/Inc -IC:/Users/przem/STM32Cube/Repository/STM32Cube_FW_L4_V1.17.2/Drivers/STM32L4xx_HAL_Driver/Inc/Legacy -IC:/Users/przem/STM32Cube/Repository/STM32Cube_FW_L4_V1.17.2/Drivers/CMSIS/Device/ST/STM32L4xx/Include -IC:/Users/przem/STM32Cube/Repository/STM32Cube_FW_L4_V1.17.2/Drivers/CMSIS/Include -O0 -ffunction-sections -fdata-sections -Wall -fstack-usage -fcyclomatic-complexity -MMD -MP -MF"Core/Src/stm32l4xx_hal_msp.d" -MT"Core/Src/stm32l4xx_hal_msp.o" --specs=nano.specs -mfpu=fpv4-sp-d16 -mfloat-abi=hard -mthumb -o "Core/Src/stm32l4xx_hal_msp.o"
arm-none-eabi-gcc "../Core/Src/stm32l4xx_it.c" -mcpu=cortex-m4 -std=gnu11 -g3 -DDEBUG -DUSE_HAL_DRIVER -DSTM32L4P5xx -c -I../Core/Inc -IC:/Users/przem/STM32Cube/Repository/STM32Cube_FW_L4_V1.17.2/Drivers/STM32L4xx_HAL_Driver/Inc -IC:/Users/przem/STM32Cube/Repository/STM32Cube_FW_L4_V1.17.2/Drivers/STM32L4xx_HAL_Driver/Inc/Legacy -IC:/Users/przem/STM32Cube/Repository/STM32Cube_FW_L4_V1.17.2/Drivers/CMSIS/Device/ST/STM32L4xx/Include -IC:/Users/przem/STM32Cube/Repository/STM32Cube_FW_L4_V1.17.2/Drivers/CMSIS/Include -O0 -ffunction-sections -fdata-sections -Wall -fstack-usage -fcyclomatic-complexity -MMD -MP -MF"Core/Src/stm32l4xx_it.d" -MT"Core/Src/stm32l4xx_it.o" --specs=nano.specs -mfpu=fpv4-sp-d16 -mfloat-abi=hard -mthumb -o "Core/Src/stm32l4xx_it.o"
arm-none-eabi-gcc "../Core/Src/syscalls.c" -mcpu=cortex-m4 -std=gnu11 -g3 -DDEBUG -DUSE_HAL_DRIVER -DSTM32L4P5xx -c -I../Core/Inc -IC:/Users/przem/STM32Cube/Repository/STM32Cube_FW_L4_V1.17.2/Drivers/STM32L4xx_HAL_Driver/Inc -IC:/Users/przem/STM32Cube/Repository/STM32Cube_FW_L4_V1.17.2/Drivers/STM32L4xx_HAL_Driver/Inc/Legacy -IC:/Users/przem/STM32Cube/Repository/STM32Cube_FW_L4_V1.17.2/Drivers/CMSIS/Device/ST/STM32L4xx/Include -IC:/Users/przem/STM32Cube/Repository/STM32Cube_FW_L4_V1.17.2/Drivers/CMSIS/Include -O0 -ffunction-sections -fdata-sections -Wall -fstack-usage -fcyclomatic-complexity -MMD -MP -MF"Core/Src/syscalls.d" -MT"Core/Src/syscalls.o" --specs=nano.specs -mfpu=fpv4-sp-d16 -mfloat-abi=hard -mthumb -o "Core/Src/syscalls.o"
arm-none-eabi-gcc "../Core/Src/sysmem.c" -mcpu=cortex-m4 -std=gnu11 -g3 -DDEBUG -DUSE_HAL_DRIVER -DSTM32L4P5xx -c -I../Core/Inc -IC:/Users/przem/STM32Cube/Repository/STM32Cube_FW_L4_V1.17.2/Drivers/STM32L4xx_HAL_Driver/Inc -IC:/Users/przem/STM32Cube/Repository/STM32Cube_FW_L4_V1.17.2/Drivers/STM32L4xx_HAL_Driver/Inc/Legacy -IC:/Users/przem/STM32Cube/Repository/STM32Cube_FW_L4_V1.17.2/Drivers/CMSIS/Device/ST/STM32L4xx/Include -IC:/Users/przem/STM32Cube/Repository/STM32Cube_FW_L4_V1.17.2/Drivers/CMSIS/Include -O0 -ffunction-sections -fdata-sections -Wall -fstack-usage -fcyclomatic-complexity -MMD -MP -MF"Core/Src/sysmem.d" -MT"Core/Src/sysmem.o" --specs=nano.specs -mfpu=fpv4-sp-d16 -mfloat-abi=hard -mthumb -o "Core/Src/sysmem.o"
arm-none-eabi-gcc "../Core/Src/system_stm32l4xx.c" -mcpu=cortex-m4 -std=gnu11 -g3 -DDEBUG -DUSE_HAL_DRIVER -DSTM32L4P5xx -c -I../Core/Inc -IC:/Users/przem/STM32Cube/Repository/STM32Cube_FW_L4_V1.17.2/Drivers/STM32L4xx_HAL_Driver/Inc -IC:/Users/przem/STM32Cube/Repository/STM32Cube_FW_L4_V1.17.2/Drivers/STM32L4xx_HAL_Driver/Inc/Legacy -IC:/Users/przem/STM32Cube/Repository/STM32Cube_FW_L4_V1.17.2/Drivers/CMSIS/Device/ST/STM32L4xx/Include -IC:/Users/przem/STM32Cube/Repository/STM32Cube_FW_L4_V1.17.2/Drivers/CMSIS/Include -O0 -ffunction-sections -fdata-sections -Wall -fstack-usage -fcyclomatic-complexity -MMD -MP -MF"Core/Src/system_stm32l4xx.d" -MT"Core/Src/system_stm32l4xx.o" --specs=nano.specs -mfpu=fpv4-sp-d16 -mfloat-abi=hard -mthumb -o "Core/Src/system_stm32l4xx.o"
arm-none-eabi-g++ "../Core/Src/timer.cpp" -mcpu=cortex-m4 -std=gnu++14 -g3 -DDEBUG -DUSE_HAL_DRIVER -DSTM32L4P5xx -c -I../Core/Inc -IC:/Users/przem/STM32Cube/Repository/STM32Cube_FW_L4_V1.17.2/Drivers/STM32L4xx_HAL_Driver/Inc -IC:/Users/przem/STM32Cube/Repository/STM32Cube_FW_L4_V1.17.2/Drivers/STM32L4xx_HAL_Driver/Inc/Legacy -IC:/Users/przem/STM32Cube/Repository/STM32Cube_FW_L4_V1.17.2/Drivers/CMSIS/Device/ST/STM32L4xx/Include -IC:/Users/przem/STM32Cube/Repository/STM32Cube_FW_L4_V1.17.2/Drivers/CMSIS/Include -O0 -ffunction-sections -fdata-sections -fno-exceptions -fno-rtti -fno-use-cxa-atexit -Wall -fstack-usage -fcyclomatic-complexity -MMD -MP -MF"Core/Src/timer.d" -MT"Core/Src/timer.o" --specs=nano.specs -mfpu=fpv4-sp-d16 -mfloat-abi=hard -mthumb -o "Core/Src/timer.o"
In file included from ../Core/Src/gpioElements.cpp:8:
../Core/Inc/gpioElements.hpp: In constructor 'GpioElement::GpioElement(const GPIO_TypeDef*, uint32_t, bool)':
../Core/Inc/gpioElements.hpp:28:30: warning: 'GpioElement::port' will be initialized after [-Wreorder]
   28 |   const GPIO_TypeDef * const port;
      |                              ^~~~
../Core/Inc/gpioElements.hpp:26:18: warning:   'const uint32_t GpioElement::pin' [-Wreorder]
   26 |   const uint32_t pin;
      |                  ^~~
../Core/Src/gpioElements.cpp:10:1: warning:   when initialized here [-Wreorder]
   10 | GpioElement::GpioElement(const GPIO_TypeDef * const port, const uint32_t pin, const bool is_inverted) :
      | ^~~~~~~~~~~
In file included from ../Core/Src/gpioElements.cpp:8:
../Core/Inc/gpioElements.hpp:26:18: warning: 'GpioElement::pin' will be initialized after [-Wreorder]
   26 |   const uint32_t pin;
      |                  ^~~
../Core/Inc/gpioElements.hpp:24:8: warning:   'bool GpioElement::is_inverted' [-Wreorder]
   24 |   bool is_inverted;
      |        ^~~~~~~~~~~
../Core/Src/gpioElements.cpp:10:1: warning:   when initialized here [-Wreorder]
   10 | GpioElement::GpioElement(const GPIO_TypeDef * const port, const uint32_t pin, const bool is_inverted) :
      | ^~~~~~~~~~~
../Core/Src/main.cpp:60:1: error: 'ADC_HandleTypeDef' does not name a type; did you mean 'TIM_HandleTypeDef'?
   60 | ADC_HandleTypeDef hadc1;
      | ^~~~~~~~~~~~~~~~~
      | TIM_HandleTypeDef
../Core/Src/main.cpp:90:23: error: 'spare1_GPIO_Port' was not declared in this scope; did you mean 'VALVE1_GPIO_Port'?
   90 | GpioOutElement spare1(spare1_GPIO_Port, spare1_Pin);
      |                       ^~~~~~~~~~~~~~~~
      |                       VALVE1_GPIO_Port
../Core/Src/main.cpp:90:41: error: 'spare1_Pin' was not declared in this scope; did you mean 'spare1'?
   90 | GpioOutElement spare1(spare1_GPIO_Port, spare1_Pin);
      |                                         ^~~~~~~~~~
      |                                         spare1
../Core/Src/main.cpp:91:23: error: 'spare2_GPIO_Port' was not declared in this scope; did you mean 'VALVE2_GPIO_Port'?
   91 | GpioOutElement spare2(spare2_GPIO_Port, spare2_Pin);
      |                       ^~~~~~~~~~~~~~~~
      |                       VALVE2_GPIO_Port
../Core/Src/main.cpp:91:41: error: 'spare2_Pin' was not declared in this scope; did you mean 'spare2'?
   91 | GpioOutElement spare2(spare2_GPIO_Port, spare2_Pin);
      |                                         ^~~~~~~~~~
      |                                         spare2
../Core/Src/main.cpp: In function 'int main()':
../Core/Src/main.cpp:184:31: error: 'hadc1' was not declared in this scope
  184 |  HAL_ADCEx_Calibration_Start(&hadc1);
      |                               ^~~~~
../Core/Src/main.cpp:184:2: error: 'HAL_ADCEx_Calibration_Start' was not declared in this scope
  184 |  HAL_ADCEx_Calibration_Start(&hadc1);
      |  ^~~~~~~~~~~~~~~~~~~~~~~~~~~
../Core/Src/main.cpp:185:2: error: 'HAL_ADC_Start_DMA' was not declared in this scope; did you mean 'HAL_TIM_IC_Start_DMA'?
  185 |  HAL_ADC_Start_DMA(&hadc1, (uint32_t*)adc_dma_buffer, adc_count);
      |  ^~~~~~~~~~~~~~~~~
      |  HAL_TIM_IC_Start_DMA
../Core/Src/main.cpp:340:8: warning: unused variable 'status' [-Wunused-variable]
  340 |   auto status = aq_main_frame.send(hcan);
      |        ^~~~~~
../Core/Src/main.cpp:343:5: warning: unused variable 'chuj' [-Wunused-variable]
  343 | int chuj;
      |     ^~~~
../Core/Src/main.cpp: In function 'void SystemClock_Config()':
../Core/Src/main.cpp:364:21: error: 'struct RCC_OscInitTypeDef' has no member named 'HSEPredivValue'
  364 |   RCC_OscInitStruct.HSEPredivValue = RCC_HSE_PREDIV_DIV1;
      |                     ^~~~~~~~~~~~~~
../Core/Src/main.cpp:364:38: error: 'RCC_HSE_PREDIV_DIV1' was not declared in this scope
  364 |   RCC_OscInitStruct.HSEPredivValue = RCC_HSE_PREDIV_DIV1;
      |                                      ^~~~~~~~~~~~~~~~~~~
../Core/Src/main.cpp:368:25: error: 'struct RCC_PLLInitTypeDef' has no member named 'PLLMUL'; did you mean 'PLLM'?
  368 |   RCC_OscInitStruct.PLL.PLLMUL = RCC_PLL_MUL9;
      |                         ^~~~~~
      |                         PLLM
../Core/Src/main.cpp:368:34: error: 'RCC_PLL_MUL9' was not declared in this scope; did you mean 'RCC_PLLMUL_3'?
  368 |   RCC_OscInitStruct.PLL.PLLMUL = RCC_PLL_MUL9;
      |                                  ^~~~~~~~~~~~
      |                                  RCC_PLLMUL_3
../Core/Src/main.cpp:388:37: error: 'RCC_ADCPCLK2_DIV2' was not declared in this scope; did you mean 'RCC_SYSCLK_DIV2'?
  388 |   PeriphClkInit.AdcClockSelection = RCC_ADCPCLK2_DIV2;
      |                                     ^~~~~~~~~~~~~~~~~
      |                                     RCC_SYSCLK_DIV2
../Core/Src/main.cpp: In function 'void MX_ADC1_Init()':
../Core/Src/main.cpp:407:3: error: 'ADC_ChannelConfTypeDef' was not declared in this scope; did you mean 'DMA_Channel_TypeDef'?
  407 |   ADC_ChannelConfTypeDef sConfig = {0};
      |   ^~~~~~~~~~~~~~~~~~~~~~
      |   DMA_Channel_TypeDef
../Core/Src/main.cpp:415:3: error: 'hadc1' was not declared in this scope
  415 |   hadc1.Instance = ADC1;
      |   ^~~~~
../Core/Src/main.cpp:416:29: error: 'ADC_SCAN_ENABLE' was not declared in this scope; did you mean 'TIM_CCxN_ENABLE'?
  416 |   hadc1.Init.ScanConvMode = ADC_SCAN_ENABLE;
      |                             ^~~~~~~~~~~~~~~
      |                             TIM_CCxN_ENABLE
../Core/Src/main.cpp:419:33: error: 'ADC_SOFTWARE_START' was not declared in this scope
  419 |   hadc1.Init.ExternalTrigConv = ADC_SOFTWARE_START;
      |                                 ^~~~~~~~~~~~~~~~~~
../Core/Src/main.cpp:420:26: error: 'ADC_DATAALIGN_RIGHT' was not declared in this scope
  420 |   hadc1.Init.DataAlign = ADC_DATAALIGN_RIGHT;
      |                          ^~~~~~~~~~~~~~~~~~~
../Core/Src/main.cpp:422:7: error: 'HAL_ADC_Init' was not declared in this scope; did you mean 'HAL_DeInit'?
  422 |   if (HAL_ADC_Init(&hadc1) != HAL_OK)
      |       ^~~~~~~~~~~~
      |       HAL_DeInit
../Core/Src/main.cpp:429:3: error: 'sConfig' was not declared in this scope; did you mean 'Config'?
  429 |   sConfig.Channel = ADC_CHANNEL_10;
      |   ^~~~~~~
      |   Config
../Core/Src/main.cpp:429:21: error: 'ADC_CHANNEL_10' was not declared in this scope; did you mean 'DAC2_CHANNEL_1'?
  429 |   sConfig.Channel = ADC_CHANNEL_10;
      |                     ^~~~~~~~~~~~~~
      |                     DAC2_CHANNEL_1
../Core/Src/main.cpp:430:18: error: 'ADC_REGULAR_RANK_1' was not declared in this scope
  430 |   sConfig.Rank = ADC_REGULAR_RANK_1;
      |                  ^~~~~~~~~~~~~~~~~~
../Core/Src/main.cpp:431:26: error: 'ADC_SAMPLETIME_71CYCLES_5' was not declared in this scope; did you mean 'ADC_SAMPLETIME_2CYCLE_5'?
  431 |   sConfig.SamplingTime = ADC_SAMPLETIME_71CYCLES_5;
      |                          ^~~~~~~~~~~~~~~~~~~~~~~~~
      |                          ADC_SAMPLETIME_2CYCLE_5
../Core/Src/main.cpp:432:7: error: 'HAL_ADC_ConfigChannel' was not declared in this scope; did you mean 'HAL_TIM_IC_ConfigChannel'?
  432 |   if (HAL_ADC_ConfigChannel(&hadc1, &sConfig) != HAL_OK)
      |       ^~~~~~~~~~~~~~~~~~~~~
      |       HAL_TIM_IC_ConfigChannel
../Core/Src/main.cpp:439:21: error: 'ADC_CHANNEL_11' was not declared in this scope; did you mean 'DAC2_CHANNEL_1'?
  439 |   sConfig.Channel = ADC_CHANNEL_11;
      |                     ^~~~~~~~~~~~~~
      |                     DAC2_CHANNEL_1
../Core/Src/main.cpp:440:18: error: 'ADC_REGULAR_RANK_2' was not declared in this scope
  440 |   sConfig.Rank = ADC_REGULAR_RANK_2;
      |                  ^~~~~~~~~~~~~~~~~~
../Core/Src/main.cpp:441:7: error: 'HAL_ADC_ConfigChannel' was not declared in this scope; did you mean 'HAL_TIM_IC_ConfigChannel'?
  441 |   if (HAL_ADC_ConfigChannel(&hadc1, &sConfig) != HAL_OK)
      |       ^~~~~~~~~~~~~~~~~~~~~
      |       HAL_TIM_IC_ConfigChannel
../Core/Src/main.cpp:448:21: error: 'ADC_CHANNEL_12' was not declared in this scope; did you mean 'DAC2_CHANNEL_1'?
  448 |   sConfig.Channel = ADC_CHANNEL_12;
      |                     ^~~~~~~~~~~~~~
      |                     DAC2_CHANNEL_1
../Core/Src/main.cpp:449:18: error: 'ADC_REGULAR_RANK_3' was not declared in this scope
  449 |   sConfig.Rank = ADC_REGULAR_RANK_3;
      |                  ^~~~~~~~~~~~~~~~~~
../Core/Src/main.cpp:450:7: error: 'HAL_ADC_ConfigChannel' was not declared in this scope; did you mean 'HAL_TIM_IC_ConfigChannel'?
  450 |   if (HAL_ADC_ConfigChannel(&hadc1, &sConfig) != HAL_OK)
      |       ^~~~~~~~~~~~~~~~~~~~~
      |       HAL_TIM_IC_ConfigChannel
../Core/Src/main.cpp: In function 'void MX_GPIO_Init()':
../Core/Src/main.cpp:592:28: error: 'spare1_Pin' was not declared in this scope; did you mean 'spare1'?
  592 |   HAL_GPIO_WritePin(GPIOB, spare1_Pin|spare2_Pin|VALVE1_Pin|VALVE2_Pin, GPIO_PIN_RESET);
      |                            ^~~~~~~~~~
      |                            spare1
../Core/Src/main.cpp:592:39: error: 'spare2_Pin' was not declared in this scope; did you mean 'spare2'?
  592 |   HAL_GPIO_WritePin(GPIOB, spare1_Pin|spare2_Pin|VALVE1_Pin|VALVE2_Pin, GPIO_PIN_RESET);
      |                                       ^~~~~~~~~~
      |                                       spare2
../Core/Src/main.cpp: At global scope:
../Core/Src/main.cpp:620:6: error: variable or field 'HAL_ADC_ConsCpltCallback' declared void
  620 | void HAL_ADC_ConsCpltCallback(ADC_HandleTypeDef *hadc)
      |      ^~~~~~~~~~~~~~~~~~~~~~~~
../Core/Src/main.cpp:620:31: error: 'ADC_HandleTypeDef' was not declared in this scope; did you mean 'TIM_HandleTypeDef'?
  620 | void HAL_ADC_ConsCpltCallback(ADC_HandleTypeDef *hadc)
      |                               ^~~~~~~~~~~~~~~~~
      |                               TIM_HandleTypeDef
../Core/Src/main.cpp:620:50: error: 'hadc' was not declared in this scope
  620 | void HAL_ADC_ConsCpltCallback(ADC_HandleTypeDef *hadc)
      |                                                  ^~~~
make: *** [Core/Src/subdir.mk:44: Core/Src/main.o] Error 1
"make -j8 all" terminated with exit code 2. Build might be incomplete.
21:44:10 **** Incremental Build of configuration Debug for project EBS_Supervisor_L4 ****
make -j8 all 
arm-none-eabi-gcc "C:/Users/przem/STM32Cube/Repository/STM32Cube_FW_L4_V1.17.2/Drivers/STM32L4xx_HAL_Driver/Src/stm32l4xx_hal.c" -mcpu=cortex-m4 -std=gnu11 -g3 -DDEBUG -DUSE_HAL_DRIVER -DSTM32L4P5xx -c -I../Core/Inc -IC:/Users/przem/STM32Cube/Repository/STM32Cube_FW_L4_V1.17.2/Drivers/STM32L4xx_HAL_Driver/Inc -IC:/Users/przem/STM32Cube/Repository/STM32Cube_FW_L4_V1.17.2/Drivers/STM32L4xx_HAL_Driver/Inc/Legacy -IC:/Users/przem/STM32Cube/Repository/STM32Cube_FW_L4_V1.17.2/Drivers/CMSIS/Device/ST/STM32L4xx/Include -IC:/Users/przem/STM32Cube/Repository/STM32Cube_FW_L4_V1.17.2/Drivers/CMSIS/Include -O0 -ffunction-sections -fdata-sections -Wall -fstack-usage -fcyclomatic-complexity -MMD -MP -MF"Drivers/STM32L4xx_HAL_Driver/stm32l4xx_hal.d" -MT"Drivers/STM32L4xx_HAL_Driver/stm32l4xx_hal.o" --specs=nano.specs -mfpu=fpv4-sp-d16 -mfloat-abi=hard -mthumb -o "Drivers/STM32L4xx_HAL_Driver/stm32l4xx_hal.o"
arm-none-eabi-gcc "C:/Users/przem/STM32Cube/Repository/STM32Cube_FW_L4_V1.17.2/Drivers/STM32L4xx_HAL_Driver/Src/stm32l4xx_hal_adc.c" -mcpu=cortex-m4 -std=gnu11 -g3 -DDEBUG -DUSE_HAL_DRIVER -DSTM32L4P5xx -c -I../Core/Inc -IC:/Users/przem/STM32Cube/Repository/STM32Cube_FW_L4_V1.17.2/Drivers/STM32L4xx_HAL_Driver/Inc -IC:/Users/przem/STM32Cube/Repository/STM32Cube_FW_L4_V1.17.2/Drivers/STM32L4xx_HAL_Driver/Inc/Legacy -IC:/Users/przem/STM32Cube/Repository/STM32Cube_FW_L4_V1.17.2/Drivers/CMSIS/Device/ST/STM32L4xx/Include -IC:/Users/przem/STM32Cube/Repository/STM32Cube_FW_L4_V1.17.2/Drivers/CMSIS/Include -O0 -ffunction-sections -fdata-sections -Wall -fstack-usage -fcyclomatic-complexity -MMD -MP -MF"Drivers/STM32L4xx_HAL_Driver/stm32l4xx_hal_adc.d" -MT"Drivers/STM32L4xx_HAL_Driver/stm32l4xx_hal_adc.o" --specs=nano.specs -mfpu=fpv4-sp-d16 -mfloat-abi=hard -mthumb -o "Drivers/STM32L4xx_HAL_Driver/stm32l4xx_hal_adc.o"
arm-none-eabi-gcc "C:/Users/przem/STM32Cube/Repository/STM32Cube_FW_L4_V1.17.2/Drivers/STM32L4xx_HAL_Driver/Src/stm32l4xx_hal_adc_ex.c" -mcpu=cortex-m4 -std=gnu11 -g3 -DDEBUG -DUSE_HAL_DRIVER -DSTM32L4P5xx -c -I../Core/Inc -IC:/Users/przem/STM32Cube/Repository/STM32Cube_FW_L4_V1.17.2/Drivers/STM32L4xx_HAL_Driver/Inc -IC:/Users/przem/STM32Cube/Repository/STM32Cube_FW_L4_V1.17.2/Drivers/STM32L4xx_HAL_Driver/Inc/Legacy -IC:/Users/przem/STM32Cube/Repository/STM32Cube_FW_L4_V1.17.2/Drivers/CMSIS/Device/ST/STM32L4xx/Include -IC:/Users/przem/STM32Cube/Repository/STM32Cube_FW_L4_V1.17.2/Drivers/CMSIS/Include -O0 -ffunction-sections -fdata-sections -Wall -fstack-usage -fcyclomatic-complexity -MMD -MP -MF"Drivers/STM32L4xx_HAL_Driver/stm32l4xx_hal_adc_ex.d" -MT"Drivers/STM32L4xx_HAL_Driver/stm32l4xx_hal_adc_ex.o" --specs=nano.specs -mfpu=fpv4-sp-d16 -mfloat-abi=hard -mthumb -o "Drivers/STM32L4xx_HAL_Driver/stm32l4xx_hal_adc_ex.o"
arm-none-eabi-gcc "C:/Users/przem/STM32Cube/Repository/STM32Cube_FW_L4_V1.17.2/Drivers/STM32L4xx_HAL_Driver/Src/stm32l4xx_hal_can.c" -mcpu=cortex-m4 -std=gnu11 -g3 -DDEBUG -DUSE_HAL_DRIVER -DSTM32L4P5xx -c -I../Core/Inc -IC:/Users/przem/STM32Cube/Repository/STM32Cube_FW_L4_V1.17.2/Drivers/STM32L4xx_HAL_Driver/Inc -IC:/Users/przem/STM32Cube/Repository/STM32Cube_FW_L4_V1.17.2/Drivers/STM32L4xx_HAL_Driver/Inc/Legacy -IC:/Users/przem/STM32Cube/Repository/STM32Cube_FW_L4_V1.17.2/Drivers/CMSIS/Device/ST/STM32L4xx/Include -IC:/Users/przem/STM32Cube/Repository/STM32Cube_FW_L4_V1.17.2/Drivers/CMSIS/Include -O0 -ffunction-sections -fdata-sections -Wall -fstack-usage -fcyclomatic-complexity -MMD -MP -MF"Drivers/STM32L4xx_HAL_Driver/stm32l4xx_hal_can.d" -MT"Drivers/STM32L4xx_HAL_Driver/stm32l4xx_hal_can.o" --specs=nano.specs -mfpu=fpv4-sp-d16 -mfloat-abi=hard -mthumb -o "Drivers/STM32L4xx_HAL_Driver/stm32l4xx_hal_can.o"
arm-none-eabi-gcc "C:/Users/przem/STM32Cube/Repository/STM32Cube_FW_L4_V1.17.2/Drivers/STM32L4xx_HAL_Driver/Src/stm32l4xx_hal_cortex.c" -mcpu=cortex-m4 -std=gnu11 -g3 -DDEBUG -DUSE_HAL_DRIVER -DSTM32L4P5xx -c -I../Core/Inc -IC:/Users/przem/STM32Cube/Repository/STM32Cube_FW_L4_V1.17.2/Drivers/STM32L4xx_HAL_Driver/Inc -IC:/Users/przem/STM32Cube/Repository/STM32Cube_FW_L4_V1.17.2/Drivers/STM32L4xx_HAL_Driver/Inc/Legacy -IC:/Users/przem/STM32Cube/Repository/STM32Cube_FW_L4_V1.17.2/Drivers/CMSIS/Device/ST/STM32L4xx/Include -IC:/Users/przem/STM32Cube/Repository/STM32Cube_FW_L4_V1.17.2/Drivers/CMSIS/Include -O0 -ffunction-sections -fdata-sections -Wall -fstack-usage -fcyclomatic-complexity -MMD -MP -MF"Drivers/STM32L4xx_HAL_Driver/stm32l4xx_hal_cortex.d" -MT"Drivers/STM32L4xx_HAL_Driver/stm32l4xx_hal_cortex.o" --specs=nano.specs -mfpu=fpv4-sp-d16 -mfloat-abi=hard -mthumb -o "Drivers/STM32L4xx_HAL_Driver/stm32l4xx_hal_cortex.o"
arm-none-eabi-gcc "C:/Users/przem/STM32Cube/Repository/STM32Cube_FW_L4_V1.17.2/Drivers/STM32L4xx_HAL_Driver/Src/stm32l4xx_hal_dma.c" -mcpu=cortex-m4 -std=gnu11 -g3 -DDEBUG -DUSE_HAL_DRIVER -DSTM32L4P5xx -c -I../Core/Inc -IC:/Users/przem/STM32Cube/Repository/STM32Cube_FW_L4_V1.17.2/Drivers/STM32L4xx_HAL_Driver/Inc -IC:/Users/przem/STM32Cube/Repository/STM32Cube_FW_L4_V1.17.2/Drivers/STM32L4xx_HAL_Driver/Inc/Legacy -IC:/Users/przem/STM32Cube/Repository/STM32Cube_FW_L4_V1.17.2/Drivers/CMSIS/Device/ST/STM32L4xx/Include -IC:/Users/przem/STM32Cube/Repository/STM32Cube_FW_L4_V1.17.2/Drivers/CMSIS/Include -O0 -ffunction-sections -fdata-sections -Wall -fstack-usage -fcyclomatic-complexity -MMD -MP -MF"Drivers/STM32L4xx_HAL_Driver/stm32l4xx_hal_dma.d" -MT"Drivers/STM32L4xx_HAL_Driver/stm32l4xx_hal_dma.o" --specs=nano.specs -mfpu=fpv4-sp-d16 -mfloat-abi=hard -mthumb -o "Drivers/STM32L4xx_HAL_Driver/stm32l4xx_hal_dma.o"
arm-none-eabi-gcc "C:/Users/przem/STM32Cube/Repository/STM32Cube_FW_L4_V1.17.2/Drivers/STM32L4xx_HAL_Driver/Src/stm32l4xx_hal_dma_ex.c" -mcpu=cortex-m4 -std=gnu11 -g3 -DDEBUG -DUSE_HAL_DRIVER -DSTM32L4P5xx -c -I../Core/Inc -IC:/Users/przem/STM32Cube/Repository/STM32Cube_FW_L4_V1.17.2/Drivers/STM32L4xx_HAL_Driver/Inc -IC:/Users/przem/STM32Cube/Repository/STM32Cube_FW_L4_V1.17.2/Drivers/STM32L4xx_HAL_Driver/Inc/Legacy -IC:/Users/przem/STM32Cube/Repository/STM32Cube_FW_L4_V1.17.2/Drivers/CMSIS/Device/ST/STM32L4xx/Include -IC:/Users/przem/STM32Cube/Repository/STM32Cube_FW_L4_V1.17.2/Drivers/CMSIS/Include -O0 -ffunction-sections -fdata-sections -Wall -fstack-usage -fcyclomatic-complexity -MMD -MP -MF"Drivers/STM32L4xx_HAL_Driver/stm32l4xx_hal_dma_ex.d" -MT"Drivers/STM32L4xx_HAL_Driver/stm32l4xx_hal_dma_ex.o" --specs=nano.specs -mfpu=fpv4-sp-d16 -mfloat-abi=hard -mthumb -o "Drivers/STM32L4xx_HAL_Driver/stm32l4xx_hal_dma_ex.o"
arm-none-eabi-gcc "C:/Users/przem/STM32Cube/Repository/STM32Cube_FW_L4_V1.17.2/Drivers/STM32L4xx_HAL_Driver/Src/stm32l4xx_hal_exti.c" -mcpu=cortex-m4 -std=gnu11 -g3 -DDEBUG -DUSE_HAL_DRIVER -DSTM32L4P5xx -c -I../Core/Inc -IC:/Users/przem/STM32Cube/Repository/STM32Cube_FW_L4_V1.17.2/Drivers/STM32L4xx_HAL_Driver/Inc -IC:/Users/przem/STM32Cube/Repository/STM32Cube_FW_L4_V1.17.2/Drivers/STM32L4xx_HAL_Driver/Inc/Legacy -IC:/Users/przem/STM32Cube/Repository/STM32Cube_FW_L4_V1.17.2/Drivers/CMSIS/Device/ST/STM32L4xx/Include -IC:/Users/przem/STM32Cube/Repository/STM32Cube_FW_L4_V1.17.2/Drivers/CMSIS/Include -O0 -ffunction-sections -fdata-sections -Wall -fstack-usage -fcyclomatic-complexity -MMD -MP -MF"Drivers/STM32L4xx_HAL_Driver/stm32l4xx_hal_exti.d" -MT"Drivers/STM32L4xx_HAL_Driver/stm32l4xx_hal_exti.o" --specs=nano.specs -mfpu=fpv4-sp-d16 -mfloat-abi=hard -mthumb -o "Drivers/STM32L4xx_HAL_Driver/stm32l4xx_hal_exti.o"
arm-none-eabi-gcc "C:/Users/przem/STM32Cube/Repository/STM32Cube_FW_L4_V1.17.2/Drivers/STM32L4xx_HAL_Driver/Src/stm32l4xx_hal_flash.c" -mcpu=cortex-m4 -std=gnu11 -g3 -DDEBUG -DUSE_HAL_DRIVER -DSTM32L4P5xx -c -I../Core/Inc -IC:/Users/przem/STM32Cube/Repository/STM32Cube_FW_L4_V1.17.2/Drivers/STM32L4xx_HAL_Driver/Inc -IC:/Users/przem/STM32Cube/Repository/STM32Cube_FW_L4_V1.17.2/Drivers/STM32L4xx_HAL_Driver/Inc/Legacy -IC:/Users/przem/STM32Cube/Repository/STM32Cube_FW_L4_V1.17.2/Drivers/CMSIS/Device/ST/STM32L4xx/Include -IC:/Users/przem/STM32Cube/Repository/STM32Cube_FW_L4_V1.17.2/Drivers/CMSIS/Include -O0 -ffunction-sections -fdata-sections -Wall -fstack-usage -fcyclomatic-complexity -MMD -MP -MF"Drivers/STM32L4xx_HAL_Driver/stm32l4xx_hal_flash.d" -MT"Drivers/STM32L4xx_HAL_Driver/stm32l4xx_hal_flash.o" --specs=nano.specs -mfpu=fpv4-sp-d16 -mfloat-abi=hard -mthumb -o "Drivers/STM32L4xx_HAL_Driver/stm32l4xx_hal_flash.o"
arm-none-eabi-gcc "C:/Users/przem/STM32Cube/Repository/STM32Cube_FW_L4_V1.17.2/Drivers/STM32L4xx_HAL_Driver/Src/stm32l4xx_hal_flash_ex.c" -mcpu=cortex-m4 -std=gnu11 -g3 -DDEBUG -DUSE_HAL_DRIVER -DSTM32L4P5xx -c -I../Core/Inc -IC:/Users/przem/STM32Cube/Repository/STM32Cube_FW_L4_V1.17.2/Drivers/STM32L4xx_HAL_Driver/Inc -IC:/Users/przem/STM32Cube/Repository/STM32Cube_FW_L4_V1.17.2/Drivers/STM32L4xx_HAL_Driver/Inc/Legacy -IC:/Users/przem/STM32Cube/Repository/STM32Cube_FW_L4_V1.17.2/Drivers/CMSIS/Device/ST/STM32L4xx/Include -IC:/Users/przem/STM32Cube/Repository/STM32Cube_FW_L4_V1.17.2/Drivers/CMSIS/Include -O0 -ffunction-sections -fdata-sections -Wall -fstack-usage -fcyclomatic-complexity -MMD -MP -MF"Drivers/STM32L4xx_HAL_Driver/stm32l4xx_hal_flash_ex.d" -MT"Drivers/STM32L4xx_HAL_Driver/stm32l4xx_hal_flash_ex.o" --specs=nano.specs -mfpu=fpv4-sp-d16 -mfloat-abi=hard -mthumb -o "Drivers/STM32L4xx_HAL_Driver/stm32l4xx_hal_flash_ex.o"
arm-none-eabi-gcc "C:/Users/przem/STM32Cube/Repository/STM32Cube_FW_L4_V1.17.2/Drivers/STM32L4xx_HAL_Driver/Src/stm32l4xx_hal_flash_ramfunc.c" -mcpu=cortex-m4 -std=gnu11 -g3 -DDEBUG -DUSE_HAL_DRIVER -DSTM32L4P5xx -c -I../Core/Inc -IC:/Users/przem/STM32Cube/Repository/STM32Cube_FW_L4_V1.17.2/Drivers/STM32L4xx_HAL_Driver/Inc -IC:/Users/przem/STM32Cube/Repository/STM32Cube_FW_L4_V1.17.2/Drivers/STM32L4xx_HAL_Driver/Inc/Legacy -IC:/Users/przem/STM32Cube/Repository/STM32Cube_FW_L4_V1.17.2/Drivers/CMSIS/Device/ST/STM32L4xx/Include -IC:/Users/przem/STM32Cube/Repository/STM32Cube_FW_L4_V1.17.2/Drivers/CMSIS/Include -O0 -ffunction-sections -fdata-sections -Wall -fstack-usage -fcyclomatic-complexity -MMD -MP -MF"Drivers/STM32L4xx_HAL_Driver/stm32l4xx_hal_flash_ramfunc.d" -MT"Drivers/STM32L4xx_HAL_Driver/stm32l4xx_hal_flash_ramfunc.o" --specs=nano.specs -mfpu=fpv4-sp-d16 -mfloat-abi=hard -mthumb -o "Drivers/STM32L4xx_HAL_Driver/stm32l4xx_hal_flash_ramfunc.o"
arm-none-eabi-gcc "C:/Users/przem/STM32Cube/Repository/STM32Cube_FW_L4_V1.17.2/Drivers/STM32L4xx_HAL_Driver/Src/stm32l4xx_hal_gpio.c" -mcpu=cortex-m4 -std=gnu11 -g3 -DDEBUG -DUSE_HAL_DRIVER -DSTM32L4P5xx -c -I../Core/Inc -IC:/Users/przem/STM32Cube/Repository/STM32Cube_FW_L4_V1.17.2/Drivers/STM32L4xx_HAL_Driver/Inc -IC:/Users/przem/STM32Cube/Repository/STM32Cube_FW_L4_V1.17.2/Drivers/STM32L4xx_HAL_Driver/Inc/Legacy -IC:/Users/przem/STM32Cube/Repository/STM32Cube_FW_L4_V1.17.2/Drivers/CMSIS/Device/ST/STM32L4xx/Include -IC:/Users/przem/STM32Cube/Repository/STM32Cube_FW_L4_V1.17.2/Drivers/CMSIS/Include -O0 -ffunction-sections -fdata-sections -Wall -fstack-usage -fcyclomatic-complexity -MMD -MP -MF"Drivers/STM32L4xx_HAL_Driver/stm32l4xx_hal_gpio.d" -MT"Drivers/STM32L4xx_HAL_Driver/stm32l4xx_hal_gpio.o" --specs=nano.specs -mfpu=fpv4-sp-d16 -mfloat-abi=hard -mthumb -o "Drivers/STM32L4xx_HAL_Driver/stm32l4xx_hal_gpio.o"
arm-none-eabi-gcc "C:/Users/przem/STM32Cube/Repository/STM32Cube_FW_L4_V1.17.2/Drivers/STM32L4xx_HAL_Driver/Src/stm32l4xx_hal_pwr.c" -mcpu=cortex-m4 -std=gnu11 -g3 -DDEBUG -DUSE_HAL_DRIVER -DSTM32L4P5xx -c -I../Core/Inc -IC:/Users/przem/STM32Cube/Repository/STM32Cube_FW_L4_V1.17.2/Drivers/STM32L4xx_HAL_Driver/Inc -IC:/Users/przem/STM32Cube/Repository/STM32Cube_FW_L4_V1.17.2/Drivers/STM32L4xx_HAL_Driver/Inc/Legacy -IC:/Users/przem/STM32Cube/Repository/STM32Cube_FW_L4_V1.17.2/Drivers/CMSIS/Device/ST/STM32L4xx/Include -IC:/Users/przem/STM32Cube/Repository/STM32Cube_FW_L4_V1.17.2/Drivers/CMSIS/Include -O0 -ffunction-sections -fdata-sections -Wall -fstack-usage -fcyclomatic-complexity -MMD -MP -MF"Drivers/STM32L4xx_HAL_Driver/stm32l4xx_hal_pwr.d" -MT"Drivers/STM32L4xx_HAL_Driver/stm32l4xx_hal_pwr.o" --specs=nano.specs -mfpu=fpv4-sp-d16 -mfloat-abi=hard -mthumb -o "Drivers/STM32L4xx_HAL_Driver/stm32l4xx_hal_pwr.o"
arm-none-eabi-gcc "C:/Users/przem/STM32Cube/Repository/STM32Cube_FW_L4_V1.17.2/Drivers/STM32L4xx_HAL_Driver/Src/stm32l4xx_hal_pwr_ex.c" -mcpu=cortex-m4 -std=gnu11 -g3 -DDEBUG -DUSE_HAL_DRIVER -DSTM32L4P5xx -c -I../Core/Inc -IC:/Users/przem/STM32Cube/Repository/STM32Cube_FW_L4_V1.17.2/Drivers/STM32L4xx_HAL_Driver/Inc -IC:/Users/przem/STM32Cube/Repository/STM32Cube_FW_L4_V1.17.2/Drivers/STM32L4xx_HAL_Driver/Inc/Legacy -IC:/Users/przem/STM32Cube/Repository/STM32Cube_FW_L4_V1.17.2/Drivers/CMSIS/Device/ST/STM32L4xx/Include -IC:/Users/przem/STM32Cube/Repository/STM32Cube_FW_L4_V1.17.2/Drivers/CMSIS/Include -O0 -ffunction-sections -fdata-sections -Wall -fstack-usage -fcyclomatic-complexity -MMD -MP -MF"Drivers/STM32L4xx_HAL_Driver/stm32l4xx_hal_pwr_ex.d" -MT"Drivers/STM32L4xx_HAL_Driver/stm32l4xx_hal_pwr_ex.o" --specs=nano.specs -mfpu=fpv4-sp-d16 -mfloat-abi=hard -mthumb -o "Drivers/STM32L4xx_HAL_Driver/stm32l4xx_hal_pwr_ex.o"
arm-none-eabi-gcc "C:/Users/przem/STM32Cube/Repository/STM32Cube_FW_L4_V1.17.2/Drivers/STM32L4xx_HAL_Driver/Src/stm32l4xx_hal_rcc.c" -mcpu=cortex-m4 -std=gnu11 -g3 -DDEBUG -DUSE_HAL_DRIVER -DSTM32L4P5xx -c -I../Core/Inc -IC:/Users/przem/STM32Cube/Repository/STM32Cube_FW_L4_V1.17.2/Drivers/STM32L4xx_HAL_Driver/Inc -IC:/Users/przem/STM32Cube/Repository/STM32Cube_FW_L4_V1.17.2/Drivers/STM32L4xx_HAL_Driver/Inc/Legacy -IC:/Users/przem/STM32Cube/Repository/STM32Cube_FW_L4_V1.17.2/Drivers/CMSIS/Device/ST/STM32L4xx/Include -IC:/Users/przem/STM32Cube/Repository/STM32Cube_FW_L4_V1.17.2/Drivers/CMSIS/Include -O0 -ffunction-sections -fdata-sections -Wall -fstack-usage -fcyclomatic-complexity -MMD -MP -MF"Drivers/STM32L4xx_HAL_Driver/stm32l4xx_hal_rcc.d" -MT"Drivers/STM32L4xx_HAL_Driver/stm32l4xx_hal_rcc.o" --specs=nano.specs -mfpu=fpv4-sp-d16 -mfloat-abi=hard -mthumb -o "Drivers/STM32L4xx_HAL_Driver/stm32l4xx_hal_rcc.o"
arm-none-eabi-gcc "C:/Users/przem/STM32Cube/Repository/STM32Cube_FW_L4_V1.17.2/Drivers/STM32L4xx_HAL_Driver/Src/stm32l4xx_hal_rcc_ex.c" -mcpu=cortex-m4 -std=gnu11 -g3 -DDEBUG -DUSE_HAL_DRIVER -DSTM32L4P5xx -c -I../Core/Inc -IC:/Users/przem/STM32Cube/Repository/STM32Cube_FW_L4_V1.17.2/Drivers/STM32L4xx_HAL_Driver/Inc -IC:/Users/przem/STM32Cube/Repository/STM32Cube_FW_L4_V1.17.2/Drivers/STM32L4xx_HAL_Driver/Inc/Legacy -IC:/Users/przem/STM32Cube/Repository/STM32Cube_FW_L4_V1.17.2/Drivers/CMSIS/Device/ST/STM32L4xx/Include -IC:/Users/przem/STM32Cube/Repository/STM32Cube_FW_L4_V1.17.2/Drivers/CMSIS/Include -O0 -ffunction-sections -fdata-sections -Wall -fstack-usage -fcyclomatic-complexity -MMD -MP -MF"Drivers/STM32L4xx_HAL_Driver/stm32l4xx_hal_rcc_ex.d" -MT"Drivers/STM32L4xx_HAL_Driver/stm32l4xx_hal_rcc_ex.o" --specs=nano.specs -mfpu=fpv4-sp-d16 -mfloat-abi=hard -mthumb -o "Drivers/STM32L4xx_HAL_Driver/stm32l4xx_hal_rcc_ex.o"
arm-none-eabi-gcc "C:/Users/przem/STM32Cube/Repository/STM32Cube_FW_L4_V1.17.2/Drivers/STM32L4xx_HAL_Driver/Src/stm32l4xx_hal_tim.c" -mcpu=cortex-m4 -std=gnu11 -g3 -DDEBUG -DUSE_HAL_DRIVER -DSTM32L4P5xx -c -I../Core/Inc -IC:/Users/przem/STM32Cube/Repository/STM32Cube_FW_L4_V1.17.2/Drivers/STM32L4xx_HAL_Driver/Inc -IC:/Users/przem/STM32Cube/Repository/STM32Cube_FW_L4_V1.17.2/Drivers/STM32L4xx_HAL_Driver/Inc/Legacy -IC:/Users/przem/STM32Cube/Repository/STM32Cube_FW_L4_V1.17.2/Drivers/CMSIS/Device/ST/STM32L4xx/Include -IC:/Users/przem/STM32Cube/Repository/STM32Cube_FW_L4_V1.17.2/Drivers/CMSIS/Include -O0 -ffunction-sections -fdata-sections -Wall -fstack-usage -fcyclomatic-complexity -MMD -MP -MF"Drivers/STM32L4xx_HAL_Driver/stm32l4xx_hal_tim.d" -MT"Drivers/STM32L4xx_HAL_Driver/stm32l4xx_hal_tim.o" --specs=nano.specs -mfpu=fpv4-sp-d16 -mfloat-abi=hard -mthumb -o "Drivers/STM32L4xx_HAL_Driver/stm32l4xx_hal_tim.o"
arm-none-eabi-gcc "C:/Users/przem/STM32Cube/Repository/STM32Cube_FW_L4_V1.17.2/Drivers/STM32L4xx_HAL_Driver/Src/stm32l4xx_hal_tim_ex.c" -mcpu=cortex-m4 -std=gnu11 -g3 -DDEBUG -DUSE_HAL_DRIVER -DSTM32L4P5xx -c -I../Core/Inc -IC:/Users/przem/STM32Cube/Repository/STM32Cube_FW_L4_V1.17.2/Drivers/STM32L4xx_HAL_Driver/Inc -IC:/Users/przem/STM32Cube/Repository/STM32Cube_FW_L4_V1.17.2/Drivers/STM32L4xx_HAL_Driver/Inc/Legacy -IC:/Users/przem/STM32Cube/Repository/STM32Cube_FW_L4_V1.17.2/Drivers/CMSIS/Device/ST/STM32L4xx/Include -IC:/Users/przem/STM32Cube/Repository/STM32Cube_FW_L4_V1.17.2/Drivers/CMSIS/Include -O0 -ffunction-sections -fdata-sections -Wall -fstack-usage -fcyclomatic-complexity -MMD -MP -MF"Drivers/STM32L4xx_HAL_Driver/stm32l4xx_hal_tim_ex.d" -MT"Drivers/STM32L4xx_HAL_Driver/stm32l4xx_hal_tim_ex.o" --specs=nano.specs -mfpu=fpv4-sp-d16 -mfloat-abi=hard -mthumb -o "Drivers/STM32L4xx_HAL_Driver/stm32l4xx_hal_tim_ex.o"
arm-none-eabi-g++ "../Core/Src/gpioElements.cpp" -mcpu=cortex-m4 -std=gnu++14 -g3 -DDEBUG -DUSE_HAL_DRIVER -DSTM32L4P5xx -c -I../Core/Inc -IC:/Users/przem/STM32Cube/Repository/STM32Cube_FW_L4_V1.17.2/Drivers/STM32L4xx_HAL_Driver/Inc -IC:/Users/przem/STM32Cube/Repository/STM32Cube_FW_L4_V1.17.2/Drivers/STM32L4xx_HAL_Driver/Inc/Legacy -IC:/Users/przem/STM32Cube/Repository/STM32Cube_FW_L4_V1.17.2/Drivers/CMSIS/Device/ST/STM32L4xx/Include -IC:/Users/przem/STM32Cube/Repository/STM32Cube_FW_L4_V1.17.2/Drivers/CMSIS/Include -O0 -ffunction-sections -fdata-sections -fno-exceptions -fno-rtti -fno-use-cxa-atexit -Wall -fstack-usage -fcyclomatic-complexity -MMD -MP -MF"Core/Src/gpioElements.d" -MT"Core/Src/gpioElements.o" --specs=nano.specs -mfpu=fpv4-sp-d16 -mfloat-abi=hard -mthumb -o "Core/Src/gpioElements.o"
arm-none-eabi-g++ "../Core/Src/main.cpp" -mcpu=cortex-m4 -std=gnu++14 -g3 -DDEBUG -DUSE_HAL_DRIVER -DSTM32L4P5xx -c -I../Core/Inc -IC:/Users/przem/STM32Cube/Repository/STM32Cube_FW_L4_V1.17.2/Drivers/STM32L4xx_HAL_Driver/Inc -IC:/Users/przem/STM32Cube/Repository/STM32Cube_FW_L4_V1.17.2/Drivers/STM32L4xx_HAL_Driver/Inc/Legacy -IC:/Users/przem/STM32Cube/Repository/STM32Cube_FW_L4_V1.17.2/Drivers/CMSIS/Device/ST/STM32L4xx/Include -IC:/Users/przem/STM32Cube/Repository/STM32Cube_FW_L4_V1.17.2/Drivers/CMSIS/Include -O0 -ffunction-sections -fdata-sections -fno-exceptions -fno-rtti -fno-use-cxa-atexit -Wall -fstack-usage -fcyclomatic-complexity -MMD -MP -MF"Core/Src/main.d" -MT"Core/Src/main.o" --specs=nano.specs -mfpu=fpv4-sp-d16 -mfloat-abi=hard -mthumb -o "Core/Src/main.o"
arm-none-eabi-gcc "../Core/Src/stm32l4xx_hal_msp.c" -mcpu=cortex-m4 -std=gnu11 -g3 -DDEBUG -DUSE_HAL_DRIVER -DSTM32L4P5xx -c -I../Core/Inc -IC:/Users/przem/STM32Cube/Repository/STM32Cube_FW_L4_V1.17.2/Drivers/STM32L4xx_HAL_Driver/Inc -IC:/Users/przem/STM32Cube/Repository/STM32Cube_FW_L4_V1.17.2/Drivers/STM32L4xx_HAL_Driver/Inc/Legacy -IC:/Users/przem/STM32Cube/Repository/STM32Cube_FW_L4_V1.17.2/Drivers/CMSIS/Device/ST/STM32L4xx/Include -IC:/Users/przem/STM32Cube/Repository/STM32Cube_FW_L4_V1.17.2/Drivers/CMSIS/Include -O0 -ffunction-sections -fdata-sections -Wall -fstack-usage -fcyclomatic-complexity -MMD -MP -MF"Core/Src/stm32l4xx_hal_msp.d" -MT"Core/Src/stm32l4xx_hal_msp.o" --specs=nano.specs -mfpu=fpv4-sp-d16 -mfloat-abi=hard -mthumb -o "Core/Src/stm32l4xx_hal_msp.o"
arm-none-eabi-gcc "../Core/Src/stm32l4xx_it.c" -mcpu=cortex-m4 -std=gnu11 -g3 -DDEBUG -DUSE_HAL_DRIVER -DSTM32L4P5xx -c -I../Core/Inc -IC:/Users/przem/STM32Cube/Repository/STM32Cube_FW_L4_V1.17.2/Drivers/STM32L4xx_HAL_Driver/Inc -IC:/Users/przem/STM32Cube/Repository/STM32Cube_FW_L4_V1.17.2/Drivers/STM32L4xx_HAL_Driver/Inc/Legacy -IC:/Users/przem/STM32Cube/Repository/STM32Cube_FW_L4_V1.17.2/Drivers/CMSIS/Device/ST/STM32L4xx/Include -IC:/Users/przem/STM32Cube/Repository/STM32Cube_FW_L4_V1.17.2/Drivers/CMSIS/Include -O0 -ffunction-sections -fdata-sections -Wall -fstack-usage -fcyclomatic-complexity -MMD -MP -MF"Core/Src/stm32l4xx_it.d" -MT"Core/Src/stm32l4xx_it.o" --specs=nano.specs -mfpu=fpv4-sp-d16 -mfloat-abi=hard -mthumb -o "Core/Src/stm32l4xx_it.o"
arm-none-eabi-gcc "../Core/Src/system_stm32l4xx.c" -mcpu=cortex-m4 -std=gnu11 -g3 -DDEBUG -DUSE_HAL_DRIVER -DSTM32L4P5xx -c -I../Core/Inc -IC:/Users/przem/STM32Cube/Repository/STM32Cube_FW_L4_V1.17.2/Drivers/STM32L4xx_HAL_Driver/Inc -IC:/Users/przem/STM32Cube/Repository/STM32Cube_FW_L4_V1.17.2/Drivers/STM32L4xx_HAL_Driver/Inc/Legacy -IC:/Users/przem/STM32Cube/Repository/STM32Cube_FW_L4_V1.17.2/Drivers/CMSIS/Device/ST/STM32L4xx/Include -IC:/Users/przem/STM32Cube/Repository/STM32Cube_FW_L4_V1.17.2/Drivers/CMSIS/Include -O0 -ffunction-sections -fdata-sections -Wall -fstack-usage -fcyclomatic-complexity -MMD -MP -MF"Core/Src/system_stm32l4xx.d" -MT"Core/Src/system_stm32l4xx.o" --specs=nano.specs -mfpu=fpv4-sp-d16 -mfloat-abi=hard -mthumb -o "Core/Src/system_stm32l4xx.o"
arm-none-eabi-g++ "../Core/Src/timer.cpp" -mcpu=cortex-m4 -std=gnu++14 -g3 -DDEBUG -DUSE_HAL_DRIVER -DSTM32L4P5xx -c -I../Core/Inc -IC:/Users/przem/STM32Cube/Repository/STM32Cube_FW_L4_V1.17.2/Drivers/STM32L4xx_HAL_Driver/Inc -IC:/Users/przem/STM32Cube/Repository/STM32Cube_FW_L4_V1.17.2/Drivers/STM32L4xx_HAL_Driver/Inc/Legacy -IC:/Users/przem/STM32Cube/Repository/STM32Cube_FW_L4_V1.17.2/Drivers/CMSIS/Device/ST/STM32L4xx/Include -IC:/Users/przem/STM32Cube/Repository/STM32Cube_FW_L4_V1.17.2/Drivers/CMSIS/Include -O0 -ffunction-sections -fdata-sections -fno-exceptions -fno-rtti -fno-use-cxa-atexit -Wall -fstack-usage -fcyclomatic-complexity -MMD -MP -MF"Core/Src/timer.d" -MT"Core/Src/timer.o" --specs=nano.specs -mfpu=fpv4-sp-d16 -mfloat-abi=hard -mthumb -o "Core/Src/timer.o"
In file included from ../Core/Src/gpioElements.cpp:8:
../Core/Inc/gpioElements.hpp: In constructor 'GpioElement::GpioElement(const GPIO_TypeDef*, uint32_t, bool)':
../Core/Inc/gpioElements.hpp:28:30: warning: 'GpioElement::port' will be initialized after [-Wreorder]
   28 |   const GPIO_TypeDef * const port;
      |                              ^~~~
../Core/Inc/gpioElements.hpp:26:18: warning:   'const uint32_t GpioElement::pin' [-Wreorder]
   26 |   const uint32_t pin;
      |                  ^~~
../Core/Src/gpioElements.cpp:10:1: warning:   when initialized here [-Wreorder]
   10 | GpioElement::GpioElement(const GPIO_TypeDef * const port, const uint32_t pin, const bool is_inverted) :
      | ^~~~~~~~~~~
In file included from ../Core/Src/gpioElements.cpp:8:
../Core/Inc/gpioElements.hpp:26:18: warning: 'GpioElement::pin' will be initialized after [-Wreorder]
   26 |   const uint32_t pin;
      |                  ^~~
../Core/Inc/gpioElements.hpp:24:8: warning:   'bool GpioElement::is_inverted' [-Wreorder]
   24 |   bool is_inverted;
      |        ^~~~~~~~~~~
../Core/Src/gpioElements.cpp:10:1: warning:   when initialized here [-Wreorder]
   10 | GpioElement::GpioElement(const GPIO_TypeDef * const port, const uint32_t pin, const bool is_inverted) :
      | ^~~~~~~~~~~
../Core/Src/main.cpp:88:23: error: 'spare1_GPIO_Port' was not declared in this scope; did you mean 'VALVE1_GPIO_Port'?
   88 | GpioOutElement spare1(spare1_GPIO_Port, spare1_Pin);
      |                       ^~~~~~~~~~~~~~~~
      |                       VALVE1_GPIO_Port
../Core/Src/main.cpp:88:41: error: 'spare1_Pin' was not declared in this scope; did you mean 'spare1'?
   88 | GpioOutElement spare1(spare1_GPIO_Port, spare1_Pin);
      |                                         ^~~~~~~~~~
      |                                         spare1
../Core/Src/main.cpp:89:23: error: 'spare2_GPIO_Port' was not declared in this scope; did you mean 'VALVE2_GPIO_Port'?
   89 | GpioOutElement spare2(spare2_GPIO_Port, spare2_Pin);
      |                       ^~~~~~~~~~~~~~~~
      |                       VALVE2_GPIO_Port
../Core/Src/main.cpp:89:41: error: 'spare2_Pin' was not declared in this scope; did you mean 'spare2'?
   89 | GpioOutElement spare2(spare2_GPIO_Port, spare2_Pin);
      |                                         ^~~~~~~~~~
      |                                         spare2
../Core/Src/main.cpp: In function 'int main()':
../Core/Src/main.cpp:182:37: error: too few arguments to function 'HAL_StatusTypeDef HAL_ADCEx_Calibration_Start(ADC_HandleTypeDef*, uint32_t)'
  182 |   HAL_ADCEx_Calibration_Start(&hadc1);
      |                                     ^
In file included from C:/Users/przem/STM32Cube/Repository/STM32Cube_FW_L4_V1.17.2/Drivers/STM32L4xx_HAL_Driver/Inc/stm32l4xx_hal_adc.h:1708,
                 from ../Core/Inc/stm32l4xx_hal_conf.h:278,
                 from C:/Users/przem/STM32Cube/Repository/STM32Cube_FW_L4_V1.17.2/Drivers/STM32L4xx_HAL_Driver/Inc/stm32l4xx_hal.h:29,
                 from ../Core/Inc/main.h:30,
                 from ../Core/Src/main.cpp:20:
C:/Users/przem/STM32Cube/Repository/STM32Cube_FW_L4_V1.17.2/Drivers/STM32L4xx_HAL_Driver/Inc/stm32l4xx_hal_adc_ex.h:1193:25: note: declared here
 1193 | HAL_StatusTypeDef       HAL_ADCEx_Calibration_Start(ADC_HandleTypeDef *hadc, uint32_t SingleDiff);
      |                         ^~~~~~~~~~~~~~~~~~~~~~~~~~~
make: *** [Core/Src/subdir.mk:44: Core/Src/main.o] Error 1
make: *** Waiting for unfinished jobs....
"make -j8 all" terminated with exit code 2. Build might be incomplete.
21:45:33 **** Incremental Build of configuration Debug for project EBS_Supervisor_L4 ****
make -j8 all 
arm-none-eabi-g++ "../Core/Src/main.cpp" -mcpu=cortex-m4 -std=gnu++14 -g3 -DDEBUG -DUSE_HAL_DRIVER -DSTM32L4P5xx -c -I../Core/Inc -IC:/Users/przem/STM32Cube/Repository/STM32Cube_FW_L4_V1.17.2/Drivers/STM32L4xx_HAL_Driver/Inc -IC:/Users/przem/STM32Cube/Repository/STM32Cube_FW_L4_V1.17.2/Drivers/STM32L4xx_HAL_Driver/Inc/Legacy -IC:/Users/przem/STM32Cube/Repository/STM32Cube_FW_L4_V1.17.2/Drivers/CMSIS/Device/ST/STM32L4xx/Include -IC:/Users/przem/STM32Cube/Repository/STM32Cube_FW_L4_V1.17.2/Drivers/CMSIS/Include -O0 -ffunction-sections -fdata-sections -fno-exceptions -fno-rtti -fno-use-cxa-atexit -Wall -fstack-usage -fcyclomatic-complexity -MMD -MP -MF"Core/Src/main.d" -MT"Core/Src/main.o" --specs=nano.specs -mfpu=fpv4-sp-d16 -mfloat-abi=hard -mthumb -o "Core/Src/main.o"
../Core/Src/main.cpp: In function 'int main()':
../Core/Src/main.cpp:180:32: error: 'hadc10' was not declared in this scope; did you mean 'hadc1'?
  180 |   HAL_ADCEx_Calibration_Start(&hadc10;
      |                                ^~~~~~
      |                                hadc1
make: *** [Core/Src/subdir.mk:44: Core/Src/main.o] Error 1
"make -j8 all" terminated with exit code 2. Build might be incomplete.
21:45:46 **** Incremental Build of configuration Debug for project EBS_Supervisor_L4 ****
make -j8 all 
arm-none-eabi-g++ "../Core/Src/main.cpp" -mcpu=cortex-m4 -std=gnu++14 -g3 -DDEBUG -DUSE_HAL_DRIVER -DSTM32L4P5xx -c -I../Core/Inc -IC:/Users/przem/STM32Cube/Repository/STM32Cube_FW_L4_V1.17.2/Drivers/STM32L4xx_HAL_Driver/Inc -IC:/Users/przem/STM32Cube/Repository/STM32Cube_FW_L4_V1.17.2/Drivers/STM32L4xx_HAL_Driver/Inc/Legacy -IC:/Users/przem/STM32Cube/Repository/STM32Cube_FW_L4_V1.17.2/Drivers/CMSIS/Device/ST/STM32L4xx/Include -IC:/Users/przem/STM32Cube/Repository/STM32Cube_FW_L4_V1.17.2/Drivers/CMSIS/Include -O0 -ffunction-sections -fdata-sections -fno-exceptions -fno-rtti -fno-use-cxa-atexit -Wall -fstack-usage -fcyclomatic-complexity -MMD -MP -MF"Core/Src/main.d" -MT"Core/Src/main.o" --specs=nano.specs -mfpu=fpv4-sp-d16 -mfloat-abi=hard -mthumb -o "Core/Src/main.o"
../Core/Src/main.cpp: In function 'int main()':
../Core/Src/main.cpp:180:37: error: too few arguments to function 'HAL_StatusTypeDef HAL_ADCEx_Calibration_Start(ADC_HandleTypeDef*, uint32_t)'
  180 |   HAL_ADCEx_Calibration_Start(&hadc1);
      |                                     ^
In file included from C:/Users/przem/STM32Cube/Repository/STM32Cube_FW_L4_V1.17.2/Drivers/STM32L4xx_HAL_Driver/Inc/stm32l4xx_hal_adc.h:1708,
                 from ../Core/Inc/stm32l4xx_hal_conf.h:278,
                 from C:/Users/przem/STM32Cube/Repository/STM32Cube_FW_L4_V1.17.2/Drivers/STM32L4xx_HAL_Driver/Inc/stm32l4xx_hal.h:29,
                 from ../Core/Inc/main.h:30,
                 from ../Core/Src/main.cpp:20:
C:/Users/przem/STM32Cube/Repository/STM32Cube_FW_L4_V1.17.2/Drivers/STM32L4xx_HAL_Driver/Inc/stm32l4xx_hal_adc_ex.h:1193:25: note: declared here
 1193 | HAL_StatusTypeDef       HAL_ADCEx_Calibration_Start(ADC_HandleTypeDef *hadc, uint32_t SingleDiff);
      |                         ^~~~~~~~~~~~~~~~~~~~~~~~~~~
make: *** [Core/Src/subdir.mk:44: Core/Src/main.o] Error 1
"make -j8 all" terminated with exit code 2. Build might be incomplete.
21:48:01 **** Incremental Build of configuration Debug for project EBS_Supervisor_L4 ****
make -j8 all 
arm-none-eabi-g++ "../Core/Src/main.cpp" -mcpu=cortex-m4 -std=gnu++14 -g3 -DDEBUG -DUSE_HAL_DRIVER -DSTM32L4P5xx -c -I../Core/Inc -IC:/Users/przem/STM32Cube/Repository/STM32Cube_FW_L4_V1.17.2/Drivers/STM32L4xx_HAL_Driver/Inc -IC:/Users/przem/STM32Cube/Repository/STM32Cube_FW_L4_V1.17.2/Drivers/STM32L4xx_HAL_Driver/Inc/Legacy -IC:/Users/przem/STM32Cube/Repository/STM32Cube_FW_L4_V1.17.2/Drivers/CMSIS/Device/ST/STM32L4xx/Include -IC:/Users/przem/STM32Cube/Repository/STM32Cube_FW_L4_V1.17.2/Drivers/CMSIS/Include -O0 -ffunction-sections -fdata-sections -fno-exceptions -fno-rtti -fno-use-cxa-atexit -Wall -fstack-usage -fcyclomatic-complexity -MMD -MP -MF"Core/Src/main.d" -MT"Core/Src/main.o" --specs=nano.specs -mfpu=fpv4-sp-d16 -mfloat-abi=hard -mthumb -o "Core/Src/main.o"
arm-none-eabi-g++ -o "EBS_Supervisor_L4.elf" @"objects.list"   -mcpu=cortex-m4 -T"C:\Users\przem\OneDrive\Pulpit\PUTM\PUTM_DV_ASB_2023\software\EBS_Supervisor_L4\STM32L4P5RETX_FLASH.ld" --specs=nosys.specs -Wl,-Map="EBS_Supervisor_L4.map" -Wl,--gc-sections -static --specs=nano.specs -mfpu=fpv4-sp-d16 -mfloat-abi=hard -mthumb -Wl,--start-group -lc -lm -lstdc++ -lsupc++ -Wl,--end-group
Finished building target: EBS_Supervisor_L4.elf
 
arm-none-eabi-size   EBS_Supervisor_L4.elf 
arm-none-eabi-objdump -h -S  EBS_Supervisor_L4.elf  > "EBS_Supervisor_L4.list"
   text	   data	    bss	    dec	    hex	filename
  23168	    128	   2048	  25344	   6300	EBS_Supervisor_L4.elf
Finished building: default.size.stdout
 
Finished building: EBS_Supervisor_L4.list
 
